question_id,consensus_status,consensus_option,llm_correct,n_votes,designer_difficulty_str,datamap_region
high10024.txt_q0,consensus,B,1,3,HIGH,easy
high10024.txt_q1,consensus,A,1,3,HIGH,middle
high10024.txt_q2,consensus,D,1,3,HIGH,middle
high10042.txt_q0,consensus,C,1,3,HIGH,easy
high10042.txt_q1,consensus,A,1,3,HIGH,middle
high10042.txt_q2,consensus,D,1,3,HIGH,middle
high10042.txt_q3,consensus,A,1,3,HIGH,middle
high10042.txt_q4,consensus,B,1,3,HIGH,easy
high10060.txt_q0,consensus,A,1,3,HIGH,easy
high10060.txt_q1,consensus,A,1,3,HIGH,easy
high10060.txt_q2,consensus,D,1,3,HIGH,ambiguous
high10112.txt_q0,consensus,B,1,3,HIGH,middle
high10112.txt_q1,consensus,A,1,3,HIGH,middle
high10112.txt_q2,consensus,B,1,3,HIGH,hard
high10146.txt_q0,consensus,D,1,3,HIGH,ambiguous
high10146.txt_q1,consensus,C,0,3,HIGH,hard
high10146.txt_q2,consensus,A,1,3,HIGH,ambiguous
high10154.txt_q0,consensus,B,1,3,HIGH,easy
high10154.txt_q1,consensus,A,1,3,HIGH,easy
high10154.txt_q2,consensus,D,0,3,HIGH,hard
high10160.txt_q0,consensus,C,1,3,HIGH,easy
high10160.txt_q1,consensus,D,1,3,HIGH,easy
high10160.txt_q2,consensus,B,1,3,HIGH,middle
high10177.txt_q0,consensus,B,1,3,HIGH,middle
high10177.txt_q1,consensus,C,1,3,HIGH,easy
high10177.txt_q2,consensus,A,1,3,HIGH,middle
high10179.txt_q0,consensus,A,1,3,HIGH,hard
high10179.txt_q1,consensus,C,1,3,HIGH,middle
high10179.txt_q2,consensus,A,1,3,HIGH,ambiguous
high10179.txt_q3,consensus,A,0,3,HIGH,hard
high10187.txt_q0,consensus,C,1,3,HIGH,hard
high10187.txt_q1,consensus,A,1,3,HIGH,easy
high10187.txt_q2,consensus,D,1,3,HIGH,ambiguous
high10215.txt_q0,consensus,B,1,3,HIGH,easy
high10215.txt_q1,consensus,B,1,3,HIGH,ambiguous
high10215.txt_q2,consensus,D,1,3,HIGH,middle
high10229.txt_q0,consensus,C,1,3,HIGH,hard
high10229.txt_q1,consensus,B,1,3,HIGH,hard
high10229.txt_q2,consensus,B,0,3,HIGH,hard
high10255.txt_q0,consensus,B,1,3,HIGH,ambiguous
high10255.txt_q1,consensus,C,1,3,HIGH,middle
high10255.txt_q2,consensus,D,1,3,HIGH,easy
high10261.txt_q0,consensus,D,1,3,HIGH,hard
high10261.txt_q1,consensus,A,1,3,HIGH,easy
high10261.txt_q2,consensus,C,1,3,HIGH,ambiguous
high10261.txt_q3,consensus,C,1,3,HIGH,ambiguous
high10261.txt_q4,consensus,B,1,3,HIGH,hard
high10272.txt_q0,consensus,D,1,3,HIGH,easy
high10272.txt_q1,consensus,A,1,3,HIGH,ambiguous
high10272.txt_q2,consensus,C,1,3,HIGH,ambiguous
high10316.txt_q0,consensus,C,0,3,HIGH,hard
high10316.txt_q1,consensus,A,1,3,HIGH,ambiguous
high10316.txt_q2,consensus,D,1,3,HIGH,hard
high10316.txt_q3,consensus,C,1,3,HIGH,hard
high10355.txt_q0,consensus,A,1,3,HIGH,ambiguous
high10355.txt_q1,consensus,D,1,3,HIGH,hard
high10429.txt_q0,consensus,B,1,3,HIGH,easy
high10429.txt_q1,consensus,B,1,3,HIGH,middle
high10429.txt_q2,consensus,D,1,3,HIGH,easy
high10429.txt_q3,consensus,C,1,3,HIGH,middle
high10449.txt_q0,consensus,A,1,3,HIGH,easy
high10449.txt_q1,consensus,C,1,3,HIGH,middle
high10449.txt_q2,consensus,D,1,3,HIGH,ambiguous
high10449.txt_q3,consensus,A,1,3,HIGH,middle
high10467.txt_q0,consensus,B,1,3,HIGH,middle
high10467.txt_q1,consensus,B,1,3,HIGH,ambiguous
high10467.txt_q2,consensus,A,1,3,HIGH,hard
high10467.txt_q3,consensus,D,1,3,HIGH,hard
high10479.txt_q0,consensus,C,1,3,HIGH,easy
high10479.txt_q1,consensus,B,1,3,HIGH,ambiguous
high10479.txt_q2,consensus,D,1,3,HIGH,ambiguous
high10479.txt_q3,consensus,D,1,3,HIGH,hard
high1048.txt_q0,consensus,D,1,3,HIGH,easy
high1048.txt_q1,consensus,B,1,3,HIGH,hard
high1048.txt_q2,consensus,B,1,3,HIGH,easy
high10490.txt_q0,consensus,B,1,3,HIGH,hard
high10504.txt_q0,consensus,B,1,3,HIGH,hard
high10504.txt_q1,consensus,C,1,3,HIGH,ambiguous
high10504.txt_q2,consensus,D,1,3,HIGH,middle
high10504.txt_q3,consensus,B,1,3,HIGH,ambiguous
high10532.txt_q0,consensus,C,1,3,HIGH,hard
high10532.txt_q1,consensus,D,1,3,HIGH,middle
high10532.txt_q2,consensus,B,0,3,HIGH,hard
high10570.txt_q0,consensus,C,1,3,HIGH,middle
high10570.txt_q1,consensus,B,1,3,HIGH,middle
high10570.txt_q2,consensus,D,1,3,HIGH,ambiguous
high10570.txt_q3,consensus,D,1,3,HIGH,middle
high10570.txt_q4,consensus,A,1,3,HIGH,ambiguous
high10579.txt_q0,consensus,C,1,3,HIGH,hard
high10579.txt_q1,consensus,B,1,3,HIGH,ambiguous
high10579.txt_q2,consensus,C,1,3,HIGH,middle
high10579.txt_q3,consensus,A,1,3,HIGH,hard
high10643.txt_q0,consensus,C,1,3,HIGH,easy
high10643.txt_q1,consensus,A,1,3,HIGH,hard
high10643.txt_q2,consensus,B,1,3,HIGH,hard
high10643.txt_q3,consensus,C,1,3,HIGH,ambiguous
high10666.txt_q0,consensus,B,1,3,HIGH,ambiguous
high10666.txt_q1,consensus,C,1,3,HIGH,ambiguous
high10666.txt_q2,consensus,D,1,3,HIGH,middle
high10668.txt_q0,consensus,D,1,3,HIGH,hard
high10668.txt_q1,consensus,D,1,3,HIGH,ambiguous
high10668.txt_q2,consensus,B,1,3,HIGH,ambiguous
high10677.txt_q0,consensus,A,1,3,HIGH,middle
high10677.txt_q1,consensus,B,1,3,HIGH,ambiguous
high10677.txt_q2,consensus,C,1,3,HIGH,ambiguous
high10677.txt_q3,consensus,A,1,3,HIGH,ambiguous
high10677.txt_q4,consensus,B,1,3,HIGH,easy
high10687.txt_q0,consensus,C,1,3,HIGH,ambiguous
high10687.txt_q1,consensus,A,1,3,HIGH,hard
high10687.txt_q2,consensus,B,1,3,HIGH,easy
high10687.txt_q3,consensus,B,1,3,HIGH,ambiguous
high1069.txt_q0,consensus,C,1,3,HIGH,middle
high1069.txt_q1,consensus,A,1,3,HIGH,middle
high1069.txt_q2,consensus,B,1,3,HIGH,easy
high1069.txt_q3,consensus,B,1,3,HIGH,easy
high107.txt_q0,consensus,C,1,3,HIGH,easy
high107.txt_q1,consensus,B,1,3,HIGH,hard
high107.txt_q2,consensus,A,1,3,HIGH,hard
high10709.txt_q0,consensus,D,1,3,HIGH,easy
high10709.txt_q1,consensus,D,1,3,HIGH,middle
high10709.txt_q2,consensus,D,1,3,HIGH,ambiguous
high10720.txt_q0,consensus,D,1,3,HIGH,hard
high10720.txt_q1,consensus,B,1,3,HIGH,middle
high10720.txt_q2,consensus,C,1,3,HIGH,ambiguous
high10760.txt_q0,consensus,B,1,3,HIGH,ambiguous
high10760.txt_q1,consensus,D,1,3,HIGH,middle
high10760.txt_q2,consensus,B,1,3,HIGH,easy
high10771.txt_q0,consensus,B,1,3,HIGH,ambiguous
high10771.txt_q1,consensus,C,1,3,HIGH,easy
high10771.txt_q2,consensus,C,1,3,HIGH,easy
high10775.txt_q0,consensus,D,1,3,HIGH,middle
high10775.txt_q1,consensus,A,1,3,HIGH,middle
high10775.txt_q2,consensus,B,1,3,HIGH,ambiguous
high10788.txt_q0,consensus,D,1,3,HIGH,hard
high10788.txt_q1,consensus,B,1,3,HIGH,easy
high10788.txt_q2,consensus,C,1,3,HIGH,easy
high1080.txt_q0,consensus,A,1,3,HIGH,middle
high1080.txt_q1,consensus,D,1,3,HIGH,easy
high1080.txt_q2,consensus,C,1,3,HIGH,hard
high1080.txt_q3,consensus,C,1,3,HIGH,easy
high1080.txt_q4,consensus,D,1,3,HIGH,middle
high1083.txt_q0,consensus,C,1,3,HIGH,hard
high1083.txt_q1,consensus,D,1,3,HIGH,middle
high1083.txt_q2,consensus,B,1,3,HIGH,ambiguous
high10897.txt_q0,consensus,C,1,3,HIGH,easy
high10897.txt_q1,consensus,C,1,3,HIGH,hard
high10897.txt_q2,consensus,B,1,3,HIGH,ambiguous
high1090.txt_q0,consensus,B,1,3,HIGH,middle
high1090.txt_q1,consensus,D,1,3,HIGH,easy
high1090.txt_q2,consensus,C,1,3,HIGH,easy
high10902.txt_q0,consensus,A,1,3,HIGH,ambiguous
high10902.txt_q1,consensus,B,1,3,HIGH,middle
high10908.txt_q0,consensus,A,1,3,HIGH,hard
high10908.txt_q1,consensus,B,1,3,HIGH,ambiguous
high10908.txt_q2,consensus,B,1,3,HIGH,ambiguous
high10908.txt_q3,consensus,C,1,3,HIGH,easy
high10915.txt_q0,consensus,C,1,3,HIGH,hard
high10915.txt_q1,consensus,D,1,3,HIGH,hard
high10915.txt_q2,consensus,A,1,3,HIGH,hard
high10915.txt_q3,consensus,A,1,3,HIGH,hard
high10944.txt_q0,consensus,A,1,3,HIGH,hard
high10944.txt_q1,consensus,D,1,3,HIGH,middle
high10944.txt_q2,consensus,C,1,3,HIGH,middle
high10946.txt_q0,consensus,A,1,3,HIGH,ambiguous
high10946.txt_q1,consensus,A,1,3,HIGH,middle
high10946.txt_q2,consensus,D,1,3,HIGH,middle
high11028.txt_q0,consensus,B,1,3,HIGH,ambiguous
high11028.txt_q1,consensus,C,1,3,HIGH,middle
high11028.txt_q2,consensus,C,1,3,HIGH,hard
high11031.txt_q0,consensus,A,1,3,HIGH,hard
high11031.txt_q1,consensus,B,1,3,HIGH,hard
high11031.txt_q2,consensus,B,0,3,HIGH,hard
high11036.txt_q0,consensus,A,1,3,HIGH,easy
high11062.txt_q0,consensus,B,1,3,HIGH,middle
high11062.txt_q1,consensus,A,1,3,HIGH,middle
high11062.txt_q2,consensus,D,1,3,HIGH,ambiguous
high11062.txt_q3,consensus,A,1,3,HIGH,hard
high11099.txt_q0,consensus,C,1,3,HIGH,ambiguous
high11099.txt_q1,consensus,C,1,3,HIGH,easy
high11103.txt_q0,consensus,A,1,3,HIGH,hard
high11103.txt_q1,consensus,C,1,3,HIGH,ambiguous
high11103.txt_q2,consensus,D,1,3,HIGH,ambiguous
high11103.txt_q3,consensus,A,1,3,HIGH,middle
high11109.txt_q0,consensus,D,1,3,HIGH,middle
high11109.txt_q1,consensus,A,1,3,HIGH,hard
high11109.txt_q2,consensus,C,1,3,HIGH,easy
high1111.txt_q0,consensus,C,0,3,HIGH,hard
high1111.txt_q1,consensus,B,1,3,HIGH,middle
high1111.txt_q2,consensus,D,0,3,HIGH,middle
high1111.txt_q3,consensus,C,0,3,HIGH,hard
high11112.txt_q0,consensus,A,1,3,HIGH,middle
high11112.txt_q1,consensus,D,1,3,HIGH,middle
high11112.txt_q2,consensus,C,1,3,HIGH,easy
high11113.txt_q0,consensus,B,1,3,HIGH,hard
high11113.txt_q1,consensus,A,1,3,HIGH,hard
high11129.txt_q0,consensus,B,1,3,HIGH,easy
high11129.txt_q1,consensus,D,1,3,HIGH,ambiguous
high11129.txt_q2,consensus,B,1,3,HIGH,ambiguous
high11129.txt_q3,consensus,C,1,3,HIGH,easy
high11146.txt_q0,consensus,B,1,3,HIGH,ambiguous
high11146.txt_q1,consensus,D,1,3,HIGH,ambiguous
high11164.txt_q0,consensus,A,1,3,HIGH,ambiguous
high11164.txt_q1,consensus,D,1,3,HIGH,ambiguous
high11164.txt_q2,consensus,A,1,3,HIGH,middle
high11171.txt_q0,consensus,C,1,3,HIGH,middle
high11171.txt_q1,consensus,D,1,3,HIGH,ambiguous
high11252.txt_q0,consensus,B,1,3,HIGH,hard
high11252.txt_q1,consensus,C,1,3,HIGH,easy
high11252.txt_q2,consensus,A,1,3,HIGH,middle
high11252.txt_q3,consensus,A,1,3,HIGH,middle
high11279.txt_q0,consensus,B,1,3,HIGH,easy
high11279.txt_q1,consensus,C,1,3,HIGH,hard
high11327.txt_q0,consensus,D,1,3,HIGH,ambiguous
high11327.txt_q1,consensus,C,0,3,HIGH,hard
high11327.txt_q2,consensus,B,1,3,HIGH,middle
high11327.txt_q3,consensus,C,1,3,HIGH,hard
high11342.txt_q0,consensus,D,1,3,HIGH,middle
high11342.txt_q1,consensus,C,1,3,HIGH,easy
high11342.txt_q2,consensus,B,1,3,HIGH,easy
high11373.txt_q0,consensus,B,1,3,HIGH,easy
high11373.txt_q1,consensus,C,1,3,HIGH,ambiguous
high11373.txt_q2,consensus,B,1,3,HIGH,easy
high11373.txt_q3,consensus,A,1,3,HIGH,ambiguous
high11427.txt_q0,consensus,B,1,3,HIGH,middle
high11427.txt_q1,consensus,C,1,3,HIGH,middle
high11466.txt_q0,consensus,A,1,3,HIGH,easy
high11466.txt_q1,consensus,C,1,3,HIGH,ambiguous
high11466.txt_q2,consensus,C,1,3,HIGH,ambiguous
high1149.txt_q0,consensus,D,1,3,HIGH,middle
high11506.txt_q0,consensus,B,0,3,HIGH,hard
high11506.txt_q1,consensus,C,0,3,HIGH,hard
high11506.txt_q2,consensus,D,0,3,HIGH,hard
high11506.txt_q3,consensus,A,1,3,HIGH,hard
high11509.txt_q0,consensus,C,1,3,HIGH,ambiguous
high11509.txt_q1,consensus,C,1,3,HIGH,middle
high11509.txt_q2,consensus,A,1,3,HIGH,easy
high11515.txt_q0,consensus,B,1,3,HIGH,middle
high11515.txt_q1,consensus,C,1,3,HIGH,middle
high11515.txt_q2,consensus,D,1,3,HIGH,ambiguous
high11515.txt_q3,consensus,A,1,3,HIGH,middle
high11521.txt_q0,consensus,C,1,3,HIGH,middle
high11521.txt_q1,consensus,D,0,3,HIGH,hard
high11521.txt_q2,consensus,B,1,3,HIGH,hard
high11521.txt_q3,consensus,B,1,3,HIGH,middle
high11521.txt_q4,consensus,A,1,3,HIGH,middle
high11532.txt_q0,consensus,D,1,3,HIGH,easy
high11532.txt_q1,consensus,D,1,3,HIGH,ambiguous
high11532.txt_q2,consensus,C,1,3,HIGH,middle
high11552.txt_q0,consensus,D,1,3,HIGH,hard
high11552.txt_q1,consensus,D,1,3,HIGH,hard
high11552.txt_q2,consensus,C,1,3,HIGH,ambiguous
high11552.txt_q3,consensus,A,1,3,HIGH,easy
high11563.txt_q0,consensus,D,1,3,HIGH,easy
high11563.txt_q1,consensus,C,1,3,HIGH,hard
high11582.txt_q0,consensus,D,1,3,HIGH,easy
high11582.txt_q1,consensus,D,1,3,HIGH,ambiguous
high11582.txt_q2,consensus,A,1,3,HIGH,easy
high11582.txt_q3,consensus,C,1,3,HIGH,hard
high11598.txt_q0,consensus,D,1,3,HIGH,ambiguous
high11598.txt_q1,consensus,A,1,3,HIGH,hard
high11598.txt_q2,consensus,D,1,3,HIGH,middle
high11598.txt_q3,consensus,D,1,3,HIGH,hard
high11629.txt_q0,consensus,D,1,3,HIGH,ambiguous
high11629.txt_q1,consensus,C,1,3,HIGH,easy
high11629.txt_q2,consensus,A,1,3,HIGH,ambiguous
high11648.txt_q0,consensus,B,1,3,HIGH,middle
high11648.txt_q1,consensus,C,1,3,HIGH,easy
high11648.txt_q2,consensus,D,1,3,HIGH,ambiguous
high11648.txt_q3,consensus,A,1,3,HIGH,ambiguous
high11654.txt_q0,consensus,D,1,3,HIGH,hard
high11654.txt_q1,consensus,C,1,3,HIGH,ambiguous
high11654.txt_q2,consensus,B,1,3,HIGH,ambiguous
high11654.txt_q3,consensus,B,1,3,HIGH,hard
high11671.txt_q0,consensus,A,1,3,HIGH,hard
high11671.txt_q1,consensus,A,1,3,HIGH,hard
high11688.txt_q0,consensus,B,1,3,HIGH,middle
high11688.txt_q1,consensus,D,1,3,HIGH,middle
high11688.txt_q2,consensus,B,1,3,HIGH,hard
high11688.txt_q3,consensus,C,1,3,HIGH,hard
high11699.txt_q0,consensus,C,1,3,HIGH,easy
high11699.txt_q1,consensus,B,1,3,HIGH,ambiguous
high11699.txt_q2,consensus,D,1,3,HIGH,ambiguous
high11699.txt_q3,consensus,A,1,3,HIGH,ambiguous
high11731.txt_q0,consensus,B,1,3,HIGH,ambiguous
high11731.txt_q1,consensus,A,1,3,HIGH,ambiguous
high11731.txt_q2,consensus,C,1,3,HIGH,easy
high11742.txt_q0,consensus,D,1,3,HIGH,easy
high11742.txt_q1,consensus,A,1,3,HIGH,easy
high11742.txt_q2,consensus,D,1,3,HIGH,middle
high11742.txt_q3,consensus,A,1,3,HIGH,middle
high11774.txt_q0,consensus,D,1,3,HIGH,easy
high11774.txt_q1,consensus,B,0,3,HIGH,hard
high11774.txt_q2,consensus,A,0,3,HIGH,hard
high11797.txt_q0,consensus,A,0,3,HIGH,ambiguous
high11797.txt_q1,consensus,C,1,3,HIGH,hard
high11797.txt_q2,consensus,B,1,3,HIGH,hard
high11797.txt_q3,consensus,A,1,3,HIGH,ambiguous
high11838.txt_q0,consensus,B,1,3,HIGH,ambiguous
high11838.txt_q1,consensus,A,1,3,HIGH,middle
high11838.txt_q2,consensus,D,1,3,HIGH,hard
high11838.txt_q3,consensus,C,1,3,HIGH,middle
high11882.txt_q0,consensus,D,1,3,HIGH,ambiguous
high11882.txt_q1,consensus,B,1,3,HIGH,ambiguous
high11882.txt_q2,consensus,A,1,3,HIGH,middle
high11904.txt_q0,consensus,D,1,3,HIGH,ambiguous
high11904.txt_q1,consensus,B,1,3,HIGH,hard
high11920.txt_q0,consensus,D,1,3,HIGH,hard
high11920.txt_q1,consensus,A,1,3,HIGH,hard
high11920.txt_q2,consensus,D,1,3,HIGH,ambiguous
high11920.txt_q3,consensus,C,1,3,HIGH,easy
high11938.txt_q0,consensus,C,1,3,HIGH,ambiguous
high11938.txt_q1,consensus,B,1,3,HIGH,ambiguous
high11938.txt_q2,consensus,B,1,3,HIGH,ambiguous
high11964.txt_q0,consensus,D,1,3,HIGH,hard
high11964.txt_q1,consensus,B,1,3,HIGH,ambiguous
high11964.txt_q2,consensus,A,1,3,HIGH,hard
high11991.txt_q0,consensus,B,1,3,HIGH,middle
high11991.txt_q1,consensus,A,1,3,HIGH,easy
high11991.txt_q2,consensus,C,1,3,HIGH,ambiguous
high12009.txt_q0,consensus,B,1,3,HIGH,ambiguous
high12009.txt_q1,consensus,D,1,3,HIGH,ambiguous
high12009.txt_q2,consensus,B,1,3,HIGH,middle
high12016.txt_q0,consensus,D,1,3,HIGH,ambiguous
high12016.txt_q1,consensus,C,1,3,HIGH,ambiguous
high12016.txt_q2,consensus,B,1,3,HIGH,middle
high12024.txt_q0,consensus,B,1,3,HIGH,ambiguous
high12024.txt_q1,consensus,C,1,3,HIGH,ambiguous
high12024.txt_q2,consensus,A,1,3,HIGH,ambiguous
high12024.txt_q3,consensus,D,1,3,HIGH,easy
high12034.txt_q0,consensus,C,1,3,HIGH,hard
high12034.txt_q1,consensus,B,1,3,HIGH,hard
high12072.txt_q0,consensus,D,1,3,HIGH,middle
high12072.txt_q1,consensus,B,1,3,HIGH,ambiguous
high12072.txt_q2,consensus,D,1,3,HIGH,easy
high12105.txt_q0,consensus,D,1,3,HIGH,hard
high12105.txt_q1,consensus,C,1,3,HIGH,ambiguous
high12105.txt_q2,consensus,B,1,3,HIGH,middle
high12105.txt_q3,consensus,C,1,3,HIGH,easy
high12109.txt_q0,consensus,D,1,3,HIGH,easy
high12109.txt_q1,consensus,D,1,3,HIGH,middle
high12109.txt_q2,consensus,B,1,3,HIGH,ambiguous
high12110.txt_q0,consensus,A,1,3,HIGH,middle
high12110.txt_q1,consensus,C,1,3,HIGH,easy
high12131.txt_q0,consensus,C,1,3,HIGH,hard
high12131.txt_q1,consensus,A,1,3,HIGH,ambiguous
high12131.txt_q2,consensus,B,1,3,HIGH,ambiguous
high12131.txt_q3,consensus,B,1,3,HIGH,ambiguous
high12132.txt_q0,consensus,C,1,3,HIGH,hard
high12132.txt_q1,consensus,D,1,3,HIGH,hard
high12132.txt_q2,consensus,B,1,3,HIGH,ambiguous
high12132.txt_q3,consensus,A,1,3,HIGH,middle
high12132.txt_q4,consensus,D,1,3,HIGH,ambiguous
high12134.txt_q0,consensus,D,1,3,HIGH,ambiguous
high12134.txt_q1,consensus,D,1,3,HIGH,easy
high12141.txt_q0,consensus,D,1,3,HIGH,middle
high12141.txt_q1,consensus,B,1,3,HIGH,easy
high12142.txt_q0,consensus,A,1,3,HIGH,ambiguous
high12142.txt_q1,consensus,C,1,3,HIGH,middle
high12142.txt_q2,consensus,B,1,3,HIGH,middle
high12221.txt_q0,consensus,A,1,3,HIGH,easy
high12221.txt_q1,consensus,D,0,3,HIGH,hard
high12262.txt_q0,consensus,C,1,3,HIGH,hard
high12262.txt_q1,consensus,D,1,3,HIGH,hard
high12262.txt_q2,consensus,B,1,3,HIGH,ambiguous
high1227.txt_q0,consensus,A,1,3,HIGH,hard
high1227.txt_q1,consensus,C,1,3,HIGH,easy
high1227.txt_q2,consensus,C,1,3,HIGH,hard
high1227.txt_q3,consensus,C,1,3,HIGH,easy
high12282.txt_q0,consensus,C,1,3,HIGH,middle
high12282.txt_q1,consensus,A,1,3,HIGH,easy
high12285.txt_q0,consensus,D,1,3,HIGH,ambiguous
high12285.txt_q1,consensus,B,1,3,HIGH,middle
high12285.txt_q2,consensus,C,1,3,HIGH,middle
high12290.txt_q0,consensus,A,1,3,HIGH,middle
high12290.txt_q1,consensus,B,1,3,HIGH,hard
high12290.txt_q2,consensus,B,1,3,HIGH,ambiguous
high12300.txt_q0,consensus,C,1,3,HIGH,ambiguous
high12309.txt_q0,consensus,C,1,3,HIGH,hard
high12309.txt_q1,consensus,C,1,3,HIGH,middle
high12309.txt_q2,consensus,D,1,3,HIGH,easy
high12317.txt_q0,consensus,B,1,3,HIGH,hard
high12317.txt_q1,consensus,D,1,3,HIGH,ambiguous
high12321.txt_q0,consensus,A,1,3,HIGH,ambiguous
high12321.txt_q1,consensus,C,1,3,HIGH,ambiguous
high12321.txt_q2,consensus,A,1,3,HIGH,middle
high12321.txt_q3,consensus,B,1,3,HIGH,middle
high12331.txt_q0,consensus,A,1,3,HIGH,easy
high12331.txt_q1,consensus,B,1,3,HIGH,ambiguous
high12331.txt_q2,consensus,D,1,3,HIGH,middle
high12331.txt_q3,consensus,D,0,3,HIGH,ambiguous
high12393.txt_q0,consensus,C,1,3,HIGH,middle
high12393.txt_q1,consensus,A,1,3,HIGH,ambiguous
high12393.txt_q2,consensus,D,1,3,HIGH,ambiguous
high12393.txt_q3,consensus,D,1,3,HIGH,hard
high12393.txt_q4,consensus,D,0,3,HIGH,hard
high12398.txt_q0,consensus,D,1,3,HIGH,ambiguous
high12398.txt_q1,consensus,D,1,3,HIGH,ambiguous
high12398.txt_q2,consensus,C,1,3,HIGH,hard
high12398.txt_q3,consensus,C,1,3,HIGH,hard
high12398.txt_q4,consensus,B,1,3,HIGH,middle
high1243.txt_q0,consensus,C,1,3,HIGH,ambiguous
high1243.txt_q1,consensus,A,1,3,HIGH,hard
high1243.txt_q2,consensus,D,1,3,HIGH,middle
high12430.txt_q0,consensus,B,1,3,HIGH,ambiguous
high12430.txt_q1,consensus,A,1,3,HIGH,hard
high12461.txt_q0,consensus,B,1,3,HIGH,ambiguous
high12473.txt_q0,consensus,C,0,3,HIGH,hard
high12473.txt_q1,consensus,B,1,3,HIGH,easy
high12475.txt_q0,consensus,D,1,3,HIGH,easy
high12475.txt_q1,consensus,A,1,3,HIGH,middle
high12475.txt_q2,consensus,B,1,3,HIGH,easy
high12494.txt_q0,consensus,C,1,3,HIGH,easy
high12494.txt_q1,consensus,D,1,3,HIGH,easy
high12494.txt_q2,consensus,A,1,3,HIGH,middle
high12494.txt_q3,consensus,A,1,3,HIGH,easy
high12529.txt_q0,consensus,C,1,3,HIGH,easy
high12529.txt_q1,consensus,B,1,3,HIGH,ambiguous
high12529.txt_q2,consensus,D,1,3,HIGH,middle
high12587.txt_q0,consensus,B,1,3,HIGH,ambiguous
high12587.txt_q1,consensus,C,1,3,HIGH,ambiguous
high12587.txt_q2,consensus,A,1,3,HIGH,easy
high12609.txt_q0,consensus,D,1,3,HIGH,middle
high12609.txt_q1,consensus,B,1,3,HIGH,hard
high12609.txt_q2,consensus,C,1,3,HIGH,ambiguous
high12617.txt_q0,consensus,C,1,3,HIGH,middle
high12617.txt_q1,consensus,A,1,3,HIGH,easy
high12632.txt_q0,consensus,C,1,3,HIGH,easy
high12632.txt_q1,consensus,D,1,3,HIGH,hard
high12632.txt_q2,consensus,C,1,3,HIGH,easy
high12632.txt_q3,consensus,B,1,3,HIGH,hard
high12636.txt_q0,consensus,D,1,3,HIGH,ambiguous
high12636.txt_q1,consensus,D,1,3,HIGH,middle
high12636.txt_q2,consensus,C,1,3,HIGH,ambiguous
high12636.txt_q3,consensus,D,0,3,HIGH,hard
high1266.txt_q0,consensus,D,1,3,HIGH,easy
high1266.txt_q1,consensus,A,1,3,HIGH,hard
high1266.txt_q2,consensus,B,1,3,HIGH,middle
high1266.txt_q3,consensus,C,1,3,HIGH,hard
high1266.txt_q4,consensus,D,1,3,HIGH,ambiguous
high12687.txt_q0,consensus,D,1,3,HIGH,middle
high12687.txt_q1,consensus,C,1,3,HIGH,hard
high12687.txt_q2,consensus,B,1,3,HIGH,ambiguous
high12687.txt_q3,consensus,C,1,3,HIGH,ambiguous
high12700.txt_q0,consensus,B,1,3,HIGH,ambiguous
high12700.txt_q1,consensus,A,1,3,HIGH,middle
high12716.txt_q0,consensus,A,1,3,HIGH,middle
high12716.txt_q1,consensus,C,1,3,HIGH,hard
high12716.txt_q2,consensus,B,1,3,HIGH,ambiguous
high12716.txt_q3,consensus,D,1,3,HIGH,ambiguous
high1272.txt_q0,consensus,C,0,3,HIGH,middle
high1272.txt_q1,consensus,C,1,3,HIGH,ambiguous
high1272.txt_q2,consensus,D,1,3,HIGH,easy
high12723.txt_q0,consensus,A,1,3,HIGH,middle
high12723.txt_q1,consensus,C,1,3,HIGH,ambiguous
high12723.txt_q2,consensus,A,1,3,HIGH,hard
high12723.txt_q3,consensus,B,1,3,HIGH,middle
high12734.txt_q0,consensus,C,1,3,HIGH,ambiguous
high12734.txt_q1,consensus,D,1,3,HIGH,ambiguous
high12734.txt_q2,consensus,A,1,3,HIGH,hard
high12734.txt_q3,consensus,B,1,3,HIGH,easy
high12742.txt_q0,consensus,C,1,3,HIGH,middle
high12742.txt_q1,consensus,D,1,3,HIGH,hard
high12742.txt_q2,consensus,C,1,3,HIGH,ambiguous
high12768.txt_q0,consensus,C,1,3,HIGH,ambiguous
high12768.txt_q1,consensus,A,1,3,HIGH,middle
high12768.txt_q2,consensus,D,1,3,HIGH,easy
high12768.txt_q3,consensus,C,1,3,HIGH,ambiguous
high12768.txt_q4,consensus,B,1,3,HIGH,middle
high12771.txt_q0,consensus,B,1,3,HIGH,middle
high1280.txt_q0,consensus,B,1,3,HIGH,ambiguous
high1280.txt_q1,consensus,B,1,3,HIGH,ambiguous
high1280.txt_q2,consensus,C,1,3,HIGH,ambiguous
high1280.txt_q3,consensus,C,1,3,HIGH,hard
high1280.txt_q4,no_consensus,,0,3,HIGH,hard
high12818.txt_q0,consensus,C,1,3,HIGH,easy
high12818.txt_q1,consensus,D,1,3,HIGH,middle
high12818.txt_q2,consensus,A,1,3,HIGH,ambiguous
high12818.txt_q3,consensus,C,1,3,HIGH,ambiguous
high12824.txt_q0,consensus,C,1,3,HIGH,hard
high12824.txt_q1,consensus,C,1,3,HIGH,easy
high12824.txt_q2,consensus,D,1,3,HIGH,hard
high12824.txt_q3,consensus,C,1,3,HIGH,ambiguous
high1283.txt_q0,consensus,C,1,3,HIGH,easy
high1283.txt_q1,consensus,D,1,3,HIGH,ambiguous
high1283.txt_q2,consensus,B,1,3,HIGH,ambiguous
high1283.txt_q3,consensus,C,1,3,HIGH,middle
high12832.txt_q0,consensus,C,1,3,HIGH,easy
high12832.txt_q1,consensus,A,1,3,HIGH,hard
high12832.txt_q2,consensus,B,1,3,HIGH,ambiguous
high12897.txt_q0,consensus,B,1,3,HIGH,ambiguous
high12897.txt_q1,consensus,D,1,3,HIGH,ambiguous
high12897.txt_q2,consensus,C,1,3,HIGH,ambiguous
high12906.txt_q0,consensus,B,1,3,HIGH,easy
high12906.txt_q1,consensus,C,1,3,HIGH,easy
high12941.txt_q0,consensus,B,1,3,HIGH,ambiguous
high12941.txt_q1,consensus,A,1,3,HIGH,ambiguous
high12941.txt_q2,consensus,B,1,3,HIGH,middle
high12941.txt_q3,consensus,C,1,3,HIGH,easy
high1296.txt_q0,consensus,B,1,3,HIGH,hard
high1296.txt_q1,consensus,C,1,3,HIGH,middle
high12998.txt_q0,consensus,B,1,3,HIGH,ambiguous
high12998.txt_q1,consensus,D,1,3,HIGH,ambiguous
high13043.txt_q0,consensus,C,1,3,HIGH,easy
high13043.txt_q1,consensus,C,1,3,HIGH,hard
high13043.txt_q2,consensus,D,1,3,HIGH,ambiguous
high13043.txt_q3,consensus,B,1,3,HIGH,middle
high13095.txt_q0,consensus,C,1,3,HIGH,middle
high13095.txt_q1,consensus,D,1,3,HIGH,easy
high13095.txt_q2,consensus,B,1,3,HIGH,hard
high1310.txt_q0,consensus,D,1,3,HIGH,middle
high1310.txt_q1,consensus,D,1,3,HIGH,middle
high1310.txt_q2,consensus,C,1,3,HIGH,hard
high13140.txt_q0,consensus,D,1,3,HIGH,ambiguous
high13140.txt_q1,consensus,C,1,3,HIGH,ambiguous
high13140.txt_q2,consensus,D,1,3,HIGH,middle
high13140.txt_q3,consensus,C,1,3,HIGH,hard
high13143.txt_q0,consensus,D,1,3,HIGH,easy
high13143.txt_q1,consensus,A,1,3,HIGH,middle
high13143.txt_q2,consensus,B,1,3,HIGH,easy
high13165.txt_q0,consensus,D,1,3,HIGH,ambiguous
high13165.txt_q1,consensus,D,0,3,HIGH,hard
high13165.txt_q2,consensus,A,1,3,HIGH,middle
high13165.txt_q3,consensus,A,1,3,HIGH,ambiguous
high13171.txt_q0,consensus,D,1,3,HIGH,easy
high13171.txt_q1,consensus,A,1,3,HIGH,ambiguous
high13171.txt_q2,consensus,C,1,3,HIGH,ambiguous
high13171.txt_q3,consensus,B,1,3,HIGH,easy
high13199.txt_q0,consensus,D,1,3,HIGH,ambiguous
high13199.txt_q1,consensus,C,1,3,HIGH,hard
high13199.txt_q2,consensus,D,1,3,HIGH,middle
high13199.txt_q3,consensus,A,1,3,HIGH,hard
high13208.txt_q0,consensus,D,1,3,HIGH,middle
high13208.txt_q1,consensus,A,1,3,HIGH,ambiguous
high13208.txt_q2,consensus,D,1,3,HIGH,hard
high13220.txt_q0,consensus,B,1,3,HIGH,hard
high13220.txt_q1,consensus,B,1,3,HIGH,ambiguous
high13238.txt_q0,consensus,B,1,3,HIGH,ambiguous
high13238.txt_q1,consensus,B,1,3,HIGH,hard
high13238.txt_q2,consensus,D,1,3,HIGH,ambiguous
high13238.txt_q3,consensus,A,1,3,HIGH,easy
high13250.txt_q0,consensus,D,1,3,HIGH,ambiguous
high13250.txt_q1,consensus,B,1,3,HIGH,hard
high13250.txt_q2,consensus,A,1,3,HIGH,hard
high13251.txt_q0,consensus,C,1,3,HIGH,middle
high13251.txt_q1,consensus,D,1,3,HIGH,ambiguous
high13251.txt_q2,consensus,A,1,3,HIGH,middle
high13273.txt_q0,consensus,B,1,3,HIGH,middle
high13273.txt_q1,consensus,D,1,3,HIGH,middle
high13273.txt_q2,consensus,A,1,3,HIGH,middle
high13279.txt_q0,consensus,B,1,3,HIGH,ambiguous
high13279.txt_q1,consensus,D,1,3,HIGH,hard
high13279.txt_q2,consensus,C,1,3,HIGH,ambiguous
high13279.txt_q3,consensus,A,1,3,HIGH,hard
high13284.txt_q0,consensus,D,1,3,HIGH,easy
high13284.txt_q1,consensus,C,1,3,HIGH,middle
high13314.txt_q0,consensus,B,1,3,HIGH,easy
high13314.txt_q1,consensus,C,1,3,HIGH,middle
high13314.txt_q2,consensus,C,1,3,HIGH,middle
high13319.txt_q0,consensus,A,1,3,HIGH,hard
high13319.txt_q1,consensus,B,1,3,HIGH,easy
high13342.txt_q0,consensus,C,1,3,HIGH,easy
high13342.txt_q1,consensus,B,1,3,HIGH,hard
high13342.txt_q2,consensus,D,1,3,HIGH,easy
high1335.txt_q0,consensus,D,1,3,HIGH,easy
high1335.txt_q1,consensus,C,1,3,HIGH,middle
high1335.txt_q2,consensus,A,1,3,HIGH,easy
high13366.txt_q0,consensus,A,1,3,HIGH,middle
high13366.txt_q1,consensus,D,1,3,HIGH,hard
high13366.txt_q2,consensus,C,1,3,HIGH,middle
high13366.txt_q3,consensus,B,1,3,HIGH,hard
high13366.txt_q4,consensus,B,1,3,HIGH,ambiguous
high13393.txt_q0,consensus,B,1,3,HIGH,ambiguous
high13393.txt_q1,consensus,D,1,3,HIGH,ambiguous
high13393.txt_q2,consensus,C,1,3,HIGH,middle
high13393.txt_q3,consensus,A,1,3,HIGH,easy
high13393.txt_q4,consensus,C,1,3,HIGH,ambiguous
high13398.txt_q0,consensus,C,1,3,HIGH,easy
high13398.txt_q1,consensus,B,0,3,HIGH,ambiguous
high13398.txt_q2,consensus,A,1,3,HIGH,middle
high13398.txt_q3,consensus,B,1,3,HIGH,hard
high13424.txt_q0,consensus,C,1,3,HIGH,middle
high13424.txt_q1,consensus,D,1,3,HIGH,easy
high13434.txt_q0,consensus,D,1,3,HIGH,hard
high13434.txt_q1,consensus,A,1,3,HIGH,hard
high13458.txt_q0,consensus,C,1,3,HIGH,ambiguous
high13458.txt_q1,consensus,D,1,3,HIGH,middle
high13458.txt_q2,consensus,B,1,3,HIGH,hard
high13470.txt_q0,consensus,B,1,3,HIGH,ambiguous
high13470.txt_q1,consensus,B,1,3,HIGH,hard
high1350.txt_q0,consensus,A,1,3,HIGH,hard
high1350.txt_q1,consensus,D,1,3,HIGH,easy
high1350.txt_q2,consensus,B,1,3,HIGH,hard
high1350.txt_q3,consensus,B,1,3,HIGH,hard
high13545.txt_q0,consensus,D,1,3,HIGH,hard
high13545.txt_q1,consensus,A,1,3,HIGH,ambiguous
high13577.txt_q0,consensus,B,1,3,HIGH,middle
high13577.txt_q1,consensus,A,1,3,HIGH,middle
high13577.txt_q2,consensus,A,1,3,HIGH,hard
high13577.txt_q3,consensus,D,1,3,HIGH,easy
high13588.txt_q0,consensus,C,1,3,HIGH,easy
high13588.txt_q1,consensus,C,1,3,HIGH,middle
high13588.txt_q2,consensus,D,1,3,HIGH,hard
high13597.txt_q0,consensus,C,1,3,HIGH,middle
high13597.txt_q1,consensus,B,1,3,HIGH,middle
high13597.txt_q2,consensus,A,1,3,HIGH,ambiguous
high13618.txt_q0,consensus,A,1,3,HIGH,hard
high13618.txt_q1,consensus,B,1,3,HIGH,middle
high13618.txt_q2,consensus,C,1,3,HIGH,easy
high13618.txt_q3,consensus,D,1,3,HIGH,easy
high13618.txt_q4,consensus,C,1,3,HIGH,hard
high13683.txt_q0,consensus,C,1,3,HIGH,easy
high13683.txt_q1,consensus,D,1,3,HIGH,middle
high13702.txt_q0,consensus,D,1,3,HIGH,middle
high13702.txt_q1,consensus,D,1,3,HIGH,ambiguous
high13702.txt_q2,consensus,A,1,3,HIGH,middle
high13704.txt_q0,consensus,B,1,3,HIGH,easy
high13704.txt_q1,consensus,D,1,3,HIGH,easy
high13704.txt_q2,consensus,A,1,3,HIGH,ambiguous
high13716.txt_q0,consensus,C,1,3,HIGH,easy
high13716.txt_q1,consensus,A,1,3,HIGH,middle
high13716.txt_q2,consensus,D,1,3,HIGH,ambiguous
high13716.txt_q3,consensus,B,1,3,HIGH,ambiguous
high13761.txt_q0,consensus,D,1,3,HIGH,easy
high13761.txt_q1,consensus,B,1,3,HIGH,easy
high13781.txt_q0,consensus,B,1,3,HIGH,ambiguous
high13781.txt_q1,consensus,D,1,3,HIGH,middle
high13781.txt_q2,consensus,C,1,3,HIGH,easy
high13814.txt_q0,consensus,B,0,3,HIGH,ambiguous
high13814.txt_q1,consensus,C,1,3,HIGH,ambiguous
high13814.txt_q2,consensus,D,1,3,HIGH,middle
high13838.txt_q0,consensus,A,1,3,HIGH,easy
high13838.txt_q1,consensus,C,1,3,HIGH,easy
high13838.txt_q2,consensus,D,1,3,HIGH,middle
high13894.txt_q0,consensus,B,1,3,HIGH,hard
high13894.txt_q1,consensus,C,1,3,HIGH,hard
high13894.txt_q2,consensus,D,1,3,HIGH,easy
high13909.txt_q0,consensus,B,1,3,HIGH,easy
high13909.txt_q1,consensus,D,1,3,HIGH,hard
high13909.txt_q2,consensus,A,1,3,HIGH,easy
high1391.txt_q0,consensus,A,1,3,HIGH,ambiguous
high1391.txt_q1,consensus,C,1,3,HIGH,middle
high1391.txt_q2,consensus,D,1,3,HIGH,ambiguous
high1391.txt_q3,consensus,D,1,3,HIGH,ambiguous
high1399.txt_q0,consensus,B,1,3,HIGH,easy
high1399.txt_q1,consensus,C,1,3,HIGH,ambiguous
high1399.txt_q2,consensus,C,1,3,HIGH,ambiguous
high14001.txt_q0,consensus,B,1,3,HIGH,easy
high14001.txt_q1,consensus,B,0,3,HIGH,hard
high14001.txt_q2,consensus,D,1,3,HIGH,middle
high14004.txt_q0,consensus,C,1,3,HIGH,ambiguous
high14004.txt_q1,consensus,A,1,3,HIGH,middle
high14004.txt_q2,consensus,D,1,3,HIGH,middle
high14070.txt_q0,consensus,C,1,3,HIGH,ambiguous
high14073.txt_q0,consensus,D,1,3,HIGH,hard
high14073.txt_q1,consensus,B,1,3,HIGH,middle
high14073.txt_q2,consensus,C,1,3,HIGH,easy
high14073.txt_q3,consensus,D,1,3,HIGH,easy
high14085.txt_q0,consensus,D,1,3,HIGH,easy
high14085.txt_q1,consensus,B,1,3,HIGH,easy
high1410.txt_q0,consensus,C,1,3,HIGH,ambiguous
high1410.txt_q1,consensus,C,1,3,HIGH,easy
high1410.txt_q2,consensus,B,1,3,HIGH,easy
high1410.txt_q3,consensus,D,1,3,HIGH,easy
high1411.txt_q0,consensus,B,1,3,HIGH,ambiguous
high1411.txt_q1,consensus,D,1,3,HIGH,middle
high1411.txt_q2,consensus,A,1,3,HIGH,ambiguous
high14136.txt_q0,consensus,C,1,3,HIGH,easy
high14136.txt_q1,consensus,D,1,3,HIGH,middle
high14136.txt_q2,consensus,A,1,3,HIGH,ambiguous
high14136.txt_q3,consensus,B,1,3,HIGH,easy
high14144.txt_q0,consensus,D,1,3,HIGH,ambiguous
high14144.txt_q1,consensus,C,1,3,HIGH,hard
high14144.txt_q2,consensus,B,1,3,HIGH,ambiguous
high14144.txt_q3,consensus,D,1,3,HIGH,middle
high14165.txt_q0,consensus,D,1,3,HIGH,easy
high14165.txt_q1,consensus,A,1,3,HIGH,ambiguous
high14165.txt_q2,consensus,C,0,3,HIGH,hard
high14197.txt_q0,consensus,D,1,3,HIGH,ambiguous
high14197.txt_q1,consensus,C,1,3,HIGH,hard
high14197.txt_q2,consensus,B,1,3,HIGH,easy
high14235.txt_q0,consensus,B,1,3,HIGH,easy
high14235.txt_q1,consensus,C,1,3,HIGH,middle
high14235.txt_q2,consensus,B,1,3,HIGH,easy
high14235.txt_q3,consensus,B,1,3,HIGH,easy
high14272.txt_q0,consensus,B,1,3,HIGH,middle
high14272.txt_q1,consensus,D,1,3,HIGH,easy
high14272.txt_q2,consensus,B,1,3,HIGH,hard
high14340.txt_q0,consensus,C,1,3,HIGH,ambiguous
high14340.txt_q1,consensus,B,1,3,HIGH,ambiguous
high14340.txt_q2,consensus,D,1,3,HIGH,easy
high14350.txt_q0,consensus,C,1,3,HIGH,middle
high14350.txt_q1,consensus,B,1,3,HIGH,easy
high14350.txt_q2,consensus,D,1,3,HIGH,middle
high14350.txt_q3,consensus,C,1,3,HIGH,hard
high14366.txt_q0,consensus,C,1,3,HIGH,easy
high14366.txt_q1,consensus,D,1,3,HIGH,middle
high14369.txt_q0,consensus,B,1,3,HIGH,ambiguous
high14384.txt_q0,consensus,B,1,3,HIGH,hard
high14384.txt_q1,consensus,A,1,3,HIGH,middle
high14384.txt_q2,consensus,D,1,3,HIGH,ambiguous
high14410.txt_q0,consensus,A,1,3,HIGH,easy
high14410.txt_q1,consensus,B,1,3,HIGH,ambiguous
high14410.txt_q2,consensus,C,1,3,HIGH,easy
high14416.txt_q0,consensus,C,1,3,HIGH,ambiguous
high14416.txt_q1,consensus,D,1,3,HIGH,hard
high14416.txt_q2,consensus,D,1,3,HIGH,middle
high14416.txt_q3,consensus,B,1,3,HIGH,middle
high1443.txt_q0,consensus,D,1,3,HIGH,hard
high1443.txt_q1,consensus,B,1,3,HIGH,hard
high1443.txt_q2,consensus,D,1,3,HIGH,ambiguous
high1443.txt_q3,consensus,C,1,3,HIGH,ambiguous
high1443.txt_q4,consensus,C,0,3,HIGH,easy
high14441.txt_q0,consensus,B,1,3,HIGH,ambiguous
high14441.txt_q1,consensus,B,1,3,HIGH,hard
high14441.txt_q2,consensus,C,1,3,HIGH,middle
high14448.txt_q0,consensus,B,1,3,HIGH,middle
high14448.txt_q1,consensus,A,1,3,HIGH,easy
high14448.txt_q2,consensus,C,1,3,HIGH,ambiguous
high14500.txt_q0,consensus,D,1,3,HIGH,middle
high14500.txt_q1,consensus,D,1,3,HIGH,ambiguous
high14500.txt_q2,consensus,C,1,3,HIGH,easy
high14518.txt_q0,consensus,B,1,3,HIGH,middle
high14518.txt_q1,consensus,A,1,3,HIGH,ambiguous
high14518.txt_q2,consensus,C,1,3,HIGH,hard
high14518.txt_q3,consensus,D,1,3,HIGH,hard
high14520.txt_q0,consensus,C,1,3,HIGH,middle
high14520.txt_q1,consensus,D,1,3,HIGH,middle
high14520.txt_q2,consensus,B,1,3,HIGH,easy
high14529.txt_q0,consensus,B,1,3,HIGH,ambiguous
high14529.txt_q1,consensus,D,1,3,HIGH,ambiguous
high14529.txt_q2,consensus,D,1,3,HIGH,ambiguous
high14547.txt_q0,consensus,D,1,3,HIGH,ambiguous
high14547.txt_q1,consensus,B,1,3,HIGH,ambiguous
high14573.txt_q0,consensus,B,1,3,HIGH,ambiguous
high14573.txt_q1,consensus,C,1,3,HIGH,easy
high14573.txt_q2,consensus,C,1,3,HIGH,hard
high14573.txt_q3,consensus,C,0,3,HIGH,ambiguous
high14584.txt_q0,consensus,B,1,3,HIGH,easy
high14584.txt_q1,consensus,A,0,3,HIGH,hard
high14584.txt_q2,consensus,C,1,3,HIGH,hard
high14600.txt_q0,consensus,D,0,3,HIGH,ambiguous
high14600.txt_q1,consensus,D,1,3,HIGH,ambiguous
high14600.txt_q2,consensus,A,1,3,HIGH,easy
high14600.txt_q3,consensus,A,0,3,HIGH,hard
high14600.txt_q4,consensus,C,1,3,HIGH,hard
high14659.txt_q0,consensus,C,1,3,HIGH,ambiguous
high14659.txt_q1,consensus,C,1,3,HIGH,hard
high14746.txt_q0,consensus,B,1,3,HIGH,hard
high14746.txt_q1,consensus,C,1,3,HIGH,ambiguous
high14746.txt_q2,consensus,D,1,3,HIGH,middle
high14768.txt_q0,consensus,B,1,3,HIGH,middle
high14768.txt_q1,consensus,A,1,3,HIGH,middle
high14768.txt_q2,consensus,D,1,3,HIGH,ambiguous
high14781.txt_q0,consensus,C,1,3,HIGH,easy
high14781.txt_q1,consensus,C,1,3,HIGH,middle
high14781.txt_q2,consensus,B,1,3,HIGH,hard
high14792.txt_q0,consensus,C,1,3,HIGH,middle
high14792.txt_q1,consensus,C,1,3,HIGH,ambiguous
high14792.txt_q2,consensus,D,1,3,HIGH,hard
high14807.txt_q0,consensus,C,1,3,HIGH,easy
high14807.txt_q1,consensus,A,1,3,HIGH,middle
high1481.txt_q0,consensus,A,1,3,HIGH,ambiguous
high1481.txt_q1,consensus,D,1,3,HIGH,easy
high1481.txt_q2,consensus,A,0,3,HIGH,hard
high1481.txt_q3,consensus,D,1,3,HIGH,ambiguous
high14818.txt_q0,consensus,A,1,3,HIGH,hard
high14818.txt_q1,consensus,C,1,3,HIGH,middle
high14818.txt_q2,consensus,B,1,3,HIGH,hard
high14841.txt_q0,consensus,D,1,3,HIGH,easy
high14841.txt_q1,consensus,A,0,3,HIGH,hard
high14841.txt_q2,consensus,A,1,3,HIGH,middle
high14855.txt_q0,consensus,A,1,3,HIGH,middle
high14855.txt_q1,consensus,D,1,3,HIGH,ambiguous
high14855.txt_q2,consensus,B,1,3,HIGH,hard
high14855.txt_q3,consensus,A,1,3,HIGH,middle
high14873.txt_q0,consensus,B,1,3,HIGH,easy
high14873.txt_q1,consensus,D,1,3,HIGH,middle
high14873.txt_q2,consensus,A,1,3,HIGH,ambiguous
high14886.txt_q0,consensus,B,1,3,HIGH,easy
high14886.txt_q1,consensus,C,1,3,HIGH,ambiguous
high14886.txt_q2,consensus,D,1,3,HIGH,hard
high14886.txt_q3,consensus,C,1,3,HIGH,middle
high14903.txt_q0,consensus,A,1,3,HIGH,ambiguous
high14903.txt_q1,consensus,A,1,3,HIGH,easy
high1491.txt_q0,consensus,C,1,3,HIGH,easy
high1491.txt_q1,consensus,D,1,3,HIGH,middle
high1491.txt_q2,consensus,C,1,3,HIGH,easy
high1491.txt_q3,consensus,A,1,3,HIGH,middle
high14910.txt_q0,consensus,D,1,3,HIGH,hard
high14910.txt_q1,consensus,B,1,3,HIGH,middle
high14910.txt_q2,consensus,A,1,3,HIGH,hard
high14933.txt_q0,consensus,D,1,3,HIGH,hard
high14933.txt_q1,consensus,C,1,3,HIGH,hard
high14933.txt_q2,consensus,D,1,3,HIGH,easy
high14948.txt_q0,consensus,B,1,3,HIGH,easy
high14948.txt_q1,consensus,D,1,3,HIGH,hard
high14948.txt_q2,consensus,A,1,3,HIGH,easy
high14962.txt_q0,consensus,B,1,3,HIGH,hard
high14962.txt_q1,consensus,C,1,3,HIGH,hard
high14962.txt_q2,consensus,D,1,3,HIGH,hard
high14989.txt_q0,consensus,A,1,3,HIGH,middle
high14989.txt_q1,consensus,D,1,3,HIGH,ambiguous
high14989.txt_q2,consensus,B,1,3,HIGH,middle
high1500.txt_q0,consensus,B,1,3,HIGH,hard
high1500.txt_q1,consensus,B,0,3,HIGH,hard
high1500.txt_q2,consensus,B,1,3,HIGH,ambiguous
high15012.txt_q0,consensus,C,1,3,HIGH,easy
high15012.txt_q1,consensus,B,1,3,HIGH,ambiguous
high15012.txt_q2,consensus,B,1,3,HIGH,middle
high15018.txt_q0,consensus,D,1,3,HIGH,middle
high15018.txt_q1,consensus,B,1,3,HIGH,hard
high15028.txt_q0,consensus,D,1,3,HIGH,hard
high15028.txt_q1,consensus,C,1,3,HIGH,easy
high15028.txt_q2,consensus,A,1,3,HIGH,middle
high15042.txt_q0,consensus,D,1,3,HIGH,middle
high15042.txt_q1,consensus,C,1,3,HIGH,ambiguous
high15042.txt_q2,consensus,A,1,3,HIGH,easy
high15054.txt_q0,consensus,B,1,3,HIGH,easy
high15054.txt_q1,consensus,D,1,3,HIGH,hard
high15054.txt_q2,consensus,A,1,3,HIGH,ambiguous
high15088.txt_q0,consensus,C,1,3,HIGH,ambiguous
high15088.txt_q1,consensus,B,0,3,HIGH,hard
high15104.txt_q0,consensus,C,1,3,HIGH,hard
high15104.txt_q1,consensus,D,1,3,HIGH,easy
high15104.txt_q2,consensus,D,1,3,HIGH,middle
high15104.txt_q3,consensus,B,1,3,HIGH,easy
high15131.txt_q0,consensus,C,1,3,HIGH,middle
high15131.txt_q1,consensus,B,1,3,HIGH,hard
high15131.txt_q2,consensus,C,1,3,HIGH,hard
high15182.txt_q0,consensus,A,1,3,HIGH,hard
high15182.txt_q1,consensus,C,1,3,HIGH,easy
high15182.txt_q2,consensus,A,1,3,HIGH,ambiguous
high15182.txt_q3,consensus,B,1,3,HIGH,ambiguous
high15194.txt_q0,consensus,B,1,3,HIGH,middle
high15194.txt_q1,consensus,B,0,3,HIGH,ambiguous
high15194.txt_q2,consensus,D,1,3,HIGH,ambiguous
high15194.txt_q3,consensus,D,1,3,HIGH,easy
high15208.txt_q0,consensus,B,1,3,HIGH,ambiguous
high15208.txt_q1,consensus,C,1,3,HIGH,middle
high15224.txt_q0,consensus,C,1,3,HIGH,middle
high15224.txt_q1,consensus,D,1,3,HIGH,hard
high15224.txt_q2,consensus,A,1,3,HIGH,easy
high15231.txt_q0,consensus,B,1,3,HIGH,easy
high15231.txt_q1,consensus,A,1,3,HIGH,hard
high15240.txt_q0,consensus,C,1,3,HIGH,ambiguous
high15240.txt_q1,consensus,B,1,3,HIGH,hard
high15240.txt_q2,consensus,A,1,3,HIGH,middle
high15297.txt_q0,consensus,D,0,3,HIGH,hard
high15297.txt_q1,consensus,B,1,3,HIGH,ambiguous
high15297.txt_q2,consensus,D,1,3,HIGH,hard
high15297.txt_q3,consensus,D,1,3,HIGH,easy
high15327.txt_q0,consensus,B,1,3,HIGH,middle
high15327.txt_q1,consensus,D,1,3,HIGH,easy
high15327.txt_q2,consensus,A,1,3,HIGH,ambiguous
high15329.txt_q0,consensus,D,1,3,HIGH,easy
high15329.txt_q1,consensus,B,1,3,HIGH,easy
high15329.txt_q2,consensus,D,1,3,HIGH,ambiguous
high15329.txt_q3,consensus,A,1,3,HIGH,ambiguous
high15329.txt_q4,consensus,C,1,3,HIGH,hard
high15347.txt_q0,consensus,C,1,3,HIGH,hard
high15347.txt_q1,consensus,A,1,3,HIGH,hard
high15347.txt_q2,consensus,A,1,3,HIGH,ambiguous
high15404.txt_q0,consensus,B,1,3,HIGH,ambiguous
high15404.txt_q1,consensus,C,1,3,HIGH,middle
high15404.txt_q2,consensus,D,1,3,HIGH,hard
high15409.txt_q0,consensus,D,1,3,HIGH,easy
high15409.txt_q1,consensus,B,0,3,HIGH,ambiguous
high15409.txt_q2,consensus,B,1,3,HIGH,hard
high15418.txt_q0,consensus,D,1,3,HIGH,easy
high15418.txt_q1,consensus,C,1,3,HIGH,easy
high15418.txt_q2,consensus,C,1,3,HIGH,middle
high15418.txt_q3,consensus,A,1,3,HIGH,middle
high15432.txt_q0,consensus,D,1,3,HIGH,middle
high15432.txt_q1,consensus,A,1,3,HIGH,ambiguous
high15432.txt_q2,consensus,D,0,3,HIGH,hard
high15432.txt_q3,consensus,C,1,3,HIGH,easy
high15443.txt_q0,consensus,C,1,3,HIGH,middle
high15443.txt_q1,consensus,B,1,3,HIGH,easy
high15443.txt_q2,consensus,C,1,3,HIGH,hard
high15443.txt_q3,consensus,A,1,3,HIGH,easy
high15443.txt_q4,consensus,D,1,3,HIGH,hard
high15447.txt_q0,consensus,B,1,3,HIGH,hard
high15447.txt_q1,consensus,B,1,3,HIGH,hard
high15447.txt_q2,consensus,C,1,3,HIGH,ambiguous
high15447.txt_q3,consensus,A,1,3,HIGH,hard
high15447.txt_q4,consensus,D,1,3,HIGH,ambiguous
high15454.txt_q0,consensus,D,1,3,HIGH,easy
high15454.txt_q1,consensus,B,1,3,HIGH,easy
high15454.txt_q2,consensus,D,1,3,HIGH,middle
high15454.txt_q3,consensus,B,1,3,HIGH,ambiguous
high15454.txt_q4,consensus,C,1,3,HIGH,easy
high15510.txt_q0,consensus,D,1,3,HIGH,easy
high15510.txt_q1,consensus,D,1,3,HIGH,ambiguous
high15510.txt_q2,consensus,C,1,3,HIGH,easy
high15510.txt_q3,consensus,A,1,3,HIGH,easy
high15511.txt_q0,consensus,C,1,3,HIGH,easy
high15511.txt_q1,consensus,A,1,3,HIGH,ambiguous
high15511.txt_q2,consensus,C,1,3,HIGH,middle
high15511.txt_q3,consensus,D,1,3,HIGH,easy
high15544.txt_q0,consensus,A,1,3,HIGH,easy
high15544.txt_q1,consensus,A,1,3,HIGH,hard
high15544.txt_q2,consensus,B,1,3,HIGH,ambiguous
high15572.txt_q0,consensus,C,1,3,HIGH,middle
high15572.txt_q1,consensus,C,1,3,HIGH,hard
high15572.txt_q2,consensus,B,1,3,HIGH,hard
high15572.txt_q3,consensus,D,1,3,HIGH,hard
high15586.txt_q0,consensus,B,1,3,HIGH,easy
high15586.txt_q1,consensus,C,1,3,HIGH,ambiguous
high15586.txt_q2,consensus,D,1,3,HIGH,easy
high15586.txt_q3,consensus,C,1,3,HIGH,ambiguous
high15608.txt_q0,consensus,D,1,3,HIGH,hard
high15608.txt_q1,consensus,A,1,3,HIGH,hard
high15608.txt_q2,consensus,B,1,3,HIGH,middle
high15610.txt_q0,consensus,B,1,3,HIGH,easy
high15610.txt_q1,consensus,D,1,3,HIGH,ambiguous
high15610.txt_q2,consensus,D,1,3,HIGH,hard
high15616.txt_q0,consensus,B,1,3,HIGH,hard
high15616.txt_q1,consensus,A,1,3,HIGH,ambiguous
high15616.txt_q2,consensus,B,1,3,HIGH,hard
high15616.txt_q3,consensus,C,1,3,HIGH,ambiguous
high15625.txt_q0,consensus,D,1,3,HIGH,easy
high15625.txt_q1,consensus,C,1,3,HIGH,ambiguous
high15625.txt_q2,consensus,A,1,3,HIGH,middle
high15625.txt_q3,consensus,B,1,3,HIGH,easy
high15661.txt_q0,consensus,D,1,3,HIGH,ambiguous
high15661.txt_q1,consensus,C,1,3,HIGH,ambiguous
high15661.txt_q2,consensus,B,1,3,HIGH,middle
high15661.txt_q3,consensus,A,1,3,HIGH,ambiguous
high15668.txt_q0,consensus,D,1,3,HIGH,easy
high15668.txt_q1,consensus,C,1,3,HIGH,easy
high15668.txt_q2,consensus,B,1,3,HIGH,ambiguous
high15675.txt_q0,consensus,A,1,3,HIGH,easy
high15675.txt_q1,consensus,D,1,3,HIGH,easy
high15675.txt_q2,consensus,C,1,3,HIGH,middle
high1571.txt_q0,consensus,A,1,3,HIGH,middle
high1571.txt_q1,consensus,C,1,3,HIGH,ambiguous
high1571.txt_q2,consensus,C,1,3,HIGH,middle
high15885.txt_q0,consensus,A,1,3,HIGH,ambiguous
high15885.txt_q1,consensus,C,1,3,HIGH,hard
high15909.txt_q0,consensus,B,1,3,HIGH,hard
high15909.txt_q1,consensus,A,1,3,HIGH,middle
high15909.txt_q2,consensus,A,1,3,HIGH,hard
high15938.txt_q0,consensus,C,1,3,HIGH,middle
high15938.txt_q1,consensus,D,1,3,HIGH,easy
high15938.txt_q2,consensus,C,1,3,HIGH,ambiguous
high15938.txt_q3,consensus,B,1,3,HIGH,middle
high15943.txt_q0,consensus,D,1,3,HIGH,hard
high15943.txt_q1,consensus,C,1,3,HIGH,easy
high15943.txt_q2,consensus,B,1,3,HIGH,middle
high16035.txt_q0,consensus,B,1,3,HIGH,easy
high16035.txt_q1,consensus,A,1,3,HIGH,ambiguous
high16035.txt_q2,consensus,B,1,3,HIGH,middle
high16053.txt_q0,consensus,B,1,3,HIGH,ambiguous
high16053.txt_q1,consensus,C,1,3,HIGH,ambiguous
high16053.txt_q2,consensus,D,1,3,HIGH,easy
high16053.txt_q3,consensus,C,1,3,HIGH,easy
high16053.txt_q4,consensus,A,1,3,HIGH,middle
high16082.txt_q0,consensus,D,1,3,HIGH,ambiguous
high16082.txt_q1,consensus,B,1,3,HIGH,middle
high16082.txt_q2,consensus,B,1,3,HIGH,middle
high16082.txt_q3,consensus,C,1,3,HIGH,ambiguous
high16116.txt_q0,consensus,B,1,3,HIGH,middle
high16116.txt_q1,consensus,C,1,3,HIGH,ambiguous
high16116.txt_q2,consensus,B,1,3,HIGH,easy
high16124.txt_q0,consensus,D,1,3,HIGH,easy
high16124.txt_q1,consensus,B,1,3,HIGH,hard
high16126.txt_q0,consensus,B,1,3,HIGH,easy
high16126.txt_q1,consensus,D,1,3,HIGH,ambiguous
high16126.txt_q2,consensus,A,1,3,HIGH,ambiguous
high16138.txt_q0,consensus,B,1,3,HIGH,easy
high16138.txt_q1,consensus,A,1,3,HIGH,easy
high16148.txt_q0,consensus,C,1,3,HIGH,easy
high16148.txt_q1,consensus,A,1,3,HIGH,easy
high16148.txt_q2,consensus,B,1,3,HIGH,middle
high16148.txt_q3,consensus,C,1,3,HIGH,middle
high16221.txt_q0,consensus,C,1,3,HIGH,middle
high16221.txt_q1,consensus,D,1,3,HIGH,hard
high16221.txt_q2,consensus,C,1,3,HIGH,ambiguous
high16221.txt_q3,consensus,B,1,3,HIGH,middle
high16221.txt_q4,consensus,A,1,3,HIGH,easy
high16230.txt_q0,consensus,C,1,3,HIGH,easy
high16230.txt_q1,consensus,D,1,3,HIGH,ambiguous
high16230.txt_q2,consensus,B,1,3,HIGH,ambiguous
high16230.txt_q3,consensus,A,1,3,HIGH,hard
high16235.txt_q0,consensus,C,1,3,HIGH,ambiguous
high16235.txt_q1,consensus,B,1,3,HIGH,hard
high16235.txt_q2,consensus,C,1,3,HIGH,ambiguous
high16235.txt_q3,consensus,D,1,3,HIGH,hard
high16262.txt_q0,consensus,B,1,3,HIGH,easy
high16262.txt_q1,consensus,A,1,3,HIGH,ambiguous
high16262.txt_q2,consensus,C,1,3,HIGH,easy
high16262.txt_q3,consensus,D,1,3,HIGH,easy
high16262.txt_q4,consensus,C,1,3,HIGH,ambiguous
high16288.txt_q0,consensus,A,1,3,HIGH,easy
high16288.txt_q1,consensus,C,1,3,HIGH,hard
high16288.txt_q2,consensus,D,1,3,HIGH,middle
high16288.txt_q3,consensus,C,1,3,HIGH,ambiguous
high16317.txt_q0,consensus,B,1,3,HIGH,middle
high16317.txt_q1,consensus,B,1,3,HIGH,middle
high16317.txt_q2,consensus,C,1,3,HIGH,middle
high16317.txt_q3,consensus,D,1,3,HIGH,ambiguous
high16317.txt_q4,consensus,D,1,3,HIGH,middle
high16317.txt_q5,consensus,C,1,3,HIGH,ambiguous
high16321.txt_q0,consensus,D,1,3,HIGH,ambiguous
high16321.txt_q1,consensus,D,0,3,HIGH,ambiguous
high16321.txt_q2,consensus,D,1,3,HIGH,ambiguous
high16321.txt_q3,consensus,D,1,3,HIGH,middle
high16321.txt_q4,consensus,D,0,3,HIGH,hard
high16341.txt_q0,consensus,C,1,3,HIGH,ambiguous
high16341.txt_q1,consensus,A,1,3,HIGH,middle
high1640.txt_q0,consensus,C,1,3,HIGH,hard
high1640.txt_q1,consensus,D,1,3,HIGH,ambiguous
high1640.txt_q2,consensus,C,1,3,HIGH,hard
high1640.txt_q3,consensus,D,1,3,HIGH,ambiguous
high16400.txt_q0,consensus,D,1,3,HIGH,easy
high16400.txt_q1,consensus,D,1,3,HIGH,middle
high1643.txt_q0,consensus,A,1,3,HIGH,easy
high1643.txt_q1,consensus,B,1,3,HIGH,hard
high1643.txt_q2,consensus,B,1,3,HIGH,middle
high1643.txt_q3,consensus,C,1,3,HIGH,hard
high16467.txt_q0,consensus,C,1,3,HIGH,middle
high16467.txt_q1,consensus,A,1,3,HIGH,middle
high16467.txt_q2,consensus,D,1,3,HIGH,middle
high16485.txt_q0,consensus,D,1,3,HIGH,ambiguous
high16485.txt_q1,consensus,C,1,3,HIGH,middle
high16485.txt_q2,consensus,B,1,3,HIGH,ambiguous
high1651.txt_q0,consensus,B,1,3,HIGH,hard
high1651.txt_q1,consensus,C,1,3,HIGH,ambiguous
high16543.txt_q0,consensus,C,1,3,HIGH,middle
high16543.txt_q1,consensus,C,1,3,HIGH,ambiguous
high16543.txt_q2,consensus,D,1,3,HIGH,hard
high16543.txt_q3,consensus,A,1,3,HIGH,hard
high16577.txt_q0,consensus,D,1,3,HIGH,middle
high16577.txt_q1,consensus,A,1,3,HIGH,middle
high16577.txt_q2,consensus,C,1,3,HIGH,middle
high16577.txt_q3,consensus,B,1,3,HIGH,hard
high16577.txt_q4,consensus,B,0,3,HIGH,hard
high16596.txt_q0,consensus,C,1,3,HIGH,middle
high16596.txt_q1,consensus,D,1,3,HIGH,hard
high16596.txt_q2,consensus,A,1,3,HIGH,ambiguous
high16599.txt_q0,consensus,D,1,3,HIGH,hard
high16599.txt_q1,consensus,C,1,3,HIGH,middle
high16599.txt_q2,consensus,A,1,3,HIGH,easy
high16599.txt_q3,consensus,D,1,3,HIGH,easy
high16610.txt_q0,consensus,C,1,3,HIGH,hard
high16610.txt_q1,consensus,A,1,3,HIGH,ambiguous
high16610.txt_q2,consensus,D,1,3,HIGH,ambiguous
high16636.txt_q0,consensus,D,1,3,HIGH,hard
high16636.txt_q1,consensus,A,1,3,HIGH,hard
high16636.txt_q2,consensus,D,1,3,HIGH,hard
high16636.txt_q3,consensus,C,1,3,HIGH,middle
high16645.txt_q0,consensus,B,1,3,HIGH,middle
high16645.txt_q1,consensus,D,1,3,HIGH,easy
high16715.txt_q0,consensus,B,0,3,HIGH,hard
high16715.txt_q1,consensus,C,1,3,HIGH,hard
high16715.txt_q2,consensus,D,1,3,HIGH,hard
high16715.txt_q3,consensus,A,1,3,HIGH,ambiguous
high16728.txt_q0,consensus,B,1,3,HIGH,easy
high16728.txt_q1,consensus,D,1,3,HIGH,ambiguous
high16728.txt_q2,consensus,D,1,3,HIGH,middle
high16728.txt_q3,consensus,D,1,3,HIGH,hard
high16728.txt_q4,consensus,B,1,3,HIGH,hard
high16769.txt_q0,consensus,C,1,3,HIGH,hard
high16769.txt_q1,consensus,A,1,3,HIGH,hard
high16769.txt_q2,consensus,D,1,3,HIGH,ambiguous
high16769.txt_q3,consensus,D,1,3,HIGH,middle
high16853.txt_q0,consensus,B,1,3,HIGH,ambiguous
high16853.txt_q1,consensus,D,1,3,HIGH,middle
high16853.txt_q2,consensus,A,1,3,HIGH,middle
high16853.txt_q3,consensus,D,0,3,HIGH,ambiguous
high16853.txt_q4,consensus,D,1,3,HIGH,ambiguous
high16854.txt_q0,consensus,C,1,3,HIGH,ambiguous
high16854.txt_q1,consensus,A,1,3,HIGH,ambiguous
high16854.txt_q2,consensus,B,1,3,HIGH,ambiguous
high16854.txt_q3,consensus,A,1,3,HIGH,middle
high16880.txt_q0,consensus,B,1,3,HIGH,ambiguous
high16880.txt_q1,consensus,A,1,3,HIGH,hard
high16880.txt_q2,consensus,D,1,3,HIGH,easy
high16899.txt_q0,consensus,B,1,3,HIGH,middle
high16899.txt_q1,consensus,D,1,3,HIGH,hard
high16899.txt_q2,consensus,C,1,3,HIGH,ambiguous
high169.txt_q0,consensus,A,1,3,HIGH,middle
high169.txt_q1,consensus,B,1,3,HIGH,middle
high169.txt_q2,consensus,C,1,3,HIGH,ambiguous
high169.txt_q3,consensus,B,0,3,HIGH,hard
high16943.txt_q0,consensus,D,1,3,HIGH,easy
high16943.txt_q1,consensus,C,1,3,HIGH,ambiguous
high16943.txt_q2,consensus,B,1,3,HIGH,hard
high16943.txt_q3,consensus,A,1,3,HIGH,hard
high16945.txt_q0,consensus,A,1,3,HIGH,hard
high16945.txt_q1,consensus,B,1,3,HIGH,middle
high16945.txt_q2,consensus,C,1,3,HIGH,easy
high16976.txt_q0,consensus,D,1,3,HIGH,middle
high16976.txt_q1,consensus,B,1,3,HIGH,middle
high16976.txt_q2,consensus,C,1,3,HIGH,ambiguous
high16986.txt_q0,consensus,D,1,3,HIGH,hard
high16986.txt_q1,consensus,C,1,3,HIGH,hard
high16986.txt_q2,consensus,B,1,3,HIGH,hard
high17056.txt_q0,consensus,D,1,3,HIGH,easy
high17056.txt_q1,consensus,C,1,3,HIGH,hard
high17056.txt_q2,consensus,B,1,3,HIGH,easy
high17056.txt_q3,consensus,A,1,3,HIGH,middle
high17064.txt_q0,consensus,A,1,3,HIGH,ambiguous
high17064.txt_q1,consensus,A,1,3,HIGH,middle
high17064.txt_q2,consensus,C,1,3,HIGH,hard
high17064.txt_q3,consensus,C,1,3,HIGH,ambiguous
high17078.txt_q0,consensus,C,1,3,HIGH,easy
high17078.txt_q1,consensus,A,1,3,HIGH,ambiguous
high17078.txt_q2,consensus,A,0,3,HIGH,hard
high17102.txt_q0,consensus,D,1,3,HIGH,hard
high17102.txt_q1,consensus,A,1,3,HIGH,middle
high17102.txt_q2,consensus,A,1,3,HIGH,ambiguous
high17102.txt_q3,consensus,D,1,3,HIGH,ambiguous
high17137.txt_q0,consensus,C,1,3,HIGH,middle
high17137.txt_q1,consensus,D,1,3,HIGH,hard
high17137.txt_q2,consensus,A,1,3,HIGH,middle
high17137.txt_q3,consensus,B,1,3,HIGH,hard
high1717.txt_q0,consensus,B,1,3,HIGH,hard
high1717.txt_q1,consensus,C,1,3,HIGH,hard
high1717.txt_q2,consensus,B,1,3,HIGH,hard
high1717.txt_q3,no_consensus,,0,3,HIGH,ambiguous
high17182.txt_q0,consensus,D,1,3,HIGH,middle
high17182.txt_q1,consensus,A,1,3,HIGH,middle
high17182.txt_q2,consensus,C,1,3,HIGH,easy
high17182.txt_q3,consensus,B,1,3,HIGH,ambiguous
high17182.txt_q4,consensus,A,1,3,HIGH,easy
high17193.txt_q0,consensus,C,1,3,HIGH,middle
high17193.txt_q1,consensus,B,1,3,HIGH,hard
high17193.txt_q2,consensus,B,0,3,HIGH,ambiguous
high17211.txt_q0,consensus,B,1,3,HIGH,ambiguous
high17211.txt_q1,consensus,D,1,3,HIGH,hard
high17211.txt_q2,consensus,D,1,3,HIGH,hard
high17211.txt_q3,consensus,C,1,3,HIGH,middle
high17238.txt_q0,consensus,B,1,3,HIGH,hard
high17238.txt_q1,consensus,C,1,3,HIGH,easy
high17238.txt_q2,consensus,B,1,3,HIGH,ambiguous
high17238.txt_q3,consensus,D,1,3,HIGH,middle
high17238.txt_q4,consensus,D,1,3,HIGH,ambiguous
high17265.txt_q0,consensus,C,1,3,HIGH,hard
high17265.txt_q1,consensus,A,1,3,HIGH,middle
high17265.txt_q2,consensus,D,1,3,HIGH,hard
high17265.txt_q3,consensus,A,1,3,HIGH,hard
high17269.txt_q0,consensus,B,1,3,HIGH,middle
high17269.txt_q1,consensus,C,1,3,HIGH,hard
high17269.txt_q2,consensus,A,1,3,HIGH,middle
high17269.txt_q3,consensus,B,1,3,HIGH,middle
high1727.txt_q0,consensus,B,1,3,HIGH,middle
high1727.txt_q1,consensus,B,1,3,HIGH,middle
high1727.txt_q2,consensus,A,1,3,HIGH,ambiguous
high1729.txt_q0,consensus,A,1,3,HIGH,easy
high1729.txt_q1,consensus,B,1,3,HIGH,middle
high1729.txt_q2,consensus,D,1,3,HIGH,ambiguous
high17296.txt_q0,consensus,A,1,3,HIGH,ambiguous
high17296.txt_q1,consensus,D,1,3,HIGH,easy
high17296.txt_q2,consensus,B,1,3,HIGH,easy
high17296.txt_q3,consensus,D,1,3,HIGH,hard
high17311.txt_q0,consensus,C,1,3,HIGH,middle
high17311.txt_q1,consensus,B,1,3,HIGH,easy
high17311.txt_q2,consensus,D,1,3,HIGH,hard
high17317.txt_q0,consensus,D,1,3,HIGH,ambiguous
high17317.txt_q1,consensus,D,1,3,HIGH,middle
high17317.txt_q2,consensus,B,1,3,HIGH,middle
high17317.txt_q3,consensus,B,1,3,HIGH,middle
high1735.txt_q0,consensus,D,1,3,HIGH,easy
high1735.txt_q1,consensus,B,1,3,HIGH,easy
high1735.txt_q2,consensus,C,1,3,HIGH,hard
high1735.txt_q3,consensus,D,1,3,HIGH,easy
high17377.txt_q0,consensus,C,1,3,HIGH,ambiguous
high17377.txt_q1,consensus,A,1,3,HIGH,easy
high17377.txt_q2,consensus,D,1,3,HIGH,ambiguous
high17377.txt_q3,consensus,C,1,3,HIGH,hard
high17417.txt_q0,consensus,B,1,3,HIGH,ambiguous
high17417.txt_q1,consensus,A,1,3,HIGH,hard
high17417.txt_q2,consensus,A,1,3,HIGH,middle
high17431.txt_q0,consensus,D,1,3,HIGH,hard
high17431.txt_q1,consensus,D,1,3,HIGH,hard
high17431.txt_q2,consensus,B,1,3,HIGH,middle
high17442.txt_q0,consensus,C,1,3,HIGH,ambiguous
high17442.txt_q1,consensus,B,1,3,HIGH,middle
high17442.txt_q2,consensus,A,1,3,HIGH,ambiguous
high17442.txt_q3,consensus,B,1,3,HIGH,hard
high17467.txt_q0,consensus,D,1,3,HIGH,ambiguous
high17467.txt_q1,consensus,D,1,3,HIGH,ambiguous
high17467.txt_q2,consensus,D,1,3,HIGH,hard
high17504.txt_q0,consensus,D,1,3,HIGH,hard
high17504.txt_q1,consensus,D,1,3,HIGH,middle
high17504.txt_q2,consensus,D,1,3,HIGH,hard
high17547.txt_q0,consensus,A,1,3,HIGH,easy
high17547.txt_q1,consensus,A,1,3,HIGH,ambiguous
high17547.txt_q2,consensus,A,0,3,HIGH,hard
high17568.txt_q0,consensus,D,1,3,HIGH,hard
high17568.txt_q1,consensus,C,1,3,HIGH,ambiguous
high17568.txt_q2,consensus,C,1,3,HIGH,hard
high17588.txt_q0,consensus,C,1,3,HIGH,ambiguous
high17588.txt_q1,consensus,D,1,3,HIGH,easy
high17588.txt_q2,consensus,B,1,3,HIGH,easy
high17619.txt_q0,consensus,A,1,3,HIGH,easy
high17619.txt_q1,consensus,B,1,3,HIGH,middle
high17619.txt_q2,consensus,C,1,3,HIGH,ambiguous
high17627.txt_q0,consensus,D,1,3,HIGH,hard
high17627.txt_q1,consensus,B,1,3,HIGH,ambiguous
high17627.txt_q2,consensus,C,1,3,HIGH,hard
high17627.txt_q3,consensus,A,1,3,HIGH,middle
high17664.txt_q0,consensus,B,1,3,HIGH,ambiguous
high17664.txt_q1,consensus,A,1,3,HIGH,ambiguous
high17664.txt_q2,no_consensus,,0,3,HIGH,hard
high17664.txt_q3,consensus,C,1,3,HIGH,hard
high17687.txt_q0,consensus,B,1,3,HIGH,hard
high17687.txt_q1,consensus,D,1,3,HIGH,ambiguous
high17687.txt_q2,consensus,D,1,3,HIGH,easy
high17704.txt_q0,consensus,C,1,3,HIGH,easy
high17704.txt_q1,consensus,C,1,3,HIGH,middle
high17704.txt_q2,consensus,D,1,3,HIGH,easy
high17704.txt_q3,consensus,B,1,3,HIGH,ambiguous
high17704.txt_q4,consensus,A,1,3,HIGH,easy
high17712.txt_q0,consensus,C,1,3,HIGH,hard
high17755.txt_q0,consensus,A,1,3,HIGH,easy
high17755.txt_q1,consensus,A,1,3,HIGH,ambiguous
high17755.txt_q2,consensus,C,1,3,HIGH,hard
high17755.txt_q3,consensus,D,1,3,HIGH,middle
high17764.txt_q0,consensus,D,1,3,HIGH,middle
high17764.txt_q1,consensus,A,1,3,HIGH,easy
high17764.txt_q2,consensus,B,1,3,HIGH,ambiguous
high17771.txt_q0,consensus,C,1,3,HIGH,easy
high17771.txt_q1,consensus,A,1,3,HIGH,ambiguous
high17778.txt_q0,consensus,B,1,3,HIGH,easy
high17778.txt_q1,consensus,D,1,3,HIGH,ambiguous
high17778.txt_q2,consensus,B,1,3,HIGH,easy
high17778.txt_q3,consensus,A,1,3,HIGH,ambiguous
high17805.txt_q0,consensus,D,1,3,HIGH,ambiguous
high17805.txt_q1,consensus,B,1,3,HIGH,middle
high17810.txt_q0,consensus,B,1,3,HIGH,ambiguous
high17810.txt_q1,consensus,A,1,3,HIGH,easy
high17810.txt_q2,consensus,B,1,3,HIGH,hard
high17810.txt_q3,consensus,A,1,3,HIGH,middle
high17840.txt_q0,consensus,B,1,3,HIGH,hard
high17840.txt_q1,consensus,C,1,3,HIGH,ambiguous
high17854.txt_q0,consensus,D,1,3,HIGH,hard
high17854.txt_q1,consensus,C,1,3,HIGH,ambiguous
high17854.txt_q2,consensus,B,1,3,HIGH,easy
high17854.txt_q3,consensus,A,1,3,HIGH,middle
high17860.txt_q0,consensus,A,1,3,HIGH,easy
high17860.txt_q1,consensus,A,1,3,HIGH,ambiguous
high17860.txt_q2,consensus,D,1,3,HIGH,easy
high17860.txt_q3,consensus,A,0,3,HIGH,hard
high17862.txt_q0,consensus,B,1,3,HIGH,hard
high17862.txt_q1,consensus,A,1,3,HIGH,middle
high17862.txt_q2,consensus,D,1,3,HIGH,easy
high17862.txt_q3,consensus,C,1,3,HIGH,middle
high17929.txt_q0,consensus,D,1,3,HIGH,middle
high17929.txt_q1,consensus,C,1,3,HIGH,easy
high17933.txt_q0,consensus,D,1,3,HIGH,ambiguous
high17933.txt_q1,consensus,A,1,3,HIGH,easy
high17933.txt_q2,consensus,A,1,3,HIGH,middle
high17933.txt_q3,consensus,B,1,3,HIGH,easy
high17948.txt_q0,consensus,B,1,3,HIGH,ambiguous
high17948.txt_q1,consensus,A,1,3,HIGH,ambiguous
high17995.txt_q0,consensus,A,1,3,HIGH,middle
high17995.txt_q1,consensus,B,1,3,HIGH,easy
high17995.txt_q2,consensus,C,1,3,HIGH,ambiguous
high17995.txt_q3,consensus,A,0,3,HIGH,middle
high18012.txt_q0,consensus,A,1,3,HIGH,easy
high18012.txt_q1,consensus,D,1,3,HIGH,ambiguous
high18012.txt_q2,consensus,C,1,3,HIGH,middle
high18013.txt_q0,consensus,B,1,3,HIGH,ambiguous
high18013.txt_q1,consensus,C,1,3,HIGH,ambiguous
high18013.txt_q2,consensus,D,1,3,HIGH,easy
high18013.txt_q3,consensus,A,1,3,HIGH,middle
high18046.txt_q0,consensus,D,1,3,HIGH,easy
high18046.txt_q1,consensus,C,1,3,HIGH,ambiguous
high18046.txt_q2,consensus,D,0,3,HIGH,ambiguous
high18046.txt_q3,consensus,A,0,3,HIGH,hard
high18056.txt_q0,consensus,B,1,3,HIGH,ambiguous
high18056.txt_q1,consensus,B,1,3,HIGH,hard
high18056.txt_q2,consensus,C,1,3,HIGH,easy
high18056.txt_q3,consensus,A,1,3,HIGH,middle
high18060.txt_q0,consensus,C,1,3,HIGH,hard
high18060.txt_q1,consensus,A,1,3,HIGH,hard
high18060.txt_q2,consensus,D,1,3,HIGH,easy
high18060.txt_q3,consensus,B,1,3,HIGH,middle
high18060.txt_q4,consensus,A,1,3,HIGH,easy
high18107.txt_q0,consensus,B,1,3,HIGH,ambiguous
high18107.txt_q1,consensus,A,1,3,HIGH,hard
high18107.txt_q2,consensus,C,1,3,HIGH,middle
high18156.txt_q0,consensus,B,1,3,HIGH,middle
high18156.txt_q1,consensus,D,1,3,HIGH,hard
high18156.txt_q2,consensus,A,1,3,HIGH,ambiguous
high18156.txt_q3,consensus,C,1,3,HIGH,hard
high18156.txt_q4,consensus,D,1,3,HIGH,easy
high18178.txt_q0,consensus,A,1,3,HIGH,ambiguous
high18178.txt_q1,consensus,D,1,3,HIGH,hard
high18178.txt_q2,consensus,A,1,3,HIGH,ambiguous
high18178.txt_q3,consensus,B,1,3,HIGH,hard
high18178.txt_q4,consensus,C,1,3,HIGH,easy
high18210.txt_q0,consensus,C,1,3,HIGH,middle
high18210.txt_q1,consensus,C,1,3,HIGH,ambiguous
high18210.txt_q2,no_consensus,,0,3,HIGH,easy
high18262.txt_q0,consensus,D,1,3,HIGH,hard
high18262.txt_q1,consensus,D,1,3,HIGH,hard
high18262.txt_q2,consensus,A,1,3,HIGH,middle
high18262.txt_q3,consensus,B,1,3,HIGH,ambiguous
high18288.txt_q0,consensus,C,1,3,HIGH,ambiguous
high18288.txt_q1,consensus,A,1,3,HIGH,hard
high18288.txt_q2,consensus,C,1,3,HIGH,hard
high18298.txt_q0,consensus,C,1,3,HIGH,ambiguous
high18298.txt_q1,consensus,D,1,3,HIGH,middle
high18298.txt_q2,consensus,B,1,3,HIGH,hard
high18298.txt_q3,consensus,A,1,3,HIGH,middle
high1833.txt_q0,consensus,A,1,3,HIGH,middle
high1833.txt_q1,consensus,B,1,3,HIGH,hard
high1833.txt_q2,consensus,A,1,3,HIGH,ambiguous
high1833.txt_q3,consensus,D,1,3,HIGH,ambiguous
high18335.txt_q0,consensus,B,1,3,HIGH,ambiguous
high18335.txt_q1,consensus,A,1,3,HIGH,middle
high18335.txt_q2,consensus,C,0,3,HIGH,ambiguous
high18335.txt_q3,consensus,C,1,3,HIGH,ambiguous
high1834.txt_q0,consensus,B,1,3,HIGH,hard
high1834.txt_q1,consensus,C,1,3,HIGH,middle
high1834.txt_q2,consensus,D,1,3,HIGH,ambiguous
high18361.txt_q0,consensus,C,1,3,HIGH,middle
high18361.txt_q1,consensus,B,0,3,HIGH,middle
high18361.txt_q2,consensus,B,1,3,HIGH,ambiguous
high18361.txt_q3,consensus,D,1,3,HIGH,easy
high18392.txt_q0,consensus,A,0,3,HIGH,ambiguous
high18392.txt_q1,consensus,B,1,3,HIGH,ambiguous
high18392.txt_q2,consensus,C,1,3,HIGH,middle
high18414.txt_q0,consensus,B,1,3,HIGH,hard
high18414.txt_q1,consensus,A,1,3,HIGH,ambiguous
high18414.txt_q2,consensus,D,1,3,HIGH,hard
high18419.txt_q0,consensus,A,1,3,HIGH,middle
high18419.txt_q1,consensus,B,1,3,HIGH,ambiguous
high18419.txt_q2,consensus,C,1,3,HIGH,ambiguous
high18433.txt_q0,consensus,C,1,3,HIGH,middle
high18465.txt_q0,consensus,D,1,3,HIGH,hard
high18465.txt_q1,consensus,C,1,3,HIGH,ambiguous
high18465.txt_q2,consensus,D,1,3,HIGH,easy
high18465.txt_q3,consensus,A,1,3,HIGH,hard
high18503.txt_q0,consensus,C,1,3,HIGH,easy
high18503.txt_q1,consensus,A,1,3,HIGH,middle
high18503.txt_q2,consensus,B,1,3,HIGH,easy
high18542.txt_q0,consensus,B,1,3,HIGH,easy
high18542.txt_q1,consensus,C,1,3,HIGH,hard
high18542.txt_q2,consensus,C,1,3,HIGH,hard
high18542.txt_q3,consensus,C,0,3,HIGH,hard
high18555.txt_q0,consensus,B,1,3,HIGH,middle
high18555.txt_q1,consensus,C,1,3,HIGH,ambiguous
high18555.txt_q2,consensus,C,0,3,HIGH,hard
high18555.txt_q3,consensus,A,1,3,HIGH,middle
high18555.txt_q4,consensus,C,1,3,HIGH,ambiguous
high18574.txt_q0,consensus,B,1,3,HIGH,middle
high18574.txt_q1,consensus,A,1,3,HIGH,hard
high18574.txt_q2,consensus,D,1,3,HIGH,middle
high18574.txt_q3,consensus,C,1,3,HIGH,middle
high18615.txt_q0,consensus,C,1,3,HIGH,ambiguous
high18615.txt_q1,consensus,D,1,3,HIGH,hard
high18615.txt_q2,consensus,C,1,3,HIGH,middle
high18617.txt_q0,consensus,D,1,3,HIGH,middle
high18617.txt_q1,consensus,B,1,3,HIGH,ambiguous
high18617.txt_q2,consensus,C,1,3,HIGH,middle
high18639.txt_q0,consensus,A,1,3,HIGH,easy
high18639.txt_q1,consensus,C,1,3,HIGH,easy
high18639.txt_q2,consensus,B,1,3,HIGH,easy
high18639.txt_q3,consensus,C,0,3,HIGH,middle
high18644.txt_q0,consensus,C,1,3,HIGH,easy
high18644.txt_q1,consensus,A,1,3,HIGH,ambiguous
high18644.txt_q2,consensus,B,1,3,HIGH,hard
high18654.txt_q0,consensus,A,1,3,HIGH,easy
high18654.txt_q1,consensus,B,1,3,HIGH,hard
high18654.txt_q2,consensus,B,1,3,HIGH,middle
high18660.txt_q0,consensus,B,1,3,HIGH,middle
high18660.txt_q1,consensus,D,1,3,HIGH,easy
high18660.txt_q2,consensus,C,1,3,HIGH,middle
high18665.txt_q0,consensus,D,1,3,HIGH,easy
high18665.txt_q1,consensus,B,1,3,HIGH,easy
high18665.txt_q2,consensus,B,1,3,HIGH,ambiguous
high18674.txt_q0,consensus,D,1,3,HIGH,middle
high18674.txt_q1,consensus,C,1,3,HIGH,middle
high18674.txt_q2,consensus,D,1,3,HIGH,easy
high18699.txt_q0,consensus,D,1,3,HIGH,easy
high18699.txt_q1,consensus,D,1,3,HIGH,easy
high18699.txt_q2,consensus,A,1,3,HIGH,easy
high18699.txt_q3,consensus,C,1,3,HIGH,ambiguous
high18711.txt_q0,consensus,A,1,3,HIGH,ambiguous
high18711.txt_q1,consensus,A,0,3,HIGH,hard
high18718.txt_q0,consensus,D,1,3,HIGH,hard
high18718.txt_q1,consensus,D,1,3,HIGH,ambiguous
high18718.txt_q2,consensus,B,1,3,HIGH,ambiguous
high18736.txt_q0,consensus,A,1,3,HIGH,ambiguous
high18736.txt_q1,consensus,B,1,3,HIGH,hard
high18736.txt_q2,consensus,D,0,3,HIGH,hard
high18745.txt_q0,consensus,A,1,3,HIGH,middle
high18745.txt_q1,consensus,C,1,3,HIGH,ambiguous
high18745.txt_q2,consensus,B,1,3,HIGH,ambiguous
high18756.txt_q0,consensus,D,1,3,HIGH,ambiguous
high18756.txt_q1,consensus,C,1,3,HIGH,hard
high18756.txt_q2,consensus,C,1,3,HIGH,ambiguous
high18758.txt_q0,consensus,B,1,3,HIGH,middle
high18758.txt_q1,consensus,D,1,3,HIGH,middle
high18758.txt_q2,consensus,A,1,3,HIGH,easy
high18758.txt_q3,consensus,B,1,3,HIGH,middle
high18763.txt_q0,consensus,A,1,3,HIGH,ambiguous
high18763.txt_q1,consensus,A,1,3,HIGH,middle
high18763.txt_q2,consensus,C,1,3,HIGH,middle
high18782.txt_q0,consensus,B,1,3,HIGH,middle
high18782.txt_q1,consensus,A,1,3,HIGH,middle
high18782.txt_q2,consensus,C,1,3,HIGH,middle
high18782.txt_q3,consensus,C,1,3,HIGH,middle
high18798.txt_q0,consensus,D,1,3,HIGH,middle
high18798.txt_q1,consensus,D,1,3,HIGH,ambiguous
high18798.txt_q2,consensus,A,1,3,HIGH,ambiguous
high18810.txt_q0,consensus,A,1,3,HIGH,hard
high18813.txt_q0,consensus,B,1,3,HIGH,easy
high18813.txt_q1,consensus,A,1,3,HIGH,middle
high18813.txt_q2,consensus,C,1,3,HIGH,middle
high18823.txt_q0,consensus,C,1,3,HIGH,easy
high18823.txt_q1,consensus,A,1,3,HIGH,middle
high18823.txt_q2,consensus,B,1,3,HIGH,middle
high18823.txt_q3,consensus,D,1,3,HIGH,ambiguous
high18845.txt_q0,consensus,B,1,3,HIGH,middle
high18845.txt_q1,consensus,B,1,3,HIGH,ambiguous
high18845.txt_q2,consensus,A,1,3,HIGH,ambiguous
high18845.txt_q3,consensus,C,1,3,HIGH,middle
high18847.txt_q0,consensus,C,1,3,HIGH,ambiguous
high18847.txt_q1,consensus,C,1,3,HIGH,ambiguous
high18847.txt_q2,consensus,A,1,3,HIGH,hard
high1885.txt_q0,consensus,A,1,3,HIGH,ambiguous
high1885.txt_q1,consensus,C,1,3,HIGH,middle
high1885.txt_q2,consensus,C,1,3,HIGH,middle
high18865.txt_q0,consensus,A,1,3,HIGH,hard
high18865.txt_q1,consensus,D,1,3,HIGH,ambiguous
high18867.txt_q0,consensus,B,1,3,HIGH,hard
high18867.txt_q1,consensus,B,1,3,HIGH,easy
high18867.txt_q2,consensus,B,1,3,HIGH,hard
high18890.txt_q0,consensus,D,1,3,HIGH,middle
high18890.txt_q1,consensus,A,1,3,HIGH,middle
high18890.txt_q2,consensus,B,1,3,HIGH,easy
high18892.txt_q0,consensus,D,1,3,HIGH,easy
high18892.txt_q1,consensus,A,1,3,HIGH,easy
high18892.txt_q2,consensus,A,1,3,HIGH,easy
high18894.txt_q0,consensus,D,1,3,HIGH,middle
high18894.txt_q1,consensus,C,1,3,HIGH,ambiguous
high18894.txt_q2,consensus,B,1,3,HIGH,easy
high18939.txt_q0,consensus,A,1,3,HIGH,ambiguous
high18939.txt_q1,consensus,A,1,3,HIGH,easy
high18953.txt_q0,consensus,D,1,3,HIGH,ambiguous
high18953.txt_q1,consensus,C,1,3,HIGH,easy
high18971.txt_q0,consensus,C,1,3,HIGH,easy
high18971.txt_q1,consensus,C,1,3,HIGH,ambiguous
high18971.txt_q2,consensus,B,1,3,HIGH,easy
high18971.txt_q3,consensus,A,1,3,HIGH,ambiguous
high18972.txt_q0,consensus,A,0,3,HIGH,ambiguous
high18972.txt_q1,consensus,D,1,3,HIGH,ambiguous
high18973.txt_q0,consensus,B,1,3,HIGH,easy
high18973.txt_q1,consensus,C,1,3,HIGH,ambiguous
high18973.txt_q2,consensus,C,1,3,HIGH,ambiguous
high1898.txt_q0,consensus,A,0,3,HIGH,hard
high1898.txt_q1,consensus,A,1,3,HIGH,hard
high1898.txt_q2,consensus,D,1,3,HIGH,middle
high1898.txt_q3,consensus,D,1,3,HIGH,ambiguous
high18999.txt_q0,consensus,C,1,3,HIGH,hard
high18999.txt_q1,consensus,B,1,3,HIGH,ambiguous
high18999.txt_q2,consensus,D,1,3,HIGH,ambiguous
high18999.txt_q3,consensus,B,1,3,HIGH,middle
high19003.txt_q0,consensus,B,1,3,HIGH,easy
high19003.txt_q1,consensus,C,1,3,HIGH,easy
high19003.txt_q2,consensus,D,1,3,HIGH,ambiguous
high19003.txt_q3,consensus,D,1,3,HIGH,ambiguous
high19010.txt_q0,consensus,C,1,3,HIGH,middle
high19010.txt_q1,consensus,C,1,3,HIGH,middle
high19010.txt_q2,consensus,C,1,3,HIGH,easy
high19018.txt_q0,consensus,B,1,3,HIGH,ambiguous
high19018.txt_q1,consensus,C,1,3,HIGH,middle
high19018.txt_q2,consensus,A,1,3,HIGH,hard
high19018.txt_q3,consensus,D,1,3,HIGH,hard
high19032.txt_q0,consensus,B,0,3,HIGH,hard
high19032.txt_q1,consensus,C,1,3,HIGH,easy
high19032.txt_q2,consensus,D,1,3,HIGH,hard
high19091.txt_q0,consensus,C,1,3,HIGH,middle
high19091.txt_q1,consensus,A,1,3,HIGH,hard
high19091.txt_q2,consensus,C,1,3,HIGH,ambiguous
high19096.txt_q0,consensus,D,1,3,HIGH,ambiguous
high19103.txt_q0,consensus,C,1,3,HIGH,easy
high19103.txt_q1,consensus,D,1,3,HIGH,middle
high19103.txt_q2,consensus,D,1,3,HIGH,ambiguous
high19103.txt_q3,consensus,B,1,3,HIGH,middle
high19160.txt_q0,consensus,B,1,3,HIGH,hard
high19160.txt_q1,consensus,A,1,3,HIGH,easy
high19160.txt_q2,consensus,C,1,3,HIGH,ambiguous
high19183.txt_q0,consensus,A,1,3,HIGH,easy
high19183.txt_q1,consensus,C,1,3,HIGH,ambiguous
high19183.txt_q2,consensus,B,1,3,HIGH,middle
high19183.txt_q3,consensus,C,1,3,HIGH,ambiguous
high19195.txt_q0,consensus,D,1,3,HIGH,middle
high19195.txt_q1,consensus,C,1,3,HIGH,easy
high19195.txt_q2,consensus,B,1,3,HIGH,easy
high19201.txt_q0,consensus,B,1,3,HIGH,middle
high19201.txt_q1,consensus,B,1,3,HIGH,ambiguous
high19201.txt_q2,consensus,C,1,3,HIGH,easy
high19201.txt_q3,consensus,A,1,3,HIGH,middle
high19201.txt_q4,consensus,C,1,3,HIGH,easy
high19218.txt_q0,consensus,C,1,3,HIGH,middle
high19218.txt_q1,consensus,D,1,3,HIGH,middle
high19218.txt_q2,consensus,C,1,3,HIGH,ambiguous
high19218.txt_q3,consensus,B,1,3,HIGH,middle
high19235.txt_q0,consensus,D,1,3,HIGH,hard
high19235.txt_q1,consensus,C,1,3,HIGH,ambiguous
high19235.txt_q2,consensus,A,1,3,HIGH,easy
high19235.txt_q3,consensus,D,1,3,HIGH,middle
high19243.txt_q0,consensus,D,1,3,HIGH,hard
high19243.txt_q1,consensus,D,1,3,HIGH,middle
high19243.txt_q2,consensus,B,1,3,HIGH,hard
high19244.txt_q0,consensus,D,1,3,HIGH,hard
high19244.txt_q1,consensus,C,1,3,HIGH,ambiguous
high19244.txt_q2,consensus,A,1,3,HIGH,hard
high19279.txt_q0,consensus,B,1,3,HIGH,hard
high19279.txt_q1,consensus,A,1,3,HIGH,hard
high19279.txt_q2,consensus,C,1,3,HIGH,easy
high19286.txt_q0,consensus,D,1,3,HIGH,easy
high19286.txt_q1,consensus,D,1,3,HIGH,hard
high19286.txt_q2,consensus,C,1,3,HIGH,middle
high19295.txt_q0,consensus,C,1,3,HIGH,easy
high19295.txt_q1,consensus,B,1,3,HIGH,middle
high19295.txt_q2,consensus,D,1,3,HIGH,middle
high19295.txt_q3,consensus,B,1,3,HIGH,hard
high19295.txt_q4,consensus,A,1,3,HIGH,hard
high19331.txt_q0,consensus,C,1,3,HIGH,middle
high19331.txt_q1,consensus,D,1,3,HIGH,hard
high19331.txt_q2,consensus,D,1,3,HIGH,ambiguous
high19332.txt_q0,consensus,A,1,3,HIGH,middle
high19332.txt_q1,consensus,D,1,3,HIGH,middle
high19332.txt_q2,consensus,D,1,3,HIGH,middle
high19332.txt_q3,consensus,C,1,3,HIGH,ambiguous
high19344.txt_q0,consensus,A,0,3,HIGH,hard
high19344.txt_q1,consensus,B,1,3,HIGH,ambiguous
high19344.txt_q2,consensus,C,1,3,HIGH,ambiguous
high19349.txt_q0,consensus,A,1,3,HIGH,ambiguous
high19349.txt_q1,consensus,B,1,3,HIGH,middle
high19349.txt_q2,consensus,C,1,3,HIGH,middle
high19349.txt_q3,consensus,B,1,3,HIGH,easy
high19376.txt_q0,consensus,B,1,3,HIGH,middle
high19403.txt_q0,consensus,C,1,3,HIGH,middle
high19403.txt_q1,consensus,D,1,3,HIGH,middle
high19424.txt_q0,consensus,C,1,3,HIGH,middle
high19440.txt_q0,consensus,C,1,3,HIGH,easy
high19440.txt_q1,consensus,A,1,3,HIGH,hard
high19457.txt_q0,consensus,D,1,3,HIGH,ambiguous
high19457.txt_q1,consensus,C,1,3,HIGH,hard
high19457.txt_q2,consensus,B,1,3,HIGH,middle
high19457.txt_q3,consensus,A,1,3,HIGH,ambiguous
high1951.txt_q0,consensus,B,1,3,HIGH,middle
high1951.txt_q1,consensus,B,1,3,HIGH,easy
high1951.txt_q2,consensus,C,1,3,HIGH,hard
high19511.txt_q0,consensus,C,1,3,HIGH,middle
high19511.txt_q1,consensus,A,1,3,HIGH,easy
high19511.txt_q2,consensus,B,1,3,HIGH,easy
high19544.txt_q0,consensus,C,1,3,HIGH,hard
high19544.txt_q1,consensus,A,1,3,HIGH,easy
high19544.txt_q2,consensus,C,1,3,HIGH,ambiguous
high19572.txt_q0,consensus,B,1,3,HIGH,middle
high19572.txt_q1,consensus,C,1,3,HIGH,middle
high19572.txt_q2,consensus,A,1,3,HIGH,middle
high19572.txt_q3,consensus,D,1,3,HIGH,middle
high19613.txt_q0,consensus,B,1,3,HIGH,hard
high19613.txt_q1,consensus,C,1,3,HIGH,hard
high19613.txt_q2,consensus,D,1,3,HIGH,middle
high19613.txt_q3,consensus,B,1,3,HIGH,easy
high19651.txt_q0,consensus,B,1,3,HIGH,hard
high19651.txt_q1,no_consensus,,0,3,HIGH,hard
high19651.txt_q2,consensus,A,1,3,HIGH,middle
high19692.txt_q0,consensus,A,1,3,HIGH,ambiguous
high19692.txt_q1,consensus,B,1,3,HIGH,middle
high19692.txt_q2,consensus,A,1,3,HIGH,easy
high19751.txt_q0,consensus,B,1,3,HIGH,easy
high19751.txt_q1,consensus,C,1,3,HIGH,middle
high19751.txt_q2,consensus,B,1,3,HIGH,hard
high19763.txt_q0,consensus,B,1,3,HIGH,hard
high19763.txt_q1,consensus,C,1,3,HIGH,hard
high19763.txt_q2,consensus,D,1,3,HIGH,hard
high19778.txt_q0,consensus,B,1,3,HIGH,ambiguous
high19778.txt_q1,consensus,C,1,3,HIGH,middle
high19789.txt_q0,consensus,C,1,3,HIGH,ambiguous
high19789.txt_q1,consensus,A,1,3,HIGH,middle
high19789.txt_q2,consensus,D,1,3,HIGH,ambiguous
high19789.txt_q3,consensus,B,1,3,HIGH,middle
high19814.txt_q0,consensus,D,1,3,HIGH,ambiguous
high19814.txt_q1,consensus,C,1,3,HIGH,hard
high19814.txt_q2,consensus,B,1,3,HIGH,hard
high19814.txt_q3,consensus,A,1,3,HIGH,ambiguous
high19814.txt_q4,consensus,D,1,3,HIGH,ambiguous
high19831.txt_q0,consensus,B,1,3,HIGH,easy
high19831.txt_q1,consensus,D,1,3,HIGH,ambiguous
high19831.txt_q2,consensus,C,1,3,HIGH,middle
high19831.txt_q3,consensus,A,1,3,HIGH,ambiguous
high19840.txt_q0,consensus,B,0,3,HIGH,hard
high19840.txt_q1,consensus,D,1,3,HIGH,hard
high19840.txt_q2,consensus,B,1,3,HIGH,ambiguous
high19855.txt_q0,consensus,B,1,3,HIGH,ambiguous
high19855.txt_q1,consensus,C,1,3,HIGH,ambiguous
high19855.txt_q2,consensus,B,1,3,HIGH,hard
high19855.txt_q3,consensus,A,1,3,HIGH,middle
high19902.txt_q0,consensus,D,1,3,HIGH,middle
high19902.txt_q1,consensus,D,1,3,HIGH,ambiguous
high19902.txt_q2,consensus,A,1,3,HIGH,ambiguous
high19902.txt_q3,consensus,B,1,3,HIGH,ambiguous
high19906.txt_q0,consensus,A,1,3,HIGH,middle
high19906.txt_q1,consensus,A,1,3,HIGH,easy
high19906.txt_q2,consensus,D,1,3,HIGH,middle
high19911.txt_q0,consensus,C,1,3,HIGH,hard
high19911.txt_q1,consensus,D,1,3,HIGH,hard
high19911.txt_q2,consensus,B,1,3,HIGH,middle
high19926.txt_q0,consensus,B,0,3,HIGH,middle
high19980.txt_q0,consensus,B,1,3,HIGH,hard
high19980.txt_q1,consensus,A,1,3,HIGH,hard
high19980.txt_q2,consensus,C,1,3,HIGH,ambiguous
high19980.txt_q3,consensus,A,1,3,HIGH,easy
high19991.txt_q0,consensus,D,1,3,HIGH,middle
high19991.txt_q1,consensus,C,1,3,HIGH,middle
high19991.txt_q2,consensus,B,1,3,HIGH,middle
high19991.txt_q3,consensus,D,1,3,HIGH,ambiguous
high19991.txt_q4,consensus,A,1,3,HIGH,middle
high19992.txt_q0,consensus,D,1,3,HIGH,easy
high19992.txt_q1,consensus,D,1,3,HIGH,hard
high19992.txt_q2,consensus,A,1,3,HIGH,hard
high19992.txt_q3,consensus,B,1,3,HIGH,easy
high2000.txt_q0,consensus,B,1,3,HIGH,middle
high2000.txt_q1,consensus,A,1,3,HIGH,middle
high2000.txt_q2,consensus,C,1,3,HIGH,middle
high20006.txt_q0,consensus,B,1,3,HIGH,ambiguous
high20006.txt_q1,consensus,D,1,3,HIGH,hard
high20006.txt_q2,consensus,A,1,3,HIGH,hard
high20006.txt_q3,consensus,A,1,3,HIGH,middle
high20008.txt_q0,consensus,B,1,3,HIGH,ambiguous
high20008.txt_q1,consensus,A,1,3,HIGH,easy
high20008.txt_q2,consensus,C,1,3,HIGH,hard
high20008.txt_q3,consensus,D,1,3,HIGH,easy
high20008.txt_q4,consensus,C,1,3,HIGH,ambiguous
high20135.txt_q0,consensus,B,0,3,HIGH,ambiguous
high20135.txt_q1,consensus,B,1,3,HIGH,middle
high20182.txt_q0,consensus,D,1,3,HIGH,ambiguous
high20182.txt_q1,consensus,A,1,3,HIGH,easy
high20182.txt_q2,consensus,B,1,3,HIGH,easy
high202.txt_q0,consensus,C,1,3,HIGH,middle
high202.txt_q1,consensus,B,1,3,HIGH,middle
high202.txt_q2,consensus,C,1,3,HIGH,ambiguous
high202.txt_q3,consensus,D,1,3,HIGH,easy
high20202.txt_q0,consensus,C,0,3,HIGH,hard
high20202.txt_q1,consensus,C,1,3,HIGH,hard
high20202.txt_q2,consensus,D,1,3,HIGH,hard
high20209.txt_q0,consensus,B,1,3,HIGH,ambiguous
high20209.txt_q1,consensus,A,1,3,HIGH,easy
high20209.txt_q2,consensus,D,1,3,HIGH,easy
high20209.txt_q3,consensus,A,1,3,HIGH,ambiguous
high20219.txt_q0,consensus,A,1,3,HIGH,easy
high20219.txt_q1,consensus,D,0,3,HIGH,hard
high20219.txt_q2,consensus,D,1,3,HIGH,hard
high20219.txt_q3,consensus,A,1,3,HIGH,hard
high20234.txt_q0,consensus,A,1,3,HIGH,hard
high20234.txt_q1,consensus,B,1,3,HIGH,ambiguous
high20288.txt_q0,consensus,D,1,3,HIGH,ambiguous
high20288.txt_q1,consensus,B,1,3,HIGH,easy
high20301.txt_q0,consensus,B,1,3,HIGH,easy
high20301.txt_q1,consensus,D,1,3,HIGH,middle
high20301.txt_q2,consensus,A,1,3,HIGH,ambiguous
high20301.txt_q3,consensus,D,1,3,HIGH,middle
high20302.txt_q0,consensus,B,1,3,HIGH,ambiguous
high20302.txt_q1,consensus,D,1,3,HIGH,middle
high20302.txt_q2,consensus,A,1,3,HIGH,hard
high20302.txt_q3,consensus,C,1,3,HIGH,middle
high20319.txt_q0,consensus,A,1,3,HIGH,middle
high20319.txt_q1,consensus,D,1,3,HIGH,easy
high20319.txt_q2,consensus,B,1,3,HIGH,ambiguous
high20319.txt_q3,consensus,A,1,3,HIGH,middle
high20319.txt_q4,consensus,B,1,3,HIGH,ambiguous
high2034.txt_q0,consensus,D,0,3,HIGH,ambiguous
high2034.txt_q1,consensus,A,0,3,HIGH,hard
high2034.txt_q2,consensus,B,0,3,HIGH,hard
high2034.txt_q3,consensus,B,0,3,HIGH,hard
high20369.txt_q0,consensus,B,1,3,HIGH,easy
high20369.txt_q1,consensus,A,1,3,HIGH,hard
high20369.txt_q2,consensus,D,1,3,HIGH,middle
high20369.txt_q3,consensus,C,1,3,HIGH,ambiguous
high20369.txt_q4,consensus,A,1,3,HIGH,middle
high20373.txt_q0,consensus,A,1,3,HIGH,easy
high20373.txt_q1,consensus,A,1,3,HIGH,ambiguous
high20373.txt_q2,consensus,B,1,3,HIGH,hard
high20375.txt_q0,consensus,B,1,3,HIGH,easy
high20375.txt_q1,consensus,C,1,3,HIGH,easy
high20375.txt_q2,consensus,B,1,3,HIGH,middle
high20375.txt_q3,consensus,D,1,3,HIGH,middle
high20449.txt_q0,consensus,D,1,3,HIGH,middle
high20449.txt_q1,consensus,B,1,3,HIGH,hard
high20449.txt_q2,consensus,C,1,3,HIGH,hard
high20449.txt_q3,consensus,A,1,3,HIGH,middle
high20469.txt_q0,consensus,D,1,3,HIGH,ambiguous
high20469.txt_q1,consensus,A,0,3,HIGH,hard
high20469.txt_q2,consensus,D,1,3,HIGH,hard
high20469.txt_q3,consensus,A,1,3,HIGH,hard
high20488.txt_q0,consensus,B,1,3,HIGH,middle
high20488.txt_q1,consensus,D,1,3,HIGH,hard
high20488.txt_q2,consensus,A,1,3,HIGH,hard
high20504.txt_q0,consensus,B,1,3,HIGH,hard
high20504.txt_q1,consensus,D,1,3,HIGH,middle
high20504.txt_q2,consensus,C,1,3,HIGH,ambiguous
high20504.txt_q3,consensus,C,1,3,HIGH,hard
high20516.txt_q0,consensus,C,1,3,HIGH,ambiguous
high20516.txt_q1,consensus,D,1,3,HIGH,ambiguous
high20516.txt_q2,consensus,B,1,3,HIGH,ambiguous
high20537.txt_q0,consensus,C,0,3,HIGH,hard
high20537.txt_q1,consensus,B,1,3,HIGH,easy
high20537.txt_q2,consensus,C,1,3,HIGH,middle
high2054.txt_q0,consensus,C,1,3,HIGH,hard
high2054.txt_q1,consensus,B,1,3,HIGH,ambiguous
high2054.txt_q2,consensus,A,1,3,HIGH,hard
high2054.txt_q3,consensus,A,1,3,HIGH,hard
high2054.txt_q4,consensus,A,1,3,HIGH,middle
high20555.txt_q0,consensus,B,1,3,HIGH,ambiguous
high20555.txt_q1,consensus,D,1,3,HIGH,ambiguous
high20555.txt_q2,consensus,A,1,3,HIGH,easy
high20555.txt_q3,consensus,D,1,3,HIGH,middle
high20564.txt_q0,consensus,D,1,3,HIGH,hard
high20564.txt_q1,consensus,B,1,3,HIGH,hard
high20564.txt_q2,consensus,C,1,3,HIGH,easy
high2057.txt_q0,consensus,A,1,3,HIGH,middle
high2057.txt_q1,consensus,D,1,3,HIGH,hard
high2057.txt_q2,consensus,C,1,3,HIGH,middle
high2057.txt_q3,consensus,B,1,3,HIGH,middle
high2057.txt_q4,consensus,C,1,3,HIGH,ambiguous
high20574.txt_q0,consensus,B,0,3,HIGH,hard
high20574.txt_q1,consensus,A,0,3,HIGH,hard
high20574.txt_q2,consensus,D,0,3,HIGH,hard
high20574.txt_q3,consensus,C,0,3,HIGH,hard
high20574.txt_q4,consensus,A,0,3,HIGH,ambiguous
high20583.txt_q0,consensus,D,1,3,HIGH,easy
high20583.txt_q1,consensus,C,1,3,HIGH,hard
high20583.txt_q2,consensus,D,0,3,HIGH,ambiguous
high20583.txt_q3,consensus,D,1,3,HIGH,middle
high20604.txt_q0,consensus,B,1,3,HIGH,ambiguous
high20604.txt_q1,consensus,C,1,3,HIGH,easy
high20604.txt_q2,consensus,D,1,3,HIGH,middle
high20604.txt_q3,consensus,C,1,3,HIGH,middle
high20607.txt_q0,consensus,D,1,3,HIGH,hard
high20607.txt_q1,consensus,B,1,3,HIGH,hard
high20607.txt_q2,consensus,A,1,3,HIGH,ambiguous
high20607.txt_q3,consensus,C,1,3,HIGH,ambiguous
high2064.txt_q0,consensus,A,1,3,HIGH,ambiguous
high2064.txt_q1,consensus,C,1,3,HIGH,middle
high2064.txt_q2,consensus,B,1,3,HIGH,hard
high2064.txt_q3,consensus,D,1,3,HIGH,middle
high20651.txt_q0,consensus,D,1,3,HIGH,ambiguous
high20651.txt_q1,consensus,A,1,3,HIGH,ambiguous
high20651.txt_q2,consensus,C,1,3,HIGH,middle
high20651.txt_q3,consensus,B,1,3,HIGH,ambiguous
high2067.txt_q0,consensus,A,1,3,HIGH,hard
high2067.txt_q1,consensus,C,1,3,HIGH,ambiguous
high2067.txt_q2,consensus,D,1,3,HIGH,hard
high20675.txt_q0,consensus,A,1,3,HIGH,ambiguous
high20675.txt_q1,consensus,B,1,3,HIGH,middle
high20675.txt_q2,consensus,D,1,3,HIGH,easy
high20675.txt_q3,consensus,C,1,3,HIGH,ambiguous
high20675.txt_q4,consensus,D,1,3,HIGH,ambiguous
high20686.txt_q0,consensus,D,0,3,HIGH,hard
high20686.txt_q1,consensus,D,1,3,HIGH,easy
high20686.txt_q2,consensus,A,1,3,HIGH,ambiguous
high20686.txt_q3,consensus,C,1,3,HIGH,hard
high20686.txt_q4,consensus,A,1,3,HIGH,ambiguous
high20709.txt_q0,consensus,B,1,3,HIGH,ambiguous
high20709.txt_q1,consensus,A,1,3,HIGH,easy
high20820.txt_q0,consensus,A,1,3,HIGH,hard
high20820.txt_q1,consensus,B,1,3,HIGH,middle
high20888.txt_q0,consensus,C,1,3,HIGH,hard
high20888.txt_q1,consensus,B,1,3,HIGH,easy
high20888.txt_q2,consensus,D,1,3,HIGH,middle
high2094.txt_q0,consensus,A,1,3,HIGH,ambiguous
high2094.txt_q1,consensus,D,1,3,HIGH,easy
high2094.txt_q2,consensus,C,1,3,HIGH,middle
high20943.txt_q0,consensus,A,1,3,HIGH,ambiguous
high20943.txt_q1,consensus,B,1,3,HIGH,ambiguous
high20963.txt_q0,consensus,C,1,3,HIGH,middle
high20963.txt_q1,consensus,B,1,3,HIGH,hard
high20963.txt_q2,consensus,C,1,3,HIGH,ambiguous
high20980.txt_q0,consensus,D,1,3,HIGH,easy
high20980.txt_q1,consensus,C,1,3,HIGH,middle
high20980.txt_q2,consensus,A,1,3,HIGH,hard
high21029.txt_q0,consensus,B,1,3,HIGH,middle
high21029.txt_q1,consensus,D,1,3,HIGH,ambiguous
high21029.txt_q2,consensus,C,1,3,HIGH,easy
high21029.txt_q3,consensus,A,1,3,HIGH,easy
high21041.txt_q0,consensus,C,0,3,HIGH,ambiguous
high21041.txt_q1,consensus,D,1,3,HIGH,easy
high21041.txt_q2,consensus,B,1,3,HIGH,middle
high21041.txt_q3,consensus,C,1,3,HIGH,ambiguous
high21117.txt_q0,consensus,D,1,3,HIGH,hard
high21117.txt_q1,consensus,B,1,3,HIGH,hard
high21117.txt_q2,consensus,C,1,3,HIGH,middle
high21119.txt_q0,consensus,B,0,3,HIGH,middle
high21119.txt_q1,consensus,B,1,3,HIGH,ambiguous
high21119.txt_q2,consensus,D,1,3,HIGH,hard
high21119.txt_q3,consensus,D,1,3,HIGH,ambiguous
high21142.txt_q0,consensus,C,1,3,HIGH,ambiguous
high21142.txt_q1,consensus,D,1,3,HIGH,ambiguous
high21148.txt_q0,consensus,C,1,3,HIGH,middle
high21148.txt_q1,consensus,D,1,3,HIGH,ambiguous
high21148.txt_q2,consensus,A,1,3,HIGH,ambiguous
high21148.txt_q3,consensus,A,1,3,HIGH,ambiguous
high21158.txt_q0,consensus,C,0,3,HIGH,hard
high21158.txt_q1,consensus,B,1,3,HIGH,hard
high21158.txt_q2,consensus,B,0,3,HIGH,hard
high21158.txt_q3,consensus,B,0,3,HIGH,middle
high21158.txt_q4,consensus,C,1,3,HIGH,hard
high21158.txt_q5,consensus,D,1,3,HIGH,easy
high21171.txt_q0,consensus,B,1,3,HIGH,middle
high21171.txt_q1,consensus,C,1,3,HIGH,ambiguous
high21171.txt_q2,consensus,A,1,3,HIGH,hard
high21171.txt_q3,consensus,B,1,3,HIGH,ambiguous
high21171.txt_q4,consensus,B,1,3,HIGH,ambiguous
high21229.txt_q0,consensus,B,1,3,HIGH,hard
high21229.txt_q1,consensus,B,1,3,HIGH,hard
high21229.txt_q2,consensus,A,1,3,HIGH,hard
high21240.txt_q0,consensus,D,1,3,HIGH,hard
high21240.txt_q1,consensus,B,1,3,HIGH,easy
high21240.txt_q2,consensus,C,1,3,HIGH,ambiguous
high21240.txt_q3,consensus,C,1,3,HIGH,ambiguous
high21264.txt_q0,consensus,B,1,3,HIGH,easy
high21264.txt_q1,consensus,D,1,3,HIGH,middle
high21264.txt_q2,consensus,C,1,3,HIGH,ambiguous
high21359.txt_q0,consensus,C,1,3,HIGH,easy
high21359.txt_q1,consensus,C,1,3,HIGH,middle
high21359.txt_q2,consensus,D,1,3,HIGH,middle
high21364.txt_q0,consensus,D,1,3,HIGH,middle
high21364.txt_q1,consensus,D,1,3,HIGH,middle
high21364.txt_q2,consensus,B,1,3,HIGH,hard
high21438.txt_q0,consensus,A,1,3,HIGH,hard
high21438.txt_q1,consensus,A,1,3,HIGH,middle
high21438.txt_q2,consensus,B,1,3,HIGH,middle
high21455.txt_q0,consensus,B,1,3,HIGH,easy
high21455.txt_q1,consensus,D,1,3,HIGH,easy
high21455.txt_q2,consensus,D,1,3,HIGH,ambiguous
high21456.txt_q0,consensus,B,1,3,HIGH,ambiguous
high21456.txt_q1,no_consensus,,0,3,HIGH,hard
high21456.txt_q2,consensus,C,1,3,HIGH,ambiguous
high21456.txt_q3,consensus,D,1,3,HIGH,easy
high21484.txt_q0,consensus,D,1,3,HIGH,ambiguous
high21484.txt_q1,consensus,B,1,3,HIGH,middle
high21484.txt_q2,consensus,B,1,3,HIGH,middle
high21484.txt_q3,consensus,D,1,3,HIGH,ambiguous
high21509.txt_q0,consensus,B,1,3,HIGH,hard
high21509.txt_q1,consensus,A,1,3,HIGH,ambiguous
high21509.txt_q2,consensus,C,1,3,HIGH,ambiguous
high21509.txt_q3,consensus,B,1,3,HIGH,ambiguous
high21533.txt_q0,consensus,B,1,3,HIGH,ambiguous
high21533.txt_q1,consensus,B,1,3,HIGH,middle
high21533.txt_q2,consensus,D,1,3,HIGH,hard
high21540.txt_q0,consensus,C,1,3,HIGH,ambiguous
high21540.txt_q1,consensus,D,1,3,HIGH,ambiguous
high21540.txt_q2,consensus,A,1,3,HIGH,middle
high21540.txt_q3,consensus,C,1,3,HIGH,easy
high21603.txt_q0,consensus,B,1,3,HIGH,easy
high21603.txt_q1,consensus,D,1,3,HIGH,hard
high21603.txt_q2,consensus,D,1,3,HIGH,ambiguous
high21603.txt_q3,consensus,A,1,3,HIGH,easy
high21603.txt_q4,consensus,C,1,3,HIGH,ambiguous
high21620.txt_q0,consensus,B,1,3,HIGH,hard
high21620.txt_q1,consensus,B,1,3,HIGH,hard
high21620.txt_q2,consensus,D,1,3,HIGH,hard
high21620.txt_q3,consensus,A,1,3,HIGH,ambiguous
high21681.txt_q0,consensus,D,1,3,HIGH,hard
high21681.txt_q1,consensus,C,1,3,HIGH,middle
high21681.txt_q2,consensus,A,1,3,HIGH,easy
high21699.txt_q0,consensus,B,1,3,HIGH,easy
high21699.txt_q1,consensus,D,1,3,HIGH,middle
high21699.txt_q2,consensus,D,1,3,HIGH,ambiguous
high21699.txt_q3,consensus,C,1,3,HIGH,ambiguous
high21703.txt_q0,consensus,A,1,3,HIGH,easy
high21703.txt_q1,consensus,C,1,3,HIGH,middle
high21703.txt_q2,consensus,A,1,3,HIGH,middle
high21735.txt_q0,consensus,D,1,3,HIGH,middle
high21735.txt_q1,consensus,C,1,3,HIGH,middle
high21735.txt_q2,consensus,C,1,3,HIGH,middle
high2176.txt_q0,consensus,A,1,3,HIGH,easy
high2176.txt_q1,consensus,D,1,3,HIGH,easy
high2176.txt_q2,consensus,B,1,3,HIGH,easy
high2176.txt_q3,consensus,B,1,3,HIGH,easy
high2176.txt_q4,consensus,C,1,3,HIGH,easy
high21769.txt_q0,consensus,D,1,3,HIGH,easy
high21769.txt_q1,consensus,B,1,3,HIGH,ambiguous
high21769.txt_q2,consensus,A,1,3,HIGH,ambiguous
high21769.txt_q3,consensus,A,1,3,HIGH,ambiguous
high21774.txt_q0,consensus,A,1,3,HIGH,easy
high21774.txt_q1,consensus,A,1,3,HIGH,ambiguous
high21774.txt_q2,consensus,C,1,3,HIGH,hard
high21782.txt_q0,consensus,B,1,3,HIGH,ambiguous
high21782.txt_q1,consensus,A,1,3,HIGH,middle
high21782.txt_q2,consensus,C,1,3,HIGH,ambiguous
high21824.txt_q0,consensus,A,1,3,HIGH,hard
high21824.txt_q1,consensus,C,1,3,HIGH,ambiguous
high21824.txt_q2,consensus,C,1,3,HIGH,hard
high21824.txt_q3,consensus,B,1,3,HIGH,ambiguous
high21838.txt_q0,consensus,D,1,3,HIGH,middle
high21838.txt_q1,consensus,D,1,3,HIGH,middle
high21838.txt_q2,consensus,B,1,3,HIGH,ambiguous
high2186.txt_q0,consensus,B,1,3,HIGH,ambiguous
high2186.txt_q1,consensus,A,1,3,HIGH,middle
high2186.txt_q2,consensus,D,1,3,HIGH,hard
high2186.txt_q3,consensus,B,1,3,HIGH,middle
high2186.txt_q4,consensus,A,1,3,HIGH,hard
high21866.txt_q0,consensus,B,1,3,HIGH,middle
high21866.txt_q1,consensus,D,1,3,HIGH,ambiguous
high21905.txt_q0,consensus,B,1,3,HIGH,ambiguous
high21905.txt_q1,consensus,C,1,3,HIGH,easy
high21905.txt_q2,consensus,A,1,3,HIGH,hard
high21905.txt_q3,consensus,B,1,3,HIGH,hard
high21905.txt_q4,consensus,D,0,3,HIGH,middle
high21936.txt_q0,consensus,B,1,3,HIGH,ambiguous
high21936.txt_q1,consensus,C,1,3,HIGH,ambiguous
high21936.txt_q2,consensus,D,1,3,HIGH,middle
high21936.txt_q3,consensus,C,1,3,HIGH,easy
high21958.txt_q0,consensus,D,1,3,HIGH,middle
high21958.txt_q1,consensus,A,0,3,HIGH,hard
high21958.txt_q2,consensus,C,1,3,HIGH,middle
high22017.txt_q0,consensus,B,1,3,HIGH,ambiguous
high22017.txt_q1,consensus,B,1,3,HIGH,hard
high22017.txt_q2,consensus,C,1,3,HIGH,easy
high22018.txt_q0,consensus,D,1,3,HIGH,ambiguous
high22018.txt_q1,consensus,C,1,3,HIGH,easy
high22018.txt_q2,consensus,D,1,3,HIGH,ambiguous
high22028.txt_q0,consensus,B,1,3,HIGH,hard
high22028.txt_q1,consensus,C,1,3,HIGH,hard
high22028.txt_q2,consensus,D,1,3,HIGH,easy
high22046.txt_q0,consensus,D,1,3,HIGH,ambiguous
high22046.txt_q1,consensus,B,1,3,HIGH,easy
high22059.txt_q0,consensus,D,1,3,HIGH,middle
high22059.txt_q1,consensus,B,1,3,HIGH,hard
high22059.txt_q2,consensus,C,1,3,HIGH,easy
high22059.txt_q3,consensus,D,1,3,HIGH,hard
high22062.txt_q0,consensus,B,1,3,HIGH,easy
high22062.txt_q1,consensus,A,1,3,HIGH,hard
high22062.txt_q2,consensus,A,1,3,HIGH,middle
high22062.txt_q3,consensus,C,1,3,HIGH,easy
high22062.txt_q4,consensus,D,1,3,HIGH,ambiguous
high22065.txt_q0,consensus,B,1,3,HIGH,middle
high22065.txt_q1,consensus,A,1,3,HIGH,hard
high22067.txt_q0,consensus,C,1,3,HIGH,ambiguous
high22067.txt_q1,consensus,B,1,3,HIGH,ambiguous
high22067.txt_q2,consensus,A,1,3,HIGH,ambiguous
high22067.txt_q3,consensus,C,0,3,HIGH,ambiguous
high22077.txt_q0,consensus,D,1,3,HIGH,ambiguous
high22077.txt_q1,consensus,D,1,3,HIGH,hard
high22077.txt_q2,consensus,C,1,3,HIGH,hard
high2210.txt_q0,consensus,A,1,3,HIGH,ambiguous
high2210.txt_q1,consensus,B,1,3,HIGH,middle
high2210.txt_q2,consensus,A,1,3,HIGH,easy
high22262.txt_q0,consensus,B,1,3,HIGH,easy
high22262.txt_q1,consensus,D,0,3,HIGH,ambiguous
high22309.txt_q0,consensus,C,1,3,HIGH,ambiguous
high22309.txt_q1,consensus,A,1,3,HIGH,ambiguous
high22309.txt_q2,consensus,D,1,3,HIGH,easy
high22309.txt_q3,consensus,B,0,3,HIGH,hard
high22311.txt_q0,consensus,C,1,3,HIGH,ambiguous
high22311.txt_q1,consensus,D,1,3,HIGH,ambiguous
high22311.txt_q2,consensus,A,1,3,HIGH,easy
high22311.txt_q3,consensus,B,1,3,HIGH,easy
high22344.txt_q0,consensus,C,1,3,HIGH,ambiguous
high22344.txt_q1,consensus,C,1,3,HIGH,easy
high22344.txt_q2,consensus,A,1,3,HIGH,middle
high2235.txt_q0,consensus,D,0,3,HIGH,middle
high2235.txt_q1,consensus,B,1,3,HIGH,ambiguous
high2235.txt_q2,consensus,C,1,3,HIGH,hard
high2235.txt_q3,consensus,D,1,3,HIGH,easy
high22365.txt_q0,consensus,C,1,3,HIGH,middle
high22365.txt_q1,consensus,B,1,3,HIGH,easy
high22365.txt_q2,consensus,D,1,3,HIGH,hard
high22365.txt_q3,consensus,A,1,3,HIGH,hard
high22379.txt_q0,consensus,B,1,3,HIGH,ambiguous
high22379.txt_q1,consensus,C,1,3,HIGH,middle
high22379.txt_q2,consensus,A,1,3,HIGH,middle
high22379.txt_q3,consensus,D,1,3,HIGH,ambiguous
high22379.txt_q4,consensus,B,1,3,HIGH,ambiguous
high22398.txt_q0,consensus,D,1,3,HIGH,ambiguous
high22398.txt_q1,consensus,A,1,3,HIGH,ambiguous
high22398.txt_q2,consensus,C,1,3,HIGH,ambiguous
high22398.txt_q3,consensus,D,1,3,HIGH,ambiguous
high22398.txt_q4,consensus,C,1,3,HIGH,middle
high22434.txt_q0,consensus,B,1,3,HIGH,hard
high22434.txt_q1,consensus,C,1,3,HIGH,middle
high2244.txt_q0,consensus,A,1,3,HIGH,ambiguous
high2244.txt_q1,consensus,B,1,3,HIGH,hard
high2244.txt_q2,consensus,C,1,3,HIGH,ambiguous
high22463.txt_q0,consensus,A,1,3,HIGH,ambiguous
high22463.txt_q1,consensus,D,1,3,HIGH,easy
high22463.txt_q2,consensus,D,1,3,HIGH,middle
high22463.txt_q3,consensus,B,1,3,HIGH,ambiguous
high2247.txt_q0,consensus,B,1,3,HIGH,easy
high2247.txt_q1,consensus,B,1,3,HIGH,easy
high2247.txt_q2,consensus,C,1,3,HIGH,ambiguous
high2247.txt_q3,consensus,C,1,3,HIGH,easy
high22470.txt_q0,consensus,A,1,3,HIGH,ambiguous
high22470.txt_q1,consensus,B,1,3,HIGH,ambiguous
high22470.txt_q2,consensus,D,1,3,HIGH,ambiguous
high22470.txt_q3,consensus,B,1,3,HIGH,easy
high22475.txt_q0,consensus,C,1,3,HIGH,hard
high22475.txt_q1,consensus,A,1,3,HIGH,middle
high22475.txt_q2,consensus,C,1,3,HIGH,hard
high22543.txt_q0,consensus,B,1,3,HIGH,hard
high22543.txt_q1,consensus,D,1,3,HIGH,middle
high22543.txt_q2,consensus,A,1,3,HIGH,ambiguous
high22543.txt_q3,consensus,B,1,3,HIGH,easy
high22571.txt_q0,consensus,A,0,3,HIGH,hard
high22571.txt_q1,consensus,B,1,3,HIGH,middle
high22576.txt_q0,consensus,B,1,3,HIGH,easy
high22576.txt_q1,consensus,A,1,3,HIGH,hard
high22576.txt_q2,consensus,B,1,3,HIGH,ambiguous
high22608.txt_q0,consensus,C,1,3,HIGH,hard
high22608.txt_q1,consensus,B,1,3,HIGH,easy
high22608.txt_q2,consensus,B,1,3,HIGH,ambiguous
high22615.txt_q0,consensus,B,0,3,HIGH,hard
high22615.txt_q1,consensus,B,1,3,HIGH,middle
high22615.txt_q2,consensus,D,1,3,HIGH,middle
high22654.txt_q0,consensus,D,1,3,HIGH,easy
high22654.txt_q1,consensus,D,1,3,HIGH,middle
high22654.txt_q2,consensus,C,1,3,HIGH,middle
high22654.txt_q3,consensus,A,1,3,HIGH,hard
high22666.txt_q0,consensus,B,1,3,HIGH,hard
high22666.txt_q1,consensus,B,1,3,HIGH,hard
high22666.txt_q2,consensus,C,1,3,HIGH,ambiguous
high22666.txt_q3,consensus,C,1,3,HIGH,easy
high2273.txt_q0,consensus,C,1,3,HIGH,ambiguous
high2273.txt_q1,consensus,B,1,3,HIGH,ambiguous
high2273.txt_q2,consensus,A,0,3,HIGH,middle
high22764.txt_q0,consensus,B,1,3,HIGH,ambiguous
high22764.txt_q1,consensus,D,1,3,HIGH,hard
high22764.txt_q2,consensus,B,1,3,HIGH,ambiguous
high22764.txt_q3,consensus,C,1,3,HIGH,hard
high22764.txt_q4,consensus,A,1,3,HIGH,hard
high22783.txt_q0,consensus,A,1,3,HIGH,middle
high22783.txt_q1,consensus,C,1,3,HIGH,hard
high22783.txt_q2,consensus,D,1,3,HIGH,hard
high22807.txt_q0,consensus,A,1,3,HIGH,middle
high22807.txt_q1,consensus,C,1,3,HIGH,middle
high22807.txt_q2,consensus,C,1,3,HIGH,middle
high22807.txt_q3,consensus,B,1,3,HIGH,hard
high22807.txt_q4,consensus,D,1,3,HIGH,ambiguous
high22839.txt_q0,consensus,A,1,3,HIGH,ambiguous
high22839.txt_q1,consensus,D,1,3,HIGH,ambiguous
high22839.txt_q2,consensus,C,1,3,HIGH,easy
high22861.txt_q0,consensus,B,1,3,HIGH,hard
high22861.txt_q1,consensus,A,1,3,HIGH,ambiguous
high22861.txt_q2,consensus,B,1,3,HIGH,ambiguous
high22976.txt_q0,consensus,B,1,3,HIGH,middle
high22976.txt_q1,consensus,A,1,3,HIGH,hard
high22976.txt_q2,consensus,C,1,3,HIGH,ambiguous
high22976.txt_q3,consensus,B,1,3,HIGH,middle
high2298.txt_q0,consensus,B,1,3,HIGH,middle
high2298.txt_q1,consensus,D,1,3,HIGH,middle
high2298.txt_q2,consensus,A,1,3,HIGH,ambiguous
high22990.txt_q0,consensus,D,1,3,HIGH,middle
high22990.txt_q1,consensus,B,1,3,HIGH,middle
high22990.txt_q2,consensus,A,0,3,HIGH,hard
high22990.txt_q3,consensus,C,1,3,HIGH,middle
high23039.txt_q0,consensus,D,1,3,HIGH,easy
high23039.txt_q1,consensus,B,1,3,HIGH,middle
high23039.txt_q2,consensus,D,1,3,HIGH,hard
high23039.txt_q3,consensus,B,1,3,HIGH,hard
high23070.txt_q0,consensus,D,1,3,HIGH,ambiguous
high23070.txt_q1,consensus,A,1,3,HIGH,hard
high23070.txt_q2,consensus,B,1,3,HIGH,hard
high23108.txt_q0,consensus,C,1,3,HIGH,ambiguous
high23108.txt_q1,consensus,D,1,3,HIGH,middle
high23108.txt_q2,consensus,A,1,3,HIGH,easy
high23119.txt_q0,consensus,B,1,3,HIGH,middle
high23119.txt_q1,consensus,D,1,3,HIGH,hard
high23119.txt_q2,consensus,C,1,3,HIGH,hard
high23119.txt_q3,consensus,A,1,3,HIGH,hard
high23127.txt_q0,consensus,B,1,3,HIGH,ambiguous
high23127.txt_q1,consensus,B,1,3,HIGH,ambiguous
high23127.txt_q2,consensus,C,1,3,HIGH,middle
high23166.txt_q0,consensus,C,1,3,HIGH,ambiguous
high23196.txt_q0,consensus,B,0,3,HIGH,ambiguous
high23196.txt_q1,consensus,A,1,3,HIGH,middle
high23196.txt_q2,consensus,B,1,3,HIGH,ambiguous
high23196.txt_q3,consensus,D,1,3,HIGH,ambiguous
high23196.txt_q4,consensus,C,1,3,HIGH,hard
high23206.txt_q0,consensus,B,1,3,HIGH,ambiguous
high23206.txt_q1,consensus,C,0,3,HIGH,ambiguous
high23206.txt_q2,consensus,D,1,3,HIGH,hard
high23206.txt_q3,consensus,C,1,3,HIGH,ambiguous
high23335.txt_q0,consensus,D,1,3,HIGH,middle
high23335.txt_q1,consensus,D,1,3,HIGH,middle
high23335.txt_q2,consensus,B,1,3,HIGH,ambiguous
high23335.txt_q3,consensus,C,1,3,HIGH,ambiguous
high23340.txt_q0,consensus,A,1,3,HIGH,hard
high23340.txt_q1,consensus,B,1,3,HIGH,hard
high23340.txt_q2,consensus,C,1,3,HIGH,ambiguous
high23340.txt_q3,consensus,D,1,3,HIGH,easy
high23356.txt_q0,consensus,B,1,3,HIGH,middle
high23356.txt_q1,consensus,A,1,3,HIGH,hard
high23356.txt_q2,consensus,B,1,3,HIGH,ambiguous
high23356.txt_q3,consensus,D,0,3,HIGH,hard
high23383.txt_q0,consensus,C,1,3,HIGH,ambiguous
high23383.txt_q1,consensus,B,1,3,HIGH,easy
high23383.txt_q2,consensus,D,1,3,HIGH,hard
high23383.txt_q3,consensus,D,1,3,HIGH,hard
high23383.txt_q4,consensus,B,1,3,HIGH,hard
high23388.txt_q0,consensus,A,1,3,HIGH,middle
high23388.txt_q1,consensus,C,1,3,HIGH,middle
high23388.txt_q2,consensus,C,1,3,HIGH,ambiguous
high23426.txt_q0,consensus,B,1,3,HIGH,easy
high23426.txt_q1,consensus,A,0,3,HIGH,ambiguous
high23432.txt_q0,consensus,C,1,3,HIGH,middle
high23432.txt_q1,consensus,D,1,3,HIGH,ambiguous
high23480.txt_q0,consensus,D,1,3,HIGH,ambiguous
high23480.txt_q1,consensus,D,1,3,HIGH,ambiguous
high23480.txt_q2,consensus,C,1,3,HIGH,easy
high23481.txt_q0,consensus,C,1,3,HIGH,ambiguous
high23481.txt_q1,consensus,A,1,3,HIGH,hard
high2351.txt_q0,consensus,A,1,3,HIGH,ambiguous
high2351.txt_q1,consensus,C,1,3,HIGH,middle
high2351.txt_q2,consensus,B,1,3,HIGH,ambiguous
high23535.txt_q0,consensus,C,1,3,HIGH,easy
high23535.txt_q1,consensus,D,1,3,HIGH,hard
high23535.txt_q2,consensus,B,1,3,HIGH,easy
high23559.txt_q0,consensus,C,1,3,HIGH,hard
high23559.txt_q1,consensus,B,0,3,HIGH,hard
high23559.txt_q2,consensus,D,1,3,HIGH,easy
high23609.txt_q0,consensus,D,1,3,HIGH,easy
high23609.txt_q1,consensus,D,1,3,HIGH,ambiguous
high23609.txt_q2,consensus,C,1,3,HIGH,hard
high23609.txt_q3,consensus,A,1,3,HIGH,hard
high23619.txt_q0,consensus,D,1,3,HIGH,ambiguous
high23619.txt_q1,consensus,C,1,3,HIGH,middle
high23619.txt_q2,consensus,B,1,3,HIGH,hard
high23625.txt_q0,consensus,B,1,3,HIGH,hard
high23625.txt_q1,consensus,C,1,3,HIGH,middle
high23625.txt_q2,consensus,A,1,3,HIGH,ambiguous
high23658.txt_q0,consensus,C,1,3,HIGH,ambiguous
high23658.txt_q1,consensus,A,1,3,HIGH,ambiguous
high23658.txt_q2,consensus,B,1,3,HIGH,ambiguous
high23658.txt_q3,consensus,C,1,3,HIGH,hard
high23666.txt_q0,consensus,C,1,3,HIGH,middle
high23666.txt_q1,consensus,A,0,3,HIGH,hard
high23713.txt_q0,consensus,C,1,3,HIGH,ambiguous
high23713.txt_q1,consensus,B,1,3,HIGH,easy
high23713.txt_q2,consensus,D,0,3,HIGH,ambiguous
high23713.txt_q3,consensus,D,1,3,HIGH,middle
high23718.txt_q0,consensus,C,1,3,HIGH,hard
high23718.txt_q1,consensus,D,1,3,HIGH,ambiguous
high23718.txt_q2,consensus,A,0,3,HIGH,middle
high23718.txt_q3,consensus,A,1,3,HIGH,easy
high23728.txt_q0,consensus,C,1,3,HIGH,hard
high23728.txt_q1,consensus,D,1,3,HIGH,hard
high23728.txt_q2,consensus,A,1,3,HIGH,middle
high23729.txt_q0,consensus,C,0,3,HIGH,hard
high23729.txt_q1,consensus,D,0,3,HIGH,hard
high23729.txt_q2,consensus,A,1,3,HIGH,ambiguous
high23729.txt_q3,consensus,B,1,3,HIGH,hard
high23742.txt_q0,consensus,B,1,3,HIGH,middle
high23742.txt_q1,consensus,C,1,3,HIGH,middle
high23742.txt_q2,consensus,A,1,3,HIGH,hard
high23742.txt_q3,consensus,D,1,3,HIGH,ambiguous
high23742.txt_q4,consensus,C,1,3,HIGH,easy
high2378.txt_q0,consensus,C,0,3,HIGH,hard
high2378.txt_q1,consensus,C,1,3,HIGH,ambiguous
high2378.txt_q2,consensus,A,0,3,HIGH,hard
high2378.txt_q3,consensus,C,1,3,HIGH,middle
high23787.txt_q0,consensus,B,1,3,HIGH,easy
high23787.txt_q1,consensus,B,1,3,HIGH,ambiguous
high23787.txt_q2,consensus,C,1,3,HIGH,easy
high23787.txt_q3,consensus,D,1,3,HIGH,middle
high23787.txt_q4,consensus,C,1,3,HIGH,easy
high23794.txt_q0,consensus,C,0,3,HIGH,hard
high23794.txt_q1,consensus,A,1,3,HIGH,easy
high23794.txt_q2,consensus,D,1,3,HIGH,easy
high23794.txt_q3,consensus,B,1,3,HIGH,hard
high23801.txt_q0,consensus,B,1,3,HIGH,middle
high23801.txt_q1,consensus,A,1,3,HIGH,middle
high23801.txt_q2,consensus,A,1,3,HIGH,ambiguous
high23801.txt_q3,consensus,B,1,3,HIGH,easy
high23807.txt_q0,consensus,C,1,3,HIGH,middle
high23807.txt_q1,consensus,B,1,3,HIGH,hard
high23807.txt_q2,consensus,D,1,3,HIGH,ambiguous
high23807.txt_q3,consensus,A,0,3,HIGH,hard
high23827.txt_q0,consensus,D,1,3,HIGH,easy
high23827.txt_q1,consensus,B,1,3,HIGH,middle
high23827.txt_q2,consensus,C,1,3,HIGH,hard
high23827.txt_q3,consensus,A,1,3,HIGH,hard
high23828.txt_q0,consensus,A,1,3,HIGH,hard
high23828.txt_q1,consensus,D,1,3,HIGH,middle
high23828.txt_q2,consensus,A,1,3,HIGH,middle
high23865.txt_q0,consensus,A,1,3,HIGH,middle
high23865.txt_q1,consensus,D,1,3,HIGH,ambiguous
high23865.txt_q2,consensus,B,1,3,HIGH,hard
high23880.txt_q0,consensus,A,1,3,HIGH,hard
high23880.txt_q1,consensus,B,1,3,HIGH,easy
high23880.txt_q2,consensus,C,1,3,HIGH,easy
high23889.txt_q0,consensus,C,0,3,HIGH,hard
high23889.txt_q1,consensus,C,1,3,HIGH,ambiguous
high23889.txt_q2,consensus,C,0,3,HIGH,ambiguous
high2390.txt_q0,consensus,C,1,3,HIGH,ambiguous
high2390.txt_q1,consensus,A,1,3,HIGH,hard
high2390.txt_q2,consensus,B,1,3,HIGH,ambiguous
high23992.txt_q0,consensus,A,1,3,HIGH,ambiguous
high23992.txt_q1,consensus,B,1,3,HIGH,hard
high2402.txt_q0,consensus,A,1,3,HIGH,ambiguous
high2402.txt_q1,consensus,B,1,3,HIGH,middle
high2402.txt_q2,consensus,D,1,3,HIGH,ambiguous
high2402.txt_q3,consensus,C,1,3,HIGH,easy
high24079.txt_q0,consensus,D,1,3,HIGH,easy
high24079.txt_q1,consensus,A,1,3,HIGH,hard
high24172.txt_q0,consensus,C,1,3,HIGH,ambiguous
high24172.txt_q1,consensus,B,1,3,HIGH,ambiguous
high24172.txt_q2,consensus,C,1,3,HIGH,middle
high24198.txt_q0,consensus,C,1,3,HIGH,middle
high24198.txt_q1,consensus,B,1,3,HIGH,easy
high242.txt_q0,consensus,C,1,3,HIGH,ambiguous
high242.txt_q1,consensus,D,1,3,HIGH,ambiguous
high242.txt_q2,consensus,A,1,3,HIGH,hard
high242.txt_q3,consensus,B,1,3,HIGH,middle
high24223.txt_q0,consensus,C,1,3,HIGH,hard
high24223.txt_q1,consensus,C,1,3,HIGH,easy
high24223.txt_q2,consensus,C,1,3,HIGH,hard
high24223.txt_q3,consensus,B,1,3,HIGH,middle
high2423.txt_q0,consensus,D,1,3,HIGH,hard
high2423.txt_q1,consensus,D,1,3,HIGH,easy
high2423.txt_q2,consensus,C,1,3,HIGH,ambiguous
high2423.txt_q3,consensus,D,1,3,HIGH,easy
high24231.txt_q0,consensus,C,1,3,HIGH,middle
high24231.txt_q1,consensus,C,1,3,HIGH,middle
high24231.txt_q2,consensus,D,1,3,HIGH,easy
high24231.txt_q3,consensus,A,1,3,HIGH,middle
high24231.txt_q4,consensus,B,1,3,HIGH,easy
high24267.txt_q0,consensus,C,1,3,HIGH,ambiguous
high24267.txt_q1,consensus,D,1,3,HIGH,middle
high24267.txt_q2,consensus,C,1,3,HIGH,hard
high2446.txt_q0,consensus,C,1,3,HIGH,ambiguous
high2446.txt_q1,consensus,D,1,3,HIGH,ambiguous
high2446.txt_q2,consensus,B,1,3,HIGH,ambiguous
high2446.txt_q3,consensus,B,1,3,HIGH,ambiguous
high247.txt_q0,consensus,A,1,3,HIGH,middle
high247.txt_q1,consensus,D,1,3,HIGH,ambiguous
high247.txt_q2,consensus,C,1,3,HIGH,hard
high247.txt_q3,consensus,D,1,3,HIGH,middle
high2529.txt_q0,consensus,C,1,3,HIGH,easy
high2529.txt_q1,consensus,A,1,3,HIGH,ambiguous
high2529.txt_q2,consensus,D,1,3,HIGH,middle
high2529.txt_q3,consensus,C,1,3,HIGH,easy
high2630.txt_q0,consensus,B,1,3,HIGH,hard
high2630.txt_q1,consensus,D,1,3,HIGH,middle
high2630.txt_q2,consensus,A,1,3,HIGH,easy
high2650.txt_q0,consensus,D,1,3,HIGH,hard
high2650.txt_q1,consensus,C,1,3,HIGH,ambiguous
high2650.txt_q2,consensus,B,1,3,HIGH,hard
high2650.txt_q3,consensus,C,1,3,HIGH,easy
high2661.txt_q0,consensus,C,1,3,HIGH,middle
high2661.txt_q1,consensus,A,0,3,HIGH,ambiguous
high2661.txt_q2,consensus,C,1,3,HIGH,ambiguous
high2661.txt_q3,consensus,D,1,3,HIGH,easy
high2693.txt_q0,consensus,A,1,3,HIGH,middle
high2693.txt_q1,consensus,C,1,3,HIGH,easy
high2697.txt_q0,consensus,D,1,3,HIGH,easy
high2697.txt_q1,consensus,A,1,3,HIGH,hard
high2697.txt_q2,consensus,A,1,3,HIGH,middle
high2697.txt_q3,consensus,C,1,3,HIGH,hard
high2711.txt_q0,consensus,B,1,3,HIGH,middle
high2711.txt_q1,consensus,B,1,3,HIGH,ambiguous
high2711.txt_q2,consensus,A,1,3,HIGH,hard
high2760.txt_q0,consensus,B,1,3,HIGH,ambiguous
high2760.txt_q1,consensus,D,1,3,HIGH,ambiguous
high2760.txt_q2,consensus,B,1,3,HIGH,ambiguous
high2775.txt_q0,consensus,C,1,3,HIGH,easy
high2775.txt_q1,consensus,A,1,3,HIGH,easy
high2775.txt_q2,consensus,C,1,3,HIGH,easy
high2775.txt_q3,consensus,D,1,3,HIGH,hard
high2786.txt_q0,consensus,C,1,3,HIGH,ambiguous
high2786.txt_q1,consensus,B,1,3,HIGH,ambiguous
high2786.txt_q2,consensus,D,1,3,HIGH,ambiguous
high2786.txt_q3,consensus,B,1,3,HIGH,middle
high2800.txt_q0,consensus,D,1,3,HIGH,hard
high2800.txt_q1,consensus,A,1,3,HIGH,middle
high2800.txt_q2,consensus,A,1,3,HIGH,hard
high2800.txt_q3,consensus,D,1,3,HIGH,ambiguous
high2816.txt_q0,consensus,B,1,3,HIGH,middle
high2816.txt_q1,no_consensus,,0,3,HIGH,hard
high2816.txt_q2,consensus,A,1,3,HIGH,easy
high2816.txt_q3,consensus,D,1,3,HIGH,middle
high2820.txt_q0,consensus,D,1,3,HIGH,easy
high2820.txt_q1,consensus,A,1,3,HIGH,easy
high2820.txt_q2,consensus,A,1,3,HIGH,hard
high2820.txt_q3,consensus,C,1,3,HIGH,easy
high2825.txt_q0,consensus,C,1,3,HIGH,hard
high2825.txt_q1,consensus,C,1,3,HIGH,hard
high2825.txt_q2,consensus,D,1,3,HIGH,ambiguous
high2836.txt_q0,consensus,C,1,3,HIGH,ambiguous
high2836.txt_q1,consensus,B,1,3,HIGH,middle
high2836.txt_q2,consensus,D,1,3,HIGH,middle
high2836.txt_q3,consensus,D,0,3,HIGH,hard
high2844.txt_q0,consensus,B,1,3,HIGH,easy
high2855.txt_q0,consensus,D,1,3,HIGH,middle
high2855.txt_q1,consensus,A,1,3,HIGH,ambiguous
high2855.txt_q2,consensus,C,1,3,HIGH,easy
high2855.txt_q3,consensus,B,1,3,HIGH,hard
high2860.txt_q0,consensus,A,1,3,HIGH,easy
high2860.txt_q1,consensus,C,1,3,HIGH,ambiguous
high2860.txt_q2,consensus,B,1,3,HIGH,hard
high2860.txt_q3,consensus,A,1,3,HIGH,easy
high2864.txt_q0,consensus,B,1,3,HIGH,ambiguous
high2864.txt_q1,consensus,A,1,3,HIGH,easy
high2864.txt_q2,consensus,A,1,3,HIGH,middle
high2864.txt_q3,consensus,C,1,3,HIGH,easy
high2900.txt_q0,consensus,B,1,3,HIGH,ambiguous
high2900.txt_q1,consensus,C,1,3,HIGH,ambiguous
high2900.txt_q2,consensus,D,1,3,HIGH,easy
high2900.txt_q3,consensus,A,1,3,HIGH,ambiguous
high2901.txt_q0,consensus,D,1,3,HIGH,hard
high2901.txt_q1,consensus,A,1,3,HIGH,hard
high2901.txt_q2,consensus,A,1,3,HIGH,hard
high2940.txt_q0,consensus,C,1,3,HIGH,hard
high2940.txt_q1,consensus,C,1,3,HIGH,middle
high2940.txt_q2,consensus,A,1,3,HIGH,easy
high2940.txt_q3,consensus,D,0,3,HIGH,hard
high2940.txt_q4,consensus,B,1,3,HIGH,hard
high2966.txt_q0,consensus,A,1,3,HIGH,hard
high2966.txt_q1,consensus,C,1,3,HIGH,ambiguous
high2966.txt_q2,consensus,A,1,3,HIGH,ambiguous
high2966.txt_q3,consensus,D,1,3,HIGH,middle
high2966.txt_q4,consensus,B,1,3,HIGH,easy
high3000.txt_q0,consensus,D,1,3,HIGH,middle
high3000.txt_q1,consensus,A,1,3,HIGH,ambiguous
high3000.txt_q2,consensus,A,1,3,HIGH,hard
high3000.txt_q3,consensus,C,1,3,HIGH,easy
high3026.txt_q0,consensus,D,1,3,HIGH,hard
high3026.txt_q1,consensus,A,1,3,HIGH,ambiguous
high3037.txt_q0,consensus,A,1,3,HIGH,middle
high3037.txt_q1,consensus,B,1,3,HIGH,hard
high3037.txt_q2,consensus,D,1,3,HIGH,middle
high3037.txt_q3,consensus,C,1,3,HIGH,hard
high3037.txt_q4,consensus,A,1,3,HIGH,hard
high3049.txt_q0,consensus,D,1,3,HIGH,hard
high3049.txt_q1,consensus,C,1,3,HIGH,middle
high3049.txt_q2,consensus,A,1,3,HIGH,easy
high306.txt_q0,consensus,D,1,3,HIGH,middle
high306.txt_q1,consensus,B,1,3,HIGH,hard
high306.txt_q2,consensus,A,1,3,HIGH,ambiguous
high306.txt_q3,consensus,D,1,3,HIGH,middle
high3083.txt_q0,consensus,B,1,3,HIGH,middle
high3083.txt_q1,consensus,D,1,3,HIGH,ambiguous
high3083.txt_q2,consensus,C,1,3,HIGH,middle
high3083.txt_q3,consensus,C,1,3,HIGH,middle
high309.txt_q0,consensus,B,1,3,HIGH,ambiguous
high309.txt_q1,consensus,D,1,3,HIGH,hard
high309.txt_q2,consensus,C,0,3,HIGH,hard
high309.txt_q3,consensus,A,1,3,HIGH,easy
high310.txt_q0,consensus,C,1,3,HIGH,middle
high310.txt_q1,consensus,C,1,3,HIGH,ambiguous
high310.txt_q2,consensus,A,1,3,HIGH,ambiguous
high310.txt_q3,consensus,B,1,3,HIGH,easy
high3144.txt_q0,consensus,A,1,3,HIGH,hard
high3144.txt_q1,consensus,C,1,3,HIGH,ambiguous
high3144.txt_q2,consensus,A,1,3,HIGH,ambiguous
high3144.txt_q3,consensus,D,1,3,HIGH,hard
high3152.txt_q0,consensus,C,0,3,HIGH,ambiguous
high3152.txt_q1,consensus,C,1,3,HIGH,middle
high3152.txt_q2,consensus,B,1,3,HIGH,ambiguous
high3163.txt_q0,consensus,B,1,3,HIGH,ambiguous
high3163.txt_q1,consensus,D,1,3,HIGH,hard
high3163.txt_q2,consensus,B,0,3,HIGH,ambiguous
high3163.txt_q3,consensus,D,0,3,HIGH,ambiguous
high318.txt_q0,consensus,A,1,3,HIGH,hard
high318.txt_q1,consensus,D,1,3,HIGH,easy
high3189.txt_q0,consensus,A,0,3,HIGH,hard
high3189.txt_q1,consensus,C,1,3,HIGH,hard
high3189.txt_q2,consensus,C,0,3,HIGH,middle
high3262.txt_q0,consensus,D,1,3,HIGH,easy
high3262.txt_q1,consensus,A,1,3,HIGH,ambiguous
high3275.txt_q0,consensus,D,1,3,HIGH,middle
high3275.txt_q1,consensus,A,1,3,HIGH,easy
high3326.txt_q0,consensus,C,1,3,HIGH,ambiguous
high3326.txt_q1,consensus,D,1,3,HIGH,ambiguous
high3411.txt_q0,consensus,C,1,3,HIGH,hard
high3411.txt_q1,consensus,D,1,3,HIGH,ambiguous
high3411.txt_q2,consensus,A,1,3,HIGH,easy
high346.txt_q0,consensus,C,1,3,HIGH,ambiguous
high346.txt_q1,consensus,D,1,3,HIGH,ambiguous
high346.txt_q2,consensus,A,1,3,HIGH,middle
high346.txt_q3,consensus,A,1,3,HIGH,middle
high3462.txt_q0,consensus,C,1,3,HIGH,ambiguous
high3462.txt_q1,consensus,B,1,3,HIGH,ambiguous
high3471.txt_q0,consensus,D,1,3,HIGH,easy
high3471.txt_q1,consensus,C,1,3,HIGH,easy
high3499.txt_q0,consensus,B,1,3,HIGH,ambiguous
high3499.txt_q1,consensus,D,1,3,HIGH,ambiguous
high3499.txt_q2,consensus,C,1,3,HIGH,middle
high3499.txt_q3,consensus,A,1,3,HIGH,ambiguous
high3499.txt_q4,consensus,A,1,3,HIGH,easy
high3507.txt_q0,consensus,C,1,3,HIGH,ambiguous
high3507.txt_q1,consensus,C,1,3,HIGH,easy
high3507.txt_q2,consensus,C,1,3,HIGH,middle
high3513.txt_q0,consensus,D,0,3,HIGH,hard
high3513.txt_q1,consensus,A,1,3,HIGH,middle
high3527.txt_q0,consensus,A,1,3,HIGH,easy
high3527.txt_q1,consensus,C,1,3,HIGH,middle
high3527.txt_q2,consensus,D,1,3,HIGH,middle
high3527.txt_q3,consensus,A,1,3,HIGH,ambiguous
high3527.txt_q4,consensus,B,1,3,HIGH,hard
high353.txt_q0,consensus,B,1,3,HIGH,ambiguous
high353.txt_q1,consensus,D,0,3,HIGH,hard
high353.txt_q2,consensus,C,1,3,HIGH,easy
high3538.txt_q0,consensus,B,1,3,HIGH,easy
high3538.txt_q1,consensus,C,1,3,HIGH,middle
high3538.txt_q2,consensus,C,1,3,HIGH,ambiguous
high3547.txt_q0,consensus,A,1,3,HIGH,ambiguous
high3547.txt_q1,consensus,B,1,3,HIGH,middle
high3547.txt_q2,consensus,D,1,3,HIGH,ambiguous
high3547.txt_q3,consensus,B,1,3,HIGH,easy
high3560.txt_q0,consensus,B,1,3,HIGH,middle
high3560.txt_q1,consensus,A,1,3,HIGH,easy
high3560.txt_q2,consensus,B,1,3,HIGH,ambiguous
high3560.txt_q3,consensus,A,1,3,HIGH,ambiguous
high3575.txt_q0,consensus,B,1,3,HIGH,ambiguous
high3575.txt_q1,consensus,C,1,3,HIGH,hard
high3575.txt_q2,consensus,C,1,3,HIGH,hard
high3575.txt_q3,consensus,D,1,3,HIGH,ambiguous
high3624.txt_q0,consensus,A,1,3,HIGH,ambiguous
high3624.txt_q1,consensus,C,1,3,HIGH,easy
high3624.txt_q2,consensus,A,1,3,HIGH,easy
high3720.txt_q0,consensus,B,1,3,HIGH,middle
high3720.txt_q1,consensus,C,1,3,HIGH,ambiguous
high3720.txt_q2,consensus,D,1,3,HIGH,hard
high3765.txt_q0,consensus,C,1,3,HIGH,ambiguous
high3765.txt_q1,consensus,D,1,3,HIGH,easy
high3765.txt_q2,consensus,C,1,3,HIGH,hard
high3765.txt_q3,consensus,A,1,3,HIGH,easy
high3783.txt_q0,consensus,A,1,3,HIGH,easy
high3783.txt_q1,consensus,D,1,3,HIGH,middle
high3783.txt_q2,consensus,A,1,3,HIGH,ambiguous
high3790.txt_q0,consensus,B,1,3,HIGH,ambiguous
high3790.txt_q1,consensus,C,1,3,HIGH,middle
high3790.txt_q2,consensus,D,1,3,HIGH,hard
high3790.txt_q3,consensus,C,1,3,HIGH,ambiguous
high380.txt_q0,consensus,B,1,3,HIGH,easy
high380.txt_q1,consensus,C,1,3,HIGH,middle
high380.txt_q2,consensus,B,1,3,HIGH,easy
high380.txt_q3,consensus,A,1,3,HIGH,middle
high3808.txt_q0,consensus,D,1,3,HIGH,ambiguous
high3808.txt_q1,consensus,A,1,3,HIGH,middle
high3808.txt_q2,consensus,B,1,3,HIGH,hard
high3808.txt_q3,consensus,C,1,3,HIGH,middle
high3879.txt_q0,consensus,A,1,3,HIGH,hard
high3879.txt_q1,consensus,A,1,3,HIGH,hard
high3879.txt_q2,consensus,D,1,3,HIGH,easy
high3879.txt_q3,consensus,A,1,3,HIGH,middle
high394.txt_q0,consensus,B,1,3,HIGH,ambiguous
high394.txt_q1,consensus,C,1,3,HIGH,ambiguous
high394.txt_q2,consensus,A,1,3,HIGH,middle
high3974.txt_q0,consensus,D,1,3,HIGH,ambiguous
high3974.txt_q1,consensus,C,1,3,HIGH,hard
high3974.txt_q2,consensus,B,1,3,HIGH,easy
high4005.txt_q0,consensus,D,1,3,HIGH,middle
high4005.txt_q1,consensus,B,1,3,HIGH,ambiguous
high4050.txt_q0,consensus,A,1,3,HIGH,ambiguous
high4050.txt_q1,consensus,B,1,3,HIGH,middle
high4095.txt_q0,consensus,D,1,3,HIGH,ambiguous
high4095.txt_q1,consensus,D,0,3,HIGH,ambiguous
high4095.txt_q2,consensus,B,1,3,HIGH,hard
high4095.txt_q3,consensus,C,1,3,HIGH,hard
high4107.txt_q0,consensus,A,1,3,HIGH,middle
high4107.txt_q1,consensus,B,1,3,HIGH,easy
high4107.txt_q2,consensus,C,1,3,HIGH,ambiguous
high4107.txt_q3,consensus,D,1,3,HIGH,ambiguous
high417.txt_q0,consensus,B,1,3,HIGH,hard
high417.txt_q1,consensus,B,1,3,HIGH,ambiguous
high417.txt_q2,consensus,A,1,3,HIGH,middle
high4204.txt_q0,consensus,C,1,3,HIGH,middle
high4204.txt_q1,consensus,D,1,3,HIGH,ambiguous
high4204.txt_q2,consensus,B,1,3,HIGH,ambiguous
high4204.txt_q3,consensus,C,1,3,HIGH,ambiguous
high4281.txt_q0,consensus,A,1,3,HIGH,ambiguous
high4281.txt_q1,consensus,C,0,3,HIGH,hard
high4301.txt_q0,consensus,A,1,3,HIGH,ambiguous
high4301.txt_q1,consensus,D,1,3,HIGH,middle
high4301.txt_q2,consensus,C,1,3,HIGH,middle
high4301.txt_q3,consensus,C,1,3,HIGH,hard
high4334.txt_q0,consensus,A,1,3,HIGH,hard
high4334.txt_q1,consensus,B,1,3,HIGH,ambiguous
high4334.txt_q2,consensus,A,0,3,HIGH,ambiguous
high4334.txt_q3,consensus,B,0,3,HIGH,hard
high4369.txt_q0,consensus,B,1,3,HIGH,middle
high4369.txt_q1,consensus,B,1,3,HIGH,hard
high4369.txt_q2,consensus,C,1,3,HIGH,ambiguous
high4369.txt_q3,consensus,D,1,3,HIGH,hard
high4372.txt_q0,consensus,C,1,3,HIGH,middle
high4372.txt_q1,consensus,D,1,3,HIGH,ambiguous
high4372.txt_q2,consensus,B,1,3,HIGH,easy
high4500.txt_q0,consensus,C,1,3,HIGH,ambiguous
high4500.txt_q1,consensus,B,1,3,HIGH,middle
high4500.txt_q2,consensus,B,1,3,HIGH,ambiguous
high4500.txt_q3,consensus,A,1,3,HIGH,easy
high4505.txt_q0,consensus,D,1,3,HIGH,easy
high4505.txt_q1,consensus,C,1,3,HIGH,middle
high4505.txt_q2,consensus,B,1,3,HIGH,easy
high4505.txt_q3,consensus,C,1,3,HIGH,easy
high4520.txt_q0,consensus,B,1,3,HIGH,hard
high4520.txt_q1,consensus,A,1,3,HIGH,middle
high4520.txt_q2,consensus,C,1,3,HIGH,ambiguous
high4520.txt_q3,consensus,D,1,3,HIGH,ambiguous
high4567.txt_q0,consensus,A,1,3,HIGH,easy
high4567.txt_q1,consensus,B,1,3,HIGH,easy
high4567.txt_q2,consensus,D,1,3,HIGH,middle
high4567.txt_q3,consensus,B,0,3,HIGH,hard
high4568.txt_q0,consensus,A,1,3,HIGH,middle
high4568.txt_q1,consensus,B,1,3,HIGH,middle
high4568.txt_q2,consensus,B,1,3,HIGH,hard
high4568.txt_q3,consensus,D,1,3,HIGH,ambiguous
high4613.txt_q0,consensus,B,1,3,HIGH,ambiguous
high4613.txt_q1,consensus,A,1,3,HIGH,ambiguous
high4613.txt_q2,consensus,B,1,3,HIGH,ambiguous
high4613.txt_q3,consensus,C,1,3,HIGH,easy
high4619.txt_q0,consensus,C,0,3,HIGH,ambiguous
high4619.txt_q1,consensus,A,1,3,HIGH,middle
high4619.txt_q2,consensus,A,0,3,HIGH,hard
high4619.txt_q3,consensus,A,1,3,HIGH,middle
high4625.txt_q0,consensus,B,1,3,HIGH,easy
high4625.txt_q1,consensus,C,1,3,HIGH,easy
high4625.txt_q2,consensus,D,1,3,HIGH,easy
high4625.txt_q3,consensus,A,1,3,HIGH,middle
high4625.txt_q4,consensus,D,1,3,HIGH,ambiguous
high4646.txt_q0,consensus,B,1,3,HIGH,hard
high4646.txt_q1,consensus,D,1,3,HIGH,hard
high4646.txt_q2,consensus,D,1,3,HIGH,ambiguous
high4646.txt_q3,consensus,A,1,3,HIGH,easy
high4656.txt_q0,consensus,A,1,3,HIGH,ambiguous
high4656.txt_q1,consensus,B,1,3,HIGH,easy
high4656.txt_q2,consensus,C,1,3,HIGH,ambiguous
high4657.txt_q0,consensus,D,1,3,HIGH,middle
high4657.txt_q1,consensus,B,1,3,HIGH,easy
high4674.txt_q0,consensus,D,1,3,HIGH,ambiguous
high4674.txt_q1,consensus,B,1,3,HIGH,middle
high4699.txt_q0,consensus,C,1,3,HIGH,hard
high4699.txt_q1,consensus,D,1,3,HIGH,middle
high4699.txt_q2,consensus,C,1,3,HIGH,easy
high4701.txt_q0,consensus,B,1,3,HIGH,easy
high4701.txt_q1,consensus,A,1,3,HIGH,hard
high4701.txt_q2,consensus,C,1,3,HIGH,middle
high4701.txt_q3,consensus,D,1,3,HIGH,ambiguous
high4716.txt_q0,consensus,C,1,3,HIGH,middle
high4716.txt_q1,consensus,D,1,3,HIGH,ambiguous
high4716.txt_q2,consensus,B,1,3,HIGH,hard
high4716.txt_q3,consensus,B,1,3,HIGH,ambiguous
high4749.txt_q0,consensus,C,1,3,HIGH,ambiguous
high4749.txt_q1,consensus,B,1,3,HIGH,hard
high4749.txt_q2,consensus,D,1,3,HIGH,ambiguous
high4756.txt_q0,consensus,D,1,3,HIGH,easy
high4756.txt_q1,consensus,C,1,3,HIGH,ambiguous
high4756.txt_q2,consensus,C,0,3,HIGH,hard
high4767.txt_q0,consensus,C,1,3,HIGH,hard
high4767.txt_q1,consensus,A,1,3,HIGH,ambiguous
high4767.txt_q2,consensus,A,0,3,HIGH,ambiguous
high4767.txt_q3,consensus,B,1,3,HIGH,middle
high4779.txt_q0,consensus,B,1,3,HIGH,easy
high4779.txt_q1,consensus,A,1,3,HIGH,hard
high4779.txt_q2,consensus,B,1,3,HIGH,hard
high4783.txt_q0,consensus,B,1,3,HIGH,ambiguous
high4783.txt_q1,consensus,D,1,3,HIGH,ambiguous
high4783.txt_q2,consensus,C,1,3,HIGH,easy
high4783.txt_q3,consensus,D,1,3,HIGH,ambiguous
high4808.txt_q0,consensus,A,1,3,HIGH,ambiguous
high4808.txt_q1,consensus,D,1,3,HIGH,middle
high4808.txt_q2,consensus,B,1,3,HIGH,ambiguous
high4821.txt_q0,consensus,A,1,3,HIGH,hard
high4821.txt_q1,consensus,D,1,3,HIGH,hard
high4821.txt_q2,consensus,D,0,3,HIGH,hard
high4821.txt_q3,consensus,C,1,3,HIGH,easy
high4829.txt_q0,consensus,B,1,3,HIGH,middle
high4829.txt_q1,consensus,C,1,3,HIGH,easy
high4829.txt_q2,consensus,D,1,3,HIGH,ambiguous
high4837.txt_q0,consensus,D,0,3,HIGH,hard
high4837.txt_q1,consensus,A,1,3,HIGH,middle
high4837.txt_q2,consensus,A,0,3,HIGH,hard
high4839.txt_q0,consensus,A,1,3,HIGH,easy
high4839.txt_q1,consensus,B,1,3,HIGH,hard
high4839.txt_q2,consensus,C,1,3,HIGH,hard
high4839.txt_q3,consensus,A,1,3,HIGH,hard
high4889.txt_q0,consensus,B,1,3,HIGH,hard
high4889.txt_q1,consensus,C,1,3,HIGH,hard
high4889.txt_q2,consensus,A,1,3,HIGH,middle
high4889.txt_q3,consensus,A,1,3,HIGH,ambiguous
high4915.txt_q0,consensus,B,1,3,HIGH,hard
high4915.txt_q1,consensus,A,1,3,HIGH,hard
high4915.txt_q2,consensus,D,0,3,HIGH,hard
high4931.txt_q0,consensus,D,1,3,HIGH,ambiguous
high4931.txt_q1,consensus,C,1,3,HIGH,hard
high4931.txt_q2,consensus,A,1,3,HIGH,ambiguous
high4951.txt_q0,consensus,C,1,3,HIGH,ambiguous
high4951.txt_q1,consensus,A,1,3,HIGH,ambiguous
high4955.txt_q0,consensus,A,1,3,HIGH,middle
high4955.txt_q1,consensus,B,1,3,HIGH,middle
high4955.txt_q2,consensus,D,1,3,HIGH,easy
high4955.txt_q3,consensus,C,1,3,HIGH,middle
high4957.txt_q0,consensus,C,1,3,HIGH,ambiguous
high4957.txt_q1,consensus,B,0,3,HIGH,easy
high4957.txt_q2,consensus,D,1,3,HIGH,ambiguous
high4964.txt_q0,consensus,C,1,3,HIGH,easy
high4964.txt_q1,consensus,D,1,3,HIGH,easy
high4964.txt_q2,consensus,B,1,3,HIGH,ambiguous
high4964.txt_q3,consensus,B,1,3,HIGH,ambiguous
high4968.txt_q0,consensus,C,1,3,HIGH,easy
high4968.txt_q1,consensus,C,1,3,HIGH,ambiguous
high4968.txt_q2,consensus,B,1,3,HIGH,hard
high4986.txt_q0,consensus,A,1,3,HIGH,ambiguous
high4986.txt_q1,consensus,C,1,3,HIGH,easy
high4986.txt_q2,consensus,B,1,3,HIGH,ambiguous
high4986.txt_q3,consensus,B,1,3,HIGH,middle
high4986.txt_q4,consensus,C,1,3,HIGH,ambiguous
high5004.txt_q0,consensus,C,1,3,HIGH,middle
high5004.txt_q1,consensus,B,1,3,HIGH,ambiguous
high5004.txt_q2,consensus,C,0,3,HIGH,middle
high5060.txt_q0,consensus,C,1,3,HIGH,easy
high5060.txt_q1,consensus,A,1,3,HIGH,middle
high5060.txt_q2,consensus,C,1,3,HIGH,hard
high5086.txt_q0,consensus,B,1,3,HIGH,middle
high5086.txt_q1,consensus,B,1,3,HIGH,middle
high5086.txt_q2,consensus,C,0,3,HIGH,ambiguous
high5102.txt_q0,consensus,C,1,3,HIGH,hard
high5102.txt_q1,consensus,A,1,3,HIGH,hard
high5102.txt_q2,consensus,B,1,3,HIGH,easy
high5102.txt_q3,consensus,A,1,3,HIGH,ambiguous
high5123.txt_q0,consensus,D,1,3,HIGH,middle
high5123.txt_q1,consensus,B,1,3,HIGH,middle
high5123.txt_q2,consensus,D,0,3,HIGH,hard
high5198.txt_q0,consensus,C,1,3,HIGH,easy
high5198.txt_q1,consensus,B,1,3,HIGH,ambiguous
high5198.txt_q2,consensus,A,1,3,HIGH,ambiguous
high5202.txt_q0,consensus,B,0,3,HIGH,hard
high5202.txt_q1,consensus,A,1,3,HIGH,hard
high5202.txt_q2,consensus,B,1,3,HIGH,hard
high5202.txt_q3,consensus,D,1,3,HIGH,ambiguous
high5222.txt_q0,consensus,B,1,3,HIGH,middle
high5222.txt_q1,consensus,C,1,3,HIGH,middle
high5222.txt_q2,consensus,B,1,3,HIGH,middle
high5246.txt_q0,consensus,C,1,3,HIGH,hard
high5246.txt_q1,consensus,B,1,3,HIGH,ambiguous
high5246.txt_q2,consensus,D,1,3,HIGH,hard
high5246.txt_q3,consensus,A,1,3,HIGH,middle
high5246.txt_q4,consensus,C,1,3,HIGH,middle
high5252.txt_q0,consensus,B,1,3,HIGH,easy
high5252.txt_q1,consensus,C,1,3,HIGH,hard
high5252.txt_q2,no_consensus,,0,3,HIGH,hard
high5252.txt_q3,consensus,C,1,3,HIGH,middle
high5262.txt_q0,consensus,A,1,3,HIGH,ambiguous
high5262.txt_q1,consensus,D,1,3,HIGH,hard
high5262.txt_q2,consensus,B,1,3,HIGH,hard
high5262.txt_q3,consensus,D,1,3,HIGH,middle
high5262.txt_q4,consensus,C,1,3,HIGH,middle
high5270.txt_q0,consensus,D,1,3,HIGH,hard
high5270.txt_q1,consensus,D,1,3,HIGH,hard
high5270.txt_q2,consensus,C,1,3,HIGH,hard
high5272.txt_q0,consensus,A,1,3,HIGH,middle
high5272.txt_q1,consensus,C,1,3,HIGH,hard
high5272.txt_q2,consensus,D,1,3,HIGH,easy
high5272.txt_q3,consensus,B,1,3,HIGH,ambiguous
high5285.txt_q0,consensus,B,1,3,HIGH,ambiguous
high5285.txt_q1,consensus,C,1,3,HIGH,middle
high5285.txt_q2,consensus,A,1,3,HIGH,ambiguous
high5285.txt_q3,consensus,B,1,3,HIGH,middle
high5299.txt_q0,consensus,C,1,3,HIGH,easy
high5299.txt_q1,consensus,B,1,3,HIGH,ambiguous
high5299.txt_q2,consensus,B,1,3,HIGH,ambiguous
high5300.txt_q0,consensus,A,1,3,HIGH,middle
high5300.txt_q1,consensus,D,1,3,HIGH,ambiguous
high5300.txt_q2,consensus,C,1,3,HIGH,easy
high5300.txt_q3,consensus,A,1,3,HIGH,ambiguous
high5302.txt_q0,consensus,C,1,3,HIGH,ambiguous
high5302.txt_q1,consensus,B,1,3,HIGH,middle
high5302.txt_q2,consensus,D,1,3,HIGH,middle
high5308.txt_q0,consensus,C,1,3,HIGH,ambiguous
high5308.txt_q1,consensus,A,1,3,HIGH,easy
high5308.txt_q2,consensus,B,1,3,HIGH,easy
high5308.txt_q3,consensus,B,1,3,HIGH,ambiguous
high5361.txt_q0,consensus,D,1,3,HIGH,hard
high5361.txt_q1,consensus,B,1,3,HIGH,hard
high5361.txt_q2,consensus,A,1,3,HIGH,easy
high5381.txt_q0,consensus,B,0,3,HIGH,hard
high5381.txt_q1,consensus,D,1,3,HIGH,ambiguous
high5389.txt_q0,consensus,C,0,3,HIGH,ambiguous
high5400.txt_q0,consensus,C,1,3,HIGH,middle
high5400.txt_q1,consensus,D,1,3,HIGH,easy
high5400.txt_q2,consensus,B,1,3,HIGH,easy
high5402.txt_q0,consensus,A,1,3,HIGH,middle
high5402.txt_q1,consensus,D,1,3,HIGH,ambiguous
high5418.txt_q0,consensus,B,1,3,HIGH,middle
high5418.txt_q1,consensus,A,1,3,HIGH,ambiguous
high5436.txt_q0,consensus,C,1,3,HIGH,easy
high5436.txt_q1,consensus,C,1,3,HIGH,middle
high5436.txt_q2,consensus,D,1,3,HIGH,middle
high5436.txt_q3,consensus,A,1,3,HIGH,easy
high5480.txt_q0,consensus,B,1,3,HIGH,easy
high5480.txt_q1,consensus,D,1,3,HIGH,ambiguous
high5480.txt_q2,consensus,C,1,3,HIGH,middle
high554.txt_q0,consensus,B,1,3,HIGH,ambiguous
high554.txt_q1,consensus,A,1,3,HIGH,ambiguous
high554.txt_q2,consensus,D,1,3,HIGH,middle
high554.txt_q3,consensus,C,0,3,HIGH,ambiguous
high5540.txt_q0,consensus,B,1,3,HIGH,easy
high5540.txt_q1,consensus,B,1,3,HIGH,middle
high5540.txt_q2,consensus,C,1,3,HIGH,easy
high5562.txt_q0,consensus,A,1,3,HIGH,easy
high5562.txt_q1,consensus,D,1,3,HIGH,ambiguous
high5562.txt_q2,consensus,A,1,3,HIGH,middle
high5574.txt_q0,consensus,B,1,3,HIGH,easy
high5574.txt_q1,consensus,C,1,3,HIGH,middle
high5574.txt_q2,consensus,D,1,3,HIGH,easy
high5625.txt_q0,consensus,A,1,3,HIGH,ambiguous
high5625.txt_q1,consensus,D,1,3,HIGH,easy
high5625.txt_q2,consensus,A,1,3,HIGH,middle
high5625.txt_q3,consensus,B,1,3,HIGH,hard
high5653.txt_q0,consensus,A,1,3,HIGH,ambiguous
high5653.txt_q1,consensus,D,1,3,HIGH,middle
high5653.txt_q2,consensus,B,1,3,HIGH,middle
high5687.txt_q0,consensus,A,1,3,HIGH,hard
high5687.txt_q1,consensus,C,1,3,HIGH,ambiguous
high5687.txt_q2,consensus,C,1,3,HIGH,hard
high5687.txt_q3,consensus,B,1,3,HIGH,hard
high5687.txt_q4,consensus,A,1,3,HIGH,ambiguous
high5733.txt_q0,consensus,D,1,3,HIGH,ambiguous
high5733.txt_q1,consensus,A,1,3,HIGH,ambiguous
high5733.txt_q2,consensus,A,0,3,HIGH,hard
high5733.txt_q3,consensus,B,1,3,HIGH,ambiguous
high5733.txt_q4,consensus,D,1,3,HIGH,middle
high5756.txt_q0,consensus,C,1,3,HIGH,ambiguous
high5780.txt_q0,consensus,B,0,3,HIGH,hard
high5780.txt_q1,consensus,B,1,3,HIGH,middle
high5780.txt_q2,consensus,A,1,3,HIGH,middle
high5780.txt_q3,consensus,D,1,3,HIGH,hard
high5784.txt_q0,consensus,B,1,3,HIGH,middle
high5784.txt_q1,consensus,A,1,3,HIGH,middle
high5784.txt_q2,consensus,D,1,3,HIGH,ambiguous
high5784.txt_q3,consensus,C,1,3,HIGH,middle
high5791.txt_q0,consensus,A,1,3,HIGH,ambiguous
high5791.txt_q1,consensus,D,1,3,HIGH,ambiguous
high5791.txt_q2,consensus,C,1,3,HIGH,hard
high5804.txt_q0,consensus,B,1,3,HIGH,hard
high5804.txt_q1,consensus,D,1,3,HIGH,middle
high5804.txt_q2,consensus,D,0,3,HIGH,hard
high5808.txt_q0,consensus,D,1,3,HIGH,ambiguous
high5808.txt_q1,consensus,C,1,3,HIGH,easy
high5808.txt_q2,consensus,B,1,3,HIGH,hard
high5837.txt_q0,consensus,D,1,3,HIGH,easy
high5837.txt_q1,consensus,C,1,3,HIGH,ambiguous
high5837.txt_q2,consensus,C,1,3,HIGH,middle
high5837.txt_q3,consensus,B,1,3,HIGH,middle
high5870.txt_q0,consensus,B,1,3,HIGH,ambiguous
high5870.txt_q1,consensus,D,1,3,HIGH,ambiguous
high5870.txt_q2,consensus,C,1,3,HIGH,easy
high5874.txt_q0,consensus,B,1,3,HIGH,hard
high5874.txt_q1,consensus,A,1,3,HIGH,ambiguous
high5874.txt_q2,consensus,D,1,3,HIGH,easy
high5874.txt_q3,consensus,B,1,3,HIGH,ambiguous
high5887.txt_q0,consensus,C,1,3,HIGH,ambiguous
high5887.txt_q1,consensus,A,1,3,HIGH,middle
high5887.txt_q2,consensus,D,1,3,HIGH,ambiguous
high5887.txt_q3,consensus,B,1,3,HIGH,middle
high5941.txt_q0,consensus,A,1,3,HIGH,middle
high5941.txt_q1,consensus,B,1,3,HIGH,ambiguous
high5941.txt_q2,consensus,D,1,3,HIGH,ambiguous
high5941.txt_q3,consensus,C,1,3,HIGH,hard
high597.txt_q0,consensus,C,1,3,HIGH,ambiguous
high597.txt_q1,consensus,B,0,3,HIGH,hard
high597.txt_q2,consensus,D,1,3,HIGH,easy
high598.txt_q0,consensus,C,1,3,HIGH,middle
high598.txt_q1,consensus,A,1,3,HIGH,hard
high598.txt_q2,consensus,D,1,3,HIGH,ambiguous
high598.txt_q3,consensus,D,1,3,HIGH,hard
high6008.txt_q0,consensus,D,1,3,HIGH,ambiguous
high6008.txt_q1,consensus,C,1,3,HIGH,middle
high6008.txt_q2,consensus,B,1,3,HIGH,easy
high6008.txt_q3,consensus,A,1,3,HIGH,ambiguous
high6008.txt_q4,consensus,A,1,3,HIGH,hard
high6009.txt_q0,consensus,A,1,3,HIGH,easy
high6009.txt_q1,consensus,D,1,3,HIGH,easy
high6009.txt_q2,consensus,B,1,3,HIGH,ambiguous
high6009.txt_q3,consensus,C,1,3,HIGH,easy
high6015.txt_q0,consensus,A,1,3,HIGH,ambiguous
high6015.txt_q1,consensus,D,1,3,HIGH,middle
high6044.txt_q0,consensus,B,1,3,HIGH,middle
high6044.txt_q1,consensus,C,1,3,HIGH,middle
high6044.txt_q2,consensus,C,1,3,HIGH,hard
high6044.txt_q3,consensus,B,1,3,HIGH,ambiguous
high6053.txt_q0,consensus,C,1,3,HIGH,hard
high6053.txt_q1,consensus,C,1,3,HIGH,ambiguous
high6053.txt_q2,consensus,D,1,3,HIGH,middle
high6053.txt_q3,consensus,A,1,3,HIGH,easy
high6064.txt_q0,consensus,D,1,3,HIGH,middle
high6064.txt_q1,consensus,A,1,3,HIGH,hard
high6064.txt_q2,consensus,D,1,3,HIGH,middle
high6064.txt_q3,consensus,C,1,3,HIGH,ambiguous
high6064.txt_q4,consensus,B,1,3,HIGH,middle
high6087.txt_q0,consensus,A,1,3,HIGH,middle
high6087.txt_q1,consensus,B,1,3,HIGH,ambiguous
high6087.txt_q2,consensus,A,1,3,HIGH,middle
high6152.txt_q0,consensus,D,1,3,HIGH,ambiguous
high6152.txt_q1,consensus,C,1,3,HIGH,hard
high6175.txt_q0,consensus,D,1,3,HIGH,ambiguous
high6175.txt_q1,consensus,C,1,3,HIGH,ambiguous
high6175.txt_q2,consensus,C,1,3,HIGH,ambiguous
high6182.txt_q0,consensus,C,1,3,HIGH,ambiguous
high6182.txt_q1,consensus,A,0,3,HIGH,hard
high6182.txt_q2,consensus,D,0,3,HIGH,hard
high6248.txt_q0,consensus,C,1,3,HIGH,ambiguous
high6248.txt_q1,consensus,D,1,3,HIGH,middle
high6248.txt_q2,consensus,B,1,3,HIGH,ambiguous
high6249.txt_q0,consensus,A,1,3,HIGH,easy
high6249.txt_q1,consensus,C,1,3,HIGH,middle
high6249.txt_q2,consensus,B,1,3,HIGH,easy
high6260.txt_q0,consensus,A,1,3,HIGH,middle
high6260.txt_q1,consensus,D,1,3,HIGH,middle
high6260.txt_q2,consensus,A,1,3,HIGH,ambiguous
high6260.txt_q3,consensus,B,1,3,HIGH,hard
high6274.txt_q0,consensus,B,1,3,HIGH,middle
high6274.txt_q1,consensus,C,1,3,HIGH,middle
high6298.txt_q0,consensus,B,1,3,HIGH,easy
high6298.txt_q1,consensus,A,1,3,HIGH,ambiguous
high6298.txt_q2,consensus,D,1,3,HIGH,easy
high63.txt_q0,consensus,B,1,3,HIGH,middle
high63.txt_q1,consensus,D,1,3,HIGH,middle
high63.txt_q2,consensus,A,1,3,HIGH,middle
high63.txt_q3,consensus,B,1,3,HIGH,ambiguous
high6313.txt_q0,consensus,A,1,3,HIGH,hard
high6313.txt_q1,consensus,D,1,3,HIGH,middle
high6313.txt_q2,consensus,C,1,3,HIGH,hard
high6313.txt_q3,consensus,C,1,3,HIGH,easy
high6326.txt_q0,consensus,C,1,3,HIGH,hard
high6326.txt_q1,consensus,D,1,3,HIGH,hard
high6326.txt_q2,consensus,B,1,3,HIGH,hard
high6331.txt_q0,consensus,B,1,3,HIGH,easy
high6331.txt_q1,consensus,D,1,3,HIGH,middle
high6331.txt_q2,consensus,B,1,3,HIGH,ambiguous
high6348.txt_q0,consensus,C,1,3,HIGH,ambiguous
high6348.txt_q1,consensus,D,1,3,HIGH,hard
high6348.txt_q2,consensus,B,1,3,HIGH,hard
high6348.txt_q3,consensus,C,1,3,HIGH,hard
high6352.txt_q0,consensus,B,1,3,HIGH,middle
high6352.txt_q1,consensus,D,1,3,HIGH,ambiguous
high6352.txt_q2,consensus,D,1,3,HIGH,hard
high6352.txt_q3,consensus,A,1,3,HIGH,hard
high6372.txt_q0,consensus,A,1,3,HIGH,ambiguous
high6384.txt_q0,consensus,C,1,3,HIGH,ambiguous
high6384.txt_q1,consensus,B,1,3,HIGH,ambiguous
high6384.txt_q2,consensus,C,1,3,HIGH,ambiguous
high6396.txt_q0,consensus,B,1,3,HIGH,hard
high6396.txt_q1,consensus,C,1,3,HIGH,ambiguous
high6396.txt_q2,consensus,D,1,3,HIGH,ambiguous
high6396.txt_q3,consensus,D,1,3,HIGH,easy
high6397.txt_q0,consensus,D,0,3,HIGH,hard
high6397.txt_q1,consensus,C,1,3,HIGH,ambiguous
high6397.txt_q2,consensus,B,1,3,HIGH,easy
high6426.txt_q0,consensus,B,1,3,HIGH,ambiguous
high6426.txt_q1,consensus,B,1,3,HIGH,middle
high6426.txt_q2,consensus,D,1,3,HIGH,hard
high6429.txt_q0,consensus,B,1,3,HIGH,ambiguous
high6447.txt_q0,consensus,B,1,3,HIGH,hard
high6447.txt_q1,consensus,C,1,3,HIGH,hard
high6447.txt_q2,consensus,D,1,3,HIGH,easy
high6473.txt_q0,consensus,D,1,3,HIGH,hard
high6473.txt_q1,consensus,D,1,3,HIGH,ambiguous
high6473.txt_q2,consensus,B,1,3,HIGH,hard
high6473.txt_q3,consensus,C,1,3,HIGH,ambiguous
high6488.txt_q0,consensus,A,1,3,HIGH,ambiguous
high6488.txt_q1,consensus,B,1,3,HIGH,hard
high6488.txt_q2,consensus,B,1,3,HIGH,ambiguous
high6488.txt_q3,consensus,C,1,3,HIGH,ambiguous
high6527.txt_q0,consensus,A,1,3,HIGH,easy
high6527.txt_q1,consensus,D,1,3,HIGH,easy
high6527.txt_q2,consensus,C,1,3,HIGH,middle
high6551.txt_q0,consensus,A,1,3,HIGH,ambiguous
high6551.txt_q1,consensus,D,1,3,HIGH,ambiguous
high6551.txt_q2,consensus,C,1,3,HIGH,middle
high6551.txt_q3,consensus,D,1,3,HIGH,easy
high6553.txt_q0,consensus,C,1,3,HIGH,easy
high6553.txt_q1,consensus,A,1,3,HIGH,middle
high6553.txt_q2,consensus,D,1,3,HIGH,hard
high6553.txt_q3,consensus,A,0,3,HIGH,hard
high657.txt_q0,consensus,A,0,3,HIGH,hard
high657.txt_q1,consensus,D,1,3,HIGH,ambiguous
high657.txt_q2,consensus,C,1,3,HIGH,middle
high6574.txt_q0,consensus,A,1,3,HIGH,middle
high6574.txt_q1,consensus,C,1,3,HIGH,ambiguous
high6574.txt_q2,consensus,D,1,3,HIGH,easy
high6587.txt_q0,consensus,D,1,3,HIGH,ambiguous
high6587.txt_q1,consensus,D,1,3,HIGH,hard
high6607.txt_q0,consensus,A,1,3,HIGH,easy
high6607.txt_q1,consensus,D,1,3,HIGH,ambiguous
high6607.txt_q2,consensus,C,1,3,HIGH,ambiguous
high6607.txt_q3,consensus,A,1,3,HIGH,middle
high6608.txt_q0,consensus,D,1,3,HIGH,easy
high6608.txt_q1,consensus,B,1,3,HIGH,middle
high6608.txt_q2,consensus,C,1,3,HIGH,easy
high6608.txt_q3,consensus,B,1,3,HIGH,middle
high6612.txt_q0,consensus,C,1,3,HIGH,hard
high6612.txt_q1,consensus,A,1,3,HIGH,middle
high6612.txt_q2,consensus,B,1,3,HIGH,easy
high6612.txt_q3,consensus,C,1,3,HIGH,middle
high6614.txt_q0,consensus,D,1,3,HIGH,hard
high6614.txt_q1,consensus,D,1,3,HIGH,hard
high6649.txt_q0,consensus,C,1,3,HIGH,easy
high6649.txt_q1,consensus,A,1,3,HIGH,middle
high6649.txt_q2,consensus,C,1,3,HIGH,ambiguous
high667.txt_q0,consensus,A,1,3,HIGH,easy
high667.txt_q1,consensus,B,1,3,HIGH,middle
high667.txt_q2,consensus,B,1,3,HIGH,middle
high6683.txt_q0,consensus,A,1,3,HIGH,ambiguous
high6683.txt_q1,consensus,A,1,3,HIGH,hard
high6683.txt_q2,consensus,B,1,3,HIGH,ambiguous
high6702.txt_q0,consensus,A,1,3,HIGH,ambiguous
high6702.txt_q1,consensus,C,1,3,HIGH,ambiguous
high6702.txt_q2,consensus,D,1,3,HIGH,easy
high6702.txt_q3,consensus,C,1,3,HIGH,hard
high674.txt_q0,consensus,D,1,3,HIGH,middle
high674.txt_q1,consensus,B,1,3,HIGH,hard
high674.txt_q2,consensus,C,1,3,HIGH,ambiguous
high6751.txt_q0,consensus,C,1,3,HIGH,ambiguous
high6751.txt_q1,consensus,C,1,3,HIGH,easy
high6751.txt_q2,consensus,A,1,3,HIGH,easy
high6763.txt_q0,consensus,A,1,3,HIGH,easy
high6763.txt_q1,consensus,D,1,3,HIGH,easy
high6763.txt_q2,consensus,C,1,3,HIGH,easy
high6763.txt_q3,consensus,B,1,3,HIGH,middle
high677.txt_q0,consensus,A,1,3,HIGH,ambiguous
high677.txt_q1,consensus,D,1,3,HIGH,middle
high677.txt_q2,consensus,C,1,3,HIGH,ambiguous
high677.txt_q3,consensus,D,1,3,HIGH,hard
high6775.txt_q0,consensus,C,1,3,HIGH,ambiguous
high6775.txt_q1,consensus,B,1,3,HIGH,middle
high6775.txt_q2,consensus,D,1,3,HIGH,middle
high6775.txt_q3,consensus,D,1,3,HIGH,hard
high6801.txt_q0,consensus,C,1,3,HIGH,middle
high6801.txt_q1,consensus,D,1,3,HIGH,easy
high6814.txt_q0,consensus,C,1,3,HIGH,ambiguous
high6814.txt_q1,consensus,A,1,3,HIGH,ambiguous
high6814.txt_q2,consensus,B,0,3,HIGH,hard
high6814.txt_q3,consensus,C,1,3,HIGH,easy
high6838.txt_q0,consensus,B,1,3,HIGH,middle
high6855.txt_q0,consensus,B,1,3,HIGH,middle
high6855.txt_q1,consensus,A,1,3,HIGH,easy
high6855.txt_q2,consensus,A,1,3,HIGH,easy
high6855.txt_q3,consensus,B,1,3,HIGH,middle
high6903.txt_q0,consensus,D,1,3,HIGH,ambiguous
high6903.txt_q1,consensus,B,1,3,HIGH,ambiguous
high6903.txt_q2,consensus,C,1,3,HIGH,easy
high6915.txt_q0,consensus,D,1,3,HIGH,easy
high6915.txt_q1,consensus,D,1,3,HIGH,hard
high6915.txt_q2,consensus,D,1,3,HIGH,easy
high6915.txt_q3,consensus,A,1,3,HIGH,easy
high6964.txt_q0,consensus,B,1,3,HIGH,middle
high6964.txt_q1,consensus,D,1,3,HIGH,ambiguous
high6964.txt_q2,consensus,A,1,3,HIGH,ambiguous
high6973.txt_q0,consensus,D,1,3,HIGH,ambiguous
high6973.txt_q1,consensus,A,1,3,HIGH,ambiguous
high6973.txt_q2,consensus,A,1,3,HIGH,ambiguous
high6973.txt_q3,consensus,B,1,3,HIGH,easy
high7006.txt_q0,consensus,B,1,3,HIGH,hard
high7006.txt_q1,consensus,D,1,3,HIGH,hard
high7006.txt_q2,consensus,D,1,3,HIGH,easy
high7037.txt_q0,consensus,B,1,3,HIGH,easy
high7037.txt_q1,consensus,A,1,3,HIGH,easy
high7056.txt_q0,consensus,A,1,3,HIGH,middle
high7056.txt_q1,consensus,B,1,3,HIGH,hard
high7056.txt_q2,consensus,C,1,3,HIGH,middle
high7056.txt_q3,consensus,A,1,3,HIGH,hard
high7083.txt_q0,consensus,C,1,3,HIGH,easy
high7083.txt_q1,consensus,D,1,3,HIGH,ambiguous
high7083.txt_q2,consensus,A,1,3,HIGH,ambiguous
high7085.txt_q0,consensus,C,1,3,HIGH,ambiguous
high7085.txt_q1,consensus,D,1,3,HIGH,ambiguous
high7085.txt_q2,consensus,B,1,3,HIGH,easy
high7101.txt_q0,consensus,A,1,3,HIGH,ambiguous
high7101.txt_q1,consensus,C,1,3,HIGH,easy
high7101.txt_q2,consensus,A,1,3,HIGH,easy
high7190.txt_q0,consensus,C,1,3,HIGH,hard
high7190.txt_q1,consensus,A,1,3,HIGH,ambiguous
high7190.txt_q2,consensus,D,1,3,HIGH,middle
high7190.txt_q3,consensus,B,1,3,HIGH,easy
high7197.txt_q0,consensus,B,1,3,HIGH,easy
high7197.txt_q1,consensus,D,1,3,HIGH,hard
high7197.txt_q2,consensus,C,1,3,HIGH,hard
high721.txt_q0,consensus,D,1,3,HIGH,middle
high721.txt_q1,consensus,C,1,3,HIGH,easy
high721.txt_q2,consensus,B,1,3,HIGH,easy
high7218.txt_q0,consensus,C,1,3,HIGH,hard
high7218.txt_q1,consensus,B,1,3,HIGH,middle
high7218.txt_q2,consensus,A,1,3,HIGH,easy
high7252.txt_q0,consensus,D,1,3,HIGH,easy
high7252.txt_q1,consensus,B,1,3,HIGH,hard
high7252.txt_q2,consensus,A,1,3,HIGH,ambiguous
high7271.txt_q0,consensus,A,1,3,HIGH,ambiguous
high7300.txt_q0,consensus,C,1,3,HIGH,easy
high7300.txt_q1,consensus,B,1,3,HIGH,middle
high7300.txt_q2,consensus,A,1,3,HIGH,hard
high7363.txt_q0,consensus,D,1,3,HIGH,hard
high7363.txt_q1,consensus,C,0,3,HIGH,hard
high7363.txt_q2,consensus,A,1,3,HIGH,ambiguous
high7363.txt_q3,consensus,C,1,3,HIGH,middle
high7418.txt_q0,consensus,C,1,3,HIGH,hard
high7418.txt_q1,consensus,B,1,3,HIGH,ambiguous
high7418.txt_q2,consensus,D,1,3,HIGH,middle
high7445.txt_q0,consensus,D,1,3,HIGH,ambiguous
high7445.txt_q1,consensus,B,1,3,HIGH,hard
high7445.txt_q2,consensus,A,1,3,HIGH,hard
high7445.txt_q3,consensus,C,1,3,HIGH,ambiguous
high7451.txt_q0,consensus,B,1,3,HIGH,ambiguous
high7451.txt_q1,consensus,D,1,3,HIGH,hard
high7451.txt_q2,consensus,D,1,3,HIGH,middle
high7451.txt_q3,consensus,C,1,3,HIGH,easy
high7462.txt_q0,consensus,A,1,3,HIGH,easy
high7462.txt_q1,consensus,C,0,3,HIGH,hard
high7462.txt_q2,consensus,B,1,3,HIGH,ambiguous
high7462.txt_q3,consensus,B,0,3,HIGH,hard
high7463.txt_q0,consensus,B,1,3,HIGH,middle
high7463.txt_q1,consensus,C,1,3,HIGH,easy
high7463.txt_q2,consensus,C,1,3,HIGH,ambiguous
high7481.txt_q0,consensus,B,1,3,HIGH,hard
high7481.txt_q1,consensus,C,1,3,HIGH,middle
high7481.txt_q2,consensus,D,1,3,HIGH,ambiguous
high7481.txt_q3,consensus,D,1,3,HIGH,easy
high7487.txt_q0,consensus,D,1,3,HIGH,ambiguous
high7487.txt_q1,consensus,A,1,3,HIGH,middle
high7487.txt_q2,consensus,C,1,3,HIGH,ambiguous
high7487.txt_q3,consensus,C,0,3,HIGH,hard
high7487.txt_q4,consensus,A,1,3,HIGH,middle
high7491.txt_q0,consensus,C,1,3,HIGH,hard
high7491.txt_q1,consensus,B,1,3,HIGH,ambiguous
high7491.txt_q2,consensus,A,1,3,HIGH,easy
high7491.txt_q3,consensus,B,1,3,HIGH,ambiguous
high7495.txt_q0,consensus,A,1,3,HIGH,middle
high7495.txt_q1,consensus,D,1,3,HIGH,ambiguous
high7495.txt_q2,consensus,C,1,3,HIGH,middle
high75.txt_q0,consensus,C,1,3,HIGH,ambiguous
high75.txt_q1,consensus,B,1,3,HIGH,easy
high75.txt_q2,consensus,A,1,3,HIGH,ambiguous
high7514.txt_q0,consensus,B,1,3,HIGH,ambiguous
high7514.txt_q1,consensus,D,1,3,HIGH,easy
high7514.txt_q2,consensus,D,1,3,HIGH,hard
high7524.txt_q0,no_consensus,,0,3,HIGH,hard
high7524.txt_q1,consensus,A,1,3,HIGH,middle
high7524.txt_q2,consensus,B,1,3,HIGH,hard
high7574.txt_q0,consensus,A,1,3,HIGH,middle
high7574.txt_q1,consensus,C,1,3,HIGH,easy
high7574.txt_q2,consensus,B,0,3,HIGH,ambiguous
high7588.txt_q0,consensus,A,1,3,HIGH,hard
high7588.txt_q1,consensus,B,1,3,HIGH,easy
high7588.txt_q2,consensus,B,1,3,HIGH,hard
high7588.txt_q3,consensus,D,1,3,HIGH,easy
high7588.txt_q4,consensus,C,1,3,HIGH,hard
high760.txt_q0,consensus,A,1,3,HIGH,hard
high760.txt_q1,consensus,C,1,3,HIGH,middle
high760.txt_q2,consensus,C,1,3,HIGH,middle
high760.txt_q3,consensus,B,1,3,HIGH,middle
high763.txt_q0,consensus,C,1,3,HIGH,easy
high763.txt_q1,consensus,B,1,3,HIGH,ambiguous
high763.txt_q2,consensus,C,1,3,HIGH,middle
high763.txt_q3,consensus,A,1,3,HIGH,hard
high7637.txt_q0,consensus,C,0,3,HIGH,hard
high7637.txt_q1,consensus,C,1,3,HIGH,easy
high7639.txt_q0,consensus,D,1,3,HIGH,ambiguous
high7639.txt_q1,consensus,A,1,3,HIGH,ambiguous
high7648.txt_q0,consensus,D,1,3,HIGH,ambiguous
high7648.txt_q1,consensus,C,1,3,HIGH,easy
high7648.txt_q2,consensus,D,1,3,HIGH,hard
high7648.txt_q3,consensus,B,1,3,HIGH,easy
high7652.txt_q0,consensus,A,1,3,HIGH,easy
high7652.txt_q1,consensus,B,1,3,HIGH,middle
high7652.txt_q2,consensus,A,1,3,HIGH,ambiguous
high7652.txt_q3,consensus,D,1,3,HIGH,ambiguous
high7652.txt_q4,consensus,C,1,3,HIGH,easy
high7705.txt_q0,consensus,A,1,3,HIGH,hard
high7705.txt_q1,consensus,B,1,3,HIGH,hard
high7705.txt_q2,consensus,C,1,3,HIGH,middle
high7705.txt_q3,consensus,C,1,3,HIGH,hard
high7724.txt_q0,consensus,C,1,3,HIGH,ambiguous
high7724.txt_q1,consensus,B,1,3,HIGH,hard
high7724.txt_q2,consensus,C,1,3,HIGH,ambiguous
high7733.txt_q0,consensus,B,1,3,HIGH,ambiguous
high7733.txt_q1,consensus,A,1,3,HIGH,easy
high7745.txt_q0,consensus,C,1,3,HIGH,middle
high7745.txt_q1,consensus,A,1,3,HIGH,ambiguous
high7745.txt_q2,consensus,C,1,3,HIGH,hard
high7752.txt_q0,consensus,A,0,3,HIGH,hard
high7752.txt_q1,consensus,A,1,3,HIGH,hard
high7752.txt_q2,consensus,D,0,3,HIGH,middle
high7752.txt_q3,consensus,C,1,3,HIGH,ambiguous
high7780.txt_q0,consensus,A,1,3,HIGH,middle
high7780.txt_q1,consensus,C,1,3,HIGH,middle
high7780.txt_q2,consensus,A,0,3,HIGH,easy
high7780.txt_q3,consensus,C,1,3,HIGH,ambiguous
high7786.txt_q0,consensus,C,1,3,HIGH,middle
high7786.txt_q1,consensus,B,1,3,HIGH,ambiguous
high7786.txt_q2,consensus,C,1,3,HIGH,easy
high7786.txt_q3,consensus,B,1,3,HIGH,hard
high7803.txt_q0,consensus,B,1,3,HIGH,hard
high7803.txt_q1,consensus,A,1,3,HIGH,hard
high7803.txt_q2,consensus,B,1,3,HIGH,ambiguous
high7803.txt_q3,consensus,A,1,3,HIGH,middle
high7805.txt_q0,consensus,D,1,3,HIGH,ambiguous
high7805.txt_q1,consensus,A,1,3,HIGH,middle
high7805.txt_q2,consensus,B,1,3,HIGH,ambiguous
high7811.txt_q0,consensus,C,1,3,HIGH,hard
high7811.txt_q1,consensus,D,1,3,HIGH,ambiguous
high7811.txt_q2,consensus,A,1,3,HIGH,ambiguous
high7811.txt_q3,consensus,A,1,3,HIGH,middle
high782.txt_q0,consensus,B,1,3,HIGH,ambiguous
high782.txt_q1,consensus,A,1,3,HIGH,middle
high782.txt_q2,consensus,B,1,3,HIGH,hard
high782.txt_q3,consensus,D,1,3,HIGH,hard
high782.txt_q4,no_consensus,,0,3,HIGH,hard
high7822.txt_q0,consensus,C,1,3,HIGH,easy
high7822.txt_q1,consensus,B,1,3,HIGH,ambiguous
high7822.txt_q2,consensus,D,1,3,HIGH,ambiguous
high7822.txt_q3,consensus,B,1,3,HIGH,hard
high7827.txt_q0,consensus,A,1,3,HIGH,ambiguous
high7827.txt_q1,consensus,B,1,3,HIGH,hard
high7827.txt_q2,consensus,C,1,3,HIGH,hard
high7827.txt_q3,consensus,B,1,3,HIGH,middle
high7852.txt_q0,consensus,D,1,3,HIGH,hard
high7852.txt_q1,consensus,B,1,3,HIGH,ambiguous
high7852.txt_q2,consensus,D,1,3,HIGH,hard
high7890.txt_q0,consensus,A,1,3,HIGH,easy
high7890.txt_q1,consensus,C,1,3,HIGH,middle
high7896.txt_q0,consensus,C,1,3,HIGH,hard
high7896.txt_q1,consensus,B,1,3,HIGH,hard
high7896.txt_q2,consensus,D,1,3,HIGH,hard
high7944.txt_q0,consensus,A,1,3,HIGH,middle
high7944.txt_q1,consensus,D,1,3,HIGH,middle
high7944.txt_q2,consensus,C,1,3,HIGH,easy
high7944.txt_q3,consensus,B,1,3,HIGH,middle
high7998.txt_q0,consensus,C,1,3,HIGH,easy
high7998.txt_q1,consensus,B,1,3,HIGH,ambiguous
high7998.txt_q2,consensus,C,1,3,HIGH,ambiguous
high8046.txt_q0,consensus,B,1,3,HIGH,hard
high8046.txt_q1,consensus,D,1,3,HIGH,hard
high8046.txt_q2,consensus,A,1,3,HIGH,hard
high8060.txt_q0,consensus,A,1,3,HIGH,ambiguous
high8060.txt_q1,consensus,B,1,3,HIGH,middle
high8060.txt_q2,consensus,C,1,3,HIGH,middle
high8060.txt_q3,consensus,B,1,3,HIGH,hard
high8110.txt_q0,consensus,B,1,3,HIGH,ambiguous
high8110.txt_q1,consensus,D,1,3,HIGH,middle
high8110.txt_q2,consensus,A,1,3,HIGH,easy
high8114.txt_q0,consensus,B,1,3,HIGH,hard
high8114.txt_q1,consensus,A,1,3,HIGH,easy
high8114.txt_q2,consensus,B,1,3,HIGH,middle
high8114.txt_q3,consensus,A,1,3,HIGH,middle
high8132.txt_q0,consensus,D,1,3,HIGH,ambiguous
high8132.txt_q1,consensus,B,1,3,HIGH,easy
high8132.txt_q2,consensus,A,1,3,HIGH,hard
high8132.txt_q3,consensus,A,1,3,HIGH,hard
high8145.txt_q0,consensus,C,1,3,HIGH,hard
high8145.txt_q1,consensus,D,1,3,HIGH,hard
high8145.txt_q2,consensus,D,1,3,HIGH,easy
high8145.txt_q3,consensus,A,1,3,HIGH,middle
high8162.txt_q0,consensus,A,1,3,HIGH,ambiguous
high8162.txt_q1,consensus,C,1,3,HIGH,ambiguous
high8162.txt_q2,consensus,B,1,3,HIGH,middle
high818.txt_q0,consensus,B,1,3,HIGH,hard
high818.txt_q1,consensus,D,1,3,HIGH,hard
high818.txt_q2,consensus,A,1,3,HIGH,hard
high8191.txt_q0,consensus,B,1,3,HIGH,hard
high8191.txt_q1,consensus,C,1,3,HIGH,ambiguous
high8191.txt_q2,consensus,B,0,3,HIGH,middle
high8191.txt_q3,consensus,C,0,3,HIGH,hard
high8209.txt_q0,consensus,A,1,3,HIGH,middle
high8209.txt_q1,consensus,B,1,3,HIGH,hard
high8209.txt_q2,consensus,C,1,3,HIGH,middle
high8209.txt_q3,consensus,A,1,3,HIGH,middle
high8217.txt_q0,consensus,D,1,3,HIGH,ambiguous
high8217.txt_q1,consensus,B,1,3,HIGH,middle
high8217.txt_q2,consensus,D,1,3,HIGH,hard
high8217.txt_q3,consensus,C,1,3,HIGH,middle
high8217.txt_q4,consensus,A,1,3,HIGH,hard
high8238.txt_q0,consensus,D,1,3,HIGH,ambiguous
high8238.txt_q1,consensus,C,1,3,HIGH,ambiguous
high8238.txt_q2,consensus,B,1,3,HIGH,middle
high8238.txt_q3,consensus,D,1,3,HIGH,easy
high8282.txt_q0,consensus,D,1,3,HIGH,hard
high8282.txt_q1,consensus,D,1,3,HIGH,ambiguous
high8282.txt_q2,consensus,B,1,3,HIGH,hard
high8345.txt_q0,consensus,C,1,3,HIGH,hard
high8345.txt_q1,consensus,D,1,3,HIGH,middle
high8345.txt_q2,consensus,A,1,3,HIGH,ambiguous
high8345.txt_q3,consensus,B,1,3,HIGH,ambiguous
high8385.txt_q0,consensus,A,1,3,HIGH,middle
high8385.txt_q1,consensus,D,1,3,HIGH,middle
high8385.txt_q2,consensus,D,1,3,HIGH,easy
high8385.txt_q3,consensus,D,1,3,HIGH,hard
high839.txt_q0,consensus,D,1,3,HIGH,easy
high839.txt_q1,consensus,D,1,3,HIGH,hard
high839.txt_q2,consensus,B,1,3,HIGH,ambiguous
high839.txt_q3,consensus,A,1,3,HIGH,middle
high839.txt_q4,consensus,C,1,3,HIGH,middle
high8395.txt_q0,consensus,D,1,3,HIGH,easy
high8395.txt_q1,consensus,B,1,3,HIGH,ambiguous
high8395.txt_q2,consensus,C,1,3,HIGH,middle
high8406.txt_q0,consensus,D,1,3,HIGH,hard
high8406.txt_q1,consensus,C,0,3,HIGH,hard
high8406.txt_q2,consensus,B,1,3,HIGH,easy
high8422.txt_q0,consensus,C,1,3,HIGH,middle
high8422.txt_q1,consensus,A,1,3,HIGH,middle
high8422.txt_q2,consensus,D,1,3,HIGH,ambiguous
high8453.txt_q0,consensus,B,1,3,HIGH,ambiguous
high8453.txt_q1,consensus,C,1,3,HIGH,easy
high8453.txt_q2,consensus,C,1,3,HIGH,easy
high8453.txt_q3,consensus,B,1,3,HIGH,ambiguous
high8453.txt_q4,consensus,A,1,3,HIGH,ambiguous
high8462.txt_q0,consensus,A,1,3,HIGH,middle
high8462.txt_q1,consensus,D,1,3,HIGH,ambiguous
high8462.txt_q2,consensus,C,1,3,HIGH,easy
high8462.txt_q3,consensus,D,1,3,HIGH,hard
high8482.txt_q0,consensus,D,1,3,HIGH,hard
high8482.txt_q1,consensus,D,1,3,HIGH,ambiguous
high8482.txt_q2,consensus,A,1,3,HIGH,easy
high8508.txt_q0,consensus,D,1,3,HIGH,middle
high8508.txt_q1,consensus,A,1,3,HIGH,middle
high8508.txt_q2,consensus,B,1,3,HIGH,middle
high8508.txt_q3,consensus,C,1,3,HIGH,ambiguous
high8508.txt_q4,consensus,D,1,3,HIGH,hard
high8512.txt_q0,no_consensus,,0,3,HIGH,middle
high8512.txt_q1,consensus,D,1,3,HIGH,easy
high8512.txt_q2,consensus,D,1,3,HIGH,middle
high8512.txt_q3,consensus,C,1,3,HIGH,middle
high8527.txt_q0,consensus,C,1,3,HIGH,middle
high8527.txt_q1,consensus,B,1,3,HIGH,middle
high8527.txt_q2,consensus,B,1,3,HIGH,middle
high8527.txt_q3,consensus,A,1,3,HIGH,middle
high8561.txt_q0,consensus,C,1,3,HIGH,middle
high8561.txt_q1,consensus,D,1,3,HIGH,hard
high8561.txt_q2,consensus,C,0,3,HIGH,ambiguous
high8602.txt_q0,consensus,B,1,3,HIGH,ambiguous
high8602.txt_q1,consensus,D,1,3,HIGH,middle
high8602.txt_q2,consensus,D,1,3,HIGH,ambiguous
high8614.txt_q0,consensus,A,1,3,HIGH,easy
high8614.txt_q1,consensus,B,1,3,HIGH,middle
high8614.txt_q2,no_consensus,,0,3,HIGH,hard
high8614.txt_q3,consensus,A,1,3,HIGH,hard
high8623.txt_q0,consensus,D,1,3,HIGH,middle
high8623.txt_q1,consensus,C,1,3,HIGH,easy
high8623.txt_q2,consensus,C,1,3,HIGH,hard
high8623.txt_q3,consensus,C,1,3,HIGH,middle
high8623.txt_q4,consensus,B,1,3,HIGH,hard
high8635.txt_q0,consensus,A,1,3,HIGH,middle
high8635.txt_q1,consensus,C,1,3,HIGH,ambiguous
high8635.txt_q2,consensus,B,1,3,HIGH,middle
high8635.txt_q3,consensus,D,1,3,HIGH,hard
high8670.txt_q0,consensus,D,1,3,HIGH,hard
high8670.txt_q1,consensus,A,1,3,HIGH,ambiguous
high8670.txt_q2,consensus,B,1,3,HIGH,hard
high8670.txt_q3,consensus,C,1,3,HIGH,ambiguous
high8686.txt_q0,consensus,A,1,3,HIGH,middle
high8686.txt_q1,consensus,C,1,3,HIGH,middle
high8708.txt_q0,consensus,C,1,3,HIGH,ambiguous
high8708.txt_q1,consensus,D,1,3,HIGH,hard
high8708.txt_q2,consensus,A,1,3,HIGH,easy
high8708.txt_q3,consensus,D,1,3,HIGH,easy
high8736.txt_q0,consensus,D,1,3,HIGH,easy
high8736.txt_q1,consensus,A,1,3,HIGH,ambiguous
high8736.txt_q2,consensus,B,1,3,HIGH,easy
high8736.txt_q3,consensus,B,1,3,HIGH,middle
high8736.txt_q4,consensus,C,1,3,HIGH,ambiguous
high8747.txt_q0,consensus,D,1,3,HIGH,easy
high8747.txt_q1,consensus,A,1,3,HIGH,ambiguous
high8747.txt_q2,consensus,C,1,3,HIGH,middle
high8789.txt_q0,consensus,C,1,3,HIGH,hard
high8789.txt_q1,consensus,B,1,3,HIGH,ambiguous
high8789.txt_q2,consensus,C,1,3,HIGH,ambiguous
high8789.txt_q3,consensus,A,1,3,HIGH,hard
high8800.txt_q0,consensus,C,1,3,HIGH,easy
high8800.txt_q1,consensus,A,1,3,HIGH,middle
high8811.txt_q0,consensus,A,1,3,HIGH,middle
high8811.txt_q1,consensus,D,1,3,HIGH,easy
high8811.txt_q2,consensus,B,1,3,HIGH,hard
high8811.txt_q3,consensus,D,1,3,HIGH,ambiguous
high8811.txt_q4,consensus,C,1,3,HIGH,ambiguous
high8826.txt_q0,consensus,D,1,3,HIGH,middle
high8826.txt_q1,consensus,B,1,3,HIGH,ambiguous
high8826.txt_q2,consensus,C,1,3,HIGH,hard
high883.txt_q0,consensus,C,1,3,HIGH,hard
high883.txt_q1,consensus,B,1,3,HIGH,easy
high883.txt_q2,consensus,B,1,3,HIGH,hard
high883.txt_q3,consensus,A,1,3,HIGH,easy
high884.txt_q0,consensus,C,1,3,HIGH,middle
high884.txt_q1,consensus,C,1,3,HIGH,ambiguous
high884.txt_q2,consensus,A,1,3,HIGH,ambiguous
high8862.txt_q0,consensus,B,1,3,HIGH,easy
high8862.txt_q1,consensus,A,1,3,HIGH,hard
high8862.txt_q2,consensus,D,1,3,HIGH,middle
high8862.txt_q3,consensus,A,1,3,HIGH,hard
high8881.txt_q0,consensus,C,0,3,HIGH,easy
high8881.txt_q1,consensus,D,1,3,HIGH,hard
high8881.txt_q2,consensus,B,1,3,HIGH,middle
high8881.txt_q3,consensus,C,1,3,HIGH,ambiguous
high8918.txt_q0,consensus,C,1,3,HIGH,hard
high8918.txt_q1,consensus,A,1,3,HIGH,hard
high8919.txt_q0,consensus,B,1,3,HIGH,ambiguous
high8919.txt_q1,consensus,D,1,3,HIGH,middle
high8935.txt_q0,consensus,A,0,3,HIGH,hard
high8935.txt_q1,consensus,B,1,3,HIGH,middle
high8935.txt_q2,consensus,C,1,3,HIGH,hard
high8935.txt_q3,consensus,D,1,3,HIGH,ambiguous
high8935.txt_q4,consensus,A,1,3,HIGH,hard
high8982.txt_q0,consensus,B,1,3,HIGH,easy
high8982.txt_q1,consensus,B,1,3,HIGH,middle
high8982.txt_q2,consensus,A,1,3,HIGH,middle
high8985.txt_q0,consensus,C,1,3,HIGH,ambiguous
high8985.txt_q1,consensus,D,1,3,HIGH,ambiguous
high8985.txt_q2,consensus,B,1,3,HIGH,hard
high8985.txt_q3,consensus,A,1,3,HIGH,hard
high9002.txt_q0,consensus,B,1,3,HIGH,ambiguous
high9002.txt_q1,consensus,A,1,3,HIGH,hard
high9002.txt_q2,consensus,C,1,3,HIGH,ambiguous
high9002.txt_q3,consensus,B,1,3,HIGH,ambiguous
high9003.txt_q0,consensus,B,1,3,HIGH,ambiguous
high9003.txt_q1,consensus,C,1,3,HIGH,ambiguous
high9003.txt_q2,consensus,D,1,3,HIGH,ambiguous
high9027.txt_q0,consensus,B,1,3,HIGH,easy
high9027.txt_q1,consensus,C,1,3,HIGH,ambiguous
high9027.txt_q2,consensus,D,1,3,HIGH,ambiguous
high9027.txt_q3,consensus,B,1,3,HIGH,easy
high9027.txt_q4,consensus,A,1,3,HIGH,easy
high9067.txt_q0,consensus,C,1,3,HIGH,hard
high9067.txt_q1,consensus,B,1,3,HIGH,middle
high9067.txt_q2,consensus,A,1,3,HIGH,easy
high9071.txt_q0,consensus,D,1,3,HIGH,easy
high9071.txt_q1,consensus,D,1,3,HIGH,easy
high9071.txt_q2,consensus,B,1,3,HIGH,hard
high9071.txt_q3,consensus,C,1,3,HIGH,easy
high9071.txt_q4,consensus,C,1,3,HIGH,hard
high9117.txt_q0,consensus,B,1,3,HIGH,hard
high9117.txt_q1,consensus,C,1,3,HIGH,hard
high9117.txt_q2,consensus,C,1,3,HIGH,middle
high9117.txt_q3,consensus,C,0,3,HIGH,hard
high9118.txt_q0,consensus,B,1,3,HIGH,ambiguous
high9118.txt_q1,consensus,B,1,3,HIGH,hard
high9138.txt_q0,consensus,A,1,3,HIGH,ambiguous
high9138.txt_q1,consensus,C,1,3,HIGH,hard
high9138.txt_q2,consensus,D,1,3,HIGH,hard
high9168.txt_q0,consensus,D,1,3,HIGH,middle
high9168.txt_q1,consensus,B,1,3,HIGH,hard
high9168.txt_q2,consensus,B,1,3,HIGH,hard
high9187.txt_q0,consensus,C,1,3,HIGH,ambiguous
high9187.txt_q1,consensus,B,1,3,HIGH,hard
high9187.txt_q2,consensus,C,1,3,HIGH,easy
high9266.txt_q0,consensus,B,1,3,HIGH,hard
high9266.txt_q1,consensus,C,1,3,HIGH,ambiguous
high9272.txt_q0,consensus,C,1,3,HIGH,ambiguous
high9272.txt_q1,consensus,C,1,3,HIGH,hard
high9272.txt_q2,consensus,B,1,3,HIGH,middle
high9272.txt_q3,consensus,A,1,3,HIGH,middle
high9349.txt_q0,consensus,C,1,3,HIGH,ambiguous
high9349.txt_q1,consensus,A,1,3,HIGH,hard
high9349.txt_q2,consensus,A,1,3,HIGH,hard
high9349.txt_q3,consensus,A,1,3,HIGH,ambiguous
high9351.txt_q0,consensus,A,1,3,HIGH,middle
high9351.txt_q1,consensus,C,1,3,HIGH,easy
high9351.txt_q2,consensus,C,1,3,HIGH,middle
high9351.txt_q3,consensus,B,1,3,HIGH,hard
high939.txt_q0,consensus,B,1,3,HIGH,middle
high939.txt_q1,consensus,A,1,3,HIGH,ambiguous
high9395.txt_q0,consensus,C,1,3,HIGH,middle
high9395.txt_q1,consensus,A,1,3,HIGH,easy
high9395.txt_q2,consensus,C,1,3,HIGH,ambiguous
high9399.txt_q0,consensus,D,1,3,HIGH,ambiguous
high9399.txt_q1,no_consensus,,0,3,HIGH,middle
high9399.txt_q2,consensus,D,1,3,HIGH,easy
high9407.txt_q0,consensus,C,1,3,HIGH,middle
high9407.txt_q1,consensus,D,1,3,HIGH,ambiguous
high9408.txt_q0,consensus,C,1,3,HIGH,ambiguous
high9408.txt_q1,consensus,D,1,3,HIGH,hard
high9408.txt_q2,consensus,B,1,3,HIGH,middle
high9417.txt_q0,consensus,D,1,3,HIGH,middle
high9417.txt_q1,consensus,B,1,3,HIGH,hard
high9417.txt_q2,consensus,D,1,3,HIGH,hard
high9417.txt_q3,consensus,C,1,3,HIGH,ambiguous
high9444.txt_q0,consensus,C,1,3,HIGH,ambiguous
high9444.txt_q1,consensus,A,1,3,HIGH,ambiguous
high9444.txt_q2,consensus,A,1,3,HIGH,hard
high9444.txt_q3,consensus,B,1,3,HIGH,hard
high9463.txt_q0,consensus,C,1,3,HIGH,hard
high9463.txt_q1,consensus,D,1,3,HIGH,hard
high9463.txt_q2,consensus,A,1,3,HIGH,ambiguous
high9481.txt_q0,consensus,D,1,3,HIGH,easy
high9481.txt_q1,consensus,C,1,3,HIGH,middle
high9481.txt_q2,consensus,B,1,3,HIGH,easy
high9494.txt_q0,consensus,C,1,3,HIGH,ambiguous
high9516.txt_q0,consensus,D,1,3,HIGH,ambiguous
high9516.txt_q1,consensus,B,1,3,HIGH,easy
high9516.txt_q2,consensus,C,1,3,HIGH,middle
high9516.txt_q3,consensus,A,1,3,HIGH,ambiguous
high952.txt_q0,consensus,D,1,3,HIGH,ambiguous
high952.txt_q1,consensus,B,1,3,HIGH,ambiguous
high952.txt_q2,consensus,A,1,3,HIGH,easy
high9543.txt_q0,consensus,A,1,3,HIGH,ambiguous
high9543.txt_q1,consensus,C,1,3,HIGH,middle
high9579.txt_q0,consensus,C,1,3,HIGH,hard
high9579.txt_q1,consensus,A,1,3,HIGH,middle
high9616.txt_q0,consensus,D,1,3,HIGH,middle
high9616.txt_q1,consensus,D,1,3,HIGH,middle
high9616.txt_q2,consensus,C,1,3,HIGH,hard
high9625.txt_q0,consensus,B,1,3,HIGH,ambiguous
high9625.txt_q1,consensus,A,0,3,HIGH,hard
high9625.txt_q2,consensus,C,1,3,HIGH,ambiguous
high9627.txt_q0,consensus,B,1,3,HIGH,middle
high9627.txt_q1,consensus,C,1,3,HIGH,middle
high9709.txt_q0,consensus,B,1,3,HIGH,ambiguous
high9709.txt_q1,consensus,B,1,3,HIGH,easy
high9709.txt_q2,consensus,C,1,3,HIGH,hard
high9737.txt_q0,consensus,C,1,3,HIGH,ambiguous
high9737.txt_q1,consensus,C,1,3,HIGH,easy
high9737.txt_q2,consensus,A,1,3,HIGH,middle
high9750.txt_q0,consensus,D,0,3,HIGH,middle
high9750.txt_q1,consensus,D,1,3,HIGH,ambiguous
high9779.txt_q0,consensus,C,1,3,HIGH,hard
high9779.txt_q1,consensus,C,1,3,HIGH,middle
high9779.txt_q2,consensus,D,1,3,HIGH,middle
high9779.txt_q3,consensus,C,1,3,HIGH,easy
high9805.txt_q0,consensus,C,1,3,HIGH,hard
high9805.txt_q1,consensus,A,1,3,HIGH,middle
high9805.txt_q2,consensus,B,1,3,HIGH,hard
high9805.txt_q3,consensus,D,1,3,HIGH,hard
high981.txt_q0,consensus,C,1,3,HIGH,hard
high981.txt_q1,consensus,B,1,3,HIGH,middle
high9813.txt_q0,consensus,B,1,3,HIGH,middle
high9813.txt_q1,consensus,D,1,3,HIGH,ambiguous
high9813.txt_q2,consensus,B,1,3,HIGH,ambiguous
high9828.txt_q0,consensus,D,1,3,HIGH,hard
high9828.txt_q1,consensus,C,1,3,HIGH,easy
high9828.txt_q2,consensus,D,1,3,HIGH,ambiguous
high9828.txt_q3,consensus,A,1,3,HIGH,easy
high9841.txt_q0,consensus,B,1,3,HIGH,middle
high9841.txt_q1,consensus,D,1,3,HIGH,middle
high9841.txt_q2,consensus,A,1,3,HIGH,ambiguous
high9841.txt_q3,consensus,D,1,3,HIGH,easy
high9864.txt_q0,consensus,A,1,3,HIGH,easy
high9864.txt_q1,consensus,B,1,3,HIGH,ambiguous
high9864.txt_q2,consensus,D,1,3,HIGH,easy
high9897.txt_q0,consensus,B,1,3,HIGH,ambiguous
high9897.txt_q1,consensus,C,1,3,HIGH,middle
high9897.txt_q2,consensus,B,1,3,HIGH,easy
high9957.txt_q0,consensus,A,1,3,HIGH,hard
high9957.txt_q1,consensus,D,1,3,HIGH,middle
high9957.txt_q2,consensus,C,1,3,HIGH,hard
high9957.txt_q3,consensus,B,1,3,HIGH,easy
high9979.txt_q0,consensus,B,0,3,HIGH,hard
high9979.txt_q1,consensus,B,0,3,HIGH,ambiguous
high9987.txt_q0,consensus,D,1,3,HIGH,middle
high9987.txt_q1,consensus,B,1,3,HIGH,easy
high9987.txt_q2,consensus,C,1,3,HIGH,middle
middle1011.txt_q0,consensus,C,1,3,MIDDLE,middle
middle1011.txt_q1,consensus,D,1,3,MIDDLE,easy
middle1011.txt_q2,consensus,C,1,3,MIDDLE,easy
middle1011.txt_q3,consensus,A,1,3,MIDDLE,easy
middle1011.txt_q4,consensus,C,1,3,MIDDLE,easy
middle1030.txt_q0,consensus,C,1,3,MIDDLE,middle
middle1030.txt_q1,consensus,D,1,3,MIDDLE,hard
middle1030.txt_q2,consensus,C,1,3,MIDDLE,middle
middle1030.txt_q3,consensus,C,1,3,MIDDLE,ambiguous
middle1031.txt_q0,consensus,C,1,3,MIDDLE,easy
middle1031.txt_q1,consensus,D,1,3,MIDDLE,easy
middle1031.txt_q2,consensus,B,1,3,MIDDLE,middle
middle1031.txt_q3,consensus,B,1,3,MIDDLE,middle
middle1031.txt_q4,consensus,D,1,3,MIDDLE,middle
middle1035.txt_q0,consensus,D,1,3,MIDDLE,ambiguous
middle1035.txt_q1,consensus,D,0,3,MIDDLE,hard
middle1035.txt_q2,consensus,A,1,3,MIDDLE,middle
middle1035.txt_q3,consensus,A,1,3,MIDDLE,hard
middle1035.txt_q4,consensus,C,1,3,MIDDLE,middle
middle1045.txt_q0,consensus,C,1,3,MIDDLE,easy
middle1045.txt_q1,consensus,C,1,3,MIDDLE,easy
middle1045.txt_q2,consensus,D,1,3,MIDDLE,easy
middle1061.txt_q0,consensus,B,1,3,MIDDLE,easy
middle1061.txt_q1,consensus,D,1,3,MIDDLE,middle
middle1071.txt_q0,consensus,B,1,3,MIDDLE,ambiguous
middle1071.txt_q1,consensus,C,1,3,MIDDLE,easy
middle1071.txt_q2,consensus,A,1,3,MIDDLE,hard
middle1071.txt_q3,consensus,B,1,3,MIDDLE,ambiguous
middle1081.txt_q0,consensus,A,1,3,MIDDLE,middle
middle1081.txt_q1,consensus,D,1,3,MIDDLE,hard
middle1097.txt_q0,consensus,B,1,3,MIDDLE,ambiguous
middle1097.txt_q1,consensus,C,1,3,MIDDLE,easy
middle1097.txt_q2,consensus,A,0,3,MIDDLE,hard
middle1097.txt_q3,consensus,C,1,3,MIDDLE,middle
middle1097.txt_q4,consensus,B,1,3,MIDDLE,easy
middle1129.txt_q0,consensus,A,1,3,MIDDLE,easy
middle1129.txt_q1,consensus,C,1,3,MIDDLE,ambiguous
middle1129.txt_q2,consensus,D,1,3,MIDDLE,middle
middle1132.txt_q0,consensus,C,1,3,MIDDLE,hard
middle1132.txt_q1,consensus,C,1,3,MIDDLE,easy
middle1132.txt_q2,consensus,D,1,3,MIDDLE,middle
middle1132.txt_q3,consensus,D,1,3,MIDDLE,easy
middle1132.txt_q4,consensus,B,1,3,MIDDLE,easy
middle1137.txt_q0,consensus,A,1,3,MIDDLE,easy
middle1137.txt_q1,consensus,D,1,3,MIDDLE,hard
middle1137.txt_q2,consensus,C,1,3,MIDDLE,hard
middle1137.txt_q3,consensus,B,1,3,MIDDLE,ambiguous
middle1137.txt_q4,consensus,A,1,3,MIDDLE,hard
middle1148.txt_q0,consensus,C,1,3,MIDDLE,hard
middle1148.txt_q1,consensus,B,1,3,MIDDLE,middle
middle1148.txt_q2,consensus,B,1,3,MIDDLE,easy
middle1155.txt_q0,consensus,B,1,3,MIDDLE,hard
middle1155.txt_q1,consensus,D,1,3,MIDDLE,hard
middle1155.txt_q2,consensus,B,0,3,MIDDLE,hard
middle1155.txt_q3,consensus,A,1,3,MIDDLE,ambiguous
middle1160.txt_q0,consensus,D,1,3,MIDDLE,hard
middle1160.txt_q1,consensus,C,1,3,MIDDLE,middle
middle1160.txt_q2,consensus,B,1,3,MIDDLE,middle
middle1160.txt_q3,consensus,C,1,3,MIDDLE,ambiguous
middle1163.txt_q0,consensus,A,1,3,MIDDLE,ambiguous
middle1163.txt_q1,consensus,B,1,3,MIDDLE,ambiguous
middle1163.txt_q2,consensus,D,1,3,MIDDLE,ambiguous
middle1163.txt_q3,consensus,C,1,3,MIDDLE,easy
middle1187.txt_q0,consensus,B,1,3,MIDDLE,hard
middle1187.txt_q1,consensus,B,1,3,MIDDLE,ambiguous
middle1187.txt_q2,consensus,C,1,3,MIDDLE,middle
middle1187.txt_q3,consensus,B,0,3,MIDDLE,hard
middle1187.txt_q4,consensus,C,1,3,MIDDLE,ambiguous
middle1263.txt_q0,consensus,B,1,3,MIDDLE,middle
middle1263.txt_q1,consensus,D,1,3,MIDDLE,hard
middle1263.txt_q2,consensus,B,1,3,MIDDLE,hard
middle1263.txt_q3,consensus,C,1,3,MIDDLE,easy
middle1292.txt_q0,consensus,A,1,3,MIDDLE,easy
middle1292.txt_q1,consensus,C,1,3,MIDDLE,easy
middle1292.txt_q2,consensus,D,1,3,MIDDLE,easy
middle1292.txt_q3,consensus,A,1,3,MIDDLE,easy
middle1292.txt_q4,consensus,B,1,3,MIDDLE,middle
middle13.txt_q0,consensus,A,1,3,MIDDLE,easy
middle13.txt_q1,consensus,C,1,3,MIDDLE,ambiguous
middle13.txt_q2,consensus,A,1,3,MIDDLE,middle
middle13.txt_q3,consensus,D,1,3,MIDDLE,ambiguous
middle13.txt_q4,consensus,B,1,3,MIDDLE,easy
middle1302.txt_q0,consensus,B,1,3,MIDDLE,ambiguous
middle1302.txt_q1,consensus,D,0,3,MIDDLE,hard
middle1302.txt_q2,consensus,B,1,3,MIDDLE,ambiguous
middle1381.txt_q0,consensus,D,1,3,MIDDLE,middle
middle1381.txt_q1,consensus,B,1,3,MIDDLE,middle
middle1381.txt_q2,consensus,A,1,3,MIDDLE,easy
middle1381.txt_q3,consensus,D,1,3,MIDDLE,hard
middle1386.txt_q0,consensus,C,1,3,MIDDLE,ambiguous
middle1386.txt_q1,consensus,D,1,3,MIDDLE,middle
middle1386.txt_q2,consensus,A,1,3,MIDDLE,hard
middle1386.txt_q3,consensus,D,1,3,MIDDLE,easy
middle1386.txt_q4,consensus,B,1,3,MIDDLE,hard
middle1388.txt_q0,consensus,D,1,3,MIDDLE,ambiguous
middle1388.txt_q1,consensus,C,1,3,MIDDLE,middle
middle1388.txt_q2,consensus,A,1,3,MIDDLE,middle
middle1388.txt_q3,consensus,B,1,3,MIDDLE,easy
middle1390.txt_q0,consensus,A,1,3,MIDDLE,hard
middle1390.txt_q1,consensus,A,1,3,MIDDLE,easy
middle1390.txt_q2,consensus,D,1,3,MIDDLE,easy
middle1390.txt_q3,consensus,C,1,3,MIDDLE,hard
middle1417.txt_q0,consensus,B,1,3,MIDDLE,middle
middle1417.txt_q1,consensus,A,1,3,MIDDLE,middle
middle1417.txt_q2,consensus,B,1,3,MIDDLE,hard
middle1417.txt_q3,consensus,B,1,3,MIDDLE,ambiguous
middle1422.txt_q0,consensus,C,1,3,MIDDLE,ambiguous
middle1422.txt_q1,consensus,B,1,3,MIDDLE,hard
middle1422.txt_q2,consensus,D,1,3,MIDDLE,hard
middle1422.txt_q3,consensus,A,1,3,MIDDLE,ambiguous
middle1422.txt_q4,consensus,C,1,3,MIDDLE,ambiguous
middle1427.txt_q0,consensus,A,1,3,MIDDLE,ambiguous
middle1427.txt_q1,consensus,D,1,3,MIDDLE,hard
middle1427.txt_q2,consensus,C,1,3,MIDDLE,middle
middle1427.txt_q3,consensus,B,1,3,MIDDLE,easy
middle1438.txt_q0,consensus,B,1,3,MIDDLE,ambiguous
middle1438.txt_q1,consensus,A,1,3,MIDDLE,ambiguous
middle1438.txt_q2,consensus,D,1,3,MIDDLE,easy
middle1438.txt_q3,consensus,B,1,3,MIDDLE,easy
middle1438.txt_q4,consensus,D,1,3,MIDDLE,middle
middle1455.txt_q0,consensus,D,1,3,MIDDLE,easy
middle1455.txt_q1,consensus,C,1,3,MIDDLE,easy
middle1455.txt_q2,consensus,B,1,3,MIDDLE,easy
middle1455.txt_q3,consensus,A,1,3,MIDDLE,hard
middle1455.txt_q4,consensus,C,1,3,MIDDLE,hard
middle1463.txt_q0,consensus,A,1,3,MIDDLE,easy
middle1463.txt_q1,consensus,A,1,3,MIDDLE,hard
middle1463.txt_q2,consensus,B,1,3,MIDDLE,ambiguous
middle1463.txt_q3,consensus,C,1,3,MIDDLE,middle
middle1463.txt_q4,consensus,D,1,3,MIDDLE,middle
middle148.txt_q0,consensus,C,1,3,MIDDLE,hard
middle148.txt_q1,consensus,C,1,3,MIDDLE,middle
middle148.txt_q2,consensus,C,1,3,MIDDLE,middle
middle148.txt_q3,consensus,B,1,3,MIDDLE,hard
middle148.txt_q4,consensus,B,1,3,MIDDLE,hard
middle1554.txt_q0,consensus,D,1,3,MIDDLE,ambiguous
middle1554.txt_q1,consensus,C,1,3,MIDDLE,middle
middle1554.txt_q2,consensus,B,1,3,MIDDLE,easy
middle1554.txt_q3,consensus,D,1,3,MIDDLE,middle
middle1554.txt_q4,consensus,A,1,3,MIDDLE,easy
middle157.txt_q0,consensus,B,1,3,MIDDLE,middle
middle157.txt_q1,consensus,C,1,3,MIDDLE,hard
middle157.txt_q2,consensus,B,1,3,MIDDLE,easy
middle157.txt_q3,consensus,D,1,3,MIDDLE,middle
middle157.txt_q4,consensus,A,1,3,MIDDLE,hard
middle1584.txt_q0,consensus,C,1,3,MIDDLE,ambiguous
middle1584.txt_q1,consensus,B,1,3,MIDDLE,easy
middle1584.txt_q2,consensus,A,1,3,MIDDLE,easy
middle1584.txt_q3,consensus,B,1,3,MIDDLE,ambiguous
middle1593.txt_q0,consensus,A,1,3,MIDDLE,ambiguous
middle1593.txt_q1,consensus,C,1,3,MIDDLE,hard
middle1593.txt_q2,consensus,B,1,3,MIDDLE,hard
middle1593.txt_q3,consensus,D,1,3,MIDDLE,hard
middle1593.txt_q4,consensus,C,1,3,MIDDLE,ambiguous
middle163.txt_q0,consensus,D,1,3,MIDDLE,middle
middle163.txt_q1,consensus,C,1,3,MIDDLE,ambiguous
middle163.txt_q2,consensus,A,1,3,MIDDLE,hard
middle163.txt_q3,consensus,B,1,3,MIDDLE,hard
middle163.txt_q4,consensus,C,0,3,MIDDLE,hard
middle1638.txt_q0,consensus,A,1,3,MIDDLE,easy
middle1638.txt_q1,consensus,C,1,3,MIDDLE,easy
middle1638.txt_q2,consensus,B,1,3,MIDDLE,hard
middle1638.txt_q3,consensus,D,1,3,MIDDLE,easy
middle1638.txt_q4,consensus,C,1,3,MIDDLE,hard
middle1641.txt_q0,consensus,C,1,3,MIDDLE,easy
middle1641.txt_q1,consensus,A,1,3,MIDDLE,hard
middle1641.txt_q2,consensus,B,1,3,MIDDLE,easy
middle1641.txt_q3,consensus,D,1,3,MIDDLE,ambiguous
middle1642.txt_q0,consensus,B,1,3,MIDDLE,middle
middle1642.txt_q1,consensus,B,1,3,MIDDLE,easy
middle1642.txt_q2,consensus,C,1,3,MIDDLE,easy
middle1642.txt_q3,consensus,D,1,3,MIDDLE,ambiguous
middle1650.txt_q0,consensus,D,1,3,MIDDLE,middle
middle1650.txt_q1,consensus,D,1,3,MIDDLE,ambiguous
middle1650.txt_q2,consensus,D,1,3,MIDDLE,middle
middle168.txt_q0,consensus,A,1,3,MIDDLE,easy
middle168.txt_q1,consensus,A,1,3,MIDDLE,easy
middle1688.txt_q0,consensus,C,1,3,MIDDLE,easy
middle1688.txt_q1,consensus,B,1,3,MIDDLE,easy
middle1688.txt_q2,consensus,D,1,3,MIDDLE,ambiguous
middle1689.txt_q0,consensus,A,1,3,MIDDLE,easy
middle1689.txt_q1,consensus,C,1,3,MIDDLE,easy
middle1689.txt_q2,consensus,C,1,3,MIDDLE,hard
middle1689.txt_q3,consensus,A,1,3,MIDDLE,easy
middle1700.txt_q0,consensus,C,1,3,MIDDLE,middle
middle1700.txt_q1,consensus,A,1,3,MIDDLE,easy
middle1734.txt_q0,consensus,A,1,3,MIDDLE,easy
middle1734.txt_q1,consensus,B,1,3,MIDDLE,hard
middle1734.txt_q2,consensus,C,1,3,MIDDLE,easy
middle175.txt_q0,consensus,A,1,3,MIDDLE,ambiguous
middle175.txt_q1,consensus,B,1,3,MIDDLE,middle
middle175.txt_q2,consensus,B,1,3,MIDDLE,easy
middle1793.txt_q0,consensus,D,1,3,MIDDLE,middle
middle1793.txt_q1,consensus,C,1,3,MIDDLE,middle
middle1793.txt_q2,consensus,B,1,3,MIDDLE,hard
middle1793.txt_q3,consensus,C,1,3,MIDDLE,easy
middle1793.txt_q4,consensus,C,0,3,MIDDLE,middle
middle1813.txt_q0,consensus,C,1,3,MIDDLE,easy
middle1813.txt_q1,consensus,B,1,3,MIDDLE,hard
middle1813.txt_q2,consensus,B,1,3,MIDDLE,easy
middle1813.txt_q3,consensus,A,1,3,MIDDLE,easy
middle1839.txt_q0,consensus,D,1,3,MIDDLE,middle
middle1839.txt_q1,consensus,B,1,3,MIDDLE,easy
middle1839.txt_q2,consensus,D,1,3,MIDDLE,hard
middle1839.txt_q3,consensus,D,1,3,MIDDLE,easy
middle1839.txt_q4,consensus,A,1,3,MIDDLE,easy
middle1865.txt_q0,consensus,C,0,3,MIDDLE,middle
middle1865.txt_q1,consensus,A,1,3,MIDDLE,easy
middle1865.txt_q2,consensus,D,1,3,MIDDLE,hard
middle1865.txt_q3,consensus,D,1,3,MIDDLE,ambiguous
middle1865.txt_q4,consensus,B,1,3,MIDDLE,hard
middle1874.txt_q0,consensus,B,1,3,MIDDLE,middle
middle1874.txt_q1,consensus,B,1,3,MIDDLE,easy
middle1874.txt_q2,consensus,B,1,3,MIDDLE,hard
middle1874.txt_q3,consensus,C,1,3,MIDDLE,ambiguous
middle1874.txt_q4,consensus,A,1,3,MIDDLE,ambiguous
middle1916.txt_q0,consensus,A,1,3,MIDDLE,ambiguous
middle1916.txt_q1,consensus,B,1,3,MIDDLE,ambiguous
middle1916.txt_q2,consensus,C,1,3,MIDDLE,easy
middle1916.txt_q3,consensus,D,1,3,MIDDLE,hard
middle1916.txt_q4,consensus,A,1,3,MIDDLE,easy
middle1957.txt_q0,consensus,A,1,3,MIDDLE,easy
middle1957.txt_q1,consensus,B,1,3,MIDDLE,easy
middle1957.txt_q2,consensus,C,1,3,MIDDLE,middle
middle1957.txt_q3,consensus,D,1,3,MIDDLE,easy
middle1957.txt_q4,consensus,D,1,3,MIDDLE,middle
middle1978.txt_q0,consensus,B,1,3,MIDDLE,middle
middle1978.txt_q1,consensus,D,1,3,MIDDLE,middle
middle1978.txt_q2,consensus,B,1,3,MIDDLE,middle
middle1978.txt_q3,consensus,A,1,3,MIDDLE,hard
middle1989.txt_q0,consensus,B,1,3,MIDDLE,ambiguous
middle1989.txt_q1,consensus,A,1,3,MIDDLE,hard
middle1990.txt_q0,consensus,C,1,3,MIDDLE,easy
middle1990.txt_q1,consensus,D,1,3,MIDDLE,easy
middle1990.txt_q2,consensus,D,1,3,MIDDLE,ambiguous
middle1990.txt_q3,consensus,B,1,3,MIDDLE,easy
middle2047.txt_q0,consensus,B,1,3,MIDDLE,easy
middle2047.txt_q1,consensus,D,1,3,MIDDLE,ambiguous
middle205.txt_q0,consensus,A,1,3,MIDDLE,easy
middle2067.txt_q0,consensus,C,1,3,MIDDLE,hard
middle2074.txt_q0,consensus,A,1,3,MIDDLE,ambiguous
middle2074.txt_q1,consensus,C,1,3,MIDDLE,middle
middle2074.txt_q2,consensus,D,1,3,MIDDLE,easy
middle2079.txt_q0,consensus,C,1,3,MIDDLE,middle
middle2079.txt_q1,consensus,B,1,3,MIDDLE,middle
middle2079.txt_q2,consensus,D,1,3,MIDDLE,hard
middle2080.txt_q0,consensus,B,1,3,MIDDLE,easy
middle2080.txt_q1,consensus,A,1,3,MIDDLE,ambiguous
middle2080.txt_q2,consensus,D,1,3,MIDDLE,middle
middle2080.txt_q3,consensus,A,1,3,MIDDLE,easy
middle2098.txt_q0,consensus,A,1,3,MIDDLE,middle
middle2098.txt_q1,consensus,C,1,3,MIDDLE,ambiguous
middle2098.txt_q2,consensus,D,1,3,MIDDLE,easy
middle2118.txt_q0,consensus,B,1,3,MIDDLE,hard
middle2118.txt_q1,consensus,D,1,3,MIDDLE,hard
middle2118.txt_q2,consensus,D,1,3,MIDDLE,hard
middle2118.txt_q3,consensus,A,1,3,MIDDLE,hard
middle2119.txt_q0,consensus,C,1,3,MIDDLE,middle
middle2119.txt_q1,consensus,D,1,3,MIDDLE,middle
middle2165.txt_q0,consensus,D,1,3,MIDDLE,easy
middle2165.txt_q1,consensus,D,1,3,MIDDLE,ambiguous
middle2165.txt_q2,consensus,C,1,3,MIDDLE,middle
middle2165.txt_q3,consensus,B,1,3,MIDDLE,easy
middle2165.txt_q4,consensus,A,1,3,MIDDLE,ambiguous
middle217.txt_q0,consensus,D,1,3,MIDDLE,middle
middle217.txt_q1,consensus,D,1,3,MIDDLE,ambiguous
middle217.txt_q2,consensus,C,1,3,MIDDLE,hard
middle217.txt_q3,consensus,B,1,3,MIDDLE,hard
middle2199.txt_q0,consensus,D,1,3,MIDDLE,hard
middle2199.txt_q1,consensus,C,1,3,MIDDLE,easy
middle2199.txt_q2,consensus,C,1,3,MIDDLE,middle
middle2199.txt_q3,consensus,A,1,3,MIDDLE,ambiguous
middle2289.txt_q0,consensus,B,1,3,MIDDLE,ambiguous
middle2289.txt_q1,consensus,C,1,3,MIDDLE,easy
middle2289.txt_q2,consensus,A,1,3,MIDDLE,ambiguous
middle2289.txt_q3,consensus,D,1,3,MIDDLE,hard
middle2289.txt_q4,consensus,D,1,3,MIDDLE,ambiguous
middle2305.txt_q0,consensus,D,1,3,MIDDLE,ambiguous
middle2305.txt_q1,consensus,D,1,3,MIDDLE,ambiguous
middle2305.txt_q2,consensus,C,1,3,MIDDLE,easy
middle2305.txt_q3,consensus,A,1,3,MIDDLE,easy
middle2305.txt_q4,consensus,D,1,3,MIDDLE,easy
middle2333.txt_q0,consensus,B,1,3,MIDDLE,ambiguous
middle2333.txt_q1,consensus,C,1,3,MIDDLE,middle
middle2333.txt_q2,consensus,C,1,3,MIDDLE,ambiguous
middle2333.txt_q3,consensus,D,1,3,MIDDLE,hard
middle2356.txt_q0,consensus,A,1,3,MIDDLE,easy
middle2356.txt_q1,consensus,C,1,3,MIDDLE,easy
middle2407.txt_q0,consensus,D,1,3,MIDDLE,easy
middle2407.txt_q1,consensus,A,1,3,MIDDLE,easy
middle2407.txt_q2,consensus,D,1,3,MIDDLE,easy
middle2407.txt_q3,consensus,D,1,3,MIDDLE,ambiguous
middle2407.txt_q4,consensus,B,1,3,MIDDLE,ambiguous
middle2414.txt_q0,consensus,C,1,3,MIDDLE,easy
middle2414.txt_q1,consensus,B,1,3,MIDDLE,middle
middle2414.txt_q2,consensus,B,1,3,MIDDLE,ambiguous
middle2414.txt_q3,consensus,C,1,3,MIDDLE,ambiguous
middle2439.txt_q0,consensus,D,1,3,MIDDLE,easy
middle2439.txt_q1,consensus,C,1,3,MIDDLE,easy
middle2439.txt_q2,consensus,D,1,3,MIDDLE,easy
middle2439.txt_q3,consensus,B,1,3,MIDDLE,ambiguous
middle2446.txt_q0,consensus,A,1,3,MIDDLE,easy
middle2446.txt_q1,consensus,B,1,3,MIDDLE,ambiguous
middle2446.txt_q2,consensus,B,0,3,MIDDLE,middle
middle2446.txt_q3,consensus,C,1,3,MIDDLE,middle
middle2462.txt_q0,consensus,C,1,3,MIDDLE,ambiguous
middle2462.txt_q1,consensus,B,1,3,MIDDLE,ambiguous
middle2462.txt_q2,consensus,B,1,3,MIDDLE,hard
middle2462.txt_q3,consensus,C,1,3,MIDDLE,ambiguous
middle2462.txt_q4,consensus,C,1,3,MIDDLE,ambiguous
middle2473.txt_q0,consensus,B,1,3,MIDDLE,middle
middle2473.txt_q1,consensus,C,1,3,MIDDLE,middle
middle2473.txt_q2,consensus,D,1,3,MIDDLE,hard
middle2473.txt_q3,consensus,A,1,3,MIDDLE,middle
middle2473.txt_q4,consensus,D,1,3,MIDDLE,ambiguous
middle2489.txt_q0,consensus,A,1,3,MIDDLE,hard
middle2489.txt_q1,consensus,B,1,3,MIDDLE,easy
middle2489.txt_q2,consensus,C,1,3,MIDDLE,ambiguous
middle2489.txt_q3,consensus,C,1,3,MIDDLE,middle
middle2489.txt_q4,consensus,D,1,3,MIDDLE,ambiguous
middle2507.txt_q0,consensus,B,1,3,MIDDLE,hard
middle2507.txt_q1,consensus,D,1,3,MIDDLE,easy
middle2507.txt_q2,consensus,B,0,3,MIDDLE,hard
middle2507.txt_q3,consensus,B,1,3,MIDDLE,middle
middle2564.txt_q0,consensus,C,1,3,MIDDLE,middle
middle2564.txt_q1,consensus,C,1,3,MIDDLE,easy
middle2564.txt_q2,consensus,D,1,3,MIDDLE,easy
middle2564.txt_q3,consensus,B,1,3,MIDDLE,easy
middle2572.txt_q0,consensus,B,1,3,MIDDLE,ambiguous
middle2572.txt_q1,consensus,D,1,3,MIDDLE,ambiguous
middle2572.txt_q2,consensus,C,1,3,MIDDLE,easy
middle2572.txt_q3,consensus,B,1,3,MIDDLE,middle
middle2578.txt_q0,consensus,C,1,3,MIDDLE,middle
middle2578.txt_q1,consensus,D,1,3,MIDDLE,easy
middle2578.txt_q2,consensus,B,1,3,MIDDLE,easy
middle2578.txt_q3,consensus,C,0,3,MIDDLE,hard
middle2578.txt_q4,consensus,C,1,3,MIDDLE,middle
middle2612.txt_q0,consensus,B,1,3,MIDDLE,easy
middle2612.txt_q1,consensus,C,1,3,MIDDLE,ambiguous
middle2612.txt_q2,consensus,D,1,2,MIDDLE,ambiguous
middle2612.txt_q3,consensus,A,1,3,MIDDLE,middle
middle2624.txt_q0,consensus,D,1,3,MIDDLE,easy
middle2624.txt_q1,consensus,D,1,3,MIDDLE,middle
middle2624.txt_q2,consensus,C,1,3,MIDDLE,middle
middle2624.txt_q3,consensus,B,1,3,MIDDLE,ambiguous
middle2662.txt_q0,consensus,D,1,3,MIDDLE,middle
middle2663.txt_q0,consensus,A,1,3,MIDDLE,middle
middle2663.txt_q1,consensus,D,1,3,MIDDLE,easy
middle2663.txt_q2,consensus,C,1,3,MIDDLE,easy
middle2679.txt_q0,consensus,D,1,3,MIDDLE,easy
middle2679.txt_q1,consensus,B,1,3,MIDDLE,hard
middle2679.txt_q2,consensus,D,1,3,MIDDLE,middle
middle2679.txt_q3,consensus,D,1,3,MIDDLE,hard
middle2703.txt_q0,consensus,C,1,3,MIDDLE,easy
middle2703.txt_q1,consensus,C,1,3,MIDDLE,ambiguous
middle2703.txt_q2,consensus,C,1,3,MIDDLE,middle
middle2722.txt_q0,consensus,D,1,3,MIDDLE,ambiguous
middle2750.txt_q0,consensus,A,1,3,MIDDLE,middle
middle2750.txt_q1,consensus,C,1,3,MIDDLE,middle
middle2750.txt_q2,consensus,D,1,3,MIDDLE,ambiguous
middle2750.txt_q3,consensus,A,1,3,MIDDLE,middle
middle2750.txt_q4,consensus,B,1,3,MIDDLE,easy
middle2756.txt_q0,consensus,C,1,3,MIDDLE,easy
middle2756.txt_q1,consensus,B,1,3,MIDDLE,ambiguous
middle2756.txt_q2,consensus,A,1,3,MIDDLE,easy
middle2768.txt_q0,consensus,C,1,3,MIDDLE,easy
middle2768.txt_q1,consensus,C,1,3,MIDDLE,hard
middle2768.txt_q2,consensus,A,1,3,MIDDLE,ambiguous
middle2768.txt_q3,consensus,B,1,3,MIDDLE,easy
middle2774.txt_q0,consensus,B,1,3,MIDDLE,easy
middle2774.txt_q1,consensus,C,1,3,MIDDLE,easy
middle2774.txt_q2,consensus,D,1,3,MIDDLE,ambiguous
middle2774.txt_q3,consensus,D,1,3,MIDDLE,middle
middle2774.txt_q4,consensus,A,1,3,MIDDLE,ambiguous
middle2841.txt_q0,consensus,A,1,3,MIDDLE,ambiguous
middle2841.txt_q1,consensus,A,1,3,MIDDLE,ambiguous
middle2841.txt_q2,consensus,B,1,3,MIDDLE,hard
middle2841.txt_q3,consensus,B,1,3,MIDDLE,easy
middle2887.txt_q0,consensus,D,1,3,MIDDLE,easy
middle2887.txt_q1,consensus,C,1,3,MIDDLE,ambiguous
middle2887.txt_q2,consensus,A,0,3,MIDDLE,hard
middle2887.txt_q3,consensus,C,0,3,MIDDLE,hard
middle2887.txt_q4,consensus,C,1,3,MIDDLE,middle
middle2899.txt_q0,consensus,B,1,3,MIDDLE,ambiguous
middle2899.txt_q1,consensus,C,1,3,MIDDLE,middle
middle2899.txt_q2,consensus,D,1,3,MIDDLE,middle
middle291.txt_q0,consensus,D,0,3,MIDDLE,hard
middle291.txt_q1,consensus,D,1,3,MIDDLE,ambiguous
middle291.txt_q2,consensus,A,1,3,MIDDLE,hard
middle291.txt_q3,consensus,C,1,3,MIDDLE,middle
middle291.txt_q4,consensus,B,1,2,MIDDLE,ambiguous
middle2910.txt_q0,consensus,A,1,3,MIDDLE,ambiguous
middle2910.txt_q1,consensus,B,1,3,MIDDLE,middle
middle2910.txt_q2,consensus,C,1,3,MIDDLE,hard
middle2910.txt_q3,consensus,D,1,3,MIDDLE,hard
middle2927.txt_q0,consensus,B,1,3,MIDDLE,easy
middle2927.txt_q1,consensus,C,1,3,MIDDLE,easy
middle2927.txt_q2,consensus,D,1,3,MIDDLE,easy
middle2927.txt_q3,consensus,A,1,3,MIDDLE,easy
middle2927.txt_q4,consensus,D,1,3,MIDDLE,easy
middle2930.txt_q0,consensus,C,1,3,MIDDLE,ambiguous
middle2930.txt_q1,consensus,D,1,3,MIDDLE,easy
middle2946.txt_q0,consensus,B,1,3,MIDDLE,middle
middle2946.txt_q1,consensus,C,1,3,MIDDLE,ambiguous
middle2946.txt_q2,consensus,A,1,3,MIDDLE,easy
middle2946.txt_q3,consensus,C,1,3,MIDDLE,middle
middle2955.txt_q0,consensus,B,1,3,MIDDLE,ambiguous
middle299.txt_q0,consensus,D,1,3,MIDDLE,ambiguous
middle299.txt_q1,consensus,A,1,3,MIDDLE,middle
middle299.txt_q2,consensus,C,1,3,MIDDLE,easy
middle299.txt_q3,consensus,D,1,3,MIDDLE,easy
middle299.txt_q4,consensus,C,1,3,MIDDLE,easy
middle2994.txt_q0,consensus,A,1,3,MIDDLE,hard
middle2994.txt_q1,consensus,B,1,3,MIDDLE,hard
middle2994.txt_q2,consensus,C,1,3,MIDDLE,hard
middle2994.txt_q3,consensus,D,1,3,MIDDLE,middle
middle3016.txt_q0,consensus,B,1,3,MIDDLE,easy
middle3016.txt_q1,consensus,D,1,3,MIDDLE,easy
middle3016.txt_q2,consensus,A,1,3,MIDDLE,middle
middle3016.txt_q3,consensus,B,1,3,MIDDLE,middle
middle3028.txt_q0,consensus,D,1,3,MIDDLE,middle
middle3028.txt_q1,consensus,A,1,3,MIDDLE,easy
middle3028.txt_q2,consensus,C,1,3,MIDDLE,middle
middle3028.txt_q3,consensus,D,1,3,MIDDLE,ambiguous
middle3028.txt_q4,consensus,A,1,3,MIDDLE,ambiguous
middle3052.txt_q0,consensus,C,1,3,MIDDLE,ambiguous
middle3052.txt_q1,consensus,B,1,3,MIDDLE,ambiguous
middle3052.txt_q2,consensus,A,1,3,MIDDLE,easy
middle3088.txt_q0,consensus,A,1,3,MIDDLE,hard
middle3088.txt_q1,consensus,C,1,3,MIDDLE,middle
middle3089.txt_q0,consensus,A,1,3,MIDDLE,easy
middle3089.txt_q1,consensus,B,1,3,MIDDLE,ambiguous
middle3089.txt_q2,consensus,C,1,3,MIDDLE,ambiguous
middle3103.txt_q0,consensus,B,1,3,MIDDLE,easy
middle3103.txt_q1,consensus,B,1,3,MIDDLE,easy
middle3103.txt_q2,consensus,C,1,3,MIDDLE,easy
middle3103.txt_q3,consensus,A,1,3,MIDDLE,hard
middle3120.txt_q0,consensus,A,1,3,MIDDLE,middle
middle3120.txt_q1,consensus,B,1,3,MIDDLE,middle
middle3120.txt_q2,consensus,C,1,3,MIDDLE,hard
middle3120.txt_q3,consensus,D,1,3,MIDDLE,easy
middle3263.txt_q0,consensus,A,1,3,MIDDLE,ambiguous
middle3263.txt_q1,consensus,D,1,3,MIDDLE,ambiguous
middle3263.txt_q2,consensus,C,1,3,MIDDLE,easy
middle3263.txt_q3,consensus,B,1,3,MIDDLE,easy
middle3263.txt_q4,consensus,D,1,3,MIDDLE,hard
middle3334.txt_q0,consensus,B,1,3,MIDDLE,ambiguous
middle3334.txt_q1,consensus,D,1,3,MIDDLE,ambiguous
middle3334.txt_q2,consensus,D,0,3,MIDDLE,hard
middle3334.txt_q3,consensus,A,1,3,MIDDLE,ambiguous
middle3349.txt_q0,consensus,A,1,3,MIDDLE,easy
middle3349.txt_q1,consensus,B,1,3,MIDDLE,easy
middle3349.txt_q2,consensus,D,1,3,MIDDLE,middle
middle3349.txt_q3,consensus,B,1,3,MIDDLE,easy
middle3349.txt_q4,consensus,A,1,3,MIDDLE,hard
middle3372.txt_q0,consensus,A,1,3,MIDDLE,hard
middle3372.txt_q1,consensus,B,1,3,MIDDLE,middle
middle3372.txt_q2,consensus,D,1,3,MIDDLE,middle
middle3372.txt_q3,consensus,A,1,3,MIDDLE,easy
middle3376.txt_q0,consensus,D,1,3,MIDDLE,easy
middle3376.txt_q1,consensus,C,1,3,MIDDLE,easy
middle3376.txt_q2,consensus,C,1,3,MIDDLE,middle
middle34.txt_q0,consensus,D,0,3,MIDDLE,hard
middle34.txt_q1,consensus,B,0,3,MIDDLE,hard
middle34.txt_q2,consensus,A,1,3,MIDDLE,middle
middle34.txt_q3,consensus,D,1,3,MIDDLE,ambiguous
middle3409.txt_q0,consensus,D,1,3,MIDDLE,ambiguous
middle3409.txt_q1,consensus,C,1,3,MIDDLE,middle
middle3409.txt_q2,consensus,A,1,3,MIDDLE,easy
middle3429.txt_q0,consensus,D,1,3,MIDDLE,ambiguous
middle3429.txt_q1,consensus,A,1,3,MIDDLE,ambiguous
middle3429.txt_q2,consensus,C,1,3,MIDDLE,ambiguous
middle3429.txt_q3,consensus,A,1,3,MIDDLE,easy
middle3429.txt_q4,consensus,B,1,3,MIDDLE,easy
middle344.txt_q0,consensus,C,1,3,MIDDLE,easy
middle344.txt_q1,consensus,D,1,3,MIDDLE,easy
middle344.txt_q2,consensus,A,1,3,MIDDLE,ambiguous
middle344.txt_q3,consensus,B,1,3,MIDDLE,middle
middle344.txt_q4,consensus,A,1,3,MIDDLE,hard
middle3476.txt_q0,consensus,D,1,3,MIDDLE,hard
middle3476.txt_q1,consensus,B,1,3,MIDDLE,hard
middle3476.txt_q2,consensus,A,1,3,MIDDLE,middle
middle3476.txt_q3,consensus,D,1,3,MIDDLE,easy
middle3476.txt_q4,consensus,C,1,3,MIDDLE,middle
middle3508.txt_q0,consensus,B,1,3,MIDDLE,easy
middle3508.txt_q1,consensus,C,1,3,MIDDLE,hard
middle3508.txt_q2,consensus,C,1,3,MIDDLE,hard
middle3551.txt_q0,consensus,B,1,3,MIDDLE,easy
middle3551.txt_q1,consensus,A,1,3,MIDDLE,middle
middle3551.txt_q2,consensus,A,1,3,MIDDLE,middle
middle3551.txt_q3,consensus,C,1,3,MIDDLE,easy
middle3554.txt_q0,consensus,B,1,3,MIDDLE,ambiguous
middle3554.txt_q1,consensus,C,1,3,MIDDLE,hard
middle3554.txt_q2,consensus,B,1,3,MIDDLE,ambiguous
middle3554.txt_q3,consensus,D,1,3,MIDDLE,hard
middle3554.txt_q4,consensus,B,1,3,MIDDLE,ambiguous
middle3561.txt_q0,consensus,B,1,3,MIDDLE,easy
middle3561.txt_q1,consensus,D,1,3,MIDDLE,hard
middle3561.txt_q2,consensus,A,1,3,MIDDLE,ambiguous
middle3561.txt_q3,consensus,B,1,3,MIDDLE,hard
middle3578.txt_q0,consensus,B,1,3,MIDDLE,ambiguous
middle3578.txt_q1,consensus,D,1,3,MIDDLE,ambiguous
middle3578.txt_q2,consensus,B,1,3,MIDDLE,easy
middle3578.txt_q3,consensus,A,1,3,MIDDLE,easy
middle3578.txt_q4,consensus,C,1,3,MIDDLE,easy
middle3594.txt_q0,consensus,B,1,3,MIDDLE,hard
middle3594.txt_q1,consensus,C,1,3,MIDDLE,ambiguous
middle3625.txt_q0,consensus,B,1,3,MIDDLE,hard
middle3625.txt_q1,consensus,D,0,3,MIDDLE,hard
middle3625.txt_q2,consensus,B,0,3,MIDDLE,hard
middle3625.txt_q3,consensus,A,1,3,MIDDLE,ambiguous
middle3626.txt_q0,consensus,A,1,3,MIDDLE,middle
middle3626.txt_q1,consensus,B,1,3,MIDDLE,middle
middle3626.txt_q2,consensus,D,1,3,MIDDLE,easy
middle3630.txt_q0,consensus,B,1,3,MIDDLE,middle
middle3630.txt_q1,consensus,C,1,3,MIDDLE,easy
middle3630.txt_q2,consensus,A,1,3,MIDDLE,easy
middle3630.txt_q3,consensus,D,1,3,MIDDLE,middle
middle364.txt_q0,consensus,B,1,3,MIDDLE,easy
middle364.txt_q1,consensus,C,1,3,MIDDLE,easy
middle364.txt_q2,consensus,B,1,3,MIDDLE,hard
middle364.txt_q3,consensus,B,1,3,MIDDLE,easy
middle3647.txt_q0,consensus,A,1,3,MIDDLE,hard
middle3647.txt_q1,consensus,B,1,3,MIDDLE,ambiguous
middle3647.txt_q2,consensus,C,1,3,MIDDLE,ambiguous
middle3647.txt_q3,consensus,A,1,3,MIDDLE,hard
middle3647.txt_q4,consensus,D,1,3,MIDDLE,easy
middle3661.txt_q0,consensus,B,1,3,MIDDLE,easy
middle3661.txt_q1,consensus,B,1,3,MIDDLE,easy
middle3661.txt_q2,consensus,D,1,3,MIDDLE,easy
middle3661.txt_q3,consensus,A,1,3,MIDDLE,easy
middle3661.txt_q4,consensus,C,1,3,MIDDLE,easy
middle3670.txt_q0,consensus,C,1,3,MIDDLE,easy
middle3670.txt_q1,consensus,D,1,3,MIDDLE,middle
middle3670.txt_q2,consensus,A,1,3,MIDDLE,ambiguous
middle3670.txt_q3,consensus,B,1,3,MIDDLE,hard
middle3670.txt_q4,consensus,D,1,3,MIDDLE,hard
middle3720.txt_q0,consensus,B,1,3,MIDDLE,easy
middle3720.txt_q1,consensus,B,1,3,MIDDLE,easy
middle3720.txt_q2,consensus,B,1,3,MIDDLE,easy
middle3720.txt_q3,consensus,A,1,3,MIDDLE,easy
middle3720.txt_q4,consensus,D,1,3,MIDDLE,ambiguous
middle3728.txt_q0,consensus,D,1,3,MIDDLE,easy
middle3728.txt_q1,consensus,C,1,3,MIDDLE,hard
middle3728.txt_q2,consensus,B,1,3,MIDDLE,ambiguous
middle3728.txt_q3,consensus,A,1,3,MIDDLE,hard
middle3751.txt_q0,consensus,C,1,3,MIDDLE,ambiguous
middle3751.txt_q1,consensus,C,1,3,MIDDLE,middle
middle3751.txt_q2,consensus,A,1,3,MIDDLE,middle
middle3751.txt_q3,consensus,D,1,3,MIDDLE,ambiguous
middle3751.txt_q4,consensus,A,1,3,MIDDLE,middle
middle3753.txt_q0,consensus,B,1,3,MIDDLE,easy
middle3753.txt_q1,consensus,A,1,3,MIDDLE,easy
middle3753.txt_q2,consensus,A,1,3,MIDDLE,easy
middle3753.txt_q3,consensus,B,1,3,MIDDLE,middle
middle3775.txt_q0,consensus,C,1,3,MIDDLE,easy
middle3775.txt_q1,consensus,B,1,3,MIDDLE,hard
middle3775.txt_q2,consensus,B,0,3,MIDDLE,hard
middle3775.txt_q3,consensus,A,1,3,MIDDLE,hard
middle3775.txt_q4,consensus,D,1,3,MIDDLE,ambiguous
middle3779.txt_q0,consensus,C,1,3,MIDDLE,easy
middle3779.txt_q1,consensus,B,1,3,MIDDLE,easy
middle3779.txt_q2,consensus,D,1,3,MIDDLE,hard
middle3779.txt_q3,consensus,A,1,3,MIDDLE,ambiguous
middle3828.txt_q0,consensus,B,1,3,MIDDLE,easy
middle3828.txt_q1,consensus,B,1,3,MIDDLE,easy
middle3828.txt_q2,consensus,C,1,3,MIDDLE,easy
middle3828.txt_q3,consensus,D,1,3,MIDDLE,easy
middle3828.txt_q4,consensus,D,1,3,MIDDLE,easy
middle3841.txt_q0,consensus,D,0,3,MIDDLE,ambiguous
middle3841.txt_q1,consensus,C,1,3,MIDDLE,middle
middle3841.txt_q2,consensus,D,1,3,MIDDLE,hard
middle388.txt_q0,consensus,A,1,3,MIDDLE,middle
middle388.txt_q1,consensus,C,1,3,MIDDLE,middle
middle388.txt_q2,consensus,C,1,3,MIDDLE,hard
middle388.txt_q3,consensus,B,1,3,MIDDLE,easy
middle3887.txt_q0,consensus,D,1,3,MIDDLE,easy
middle3887.txt_q1,consensus,C,1,3,MIDDLE,easy
middle3891.txt_q0,consensus,A,1,3,MIDDLE,middle
middle3891.txt_q1,consensus,D,1,3,MIDDLE,middle
middle3891.txt_q2,consensus,B,1,3,MIDDLE,ambiguous
middle3891.txt_q3,consensus,A,1,3,MIDDLE,ambiguous
middle3891.txt_q4,consensus,D,1,3,MIDDLE,hard
middle3994.txt_q0,consensus,C,1,3,MIDDLE,easy
middle3994.txt_q1,consensus,B,1,3,MIDDLE,middle
middle3994.txt_q2,consensus,D,1,3,MIDDLE,ambiguous
middle3994.txt_q3,consensus,C,1,3,MIDDLE,middle
middle3994.txt_q4,consensus,B,1,3,MIDDLE,middle
middle401.txt_q0,consensus,A,1,3,MIDDLE,ambiguous
middle401.txt_q1,consensus,A,1,3,MIDDLE,ambiguous
middle401.txt_q2,consensus,A,1,3,MIDDLE,hard
middle401.txt_q3,consensus,C,1,3,MIDDLE,ambiguous
middle4032.txt_q0,consensus,B,0,3,MIDDLE,hard
middle4032.txt_q1,consensus,C,1,3,MIDDLE,easy
middle4032.txt_q2,consensus,A,1,3,MIDDLE,middle
middle4032.txt_q3,consensus,A,1,3,MIDDLE,easy
middle4052.txt_q0,consensus,A,1,3,MIDDLE,easy
middle4052.txt_q1,consensus,B,1,3,MIDDLE,hard
middle4052.txt_q2,consensus,C,1,3,MIDDLE,middle
middle4068.txt_q0,consensus,D,1,3,MIDDLE,ambiguous
middle4068.txt_q1,consensus,C,1,3,MIDDLE,middle
middle4068.txt_q2,consensus,C,1,3,MIDDLE,hard
middle4068.txt_q3,consensus,D,1,3,MIDDLE,hard
middle4074.txt_q0,consensus,C,1,3,MIDDLE,easy
middle4074.txt_q1,consensus,A,1,3,MIDDLE,easy
middle4074.txt_q2,consensus,D,1,3,MIDDLE,easy
middle4084.txt_q0,consensus,D,1,3,MIDDLE,ambiguous
middle4084.txt_q1,consensus,D,1,3,MIDDLE,hard
middle4084.txt_q2,consensus,C,1,3,MIDDLE,ambiguous
middle4084.txt_q3,consensus,C,1,3,MIDDLE,hard
middle4088.txt_q0,consensus,B,1,3,MIDDLE,easy
middle4088.txt_q1,consensus,A,1,3,MIDDLE,ambiguous
middle4088.txt_q2,consensus,C,1,3,MIDDLE,middle
middle4088.txt_q3,consensus,D,1,3,MIDDLE,middle
middle4132.txt_q0,consensus,B,1,3,MIDDLE,easy
middle4132.txt_q1,consensus,D,1,3,MIDDLE,easy
middle4132.txt_q2,consensus,A,1,3,MIDDLE,middle
middle4132.txt_q3,consensus,A,1,3,MIDDLE,ambiguous
middle4167.txt_q0,consensus,A,1,3,MIDDLE,easy
middle4167.txt_q1,consensus,B,1,3,MIDDLE,easy
middle4167.txt_q2,consensus,B,1,3,MIDDLE,middle
middle4167.txt_q3,consensus,C,1,3,MIDDLE,hard
middle4167.txt_q4,consensus,A,1,3,MIDDLE,ambiguous
middle4178.txt_q0,consensus,D,1,3,MIDDLE,middle
middle4178.txt_q1,consensus,B,1,3,MIDDLE,ambiguous
middle4182.txt_q0,consensus,A,1,3,MIDDLE,easy
middle4182.txt_q1,consensus,A,1,3,MIDDLE,hard
middle4182.txt_q2,consensus,C,1,3,MIDDLE,easy
middle4183.txt_q0,consensus,B,1,3,MIDDLE,easy
middle4183.txt_q1,consensus,A,1,3,MIDDLE,ambiguous
middle4183.txt_q2,consensus,D,1,3,MIDDLE,hard
middle4183.txt_q3,consensus,A,1,3,MIDDLE,hard
middle4233.txt_q0,consensus,B,1,3,MIDDLE,hard
middle4233.txt_q1,consensus,C,1,3,MIDDLE,easy
middle4233.txt_q2,consensus,C,1,3,MIDDLE,easy
middle4233.txt_q3,consensus,B,1,3,MIDDLE,easy
middle4233.txt_q4,consensus,D,1,3,MIDDLE,easy
middle4237.txt_q0,consensus,B,1,3,MIDDLE,ambiguous
middle4237.txt_q1,consensus,C,1,3,MIDDLE,ambiguous
middle4237.txt_q2,consensus,D,1,3,MIDDLE,middle
middle4237.txt_q3,consensus,B,1,3,MIDDLE,ambiguous
middle4237.txt_q4,consensus,A,1,3,MIDDLE,hard
middle4240.txt_q0,consensus,A,1,3,MIDDLE,easy
middle4240.txt_q1,consensus,C,1,3,MIDDLE,easy
middle4240.txt_q2,consensus,D,1,3,MIDDLE,hard
middle4240.txt_q3,consensus,C,1,3,MIDDLE,easy
middle4240.txt_q4,consensus,B,1,3,MIDDLE,middle
middle4266.txt_q0,consensus,C,1,3,MIDDLE,ambiguous
middle4266.txt_q1,consensus,C,1,3,MIDDLE,easy
middle4266.txt_q2,consensus,A,1,3,MIDDLE,easy
middle4287.txt_q0,consensus,B,1,3,MIDDLE,middle
middle4287.txt_q1,consensus,D,1,3,MIDDLE,easy
middle4287.txt_q2,consensus,C,1,3,MIDDLE,hard
middle4287.txt_q3,consensus,C,1,3,MIDDLE,easy
middle4287.txt_q4,consensus,C,0,3,MIDDLE,hard
middle4307.txt_q0,consensus,A,1,3,MIDDLE,easy
middle4307.txt_q1,consensus,B,1,3,MIDDLE,easy
middle4307.txt_q2,consensus,D,1,3,MIDDLE,easy
middle435.txt_q0,consensus,B,1,3,MIDDLE,middle
middle435.txt_q1,consensus,C,1,3,MIDDLE,middle
middle435.txt_q2,consensus,C,0,3,MIDDLE,hard
middle435.txt_q3,consensus,D,1,3,MIDDLE,easy
middle4375.txt_q0,consensus,C,1,3,MIDDLE,easy
middle4375.txt_q1,consensus,B,1,3,MIDDLE,easy
middle4375.txt_q2,consensus,D,1,3,MIDDLE,easy
middle4394.txt_q0,consensus,B,1,3,MIDDLE,easy
middle4394.txt_q1,consensus,D,1,3,MIDDLE,easy
middle4394.txt_q2,consensus,C,1,3,MIDDLE,middle
middle4394.txt_q3,consensus,A,1,3,MIDDLE,easy
middle4460.txt_q0,consensus,B,1,3,MIDDLE,easy
middle4460.txt_q1,consensus,B,1,3,MIDDLE,hard
middle4460.txt_q2,consensus,C,1,3,MIDDLE,ambiguous
middle4460.txt_q3,consensus,B,0,3,MIDDLE,hard
middle4492.txt_q0,consensus,D,1,3,MIDDLE,ambiguous
middle4492.txt_q1,consensus,D,0,3,MIDDLE,hard
middle4492.txt_q2,consensus,D,1,3,MIDDLE,ambiguous
middle4520.txt_q0,consensus,B,1,3,MIDDLE,easy
middle4520.txt_q1,consensus,C,1,3,MIDDLE,easy
middle4520.txt_q2,consensus,D,1,3,MIDDLE,middle
middle4520.txt_q3,consensus,A,1,3,MIDDLE,hard
middle4525.txt_q0,consensus,C,1,3,MIDDLE,middle
middle4525.txt_q1,consensus,C,1,3,MIDDLE,hard
middle4525.txt_q2,consensus,D,1,3,MIDDLE,easy
middle4525.txt_q3,consensus,A,1,3,MIDDLE,ambiguous
middle4527.txt_q0,consensus,B,1,3,MIDDLE,easy
middle4527.txt_q1,consensus,A,1,3,MIDDLE,middle
middle4527.txt_q2,consensus,B,1,3,MIDDLE,hard
middle4527.txt_q3,consensus,D,1,3,MIDDLE,middle
middle4527.txt_q4,consensus,B,1,3,MIDDLE,easy
middle4542.txt_q0,consensus,A,1,3,MIDDLE,hard
middle4542.txt_q1,consensus,B,1,2,MIDDLE,middle
middle4542.txt_q2,consensus,D,1,3,MIDDLE,ambiguous
middle4542.txt_q3,consensus,C,1,3,MIDDLE,ambiguous
middle4542.txt_q4,consensus,B,1,3,MIDDLE,hard
middle4574.txt_q0,consensus,D,1,3,MIDDLE,hard
middle4574.txt_q1,consensus,D,0,3,MIDDLE,hard
middle4574.txt_q2,consensus,B,1,3,MIDDLE,ambiguous
middle4576.txt_q0,consensus,D,1,3,MIDDLE,hard
middle4576.txt_q1,consensus,B,1,3,MIDDLE,ambiguous
middle4576.txt_q2,consensus,C,1,3,MIDDLE,middle
middle4576.txt_q3,consensus,C,0,3,MIDDLE,hard
middle4584.txt_q0,consensus,D,1,3,MIDDLE,hard
middle4584.txt_q1,consensus,D,1,3,MIDDLE,middle
middle4584.txt_q2,consensus,C,1,3,MIDDLE,easy
middle4584.txt_q3,consensus,A,1,3,MIDDLE,easy
middle4591.txt_q0,consensus,C,1,3,MIDDLE,ambiguous
middle4591.txt_q1,consensus,B,1,3,MIDDLE,hard
middle4591.txt_q2,consensus,C,1,3,MIDDLE,ambiguous
middle4591.txt_q3,consensus,B,1,3,MIDDLE,hard
middle4669.txt_q0,consensus,B,1,3,MIDDLE,ambiguous
middle4669.txt_q1,consensus,C,1,3,MIDDLE,middle
middle4669.txt_q2,consensus,B,1,3,MIDDLE,hard
middle4669.txt_q3,consensus,C,1,3,MIDDLE,easy
middle4669.txt_q4,consensus,B,1,3,MIDDLE,ambiguous
middle4676.txt_q0,consensus,D,1,3,MIDDLE,middle
middle4676.txt_q1,consensus,B,1,3,MIDDLE,middle
middle4676.txt_q2,consensus,C,1,3,MIDDLE,easy
middle4690.txt_q0,consensus,B,1,3,MIDDLE,easy
middle4690.txt_q1,consensus,C,1,3,MIDDLE,easy
middle4690.txt_q2,consensus,D,1,3,MIDDLE,easy
middle4690.txt_q3,consensus,D,1,3,MIDDLE,ambiguous
middle4690.txt_q4,consensus,A,1,3,MIDDLE,ambiguous
middle4704.txt_q0,consensus,C,1,3,MIDDLE,ambiguous
middle4704.txt_q1,consensus,B,1,3,MIDDLE,ambiguous
middle4704.txt_q2,consensus,A,1,3,MIDDLE,ambiguous
middle4704.txt_q3,consensus,D,1,3,MIDDLE,middle
middle4704.txt_q4,consensus,A,1,3,MIDDLE,hard
middle4715.txt_q0,consensus,B,1,3,MIDDLE,hard
middle4715.txt_q1,consensus,C,1,3,MIDDLE,middle
middle4715.txt_q2,consensus,A,1,3,MIDDLE,ambiguous
middle4715.txt_q3,consensus,D,1,3,MIDDLE,ambiguous
middle4717.txt_q0,consensus,A,1,3,MIDDLE,easy
middle4717.txt_q1,consensus,B,1,3,MIDDLE,middle
middle4717.txt_q2,consensus,B,1,3,MIDDLE,ambiguous
middle4717.txt_q3,consensus,D,1,3,MIDDLE,easy
middle4825.txt_q0,consensus,B,1,3,MIDDLE,middle
middle4825.txt_q1,consensus,C,0,3,MIDDLE,hard
middle4825.txt_q2,consensus,A,1,3,MIDDLE,easy
middle4825.txt_q3,consensus,C,1,3,MIDDLE,ambiguous
middle4864.txt_q0,consensus,D,1,3,MIDDLE,easy
middle4864.txt_q1,consensus,B,1,3,MIDDLE,easy
middle4864.txt_q2,consensus,C,1,3,MIDDLE,easy
middle487.txt_q0,consensus,C,1,3,MIDDLE,easy
middle487.txt_q1,consensus,A,1,3,MIDDLE,easy
middle487.txt_q2,consensus,B,1,3,MIDDLE,easy
middle487.txt_q3,consensus,D,1,3,MIDDLE,hard
middle4896.txt_q0,consensus,B,1,3,MIDDLE,ambiguous
middle4896.txt_q1,consensus,D,1,3,MIDDLE,ambiguous
middle4896.txt_q2,consensus,D,1,3,MIDDLE,middle
middle4896.txt_q3,consensus,B,1,3,MIDDLE,middle
middle4899.txt_q0,consensus,B,1,3,MIDDLE,middle
middle4899.txt_q1,consensus,A,1,3,MIDDLE,ambiguous
middle4899.txt_q2,consensus,B,1,3,MIDDLE,hard
middle4899.txt_q3,consensus,C,0,3,MIDDLE,hard
middle4899.txt_q4,consensus,C,1,3,MIDDLE,ambiguous
middle490.txt_q0,consensus,A,1,3,MIDDLE,middle
middle490.txt_q1,consensus,B,1,3,MIDDLE,ambiguous
middle490.txt_q2,consensus,B,1,3,MIDDLE,hard
middle490.txt_q3,consensus,D,1,3,MIDDLE,hard
middle495.txt_q0,consensus,B,1,3,MIDDLE,easy
middle495.txt_q1,consensus,C,1,3,MIDDLE,middle
middle495.txt_q2,consensus,A,1,3,MIDDLE,middle
middle4966.txt_q0,consensus,C,1,3,MIDDLE,ambiguous
middle4966.txt_q1,consensus,B,1,3,MIDDLE,easy
middle4966.txt_q2,consensus,D,1,3,MIDDLE,easy
middle4966.txt_q3,consensus,A,1,3,MIDDLE,middle
middle4988.txt_q0,consensus,D,1,3,MIDDLE,middle
middle4988.txt_q1,consensus,C,1,3,MIDDLE,hard
middle4988.txt_q2,consensus,B,1,3,MIDDLE,hard
middle4988.txt_q3,consensus,B,1,3,MIDDLE,middle
middle5018.txt_q0,consensus,B,1,3,MIDDLE,hard
middle5018.txt_q1,consensus,C,1,3,MIDDLE,ambiguous
middle5064.txt_q0,consensus,C,1,3,MIDDLE,easy
middle5064.txt_q1,consensus,B,1,3,MIDDLE,ambiguous
middle5064.txt_q2,consensus,C,1,3,MIDDLE,ambiguous
middle5069.txt_q0,consensus,B,1,3,MIDDLE,easy
middle5069.txt_q1,consensus,D,1,3,MIDDLE,middle
middle5069.txt_q2,consensus,B,1,3,MIDDLE,ambiguous
middle5069.txt_q3,consensus,B,1,3,MIDDLE,middle
middle511.txt_q0,consensus,C,1,3,MIDDLE,hard
middle511.txt_q1,consensus,B,1,3,MIDDLE,easy
middle511.txt_q2,consensus,D,1,3,MIDDLE,ambiguous
middle5123.txt_q0,consensus,B,1,3,MIDDLE,hard
middle5123.txt_q1,consensus,C,1,3,MIDDLE,easy
middle5123.txt_q2,consensus,C,1,3,MIDDLE,easy
middle5123.txt_q3,consensus,B,1,3,MIDDLE,ambiguous
middle5123.txt_q4,consensus,A,1,3,MIDDLE,hard
middle5148.txt_q0,consensus,B,1,3,MIDDLE,ambiguous
middle5148.txt_q1,consensus,D,1,3,MIDDLE,middle
middle5148.txt_q2,consensus,A,1,3,MIDDLE,hard
middle5148.txt_q3,consensus,A,1,3,MIDDLE,easy
middle5154.txt_q0,consensus,C,1,3,MIDDLE,middle
middle5154.txt_q1,consensus,D,1,3,MIDDLE,easy
middle5154.txt_q2,consensus,B,1,3,MIDDLE,ambiguous
middle5154.txt_q3,consensus,C,1,3,MIDDLE,ambiguous
middle516.txt_q0,consensus,B,1,3,MIDDLE,ambiguous
middle516.txt_q1,consensus,C,1,3,MIDDLE,ambiguous
middle516.txt_q2,consensus,C,1,3,MIDDLE,hard
middle516.txt_q3,consensus,A,1,3,MIDDLE,middle
middle5162.txt_q0,consensus,C,1,3,MIDDLE,easy
middle5162.txt_q1,consensus,A,1,3,MIDDLE,ambiguous
middle5162.txt_q2,consensus,C,1,3,MIDDLE,easy
middle5162.txt_q3,consensus,A,1,3,MIDDLE,ambiguous
middle5162.txt_q4,consensus,B,1,3,MIDDLE,hard
middle5205.txt_q0,consensus,C,1,3,MIDDLE,ambiguous
middle5205.txt_q1,consensus,A,1,3,MIDDLE,middle
middle5205.txt_q2,consensus,D,1,3,MIDDLE,ambiguous
middle5208.txt_q0,consensus,D,1,3,MIDDLE,easy
middle5208.txt_q1,consensus,C,1,3,MIDDLE,hard
middle5208.txt_q2,consensus,D,1,3,MIDDLE,hard
middle5208.txt_q3,consensus,B,1,3,MIDDLE,easy
middle5208.txt_q4,consensus,C,1,3,MIDDLE,hard
middle5210.txt_q0,consensus,C,1,3,MIDDLE,hard
middle5210.txt_q1,consensus,A,1,3,MIDDLE,easy
middle5210.txt_q2,consensus,A,1,3,MIDDLE,middle
middle5210.txt_q3,consensus,B,1,3,MIDDLE,ambiguous
middle5210.txt_q4,consensus,D,1,3,MIDDLE,ambiguous
middle5226.txt_q0,consensus,A,1,3,MIDDLE,hard
middle5226.txt_q1,consensus,D,1,3,MIDDLE,middle
middle5226.txt_q2,consensus,B,1,3,MIDDLE,hard
middle5226.txt_q3,consensus,D,1,3,MIDDLE,ambiguous
middle5230.txt_q0,consensus,D,1,3,MIDDLE,easy
middle5230.txt_q1,consensus,B,1,3,MIDDLE,easy
middle5230.txt_q2,consensus,B,1,3,MIDDLE,ambiguous
middle5230.txt_q3,consensus,C,1,3,MIDDLE,easy
middle5230.txt_q4,consensus,A,1,3,MIDDLE,hard
middle5294.txt_q0,consensus,B,1,3,MIDDLE,middle
middle5294.txt_q1,consensus,C,1,3,MIDDLE,easy
middle5294.txt_q2,consensus,A,1,3,MIDDLE,easy
middle5296.txt_q0,consensus,A,1,3,MIDDLE,middle
middle5296.txt_q1,consensus,B,1,3,MIDDLE,easy
middle5296.txt_q2,consensus,D,1,3,MIDDLE,ambiguous
middle5300.txt_q0,consensus,A,1,3,MIDDLE,middle
middle5300.txt_q1,consensus,C,1,3,MIDDLE,easy
middle5300.txt_q2,consensus,D,1,3,MIDDLE,easy
middle5310.txt_q0,consensus,B,1,3,MIDDLE,easy
middle5310.txt_q1,consensus,C,1,3,MIDDLE,easy
middle5310.txt_q2,consensus,A,1,3,MIDDLE,hard
middle5310.txt_q3,consensus,C,1,3,MIDDLE,middle
middle5325.txt_q0,consensus,A,1,3,MIDDLE,ambiguous
middle5325.txt_q1,consensus,B,1,3,MIDDLE,middle
middle5325.txt_q2,consensus,D,1,3,MIDDLE,ambiguous
middle5325.txt_q3,consensus,B,0,3,MIDDLE,hard
middle5325.txt_q4,consensus,D,1,3,MIDDLE,ambiguous
middle5339.txt_q0,consensus,D,0,3,MIDDLE,easy
middle5339.txt_q1,consensus,D,1,3,MIDDLE,ambiguous
middle5339.txt_q2,consensus,D,1,3,MIDDLE,easy
middle5339.txt_q3,consensus,B,1,3,MIDDLE,easy
middle534.txt_q0,consensus,C,1,3,MIDDLE,easy
middle534.txt_q1,consensus,B,1,3,MIDDLE,hard
middle534.txt_q2,consensus,D,1,3,MIDDLE,hard
middle5366.txt_q0,consensus,C,1,3,MIDDLE,hard
middle5366.txt_q1,consensus,D,1,3,MIDDLE,ambiguous
middle5366.txt_q2,consensus,B,1,3,MIDDLE,ambiguous
middle5380.txt_q0,consensus,B,1,3,MIDDLE,easy
middle5380.txt_q1,consensus,A,1,3,MIDDLE,ambiguous
middle5390.txt_q0,consensus,C,1,3,MIDDLE,middle
middle5390.txt_q1,consensus,C,1,3,MIDDLE,hard
middle5390.txt_q2,consensus,C,1,3,MIDDLE,middle
middle5396.txt_q0,consensus,B,1,3,MIDDLE,ambiguous
middle5396.txt_q1,consensus,D,1,3,MIDDLE,hard
middle5396.txt_q2,consensus,B,1,3,MIDDLE,hard
middle5396.txt_q3,consensus,A,1,3,MIDDLE,hard
middle5396.txt_q4,consensus,A,1,3,MIDDLE,easy
middle5426.txt_q0,consensus,B,1,3,MIDDLE,ambiguous
middle5426.txt_q1,consensus,D,1,3,MIDDLE,middle
middle5426.txt_q2,consensus,B,1,3,MIDDLE,ambiguous
middle5450.txt_q0,consensus,C,1,3,MIDDLE,middle
middle5450.txt_q1,consensus,B,1,3,MIDDLE,easy
middle5450.txt_q2,consensus,A,1,3,MIDDLE,middle
middle5450.txt_q3,consensus,D,1,3,MIDDLE,middle
middle5450.txt_q4,consensus,D,1,3,MIDDLE,middle
middle5477.txt_q0,consensus,B,1,3,MIDDLE,easy
middle5477.txt_q1,consensus,A,1,3,MIDDLE,middle
middle5477.txt_q2,consensus,C,1,3,MIDDLE,ambiguous
middle5477.txt_q3,consensus,A,1,3,MIDDLE,easy
middle5483.txt_q0,consensus,C,1,3,MIDDLE,easy
middle5483.txt_q1,consensus,A,1,3,MIDDLE,easy
middle5483.txt_q2,consensus,D,1,3,MIDDLE,ambiguous
middle5525.txt_q0,consensus,B,1,3,MIDDLE,ambiguous
middle5525.txt_q1,consensus,A,1,3,MIDDLE,hard
middle5525.txt_q2,consensus,D,1,3,MIDDLE,ambiguous
middle5525.txt_q3,consensus,B,1,3,MIDDLE,ambiguous
middle5525.txt_q4,consensus,C,1,3,MIDDLE,middle
middle5544.txt_q0,consensus,A,1,3,MIDDLE,easy
middle5544.txt_q1,consensus,C,1,3,MIDDLE,hard
middle5544.txt_q2,consensus,C,1,3,MIDDLE,middle
middle5625.txt_q0,consensus,C,1,3,MIDDLE,ambiguous
middle5625.txt_q1,consensus,C,0,3,MIDDLE,hard
middle5671.txt_q0,consensus,A,1,3,MIDDLE,easy
middle5671.txt_q1,consensus,B,1,3,MIDDLE,easy
middle5671.txt_q2,consensus,C,1,3,MIDDLE,easy
middle5711.txt_q0,consensus,B,1,3,MIDDLE,easy
middle5711.txt_q1,consensus,C,1,3,MIDDLE,ambiguous
middle5711.txt_q2,consensus,D,1,3,MIDDLE,middle
middle5711.txt_q3,consensus,C,1,3,MIDDLE,ambiguous
middle5739.txt_q0,consensus,C,1,3,MIDDLE,easy
middle5739.txt_q1,consensus,C,1,3,MIDDLE,ambiguous
middle5739.txt_q2,consensus,B,1,3,MIDDLE,hard
middle5739.txt_q3,consensus,C,1,3,MIDDLE,hard
middle5739.txt_q4,consensus,C,1,3,MIDDLE,ambiguous
middle5761.txt_q0,consensus,B,1,3,MIDDLE,middle
middle5761.txt_q1,consensus,D,1,3,MIDDLE,hard
middle5761.txt_q2,consensus,A,1,3,MIDDLE,easy
middle577.txt_q0,consensus,B,1,3,MIDDLE,middle
middle577.txt_q1,consensus,D,1,3,MIDDLE,ambiguous
middle577.txt_q2,consensus,A,1,3,MIDDLE,hard
middle5776.txt_q0,consensus,B,1,3,MIDDLE,ambiguous
middle5776.txt_q1,consensus,C,0,3,MIDDLE,hard
middle5776.txt_q2,consensus,A,1,3,MIDDLE,easy
middle5776.txt_q3,consensus,D,1,3,MIDDLE,easy
middle5785.txt_q0,consensus,A,1,3,MIDDLE,easy
middle5785.txt_q1,consensus,D,1,3,MIDDLE,ambiguous
middle5785.txt_q2,consensus,B,1,3,MIDDLE,easy
middle5785.txt_q3,consensus,C,1,3,MIDDLE,hard
middle5869.txt_q0,consensus,D,1,3,MIDDLE,ambiguous
middle5869.txt_q1,consensus,C,1,3,MIDDLE,middle
middle5869.txt_q2,consensus,D,1,3,MIDDLE,ambiguous
middle5975.txt_q0,consensus,D,1,3,MIDDLE,easy
middle5975.txt_q1,consensus,D,1,3,MIDDLE,middle
middle5975.txt_q2,consensus,B,1,3,MIDDLE,middle
middle6000.txt_q0,consensus,D,1,3,MIDDLE,easy
middle6000.txt_q1,consensus,A,1,3,MIDDLE,ambiguous
middle6000.txt_q2,consensus,B,1,3,MIDDLE,easy
middle6000.txt_q3,consensus,C,1,3,MIDDLE,middle
middle6000.txt_q4,consensus,A,1,3,MIDDLE,easy
middle6023.txt_q0,consensus,B,1,3,MIDDLE,hard
middle6023.txt_q1,consensus,A,1,3,MIDDLE,hard
middle6023.txt_q2,consensus,C,1,3,MIDDLE,ambiguous
middle6023.txt_q3,consensus,C,1,3,MIDDLE,easy
middle6062.txt_q0,consensus,C,1,3,MIDDLE,middle
middle6062.txt_q1,consensus,B,1,3,MIDDLE,easy
middle6062.txt_q2,consensus,A,1,3,MIDDLE,easy
middle6062.txt_q3,consensus,D,1,3,MIDDLE,easy
middle6062.txt_q4,consensus,B,1,3,MIDDLE,easy
middle6065.txt_q0,consensus,A,1,3,MIDDLE,easy
middle6065.txt_q1,consensus,B,1,3,MIDDLE,hard
middle6065.txt_q2,consensus,D,1,3,MIDDLE,middle
middle6065.txt_q3,consensus,C,1,3,MIDDLE,easy
middle6068.txt_q0,consensus,D,1,3,MIDDLE,ambiguous
middle6068.txt_q1,consensus,B,1,3,MIDDLE,ambiguous
middle6068.txt_q2,consensus,A,1,3,MIDDLE,ambiguous
middle6068.txt_q3,consensus,C,1,3,MIDDLE,ambiguous
middle6068.txt_q4,consensus,A,1,3,MIDDLE,ambiguous
middle6107.txt_q0,consensus,C,1,3,MIDDLE,ambiguous
middle6107.txt_q1,consensus,A,1,3,MIDDLE,easy
middle6107.txt_q2,consensus,B,1,3,MIDDLE,ambiguous
middle6107.txt_q3,consensus,D,1,3,MIDDLE,easy
middle611.txt_q0,consensus,B,1,3,MIDDLE,hard
middle611.txt_q1,consensus,C,1,3,MIDDLE,easy
middle611.txt_q2,consensus,D,1,3,MIDDLE,easy
middle6118.txt_q0,consensus,B,1,3,MIDDLE,easy
middle6118.txt_q1,consensus,B,1,3,MIDDLE,middle
middle6120.txt_q0,consensus,D,1,3,MIDDLE,ambiguous
middle6120.txt_q1,consensus,D,1,3,MIDDLE,hard
middle6120.txt_q2,consensus,A,1,3,MIDDLE,hard
middle6128.txt_q0,consensus,D,1,3,MIDDLE,easy
middle6128.txt_q1,consensus,D,1,3,MIDDLE,hard
middle6187.txt_q0,consensus,B,0,3,MIDDLE,hard
middle6187.txt_q1,consensus,C,0,3,MIDDLE,hard
middle6187.txt_q2,consensus,A,1,3,MIDDLE,easy
middle6187.txt_q3,consensus,B,1,3,MIDDLE,hard
middle6187.txt_q4,consensus,A,1,3,MIDDLE,easy
middle6190.txt_q0,consensus,C,1,3,MIDDLE,ambiguous
middle6190.txt_q1,consensus,A,1,3,MIDDLE,easy
middle6190.txt_q2,consensus,D,0,3,MIDDLE,middle
middle6190.txt_q3,consensus,D,1,3,MIDDLE,middle
middle6190.txt_q4,consensus,A,1,3,MIDDLE,hard
middle6244.txt_q0,consensus,B,1,3,MIDDLE,easy
middle625.txt_q0,consensus,C,1,3,MIDDLE,ambiguous
middle625.txt_q1,consensus,D,1,3,MIDDLE,easy
middle625.txt_q2,consensus,C,1,3,MIDDLE,ambiguous
middle6261.txt_q0,consensus,C,1,3,MIDDLE,ambiguous
middle6261.txt_q1,consensus,D,1,3,MIDDLE,middle
middle6261.txt_q2,consensus,B,0,3,MIDDLE,hard
middle6261.txt_q3,consensus,B,1,3,MIDDLE,middle
middle6275.txt_q0,consensus,C,1,3,MIDDLE,hard
middle6275.txt_q1,consensus,D,1,3,MIDDLE,easy
middle6275.txt_q2,consensus,B,1,3,MIDDLE,hard
middle6279.txt_q0,consensus,B,1,3,MIDDLE,easy
middle6279.txt_q1,consensus,D,1,3,MIDDLE,middle
middle6279.txt_q2,consensus,A,1,3,MIDDLE,ambiguous
middle6279.txt_q3,consensus,B,1,3,MIDDLE,middle
middle6322.txt_q0,consensus,A,1,3,MIDDLE,easy
middle6322.txt_q1,consensus,C,1,3,MIDDLE,middle
middle6322.txt_q2,consensus,D,1,3,MIDDLE,easy
middle6322.txt_q3,consensus,C,1,3,MIDDLE,ambiguous
middle6322.txt_q4,consensus,B,1,3,MIDDLE,easy
middle635.txt_q0,consensus,B,1,3,MIDDLE,easy
middle635.txt_q1,consensus,D,1,3,MIDDLE,easy
middle635.txt_q2,consensus,C,1,3,MIDDLE,easy
middle6373.txt_q0,consensus,D,1,3,MIDDLE,middle
middle6373.txt_q1,consensus,C,1,3,MIDDLE,ambiguous
middle6373.txt_q2,consensus,D,1,3,MIDDLE,middle
middle6373.txt_q3,consensus,C,1,3,MIDDLE,middle
middle6373.txt_q4,consensus,B,1,3,MIDDLE,middle
middle6374.txt_q0,consensus,C,1,3,MIDDLE,ambiguous
middle6374.txt_q1,consensus,A,0,3,MIDDLE,hard
middle6374.txt_q2,consensus,B,0,3,MIDDLE,hard
middle6374.txt_q3,consensus,A,1,3,MIDDLE,ambiguous
middle6374.txt_q4,consensus,C,1,3,MIDDLE,easy
middle6382.txt_q0,consensus,D,0,3,MIDDLE,hard
middle6382.txt_q1,consensus,C,1,3,MIDDLE,ambiguous
middle6394.txt_q0,consensus,A,1,3,MIDDLE,easy
middle6394.txt_q1,consensus,C,1,3,MIDDLE,easy
middle6394.txt_q2,consensus,D,1,3,MIDDLE,ambiguous
middle6407.txt_q0,consensus,A,1,3,MIDDLE,easy
middle6407.txt_q1,consensus,C,1,3,MIDDLE,middle
middle6407.txt_q2,consensus,A,1,3,MIDDLE,ambiguous
middle6407.txt_q3,consensus,C,1,3,MIDDLE,easy
middle6409.txt_q0,consensus,D,1,3,MIDDLE,middle
middle6409.txt_q1,consensus,A,1,3,MIDDLE,hard
middle6409.txt_q2,consensus,D,1,3,MIDDLE,easy
middle6409.txt_q3,consensus,C,1,3,MIDDLE,ambiguous
middle641.txt_q0,consensus,C,1,3,MIDDLE,easy
middle641.txt_q1,consensus,C,1,3,MIDDLE,middle
middle6413.txt_q0,consensus,D,1,3,MIDDLE,easy
middle6413.txt_q1,consensus,A,1,3,MIDDLE,ambiguous
middle6413.txt_q2,consensus,C,1,3,MIDDLE,middle
middle6413.txt_q3,consensus,D,1,3,MIDDLE,ambiguous
middle6413.txt_q4,consensus,C,1,3,MIDDLE,hard
middle6456.txt_q0,consensus,D,1,3,MIDDLE,easy
middle6456.txt_q1,consensus,D,1,3,MIDDLE,easy
middle6456.txt_q2,consensus,C,1,3,MIDDLE,easy
middle6471.txt_q0,consensus,B,1,3,MIDDLE,hard
middle6510.txt_q0,consensus,A,1,3,MIDDLE,ambiguous
middle6510.txt_q1,consensus,B,1,3,MIDDLE,easy
middle6510.txt_q2,consensus,D,1,3,MIDDLE,easy
middle6510.txt_q3,consensus,C,1,3,MIDDLE,easy
middle6510.txt_q4,consensus,B,1,3,MIDDLE,easy
middle6526.txt_q0,consensus,B,1,3,MIDDLE,ambiguous
middle6526.txt_q1,consensus,B,1,3,MIDDLE,ambiguous
middle6526.txt_q2,consensus,A,1,3,MIDDLE,easy
middle6526.txt_q3,consensus,B,1,3,MIDDLE,easy
middle6526.txt_q4,consensus,A,1,3,MIDDLE,easy
middle6552.txt_q0,consensus,D,1,3,MIDDLE,easy
middle6552.txt_q1,consensus,C,1,3,MIDDLE,easy
middle6565.txt_q0,consensus,D,1,3,MIDDLE,easy
middle6565.txt_q1,consensus,D,1,3,MIDDLE,hard
middle6565.txt_q2,consensus,B,1,3,MIDDLE,ambiguous
middle6611.txt_q0,consensus,C,1,3,MIDDLE,easy
middle6611.txt_q1,consensus,D,1,3,MIDDLE,easy
middle6611.txt_q2,consensus,C,1,3,MIDDLE,middle
middle6630.txt_q0,consensus,D,1,3,MIDDLE,easy
middle6630.txt_q1,consensus,B,1,3,MIDDLE,ambiguous
middle6630.txt_q2,consensus,A,1,3,MIDDLE,middle
middle6630.txt_q3,consensus,C,1,3,MIDDLE,middle
middle6637.txt_q0,consensus,D,1,3,MIDDLE,ambiguous
middle6637.txt_q1,consensus,D,0,3,MIDDLE,ambiguous
middle6637.txt_q2,consensus,C,1,3,MIDDLE,ambiguous
middle6682.txt_q0,consensus,D,1,3,MIDDLE,ambiguous
middle6682.txt_q1,consensus,C,1,3,MIDDLE,hard
middle6682.txt_q2,consensus,A,1,3,MIDDLE,hard
middle669.txt_q0,consensus,C,1,3,MIDDLE,easy
middle669.txt_q1,consensus,D,1,3,MIDDLE,easy
middle669.txt_q2,consensus,B,1,3,MIDDLE,middle
middle669.txt_q3,consensus,A,1,3,MIDDLE,hard
middle6704.txt_q0,consensus,B,1,3,MIDDLE,middle
middle6704.txt_q1,consensus,A,1,3,MIDDLE,ambiguous
middle6704.txt_q2,consensus,A,1,3,MIDDLE,easy
middle6704.txt_q3,consensus,C,1,3,MIDDLE,hard
middle6704.txt_q4,consensus,A,1,3,MIDDLE,ambiguous
middle6708.txt_q0,consensus,D,1,3,MIDDLE,hard
middle6708.txt_q1,consensus,C,1,3,MIDDLE,ambiguous
middle6708.txt_q2,consensus,A,1,3,MIDDLE,middle
middle6708.txt_q3,consensus,B,1,3,MIDDLE,easy
middle6749.txt_q0,consensus,D,1,3,MIDDLE,middle
middle6749.txt_q1,consensus,A,1,3,MIDDLE,easy
middle676.txt_q0,consensus,D,1,3,MIDDLE,middle
middle676.txt_q1,consensus,B,1,3,MIDDLE,hard
middle676.txt_q2,consensus,B,1,3,MIDDLE,ambiguous
middle676.txt_q3,consensus,C,1,3,MIDDLE,middle
middle6838.txt_q0,consensus,B,1,3,MIDDLE,ambiguous
middle6838.txt_q1,consensus,C,1,3,MIDDLE,middle
middle6838.txt_q2,consensus,D,1,3,MIDDLE,ambiguous
middle6863.txt_q0,consensus,C,1,3,MIDDLE,easy
middle6863.txt_q1,consensus,B,1,3,MIDDLE,middle
middle6863.txt_q2,consensus,B,1,3,MIDDLE,ambiguous
middle6863.txt_q3,consensus,C,1,3,MIDDLE,hard
middle6875.txt_q0,consensus,B,0,3,MIDDLE,hard
middle6875.txt_q1,consensus,C,1,3,MIDDLE,easy
middle6875.txt_q2,consensus,D,1,3,MIDDLE,easy
middle6875.txt_q3,consensus,B,1,3,MIDDLE,hard
middle6916.txt_q0,consensus,B,1,3,MIDDLE,hard
middle6916.txt_q1,consensus,A,1,3,MIDDLE,ambiguous
middle6916.txt_q2,consensus,D,1,3,MIDDLE,hard
middle6921.txt_q0,consensus,A,1,3,MIDDLE,middle
middle6921.txt_q1,consensus,C,1,3,MIDDLE,hard
middle6921.txt_q2,consensus,A,1,3,MIDDLE,ambiguous
middle6921.txt_q3,consensus,B,1,3,MIDDLE,ambiguous
middle6921.txt_q4,consensus,D,1,3,MIDDLE,ambiguous
middle6928.txt_q0,consensus,B,1,3,MIDDLE,hard
middle6928.txt_q1,consensus,D,1,3,MIDDLE,middle
middle6928.txt_q2,consensus,C,1,3,MIDDLE,easy
middle6939.txt_q0,consensus,D,1,3,MIDDLE,hard
middle6939.txt_q1,consensus,D,1,3,MIDDLE,easy
middle6939.txt_q2,consensus,C,1,3,MIDDLE,middle
middle6948.txt_q0,consensus,A,1,3,MIDDLE,easy
middle6948.txt_q1,consensus,C,1,3,MIDDLE,middle
middle6948.txt_q2,consensus,C,1,3,MIDDLE,easy
middle6948.txt_q3,consensus,B,1,3,MIDDLE,easy
middle6975.txt_q0,consensus,C,1,3,MIDDLE,middle
middle6975.txt_q1,consensus,D,1,3,MIDDLE,hard
middle6975.txt_q2,consensus,B,1,3,MIDDLE,middle
middle6975.txt_q3,consensus,A,1,3,MIDDLE,middle
middle6975.txt_q4,consensus,B,1,3,MIDDLE,easy
middle6992.txt_q0,consensus,C,1,3,MIDDLE,middle
middle6992.txt_q1,consensus,B,1,3,MIDDLE,easy
middle6992.txt_q2,consensus,C,1,3,MIDDLE,easy
middle6992.txt_q3,consensus,D,1,3,MIDDLE,easy
middle6993.txt_q0,consensus,A,1,3,MIDDLE,middle
middle6993.txt_q1,consensus,B,1,3,MIDDLE,easy
middle6993.txt_q2,consensus,D,1,3,MIDDLE,middle
middle6993.txt_q3,consensus,D,1,3,MIDDLE,ambiguous
middle6993.txt_q4,consensus,C,1,3,MIDDLE,easy
middle7012.txt_q0,consensus,D,1,3,MIDDLE,easy
middle7012.txt_q1,consensus,B,1,3,MIDDLE,hard
middle7012.txt_q2,consensus,A,1,3,MIDDLE,easy
middle705.txt_q0,consensus,A,1,3,MIDDLE,easy
middle705.txt_q1,consensus,B,1,3,MIDDLE,easy
middle705.txt_q2,consensus,D,1,3,MIDDLE,hard
middle705.txt_q3,consensus,C,1,3,MIDDLE,easy
middle7059.txt_q0,consensus,D,1,3,MIDDLE,easy
middle7059.txt_q1,consensus,C,1,3,MIDDLE,easy
middle7059.txt_q2,consensus,C,1,3,MIDDLE,easy
middle7059.txt_q3,consensus,A,1,3,MIDDLE,easy
middle7059.txt_q4,consensus,C,1,3,MIDDLE,easy
middle7063.txt_q0,consensus,C,1,3,MIDDLE,ambiguous
middle7063.txt_q1,consensus,C,1,3,MIDDLE,easy
middle7063.txt_q2,consensus,C,1,3,MIDDLE,middle
middle7079.txt_q0,consensus,B,1,3,MIDDLE,ambiguous
middle7079.txt_q1,consensus,C,1,3,MIDDLE,easy
middle7079.txt_q2,consensus,D,1,3,MIDDLE,easy
middle7079.txt_q3,consensus,D,1,3,MIDDLE,middle
middle7088.txt_q0,consensus,B,1,3,MIDDLE,easy
middle7088.txt_q1,consensus,C,1,3,MIDDLE,ambiguous
middle7088.txt_q2,consensus,D,1,3,MIDDLE,ambiguous
middle7088.txt_q3,consensus,D,1,3,MIDDLE,ambiguous
middle7093.txt_q0,consensus,C,1,3,MIDDLE,easy
middle7093.txt_q1,consensus,D,1,3,MIDDLE,middle
middle7093.txt_q2,consensus,B,1,3,MIDDLE,easy
middle7094.txt_q0,consensus,C,1,3,MIDDLE,easy
middle7094.txt_q1,consensus,A,1,3,MIDDLE,easy
middle7094.txt_q2,consensus,C,0,3,MIDDLE,hard
middle7094.txt_q3,consensus,B,1,3,MIDDLE,easy
middle7097.txt_q0,consensus,D,1,3,MIDDLE,middle
middle7097.txt_q1,consensus,D,1,3,MIDDLE,middle
middle7097.txt_q2,consensus,A,1,3,MIDDLE,ambiguous
middle7160.txt_q0,consensus,C,1,3,MIDDLE,easy
middle7160.txt_q1,consensus,B,1,3,MIDDLE,easy
middle7160.txt_q2,consensus,A,1,3,MIDDLE,easy
middle7160.txt_q3,consensus,C,1,3,MIDDLE,ambiguous
middle7160.txt_q4,consensus,A,1,3,MIDDLE,easy
middle7169.txt_q0,consensus,B,1,3,MIDDLE,ambiguous
middle7169.txt_q1,consensus,D,1,3,MIDDLE,ambiguous
middle7169.txt_q2,consensus,A,1,3,MIDDLE,easy
middle7169.txt_q3,consensus,A,1,3,MIDDLE,easy
middle7188.txt_q0,consensus,C,1,3,MIDDLE,easy
middle7188.txt_q1,consensus,A,1,3,MIDDLE,middle
middle7188.txt_q2,consensus,B,1,3,MIDDLE,hard
middle7193.txt_q0,consensus,A,1,3,MIDDLE,ambiguous
middle7193.txt_q1,consensus,D,1,3,MIDDLE,ambiguous
middle7193.txt_q2,consensus,A,1,3,MIDDLE,middle
middle7193.txt_q3,consensus,D,1,3,MIDDLE,middle
middle7196.txt_q0,consensus,A,1,3,MIDDLE,middle
middle7196.txt_q1,consensus,B,1,3,MIDDLE,easy
middle7196.txt_q2,consensus,B,1,3,MIDDLE,hard
middle7196.txt_q3,consensus,D,1,3,MIDDLE,easy
middle7196.txt_q4,consensus,C,1,3,MIDDLE,middle
middle7209.txt_q0,consensus,D,1,3,MIDDLE,middle
middle7209.txt_q1,consensus,C,1,3,MIDDLE,easy
middle7209.txt_q2,consensus,D,1,3,MIDDLE,ambiguous
middle7209.txt_q3,consensus,A,1,3,MIDDLE,easy
middle7209.txt_q4,consensus,B,1,3,MIDDLE,easy
middle721.txt_q0,consensus,D,1,3,MIDDLE,middle
middle721.txt_q1,consensus,A,1,3,MIDDLE,easy
middle721.txt_q2,consensus,D,1,3,MIDDLE,easy
middle721.txt_q3,consensus,B,1,3,MIDDLE,easy
middle7210.txt_q0,consensus,C,1,3,MIDDLE,hard
middle7210.txt_q1,consensus,C,1,3,MIDDLE,easy
middle7210.txt_q2,consensus,B,1,3,MIDDLE,ambiguous
middle7210.txt_q3,consensus,D,1,3,MIDDLE,hard
middle7210.txt_q4,consensus,A,1,3,MIDDLE,ambiguous
middle7234.txt_q0,consensus,C,1,3,MIDDLE,ambiguous
middle7234.txt_q1,consensus,A,1,3,MIDDLE,middle
middle7234.txt_q2,consensus,B,1,3,MIDDLE,easy
middle7234.txt_q3,consensus,C,1,3,MIDDLE,middle
middle728.txt_q0,consensus,C,1,3,MIDDLE,ambiguous
middle728.txt_q1,consensus,A,1,3,MIDDLE,middle
middle728.txt_q2,consensus,B,1,3,MIDDLE,easy
middle7284.txt_q0,consensus,A,1,3,MIDDLE,easy
middle7284.txt_q1,consensus,C,1,3,MIDDLE,middle
middle7284.txt_q2,consensus,B,1,3,MIDDLE,easy
middle7284.txt_q3,consensus,B,1,3,MIDDLE,hard
middle7284.txt_q4,consensus,D,1,3,MIDDLE,ambiguous
middle73.txt_q0,consensus,D,1,3,MIDDLE,easy
middle73.txt_q1,consensus,B,1,3,MIDDLE,middle
middle7301.txt_q0,consensus,D,1,3,MIDDLE,middle
middle7301.txt_q1,consensus,B,1,3,MIDDLE,easy
middle7301.txt_q2,consensus,A,1,3,MIDDLE,hard
middle7301.txt_q3,consensus,B,1,3,MIDDLE,hard
middle7301.txt_q4,consensus,D,1,3,MIDDLE,easy
middle7320.txt_q0,consensus,B,1,3,MIDDLE,ambiguous
middle7320.txt_q1,consensus,A,1,3,MIDDLE,hard
middle7320.txt_q2,consensus,D,1,3,MIDDLE,hard
middle7320.txt_q3,consensus,C,1,3,MIDDLE,ambiguous
middle7351.txt_q0,consensus,C,1,3,MIDDLE,hard
middle7351.txt_q1,consensus,A,1,3,MIDDLE,easy
middle7351.txt_q2,consensus,D,1,3,MIDDLE,hard
middle7351.txt_q3,consensus,B,1,3,MIDDLE,middle
middle7433.txt_q0,consensus,B,1,3,MIDDLE,ambiguous
middle7433.txt_q1,consensus,D,1,3,MIDDLE,ambiguous
middle7433.txt_q2,no_consensus,,0,3,MIDDLE,ambiguous
middle7443.txt_q0,consensus,C,1,3,MIDDLE,middle
middle7443.txt_q1,consensus,C,1,3,MIDDLE,hard
middle7443.txt_q2,consensus,D,1,3,MIDDLE,ambiguous
middle7444.txt_q0,consensus,B,1,3,MIDDLE,easy
middle7444.txt_q1,consensus,B,1,3,MIDDLE,middle
middle7444.txt_q2,consensus,D,1,3,MIDDLE,easy
middle7444.txt_q3,consensus,A,1,3,MIDDLE,middle
middle746.txt_q0,consensus,C,1,3,MIDDLE,easy
middle746.txt_q1,consensus,A,1,3,MIDDLE,easy
middle746.txt_q2,consensus,D,1,3,MIDDLE,easy
middle746.txt_q3,consensus,B,1,3,MIDDLE,ambiguous
middle7475.txt_q0,consensus,B,1,3,MIDDLE,easy
middle7475.txt_q1,consensus,D,1,3,MIDDLE,ambiguous
middle7475.txt_q2,consensus,A,1,3,MIDDLE,middle
middle7475.txt_q3,consensus,A,1,3,MIDDLE,ambiguous
middle7497.txt_q0,consensus,A,1,3,MIDDLE,easy
middle7497.txt_q1,consensus,A,1,3,MIDDLE,ambiguous
middle7497.txt_q2,consensus,B,1,3,MIDDLE,easy
middle7513.txt_q0,consensus,D,1,3,MIDDLE,easy
middle7513.txt_q1,consensus,B,1,3,MIDDLE,middle
middle7513.txt_q2,consensus,A,1,3,MIDDLE,ambiguous
middle7513.txt_q3,consensus,C,1,3,MIDDLE,easy
middle7513.txt_q4,consensus,D,1,3,MIDDLE,easy
middle7574.txt_q0,consensus,D,1,3,MIDDLE,easy
middle7574.txt_q1,consensus,A,1,3,MIDDLE,ambiguous
middle7574.txt_q2,consensus,D,1,3,MIDDLE,middle
middle7574.txt_q3,consensus,A,1,3,MIDDLE,middle
middle758.txt_q0,consensus,A,1,3,MIDDLE,ambiguous
middle758.txt_q1,consensus,A,1,3,MIDDLE,hard
middle758.txt_q2,consensus,D,1,3,MIDDLE,ambiguous
middle7599.txt_q0,consensus,C,1,3,MIDDLE,easy
middle7599.txt_q1,consensus,D,1,3,MIDDLE,easy
middle7599.txt_q2,consensus,B,1,3,MIDDLE,easy
middle7599.txt_q3,consensus,C,1,3,MIDDLE,easy
middle7599.txt_q4,consensus,A,1,3,MIDDLE,easy
middle7646.txt_q0,consensus,B,1,3,MIDDLE,middle
middle7646.txt_q1,consensus,C,1,3,MIDDLE,hard
middle7646.txt_q2,consensus,D,1,3,MIDDLE,easy
middle7646.txt_q3,consensus,A,1,3,MIDDLE,middle
middle7646.txt_q4,consensus,A,1,3,MIDDLE,ambiguous
middle7672.txt_q0,consensus,D,1,3,MIDDLE,ambiguous
middle7672.txt_q1,consensus,D,1,3,MIDDLE,hard
middle7672.txt_q2,consensus,B,1,3,MIDDLE,ambiguous
middle7672.txt_q3,consensus,C,1,3,MIDDLE,middle
middle7672.txt_q4,consensus,B,1,3,MIDDLE,easy
middle7673.txt_q0,consensus,C,1,3,MIDDLE,easy
middle7673.txt_q1,consensus,D,1,3,MIDDLE,ambiguous
middle7673.txt_q2,consensus,D,1,3,MIDDLE,hard
middle7673.txt_q3,consensus,A,1,3,MIDDLE,middle
middle770.txt_q0,consensus,A,1,3,MIDDLE,ambiguous
middle770.txt_q1,consensus,D,1,3,MIDDLE,middle
middle770.txt_q2,consensus,B,1,3,MIDDLE,easy
middle770.txt_q3,consensus,C,1,3,MIDDLE,ambiguous
middle770.txt_q4,consensus,D,1,3,MIDDLE,hard
middle7703.txt_q0,consensus,C,1,3,MIDDLE,ambiguous
middle7703.txt_q1,consensus,A,1,3,MIDDLE,easy
middle7703.txt_q2,consensus,B,1,3,MIDDLE,middle
middle7722.txt_q0,consensus,B,1,3,MIDDLE,easy
middle7722.txt_q1,consensus,C,1,3,MIDDLE,easy
middle7722.txt_q2,consensus,B,1,3,MIDDLE,easy
middle7722.txt_q3,consensus,C,1,3,MIDDLE,hard
middle7722.txt_q4,consensus,B,1,3,MIDDLE,middle
middle7729.txt_q0,consensus,B,1,3,MIDDLE,easy
middle7729.txt_q1,consensus,D,1,3,MIDDLE,ambiguous
middle7729.txt_q2,consensus,C,1,3,MIDDLE,hard
middle7740.txt_q0,consensus,A,1,3,MIDDLE,easy
middle7740.txt_q1,consensus,B,1,3,MIDDLE,hard
middle7740.txt_q2,consensus,C,1,3,MIDDLE,easy
middle7752.txt_q0,consensus,A,1,3,MIDDLE,easy
middle7752.txt_q1,consensus,B,1,3,MIDDLE,easy
middle7752.txt_q2,consensus,A,1,3,MIDDLE,hard
middle7752.txt_q3,consensus,D,1,3,MIDDLE,easy
middle7779.txt_q0,consensus,C,1,3,MIDDLE,middle
middle7779.txt_q1,consensus,C,1,3,MIDDLE,ambiguous
middle7779.txt_q2,consensus,B,1,3,MIDDLE,easy
middle7779.txt_q3,consensus,C,1,3,MIDDLE,middle
middle7779.txt_q4,consensus,B,1,3,MIDDLE,middle
middle7798.txt_q0,consensus,B,1,3,MIDDLE,middle
middle7798.txt_q1,consensus,D,1,3,MIDDLE,middle
middle7808.txt_q0,consensus,C,1,3,MIDDLE,easy
middle7808.txt_q1,consensus,A,1,3,MIDDLE,hard
middle7808.txt_q2,consensus,D,1,3,MIDDLE,middle
middle7834.txt_q0,consensus,B,1,3,MIDDLE,hard
middle7834.txt_q1,consensus,B,1,3,MIDDLE,middle
middle7834.txt_q2,consensus,C,1,3,MIDDLE,middle
middle7834.txt_q3,consensus,D,1,3,MIDDLE,middle
middle7834.txt_q4,consensus,A,1,3,MIDDLE,ambiguous
middle7845.txt_q0,consensus,A,1,3,MIDDLE,ambiguous
middle7845.txt_q1,consensus,C,1,3,MIDDLE,middle
middle7845.txt_q2,consensus,C,1,3,MIDDLE,ambiguous
middle7875.txt_q0,consensus,C,1,3,MIDDLE,easy
middle7875.txt_q1,consensus,A,1,3,MIDDLE,easy
middle7875.txt_q2,consensus,B,1,3,MIDDLE,easy
middle7875.txt_q3,consensus,A,1,3,MIDDLE,hard
middle7890.txt_q0,consensus,C,1,3,MIDDLE,middle
middle7890.txt_q1,consensus,A,1,3,MIDDLE,middle
middle7923.txt_q0,consensus,B,1,3,MIDDLE,ambiguous
middle7923.txt_q1,consensus,A,1,3,MIDDLE,middle
middle7923.txt_q2,consensus,C,1,3,MIDDLE,ambiguous
middle7961.txt_q0,consensus,C,1,3,MIDDLE,easy
middle7961.txt_q1,consensus,B,1,3,MIDDLE,ambiguous
middle7961.txt_q2,consensus,D,1,3,MIDDLE,ambiguous
middle7998.txt_q0,consensus,A,1,3,MIDDLE,easy
middle7998.txt_q1,consensus,C,1,3,MIDDLE,middle
middle7998.txt_q2,consensus,B,1,3,MIDDLE,middle
middle8038.txt_q0,consensus,A,1,3,MIDDLE,easy
middle8038.txt_q1,consensus,D,1,3,MIDDLE,hard
middle8038.txt_q2,consensus,C,1,3,MIDDLE,middle
middle8038.txt_q3,consensus,B,1,3,MIDDLE,easy
middle8038.txt_q4,consensus,C,1,3,MIDDLE,middle
middle8049.txt_q0,consensus,D,1,3,MIDDLE,easy
middle8049.txt_q1,consensus,C,1,3,MIDDLE,ambiguous
middle8049.txt_q2,consensus,B,1,3,MIDDLE,easy
middle8073.txt_q0,consensus,B,1,3,MIDDLE,middle
middle8073.txt_q1,consensus,A,1,3,MIDDLE,easy
middle8073.txt_q2,consensus,B,1,3,MIDDLE,easy
middle8073.txt_q3,consensus,D,1,3,MIDDLE,ambiguous
middle8073.txt_q4,consensus,A,1,3,MIDDLE,easy
middle8111.txt_q0,consensus,B,1,3,MIDDLE,ambiguous
middle8111.txt_q1,consensus,C,1,3,MIDDLE,easy
middle8111.txt_q2,consensus,C,1,3,MIDDLE,middle
middle8111.txt_q3,consensus,A,1,3,MIDDLE,ambiguous
middle8111.txt_q4,consensus,C,1,3,MIDDLE,hard
middle8154.txt_q0,consensus,B,1,3,MIDDLE,middle
middle8154.txt_q1,consensus,C,1,3,MIDDLE,middle
middle8154.txt_q2,consensus,D,1,3,MIDDLE,ambiguous
middle8154.txt_q3,consensus,A,1,3,MIDDLE,middle
middle8154.txt_q4,consensus,D,1,3,MIDDLE,hard
middle8160.txt_q0,consensus,C,1,3,MIDDLE,hard
middle8160.txt_q1,consensus,A,1,3,MIDDLE,middle
middle8160.txt_q2,consensus,C,1,3,MIDDLE,hard
middle8160.txt_q3,consensus,B,1,3,MIDDLE,ambiguous
middle8161.txt_q0,consensus,A,1,3,MIDDLE,easy
middle8161.txt_q1,consensus,D,1,3,MIDDLE,easy
middle8161.txt_q2,consensus,C,1,3,MIDDLE,ambiguous
middle8161.txt_q3,consensus,B,1,3,MIDDLE,ambiguous
middle8161.txt_q4,consensus,A,1,3,MIDDLE,easy
middle8201.txt_q0,consensus,B,1,3,MIDDLE,hard
middle8201.txt_q1,consensus,A,1,3,MIDDLE,middle
middle8201.txt_q2,consensus,C,1,3,MIDDLE,middle
middle8238.txt_q0,consensus,B,1,3,MIDDLE,hard
middle8238.txt_q1,consensus,B,1,3,MIDDLE,middle
middle8248.txt_q0,consensus,B,1,3,MIDDLE,middle
middle8248.txt_q1,consensus,A,1,3,MIDDLE,ambiguous
middle8248.txt_q2,consensus,D,1,3,MIDDLE,ambiguous
middle8248.txt_q3,consensus,C,1,3,MIDDLE,ambiguous
middle8248.txt_q4,consensus,B,1,3,MIDDLE,middle
middle8280.txt_q0,consensus,A,1,3,MIDDLE,ambiguous
middle8280.txt_q1,consensus,C,1,3,MIDDLE,easy
middle8280.txt_q2,consensus,A,1,3,MIDDLE,hard
middle8280.txt_q3,consensus,C,1,3,MIDDLE,easy
middle8280.txt_q4,consensus,C,1,3,MIDDLE,middle
middle8280.txt_q5,consensus,B,1,3,MIDDLE,hard
middle84.txt_q0,consensus,B,1,3,MIDDLE,ambiguous
middle84.txt_q1,consensus,A,1,3,MIDDLE,middle
middle84.txt_q2,consensus,B,1,3,MIDDLE,hard
middle84.txt_q3,consensus,A,1,3,MIDDLE,easy
middle84.txt_q4,consensus,D,1,3,MIDDLE,easy
middle849.txt_q0,consensus,D,1,3,MIDDLE,middle
middle849.txt_q1,consensus,B,1,3,MIDDLE,ambiguous
middle849.txt_q2,consensus,D,1,3,MIDDLE,easy
middle849.txt_q3,consensus,C,1,3,MIDDLE,easy
middle849.txt_q4,consensus,B,1,3,MIDDLE,easy
middle859.txt_q0,consensus,D,1,3,MIDDLE,middle
middle859.txt_q1,consensus,A,1,3,MIDDLE,easy
middle859.txt_q2,consensus,B,1,3,MIDDLE,easy
middle859.txt_q3,consensus,C,1,3,MIDDLE,ambiguous
middle859.txt_q4,consensus,A,1,3,MIDDLE,ambiguous
middle886.txt_q0,consensus,A,1,3,MIDDLE,ambiguous
middle886.txt_q1,consensus,D,1,3,MIDDLE,middle
middle886.txt_q2,consensus,C,1,3,MIDDLE,middle
middle897.txt_q0,consensus,D,1,3,MIDDLE,ambiguous
middle897.txt_q1,consensus,D,1,3,MIDDLE,easy
middle897.txt_q2,consensus,D,0,3,MIDDLE,middle
middle897.txt_q3,consensus,D,1,3,MIDDLE,ambiguous
middle897.txt_q4,consensus,B,1,3,MIDDLE,hard
middle909.txt_q0,consensus,C,1,3,MIDDLE,hard
middle909.txt_q1,consensus,C,1,3,MIDDLE,easy
middle909.txt_q2,consensus,A,1,3,MIDDLE,easy
middle909.txt_q3,consensus,D,1,3,MIDDLE,easy
middle909.txt_q4,consensus,C,1,3,MIDDLE,easy
middle927.txt_q0,consensus,C,1,3,MIDDLE,easy
middle927.txt_q1,consensus,A,1,3,MIDDLE,easy
middle927.txt_q2,consensus,A,0,3,MIDDLE,hard
middle927.txt_q3,consensus,A,0,3,MIDDLE,middle
middle928.txt_q0,consensus,A,1,3,MIDDLE,hard
middle928.txt_q1,consensus,B,1,3,MIDDLE,hard
middle928.txt_q2,consensus,B,1,3,MIDDLE,middle
middle928.txt_q3,consensus,C,1,3,MIDDLE,middle
middle928.txt_q4,consensus,D,1,3,MIDDLE,easy
middle93.txt_q0,consensus,B,1,3,MIDDLE,middle
middle93.txt_q1,consensus,A,1,3,MIDDLE,ambiguous
middle93.txt_q2,consensus,D,1,3,MIDDLE,ambiguous
middle93.txt_q3,consensus,C,1,3,MIDDLE,middle
middle93.txt_q4,consensus,B,0,3,MIDDLE,ambiguous
middle938.txt_q0,consensus,B,1,3,MIDDLE,easy
middle938.txt_q1,consensus,C,1,3,MIDDLE,easy
middle938.txt_q2,consensus,A,1,3,MIDDLE,middle
middle938.txt_q3,consensus,B,1,3,MIDDLE,middle
middle940.txt_q0,consensus,A,1,3,MIDDLE,easy
middle940.txt_q1,consensus,B,1,3,MIDDLE,easy
middle940.txt_q2,consensus,D,1,3,MIDDLE,easy
middle940.txt_q3,consensus,C,1,3,MIDDLE,hard
middle940.txt_q4,consensus,A,1,3,MIDDLE,middle
middle940.txt_q5,consensus,B,1,3,MIDDLE,easy
middle946.txt_q0,consensus,B,1,3,MIDDLE,middle
middle946.txt_q1,consensus,C,1,3,MIDDLE,easy
middle946.txt_q2,consensus,A,1,3,MIDDLE,easy
middle946.txt_q3,consensus,D,1,3,MIDDLE,easy
middle956.txt_q0,consensus,C,1,3,MIDDLE,hard
middle956.txt_q1,consensus,C,1,3,MIDDLE,ambiguous
middle956.txt_q2,consensus,D,1,3,MIDDLE,easy
middle956.txt_q3,consensus,C,1,3,MIDDLE,middle
middle97.txt_q0,consensus,D,1,3,MIDDLE,easy
middle97.txt_q1,consensus,B,1,3,MIDDLE,ambiguous
middle991.txt_q0,consensus,D,1,3,MIDDLE,easy
middle991.txt_q1,consensus,A,1,3,MIDDLE,middle
middle991.txt_q2,consensus,B,1,3,MIDDLE,ambiguous
middle991.txt_q3,consensus,B,1,3,MIDDLE,easy
middle992.txt_q0,consensus,D,1,3,MIDDLE,easy
middle992.txt_q1,consensus,B,1,3,MIDDLE,ambiguous
middle992.txt_q2,consensus,C,1,3,MIDDLE,easy
middle992.txt_q3,consensus,C,1,3,MIDDLE,easy
