nohup: ignoring input
Some weights of BigBirdForSequenceClassification were not initialized from the model checkpoint at models/bigbird-roberta-base and are newly initialized: ['classifier.dense.bias', 'classifier.dense.weight', 'classifier.out_proj.bias', 'classifier.out_proj.weight']
You should probably TRAIN this model on a down-stream task to be able to use it for predictions and inference.
/opt/tiger/DifficultyAlignment/scripts/RACE_train_bert_models_trainer.py:245: FutureWarning: `tokenizer` is deprecated and will be removed in version 5.0.0 for `Trainer.__init__`. Use `processing_class` instead.
  trainer = Trainer(
Detected kernel version 5.4.143, which is below the recommended minimum of 5.5.0; this can cause the process to hang. It is recommended to upgrade the kernel to the minimum version or higher.
[INFO] 发现 test 集: race_prepared/race_mcq_test.csv
[INFO] 使用设备: cuda

========== 训练模型: models/bigbird-roberta-base ==========
[INFO] Detected BigBird model `models/bigbird-roberta-base`, using BigBirdTokenizer (slow).
  0%|          | 0/516 [00:00<?, ?it/s]dc03-p17-t114-n016:377639:377639 [0] NCCL INFO cudaDriverVersion 12040
dc03-p17-t114-n016:377639:377639 [0] NCCL INFO NCCL_SOCKET_FAMILY set by environment to AF_INET6
dc03-p17-t114-n016:377639:377639 [0] NCCL INFO NCCL_SOCKET_IFNAME set by environment to =eth0
dc03-p17-t114-n016:377639:377639 [0] NCCL INFO Bootstrap : Using eth0:fdbd:dc03:17:114::16<0>
dc03-p17-t114-n016:377639:377639 [0] NCCL INFO NET/Plugin: No plugin found (none)
dc03-p17-t114-n016:377639:377639 [0] NCCL INFO NET/Plugin: No plugin found (libnccl-net-none.so)
dc03-p17-t114-n016:377639:377639 [0] NCCL INFO NET/Plugin: Plugin load returned 2 : libnccl-net-none.so: cannot open shared object file: No such file or directory : when loading none
dc03-p17-t114-n016:377639:377639 [0] NCCL INFO NET/Plugin: Using internal network plugin.
NCCL version 2.21.5+cuda12.4
dc03-p17-t114-n016:377639:378210 [3] NCCL INFO NCCL_IB_DISABLE set by environment to 0.
dc03-p17-t114-n016:377639:378210 [3] NCCL INFO NCCL_SOCKET_FAMILY set by environment to AF_INET6
dc03-p17-t114-n016:377639:378210 [3] NCCL INFO NCCL_SOCKET_IFNAME set by environment to =eth0
dc03-p17-t114-n016:377639:378210 [3] NCCL INFO NCCL_IB_HCA set to mlx5
dc03-p17-t114-n016:377639:378210 [3] NCCL INFO NET/IB : Using [0]mlx5_0:1/RoCE [1]mlx5_2:1/RoCE [RO]; OOB eth0:fdbd:dc03:17:114::16<0>
dc03-p17-t114-n016:377639:378210 [3] NCCL INFO Using non-device net plugin version 0
dc03-p17-t114-n016:377639:378210 [3] NCCL INFO Using network IB
dc03-p17-t114-n016:377639:378209 [2] NCCL INFO Using non-device net plugin version 0
dc03-p17-t114-n016:377639:378209 [2] NCCL INFO Using network IB
dc03-p17-t114-n016:377639:378207 [0] NCCL INFO Using non-device net plugin version 0
dc03-p17-t114-n016:377639:378207 [0] NCCL INFO Using network IB
dc03-p17-t114-n016:377639:378211 [4] NCCL INFO Using non-device net plugin version 0
dc03-p17-t114-n016:377639:378211 [4] NCCL INFO Using network IB
dc03-p17-t114-n016:377639:378213 [6] NCCL INFO Using non-device net plugin version 0
dc03-p17-t114-n016:377639:378213 [6] NCCL INFO Using network IB
dc03-p17-t114-n016:377639:378212 [5] NCCL INFO Using non-device net plugin version 0
dc03-p17-t114-n016:377639:378212 [5] NCCL INFO Using network IB
dc03-p17-t114-n016:377639:378214 [7] NCCL INFO Using non-device net plugin version 0
dc03-p17-t114-n016:377639:378214 [7] NCCL INFO Using network IB
dc03-p17-t114-n016:377639:378208 [1] NCCL INFO Using non-device net plugin version 0
dc03-p17-t114-n016:377639:378208 [1] NCCL INFO Using network IB
dc03-p17-t114-n016:377639:378209 [2] NCCL INFO ncclCommInitRank comm 0x225d7cd0 rank 2 nranks 8 cudaDev 2 nvmlDev 2 busId 39000 commId 0x4e1dbda729af95a7 - Init START
dc03-p17-t114-n016:377639:378210 [3] NCCL INFO ncclCommInitRank comm 0x225dee20 rank 3 nranks 8 cudaDev 3 nvmlDev 3 busId 3d000 commId 0x4e1dbda729af95a7 - Init START
dc03-p17-t114-n016:377639:378211 [4] NCCL INFO ncclCommInitRank comm 0x225e5f70 rank 4 nranks 8 cudaDev 4 nvmlDev 4 busId 9c000 commId 0x4e1dbda729af95a7 - Init START
dc03-p17-t114-n016:377639:378208 [1] NCCL INFO ncclCommInitRank comm 0x225d0b80 rank 1 nranks 8 cudaDev 1 nvmlDev 1 busId 36000 commId 0x4e1dbda729af95a7 - Init START
dc03-p17-t114-n016:377639:378207 [0] NCCL INFO ncclCommInitRank comm 0x225ca930 rank 0 nranks 8 cudaDev 0 nvmlDev 0 busId 35000 commId 0x4e1dbda729af95a7 - Init START
dc03-p17-t114-n016:377639:378213 [6] NCCL INFO ncclCommInitRank comm 0x225f4210 rank 6 nranks 8 cudaDev 6 nvmlDev 6 busId a0000 commId 0x4e1dbda729af95a7 - Init START
dc03-p17-t114-n016:377639:378214 [7] NCCL INFO ncclCommInitRank comm 0x225fb360 rank 7 nranks 8 cudaDev 7 nvmlDev 7 busId a4000 commId 0x4e1dbda729af95a7 - Init START
dc03-p17-t114-n016:377639:378212 [5] NCCL INFO ncclCommInitRank comm 0x225ed0c0 rank 5 nranks 8 cudaDev 5 nvmlDev 5 busId 9d000 commId 0x4e1dbda729af95a7 - Init START
dc03-p17-t114-n016:377639:378209 [2] NCCL INFO === System : maxBw 24.0 totalBw 24.0 ===
dc03-p17-t114-n016:377639:378209 [2] NCCL INFO CPU/0-0 (1/1/2)
dc03-p17-t114-n016:377639:378209 [2] NCCL INFO + PCI[24.0] - PCI/0-31000 (1000c0101000ffff)
dc03-p17-t114-n016:377639:378209 [2] NCCL INFO               + PCI[24.0] - GPU/0-35000 (0)
dc03-p17-t114-n016:377639:378209 [2] NCCL INFO               + PCI[24.0] - GPU/0-36000 (1)
dc03-p17-t114-n016:377639:378209 [2] NCCL INFO               + PCI[24.0] - GPU/0-39000 (2)
dc03-p17-t114-n016:377639:378209 [2] NCCL INFO               + PCI[24.0] - GPU/0-3d000 (3)
dc03-p17-t114-n016:377639:378209 [2] NCCL INFO + PCI[12.0] - NIC/0-67000
dc03-p17-t114-n016:377639:378209 [2] NCCL INFO + SYS[10.0] - CPU/1
dc03-p17-t114-n016:377639:378209 [2] NCCL INFO CPU/0-1 (1/1/2)
dc03-p17-t114-n016:377639:378209 [2] NCCL INFO + PCI[24.0] - PCI/0-98000 (1000c0101000ffff)
dc03-p17-t114-n016:377639:378209 [2] NCCL INFO               + PCI[24.0] - GPU/0-9c000 (4)
dc03-p17-t114-n016:377639:378209 [2] NCCL INFO               + PCI[24.0] - GPU/0-9d000 (5)
dc03-p17-t114-n016:377639:378209 [2] NCCL INFO               + PCI[24.0] - GPU/0-a0000 (6)
dc03-p17-t114-n016:377639:378209 [2] NCCL INFO               + PCI[24.0] - GPU/0-a4000 (7)
dc03-p17-t114-n016:377639:378209 [2] NCCL INFO + PCI[12.0] - NIC/0-e3000
dc03-p17-t114-n016:377639:378209 [2] NCCL INFO + SYS[10.0] - CPU/0
dc03-p17-t114-n016:377639:378209 [2] NCCL INFO ==========================================
dc03-p17-t114-n016:377639:378209 [2] NCCL INFO GPU/35000 :GPU/0-35000 (0/5000.0/LOC) GPU/0-36000 (2/24.0/PIX) GPU/0-39000 (2/24.0/PIX) GPU/0-3d000 (2/24.0/PIX) GPU/0-9c000 (5/10.0/SYS) GPU/0-9d000 (5/10.0/SYS) GPU/0-a0000 (5/10.0/SYS) GPU/0-a4000 (5/10.0/SYS) CPU/0-0 (2/24.0/PHB) CPU/0-1 (3/10.0/SYS) 
dc03-p17-t114-n016:377639:378209 [2] NCCL INFO GPU/36000 :GPU/0-35000 (2/24.0/PIX) GPU/0-36000 (0/5000.0/LOC) GPU/0-39000 (2/24.0/PIX) GPU/0-3d000 (2/24.0/PIX) GPU/0-9c000 (5/10.0/SYS) GPU/0-9d000 (5/10.0/SYS) GPU/0-a0000 (5/10.0/SYS) GPU/0-a4000 (5/10.0/SYS) CPU/0-0 (2/24.0/PHB) CPU/0-1 (3/10.0/SYS) 
dc03-p17-t114-n016:377639:378209 [2] NCCL INFO GPU/39000 :GPU/0-35000 (2/24.0/PIX) GPU/0-36000 (2/24.0/PIX) GPU/0-39000 (0/5000.0/LOC) GPU/0-3d000 (2/24.0/PIX) GPU/0-9c000 (5/10.0/SYS) GPU/0-9d000 (5/10.0/SYS) GPU/0-a0000 (5/10.0/SYS) GPU/0-a4000 (5/10.0/SYS) CPU/0-0 (2/24.0/PHB) CPU/0-1 (3/10.0/SYS) 
dc03-p17-t114-n016:377639:378209 [2] NCCL INFO GPU/3D000 :GPU/0-35000 (2/24.0/PIX) GPU/0-36000 (2/24.0/PIX) GPU/0-39000 (2/24.0/PIX) GPU/0-3d000 (0/5000.0/LOC) GPU/0-9c000 (5/10.0/SYS) GPU/0-9d000 (5/10.0/SYS) GPU/0-a0000 (5/10.0/SYS) GPU/0-a4000 (5/10.0/SYS) CPU/0-0 (2/24.0/PHB) CPU/0-1 (3/10.0/SYS) 
dc03-p17-t114-n016:377639:378209 [2] NCCL INFO GPU/9C000 :GPU/0-35000 (5/10.0/SYS) GPU/0-36000 (5/10.0/SYS) GPU/0-39000 (5/10.0/SYS) GPU/0-3d000 (5/10.0/SYS) GPU/0-9c000 (0/5000.0/LOC) GPU/0-9d000 (2/24.0/PIX) GPU/0-a0000 (2/24.0/PIX) GPU/0-a4000 (2/24.0/PIX) CPU/0-0 (3/10.0/SYS) CPU/0-1 (2/24.0/PHB) 
dc03-p17-t114-n016:377639:378209 [2] NCCL INFO GPU/9D000 :GPU/0-35000 (5/10.0/SYS) GPU/0-36000 (5/10.0/SYS) GPU/0-39000 (5/10.0/SYS) GPU/0-3d000 (5/10.0/SYS) GPU/0-9c000 (2/24.0/PIX) GPU/0-9d000 (0/5000.0/LOC) GPU/0-a0000 (2/24.0/PIX) GPU/0-a4000 (2/24.0/PIX) CPU/0-0 (3/10.0/SYS) CPU/0-1 (2/24.0/PHB) 
dc03-p17-t114-n016:377639:378209 [2] NCCL INFO GPU/A0000 :GPU/0-35000 (5/10.0/SYS) GPU/0-36000 (5/10.0/SYS) GPU/0-39000 (5/10.0/SYS) GPU/0-3d000 (5/10.0/SYS) GPU/0-9c000 (2/24.0/PIX) GPU/0-9d000 (2/24.0/PIX) GPU/0-a0000 (0/5000.0/LOC) GPU/0-a4000 (2/24.0/PIX) CPU/0-0 (3/10.0/SYS) CPU/0-1 (2/24.0/PHB) 
dc03-p17-t114-n016:377639:378209 [2] NCCL INFO GPU/A4000 :GPU/0-35000 (5/10.0/SYS) GPU/0-36000 (5/10.0/SYS) GPU/0-39000 (5/10.0/SYS) GPU/0-3d000 (5/10.0/SYS) GPU/0-9c000 (2/24.0/PIX) GPU/0-9d000 (2/24.0/PIX) GPU/0-a0000 (2/24.0/PIX) GPU/0-a4000 (0/5000.0/LOC) CPU/0-0 (3/10.0/SYS) CPU/0-1 (2/24.0/PHB) 
dc03-p17-t114-n016:377639:378209 [2] NCCL INFO Setting affinity for GPU 2 to fffffffe,00000000,fffffffe
dc03-p17-t114-n016:377639:378209 [2] NCCL INFO NVLS multicast support is not available on dev 2
dc03-p17-t114-n016:377639:378214 [7] NCCL INFO === System : maxBw 24.0 totalBw 24.0 ===
dc03-p17-t114-n016:377639:378214 [7] NCCL INFO CPU/0-0 (1/1/2)
dc03-p17-t114-n016:377639:378214 [7] NCCL INFO + PCI[24.0] - PCI/0-31000 (1000c0101000ffff)
dc03-p17-t114-n016:377639:378214 [7] NCCL INFO               + PCI[24.0] - GPU/0-35000 (0)
dc03-p17-t114-n016:377639:378214 [7] NCCL INFO               + PCI[24.0] - GPU/0-36000 (1)
dc03-p17-t114-n016:377639:378214 [7] NCCL INFO               + PCI[24.0] - GPU/0-39000 (2)
dc03-p17-t114-n016:377639:378214 [7] NCCL INFO               + PCI[24.0] - GPU/0-3d000 (3)
dc03-p17-t114-n016:377639:378214 [7] NCCL INFO + PCI[12.0] - NIC/0-67000
dc03-p17-t114-n016:377639:378214 [7] NCCL INFO + SYS[10.0] - CPU/1
dc03-p17-t114-n016:377639:378214 [7] NCCL INFO CPU/0-1 (1/1/2)
dc03-p17-t114-n016:377639:378214 [7] NCCL INFO + PCI[24.0] - PCI/0-98000 (1000c0101000ffff)
dc03-p17-t114-n016:377639:378214 [7] NCCL INFO               + PCI[24.0] - GPU/0-9c000 (4)
dc03-p17-t114-n016:377639:378214 [7] NCCL INFO               + PCI[24.0] - GPU/0-9d000 (5)
dc03-p17-t114-n016:377639:378214 [7] NCCL INFO               + PCI[24.0] - GPU/0-a0000 (6)
dc03-p17-t114-n016:377639:378214 [7] NCCL INFO               + PCI[24.0] - GPU/0-a4000 (7)
dc03-p17-t114-n016:377639:378214 [7] NCCL INFO + PCI[12.0] - NIC/0-e3000
dc03-p17-t114-n016:377639:378214 [7] NCCL INFO + SYS[10.0] - CPU/0
dc03-p17-t114-n016:377639:378214 [7] NCCL INFO ==========================================
dc03-p17-t114-n016:377639:378214 [7] NCCL INFO GPU/35000 :GPU/0-35000 (0/5000.0/LOC) GPU/0-36000 (2/24.0/PIX) GPU/0-39000 (2/24.0/PIX) GPU/0-3d000 (2/24.0/PIX) GPU/0-9c000 (5/10.0/SYS) GPU/0-9d000 (5/10.0/SYS) GPU/0-a0000 (5/10.0/SYS) GPU/0-a4000 (5/10.0/SYS) CPU/0-0 (2/24.0/PHB) CPU/0-1 (3/10.0/SYS) 
dc03-p17-t114-n016:377639:378214 [7] NCCL INFO GPU/36000 :GPU/0-35000 (2/24.0/PIX) GPU/0-36000 (0/5000.0/LOC) GPU/0-39000 (2/24.0/PIX) GPU/0-3d000 (2/24.0/PIX) GPU/0-9c000 (5/10.0/SYS) GPU/0-9d000 (5/10.0/SYS) GPU/0-a0000 (5/10.0/SYS) GPU/0-a4000 (5/10.0/SYS) CPU/0-0 (2/24.0/PHB) CPU/0-1 (3/10.0/SYS) 
dc03-p17-t114-n016:377639:378214 [7] NCCL INFO GPU/39000 :GPU/0-35000 (2/24.0/PIX) GPU/0-36000 (2/24.0/PIX) GPU/0-39000 (0/5000.0/LOC) GPU/0-3d000 (2/24.0/PIX) GPU/0-9c000 (5/10.0/SYS) GPU/0-9d000 (5/10.0/SYS) GPU/0-a0000 (5/10.0/SYS) GPU/0-a4000 (5/10.0/SYS) CPU/0-0 (2/24.0/PHB) CPU/0-1 (3/10.0/SYS) 
dc03-p17-t114-n016:377639:378214 [7] NCCL INFO GPU/3D000 :GPU/0-35000 (2/24.0/PIX) GPU/0-36000 (2/24.0/PIX) GPU/0-39000 (2/24.0/PIX) GPU/0-3d000 (0/5000.0/LOC) GPU/0-9c000 (5/10.0/SYS) GPU/0-9d000 (5/10.0/SYS) GPU/0-a0000 (5/10.0/SYS) GPU/0-a4000 (5/10.0/SYS) CPU/0-0 (2/24.0/PHB) CPU/0-1 (3/10.0/SYS) 
dc03-p17-t114-n016:377639:378214 [7] NCCL INFO GPU/9C000 :GPU/0-35000 (5/10.0/SYS) GPU/0-36000 (5/10.0/SYS) GPU/0-39000 (5/10.0/SYS) GPU/0-3d000 (5/10.0/SYS) GPU/0-9c000 (0/5000.0/LOC) GPU/0-9d000 (2/24.0/PIX) GPU/0-a0000 (2/24.0/PIX) GPU/0-a4000 (2/24.0/PIX) CPU/0-0 (3/10.0/SYS) CPU/0-1 (2/24.0/PHB) 
dc03-p17-t114-n016:377639:378214 [7] NCCL INFO GPU/9D000 :GPU/0-35000 (5/10.0/SYS) GPU/0-36000 (5/10.0/SYS) GPU/0-39000 (5/10.0/SYS) GPU/0-3d000 (5/10.0/SYS) GPU/0-9c000 (2/24.0/PIX) GPU/0-9d000 (0/5000.0/LOC) GPU/0-a0000 (2/24.0/PIX) GPU/0-a4000 (2/24.0/PIX) CPU/0-0 (3/10.0/SYS) CPU/0-1 (2/24.0/PHB) 
dc03-p17-t114-n016:377639:378214 [7] NCCL INFO GPU/A0000 :GPU/0-35000 (5/10.0/SYS) GPU/0-36000 (5/10.0/SYS) GPU/0-39000 (5/10.0/SYS) GPU/0-3d000 (5/10.0/SYS) GPU/0-9c000 (2/24.0/PIX) GPU/0-9d000 (2/24.0/PIX) GPU/0-a0000 (0/5000.0/LOC) GPU/0-a4000 (2/24.0/PIX) CPU/0-0 (3/10.0/SYS) CPU/0-1 (2/24.0/PHB) 
dc03-p17-t114-n016:377639:378214 [7] NCCL INFO GPU/A4000 :GPU/0-35000 (5/10.0/SYS) GPU/0-36000 (5/10.0/SYS) GPU/0-39000 (5/10.0/SYS) GPU/0-3d000 (5/10.0/SYS) GPU/0-9c000 (2/24.0/PIX) GPU/0-9d000 (2/24.0/PIX) GPU/0-a0000 (2/24.0/PIX) GPU/0-a4000 (0/5000.0/LOC) CPU/0-0 (3/10.0/SYS) CPU/0-1 (2/24.0/PHB) 
dc03-p17-t114-n016:377639:378214 [7] NCCL INFO Setting affinity for GPU 7 to 7ffffffe,00000000,7ffffffe,00000000
dc03-p17-t114-n016:377639:378214 [7] NCCL INFO NVLS multicast support is not available on dev 7
dc03-p17-t114-n016:377639:378209 [2] NCCL INFO Pattern 4, crossNic 0, nChannels 1, bw 10.000000/10.000000, type SYS/PIX, sameChannels 1
dc03-p17-t114-n016:377639:378209 [2] NCCL INFO  0 : GPU/0 GPU/1 GPU/2 GPU/3 GPU/4 GPU/5 GPU/6 GPU/7
dc03-p17-t114-n016:377639:378209 [2] NCCL INFO Pattern 1, crossNic 0, nChannels 1, bw 10.000000/10.000000, type SYS/PIX, sameChannels 1
dc03-p17-t114-n016:377639:378209 [2] NCCL INFO  0 : GPU/0 GPU/1 GPU/2 GPU/3 GPU/4 GPU/5 GPU/6 GPU/7
dc03-p17-t114-n016:377639:378214 [7] NCCL INFO Pattern 4, crossNic 0, nChannels 1, bw 10.000000/10.000000, type SYS/PIX, sameChannels 1
dc03-p17-t114-n016:377639:378214 [7] NCCL INFO  0 : GPU/0 GPU/1 GPU/2 GPU/3 GPU/4 GPU/5 GPU/6 GPU/7
dc03-p17-t114-n016:377639:378214 [7] NCCL INFO Pattern 1, crossNic 0, nChannels 1, bw 10.000000/10.000000, type SYS/PIX, sameChannels 1
dc03-p17-t114-n016:377639:378214 [7] NCCL INFO  0 : GPU/0 GPU/1 GPU/2 GPU/3 GPU/4 GPU/5 GPU/6 GPU/7
dc03-p17-t114-n016:377639:378212 [5] NCCL INFO === System : maxBw 24.0 totalBw 24.0 ===
dc03-p17-t114-n016:377639:378212 [5] NCCL INFO CPU/0-0 (1/1/2)
dc03-p17-t114-n016:377639:378212 [5] NCCL INFO + PCI[24.0] - PCI/0-31000 (1000c0101000ffff)
dc03-p17-t114-n016:377639:378212 [5] NCCL INFO               + PCI[24.0] - GPU/0-35000 (0)
dc03-p17-t114-n016:377639:378212 [5] NCCL INFO               + PCI[24.0] - GPU/0-36000 (1)
dc03-p17-t114-n016:377639:378212 [5] NCCL INFO               + PCI[24.0] - GPU/0-39000 (2)
dc03-p17-t114-n016:377639:378212 [5] NCCL INFO               + PCI[24.0] - GPU/0-3d000 (3)
dc03-p17-t114-n016:377639:378212 [5] NCCL INFO + PCI[12.0] - NIC/0-67000
dc03-p17-t114-n016:377639:378212 [5] NCCL INFO + SYS[10.0] - CPU/1
dc03-p17-t114-n016:377639:378212 [5] NCCL INFO CPU/0-1 (1/1/2)
dc03-p17-t114-n016:377639:378212 [5] NCCL INFO + PCI[24.0] - PCI/0-98000 (1000c0101000ffff)
dc03-p17-t114-n016:377639:378212 [5] NCCL INFO               + PCI[24.0] - GPU/0-9c000 (4)
dc03-p17-t114-n016:377639:378212 [5] NCCL INFO               + PCI[24.0] - GPU/0-9d000 (5)
dc03-p17-t114-n016:377639:378212 [5] NCCL INFO               + PCI[24.0] - GPU/0-a0000 (6)
dc03-p17-t114-n016:377639:378212 [5] NCCL INFO               + PCI[24.0] - GPU/0-a4000 (7)
dc03-p17-t114-n016:377639:378212 [5] NCCL INFO + PCI[12.0] - NIC/0-e3000
dc03-p17-t114-n016:377639:378212 [5] NCCL INFO + SYS[10.0] - CPU/0
dc03-p17-t114-n016:377639:378212 [5] NCCL INFO ==========================================
dc03-p17-t114-n016:377639:378212 [5] NCCL INFO GPU/35000 :GPU/0-35000 (0/5000.0/LOC) GPU/0-36000 (2/24.0/PIX) GPU/0-39000 (2/24.0/PIX) GPU/0-3d000 (2/24.0/PIX) GPU/0-9c000 (5/10.0/SYS) GPU/0-9d000 (5/10.0/SYS) GPU/0-a0000 (5/10.0/SYS) GPU/0-a4000 (5/10.0/SYS) CPU/0-0 (2/24.0/PHB) CPU/0-1 (3/10.0/SYS) 
dc03-p17-t114-n016:377639:378212 [5] NCCL INFO GPU/36000 :GPU/0-35000 (2/24.0/PIX) GPU/0-36000 (0/5000.0/LOC) GPU/0-39000 (2/24.0/PIX) GPU/0-3d000 (2/24.0/PIX) GPU/0-9c000 (5/10.0/SYS) GPU/0-9d000 (5/10.0/SYS) GPU/0-a0000 (5/10.0/SYS) GPU/0-a4000 (5/10.0/SYS) CPU/0-0 (2/24.0/PHB) CPU/0-1 (3/10.0/SYS) 
dc03-p17-t114-n016:377639:378212 [5] NCCL INFO GPU/39000 :GPU/0-35000 (2/24.0/PIX) GPU/0-36000 (2/24.0/PIX) GPU/0-39000 (0/5000.0/LOC) GPU/0-3d000 (2/24.0/PIX) GPU/0-9c000 (5/10.0/SYS) GPU/0-9d000 (5/10.0/SYS) GPU/0-a0000 (5/10.0/SYS) GPU/0-a4000 (5/10.0/SYS) CPU/0-0 (2/24.0/PHB) CPU/0-1 (3/10.0/SYS) 
dc03-p17-t114-n016:377639:378212 [5] NCCL INFO GPU/3D000 :GPU/0-35000 (2/24.0/PIX) GPU/0-36000 (2/24.0/PIX) GPU/0-39000 (2/24.0/PIX) GPU/0-3d000 (0/5000.0/LOC) GPU/0-9c000 (5/10.0/SYS) GPU/0-9d000 (5/10.0/SYS) GPU/0-a0000 (5/10.0/SYS) GPU/0-a4000 (5/10.0/SYS) CPU/0-0 (2/24.0/PHB) CPU/0-1 (3/10.0/SYS) 
dc03-p17-t114-n016:377639:378212 [5] NCCL INFO GPU/9C000 :GPU/0-35000 (5/10.0/SYS) GPU/0-36000 (5/10.0/SYS) GPU/0-39000 (5/10.0/SYS) GPU/0-3d000 (5/10.0/SYS) GPU/0-9c000 (0/5000.0/LOC) GPU/0-9d000 (2/24.0/PIX) GPU/0-a0000 (2/24.0/PIX) GPU/0-a4000 (2/24.0/PIX) CPU/0-0 (3/10.0/SYS) CPU/0-1 (2/24.0/PHB) 
dc03-p17-t114-n016:377639:378212 [5] NCCL INFO GPU/9D000 :GPU/0-35000 (5/10.0/SYS) GPU/0-36000 (5/10.0/SYS) GPU/0-39000 (5/10.0/SYS) GPU/0-3d000 (5/10.0/SYS) GPU/0-9c000 (2/24.0/PIX) GPU/0-9d000 (0/5000.0/LOC) GPU/0-a0000 (2/24.0/PIX) GPU/0-a4000 (2/24.0/PIX) CPU/0-0 (3/10.0/SYS) CPU/0-1 (2/24.0/PHB) 
dc03-p17-t114-n016:377639:378212 [5] NCCL INFO GPU/A0000 :GPU/0-35000 (5/10.0/SYS) GPU/0-36000 (5/10.0/SYS) GPU/0-39000 (5/10.0/SYS) GPU/0-3d000 (5/10.0/SYS) GPU/0-9c000 (2/24.0/PIX) GPU/0-9d000 (2/24.0/PIX) GPU/0-a0000 (0/5000.0/LOC) GPU/0-a4000 (2/24.0/PIX) CPU/0-0 (3/10.0/SYS) CPU/0-1 (2/24.0/PHB) 
dc03-p17-t114-n016:377639:378212 [5] NCCL INFO GPU/A4000 :GPU/0-35000 (5/10.0/SYS) GPU/0-36000 (5/10.0/SYS) GPU/0-39000 (5/10.0/SYS) GPU/0-3d000 (5/10.0/SYS) GPU/0-9c000 (2/24.0/PIX) GPU/0-9d000 (2/24.0/PIX) GPU/0-a0000 (2/24.0/PIX) GPU/0-a4000 (0/5000.0/LOC) CPU/0-0 (3/10.0/SYS) CPU/0-1 (2/24.0/PHB) 
dc03-p17-t114-n016:377639:378212 [5] NCCL INFO Setting affinity for GPU 5 to 7ffffffe,00000000,7ffffffe,00000000
dc03-p17-t114-n016:377639:378212 [5] NCCL INFO NVLS multicast support is not available on dev 5
dc03-p17-t114-n016:377639:378212 [5] NCCL INFO Pattern 4, crossNic 0, nChannels 1, bw 10.000000/10.000000, type SYS/PIX, sameChannels 1
dc03-p17-t114-n016:377639:378212 [5] NCCL INFO  0 : GPU/0 GPU/1 GPU/2 GPU/3 GPU/4 GPU/5 GPU/6 GPU/7
dc03-p17-t114-n016:377639:378212 [5] NCCL INFO Pattern 1, crossNic 0, nChannels 1, bw 10.000000/10.000000, type SYS/PIX, sameChannels 1
dc03-p17-t114-n016:377639:378212 [5] NCCL INFO  0 : GPU/0 GPU/1 GPU/2 GPU/3 GPU/4 GPU/5 GPU/6 GPU/7
dc03-p17-t114-n016:377639:378213 [6] NCCL INFO === System : maxBw 24.0 totalBw 24.0 ===
dc03-p17-t114-n016:377639:378213 [6] NCCL INFO CPU/0-0 (1/1/2)
dc03-p17-t114-n016:377639:378213 [6] NCCL INFO + PCI[24.0] - PCI/0-31000 (1000c0101000ffff)
dc03-p17-t114-n016:377639:378213 [6] NCCL INFO               + PCI[24.0] - GPU/0-35000 (0)
dc03-p17-t114-n016:377639:378213 [6] NCCL INFO               + PCI[24.0] - GPU/0-36000 (1)
dc03-p17-t114-n016:377639:378213 [6] NCCL INFO               + PCI[24.0] - GPU/0-39000 (2)
dc03-p17-t114-n016:377639:378213 [6] NCCL INFO               + PCI[24.0] - GPU/0-3d000 (3)
dc03-p17-t114-n016:377639:378213 [6] NCCL INFO + PCI[12.0] - NIC/0-67000
dc03-p17-t114-n016:377639:378213 [6] NCCL INFO + SYS[10.0] - CPU/1
dc03-p17-t114-n016:377639:378213 [6] NCCL INFO CPU/0-1 (1/1/2)
dc03-p17-t114-n016:377639:378213 [6] NCCL INFO + PCI[24.0] - PCI/0-98000 (1000c0101000ffff)
dc03-p17-t114-n016:377639:378213 [6] NCCL INFO               + PCI[24.0] - GPU/0-9c000 (4)
dc03-p17-t114-n016:377639:378213 [6] NCCL INFO               + PCI[24.0] - GPU/0-9d000 (5)
dc03-p17-t114-n016:377639:378213 [6] NCCL INFO               + PCI[24.0] - GPU/0-a0000 (6)
dc03-p17-t114-n016:377639:378213 [6] NCCL INFO               + PCI[24.0] - GPU/0-a4000 (7)
dc03-p17-t114-n016:377639:378213 [6] NCCL INFO + PCI[12.0] - NIC/0-e3000
dc03-p17-t114-n016:377639:378213 [6] NCCL INFO + SYS[10.0] - CPU/0
dc03-p17-t114-n016:377639:378213 [6] NCCL INFO ==========================================
dc03-p17-t114-n016:377639:378213 [6] NCCL INFO GPU/35000 :GPU/0-35000 (0/5000.0/LOC) GPU/0-36000 (2/24.0/PIX) GPU/0-39000 (2/24.0/PIX) GPU/0-3d000 (2/24.0/PIX) GPU/0-9c000 (5/10.0/SYS) GPU/0-9d000 (5/10.0/SYS) GPU/0-a0000 (5/10.0/SYS) GPU/0-a4000 (5/10.0/SYS) CPU/0-0 (2/24.0/PHB) CPU/0-1 (3/10.0/SYS) 
dc03-p17-t114-n016:377639:378213 [6] NCCL INFO GPU/36000 :GPU/0-35000 (2/24.0/PIX) GPU/0-36000 (0/5000.0/LOC) GPU/0-39000 (2/24.0/PIX) GPU/0-3d000 (2/24.0/PIX) GPU/0-9c000 (5/10.0/SYS) GPU/0-9d000 (5/10.0/SYS) GPU/0-a0000 (5/10.0/SYS) GPU/0-a4000 (5/10.0/SYS) CPU/0-0 (2/24.0/PHB) CPU/0-1 (3/10.0/SYS) 
dc03-p17-t114-n016:377639:378213 [6] NCCL INFO GPU/39000 :GPU/0-35000 (2/24.0/PIX) GPU/0-36000 (2/24.0/PIX) GPU/0-39000 (0/5000.0/LOC) GPU/0-3d000 (2/24.0/PIX) GPU/0-9c000 (5/10.0/SYS) GPU/0-9d000 (5/10.0/SYS) GPU/0-a0000 (5/10.0/SYS) GPU/0-a4000 (5/10.0/SYS) CPU/0-0 (2/24.0/PHB) CPU/0-1 (3/10.0/SYS) 
dc03-p17-t114-n016:377639:378213 [6] NCCL INFO GPU/3D000 :GPU/0-35000 (2/24.0/PIX) GPU/0-36000 (2/24.0/PIX) GPU/0-39000 (2/24.0/PIX) GPU/0-3d000 (0/5000.0/LOC) GPU/0-9c000 (5/10.0/SYS) GPU/0-9d000 (5/10.0/SYS) GPU/0-a0000 (5/10.0/SYS) GPU/0-a4000 (5/10.0/SYS) CPU/0-0 (2/24.0/PHB) CPU/0-1 (3/10.0/SYS) 
dc03-p17-t114-n016:377639:378213 [6] NCCL INFO GPU/9C000 :GPU/0-35000 (5/10.0/SYS) GPU/0-36000 (5/10.0/SYS) GPU/0-39000 (5/10.0/SYS) GPU/0-3d000 (5/10.0/SYS) GPU/0-9c000 (0/5000.0/LOC) GPU/0-9d000 (2/24.0/PIX) GPU/0-a0000 (2/24.0/PIX) GPU/0-a4000 (2/24.0/PIX) CPU/0-0 (3/10.0/SYS) CPU/0-1 (2/24.0/PHB) 
dc03-p17-t114-n016:377639:378213 [6] NCCL INFO GPU/9D000 :GPU/0-35000 (5/10.0/SYS) GPU/0-36000 (5/10.0/SYS) GPU/0-39000 (5/10.0/SYS) GPU/0-3d000 (5/10.0/SYS) GPU/0-9c000 (2/24.0/PIX) GPU/0-9d000 (0/5000.0/LOC) GPU/0-a0000 (2/24.0/PIX) GPU/0-a4000 (2/24.0/PIX) CPU/0-0 (3/10.0/SYS) CPU/0-1 (2/24.0/PHB) 
dc03-p17-t114-n016:377639:378213 [6] NCCL INFO GPU/A0000 :GPU/0-35000 (5/10.0/SYS) GPU/0-36000 (5/10.0/SYS) GPU/0-39000 (5/10.0/SYS) GPU/0-3d000 (5/10.0/SYS) GPU/0-9c000 (2/24.0/PIX) GPU/0-9d000 (2/24.0/PIX) GPU/0-a0000 (0/5000.0/LOC) GPU/0-a4000 (2/24.0/PIX) CPU/0-0 (3/10.0/SYS) CPU/0-1 (2/24.0/PHB) 
dc03-p17-t114-n016:377639:378213 [6] NCCL INFO GPU/A4000 :GPU/0-35000 (5/10.0/SYS) GPU/0-36000 (5/10.0/SYS) GPU/0-39000 (5/10.0/SYS) GPU/0-3d000 (5/10.0/SYS) GPU/0-9c000 (2/24.0/PIX) GPU/0-9d000 (2/24.0/PIX) GPU/0-a0000 (2/24.0/PIX) GPU/0-a4000 (0/5000.0/LOC) CPU/0-0 (3/10.0/SYS) CPU/0-1 (2/24.0/PHB) 
dc03-p17-t114-n016:377639:378213 [6] NCCL INFO Setting affinity for GPU 6 to 7ffffffe,00000000,7ffffffe,00000000
dc03-p17-t114-n016:377639:378213 [6] NCCL INFO NVLS multicast support is not available on dev 6
dc03-p17-t114-n016:377639:378213 [6] NCCL INFO Pattern 4, crossNic 0, nChannels 1, bw 10.000000/10.000000, type SYS/PIX, sameChannels 1
dc03-p17-t114-n016:377639:378213 [6] NCCL INFO  0 : GPU/0 GPU/1 GPU/2 GPU/3 GPU/4 GPU/5 GPU/6 GPU/7
dc03-p17-t114-n016:377639:378213 [6] NCCL INFO Pattern 1, crossNic 0, nChannels 1, bw 10.000000/10.000000, type SYS/PIX, sameChannels 1
dc03-p17-t114-n016:377639:378213 [6] NCCL INFO  0 : GPU/0 GPU/1 GPU/2 GPU/3 GPU/4 GPU/5 GPU/6 GPU/7
dc03-p17-t114-n016:377639:378207 [0] NCCL INFO === System : maxBw 24.0 totalBw 24.0 ===
dc03-p17-t114-n016:377639:378207 [0] NCCL INFO CPU/0-0 (1/1/2)
dc03-p17-t114-n016:377639:378207 [0] NCCL INFO + PCI[24.0] - PCI/0-31000 (1000c0101000ffff)
dc03-p17-t114-n016:377639:378207 [0] NCCL INFO               + PCI[24.0] - GPU/0-35000 (0)
dc03-p17-t114-n016:377639:378207 [0] NCCL INFO               + PCI[24.0] - GPU/0-36000 (1)
dc03-p17-t114-n016:377639:378207 [0] NCCL INFO               + PCI[24.0] - GPU/0-39000 (2)
dc03-p17-t114-n016:377639:378207 [0] NCCL INFO               + PCI[24.0] - GPU/0-3d000 (3)
dc03-p17-t114-n016:377639:378207 [0] NCCL INFO + PCI[12.0] - NIC/0-67000
dc03-p17-t114-n016:377639:378207 [0] NCCL INFO + SYS[10.0] - CPU/1
dc03-p17-t114-n016:377639:378207 [0] NCCL INFO CPU/0-1 (1/1/2)
dc03-p17-t114-n016:377639:378207 [0] NCCL INFO + PCI[24.0] - PCI/0-98000 (1000c0101000ffff)
dc03-p17-t114-n016:377639:378207 [0] NCCL INFO               + PCI[24.0] - GPU/0-9c000 (4)
dc03-p17-t114-n016:377639:378207 [0] NCCL INFO               + PCI[24.0] - GPU/0-9d000 (5)
dc03-p17-t114-n016:377639:378207 [0] NCCL INFO               + PCI[24.0] - GPU/0-a0000 (6)
dc03-p17-t114-n016:377639:378207 [0] NCCL INFO               + PCI[24.0] - GPU/0-a4000 (7)
dc03-p17-t114-n016:377639:378207 [0] NCCL INFO + PCI[12.0] - NIC/0-e3000
dc03-p17-t114-n016:377639:378207 [0] NCCL INFO + SYS[10.0] - CPU/0
dc03-p17-t114-n016:377639:378207 [0] NCCL INFO ==========================================
dc03-p17-t114-n016:377639:378207 [0] NCCL INFO GPU/35000 :GPU/0-35000 (0/5000.0/LOC) GPU/0-36000 (2/24.0/PIX) GPU/0-39000 (2/24.0/PIX) GPU/0-3d000 (2/24.0/PIX) GPU/0-9c000 (5/10.0/SYS) GPU/0-9d000 (5/10.0/SYS) GPU/0-a0000 (5/10.0/SYS) GPU/0-a4000 (5/10.0/SYS) CPU/0-0 (2/24.0/PHB) CPU/0-1 (3/10.0/SYS) 
dc03-p17-t114-n016:377639:378207 [0] NCCL INFO GPU/36000 :GPU/0-35000 (2/24.0/PIX) GPU/0-36000 (0/5000.0/LOC) GPU/0-39000 (2/24.0/PIX) GPU/0-3d000 (2/24.0/PIX) GPU/0-9c000 (5/10.0/SYS) GPU/0-9d000 (5/10.0/SYS) GPU/0-a0000 (5/10.0/SYS) GPU/0-a4000 (5/10.0/SYS) CPU/0-0 (2/24.0/PHB) CPU/0-1 (3/10.0/SYS) 
dc03-p17-t114-n016:377639:378207 [0] NCCL INFO GPU/39000 :GPU/0-35000 (2/24.0/PIX) GPU/0-36000 (2/24.0/PIX) GPU/0-39000 (0/5000.0/LOC) GPU/0-3d000 (2/24.0/PIX) GPU/0-9c000 (5/10.0/SYS) GPU/0-9d000 (5/10.0/SYS) GPU/0-a0000 (5/10.0/SYS) GPU/0-a4000 (5/10.0/SYS) CPU/0-0 (2/24.0/PHB) CPU/0-1 (3/10.0/SYS) 
dc03-p17-t114-n016:377639:378207 [0] NCCL INFO GPU/3D000 :GPU/0-35000 (2/24.0/PIX) GPU/0-36000 (2/24.0/PIX) GPU/0-39000 (2/24.0/PIX) GPU/0-3d000 (0/5000.0/LOC) GPU/0-9c000 (5/10.0/SYS) GPU/0-9d000 (5/10.0/SYS) GPU/0-a0000 (5/10.0/SYS) GPU/0-a4000 (5/10.0/SYS) CPU/0-0 (2/24.0/PHB) CPU/0-1 (3/10.0/SYS) 
dc03-p17-t114-n016:377639:378207 [0] NCCL INFO GPU/9C000 :GPU/0-35000 (5/10.0/SYS) GPU/0-36000 (5/10.0/SYS) GPU/0-39000 (5/10.0/SYS) GPU/0-3d000 (5/10.0/SYS) GPU/0-9c000 (0/5000.0/LOC) GPU/0-9d000 (2/24.0/PIX) GPU/0-a0000 (2/24.0/PIX) GPU/0-a4000 (2/24.0/PIX) CPU/0-0 (3/10.0/SYS) CPU/0-1 (2/24.0/PHB) 
dc03-p17-t114-n016:377639:378207 [0] NCCL INFO GPU/9D000 :GPU/0-35000 (5/10.0/SYS) GPU/0-36000 (5/10.0/SYS) GPU/0-39000 (5/10.0/SYS) GPU/0-3d000 (5/10.0/SYS) GPU/0-9c000 (2/24.0/PIX) GPU/0-9d000 (0/5000.0/LOC) GPU/0-a0000 (2/24.0/PIX) GPU/0-a4000 (2/24.0/PIX) CPU/0-0 (3/10.0/SYS) CPU/0-1 (2/24.0/PHB) 
dc03-p17-t114-n016:377639:378207 [0] NCCL INFO GPU/A0000 :GPU/0-35000 (5/10.0/SYS) GPU/0-36000 (5/10.0/SYS) GPU/0-39000 (5/10.0/SYS) GPU/0-3d000 (5/10.0/SYS) GPU/0-9c000 (2/24.0/PIX) GPU/0-9d000 (2/24.0/PIX) GPU/0-a0000 (0/5000.0/LOC) GPU/0-a4000 (2/24.0/PIX) CPU/0-0 (3/10.0/SYS) CPU/0-1 (2/24.0/PHB) 
dc03-p17-t114-n016:377639:378207 [0] NCCL INFO GPU/A4000 :GPU/0-35000 (5/10.0/SYS) GPU/0-36000 (5/10.0/SYS) GPU/0-39000 (5/10.0/SYS) GPU/0-3d000 (5/10.0/SYS) GPU/0-9c000 (2/24.0/PIX) GPU/0-9d000 (2/24.0/PIX) GPU/0-a0000 (2/24.0/PIX) GPU/0-a4000 (0/5000.0/LOC) CPU/0-0 (3/10.0/SYS) CPU/0-1 (2/24.0/PHB) 
dc03-p17-t114-n016:377639:378207 [0] NCCL INFO Setting affinity for GPU 0 to fffffffe,00000000,fffffffe
dc03-p17-t114-n016:377639:378207 [0] NCCL INFO NVLS multicast support is not available on dev 0
dc03-p17-t114-n016:377639:378207 [0] NCCL INFO Pattern 4, crossNic 0, nChannels 1, bw 10.000000/10.000000, type SYS/PIX, sameChannels 1
dc03-p17-t114-n016:377639:378207 [0] NCCL INFO  0 : GPU/0 GPU/1 GPU/2 GPU/3 GPU/4 GPU/5 GPU/6 GPU/7
dc03-p17-t114-n016:377639:378207 [0] NCCL INFO Pattern 1, crossNic 0, nChannels 1, bw 10.000000/10.000000, type SYS/PIX, sameChannels 1
dc03-p17-t114-n016:377639:378207 [0] NCCL INFO  0 : GPU/0 GPU/1 GPU/2 GPU/3 GPU/4 GPU/5 GPU/6 GPU/7
dc03-p17-t114-n016:377639:378208 [1] NCCL INFO === System : maxBw 24.0 totalBw 24.0 ===
dc03-p17-t114-n016:377639:378208 [1] NCCL INFO CPU/0-0 (1/1/2)
dc03-p17-t114-n016:377639:378208 [1] NCCL INFO + PCI[24.0] - PCI/0-31000 (1000c0101000ffff)
dc03-p17-t114-n016:377639:378208 [1] NCCL INFO               + PCI[24.0] - GPU/0-35000 (0)
dc03-p17-t114-n016:377639:378208 [1] NCCL INFO               + PCI[24.0] - GPU/0-36000 (1)
dc03-p17-t114-n016:377639:378208 [1] NCCL INFO               + PCI[24.0] - GPU/0-39000 (2)
dc03-p17-t114-n016:377639:378208 [1] NCCL INFO               + PCI[24.0] - GPU/0-3d000 (3)
dc03-p17-t114-n016:377639:378208 [1] NCCL INFO + PCI[12.0] - NIC/0-67000
dc03-p17-t114-n016:377639:378208 [1] NCCL INFO + SYS[10.0] - CPU/1
dc03-p17-t114-n016:377639:378208 [1] NCCL INFO CPU/0-1 (1/1/2)
dc03-p17-t114-n016:377639:378208 [1] NCCL INFO + PCI[24.0] - PCI/0-98000 (1000c0101000ffff)
dc03-p17-t114-n016:377639:378208 [1] NCCL INFO               + PCI[24.0] - GPU/0-9c000 (4)
dc03-p17-t114-n016:377639:378208 [1] NCCL INFO               + PCI[24.0] - GPU/0-9d000 (5)
dc03-p17-t114-n016:377639:378208 [1] NCCL INFO               + PCI[24.0] - GPU/0-a0000 (6)
dc03-p17-t114-n016:377639:378208 [1] NCCL INFO               + PCI[24.0] - GPU/0-a4000 (7)
dc03-p17-t114-n016:377639:378208 [1] NCCL INFO + PCI[12.0] - NIC/0-e3000
dc03-p17-t114-n016:377639:378208 [1] NCCL INFO + SYS[10.0] - CPU/0
dc03-p17-t114-n016:377639:378208 [1] NCCL INFO ==========================================
dc03-p17-t114-n016:377639:378208 [1] NCCL INFO GPU/35000 :GPU/0-35000 (0/5000.0/LOC) GPU/0-36000 (2/24.0/PIX) GPU/0-39000 (2/24.0/PIX) GPU/0-3d000 (2/24.0/PIX) GPU/0-9c000 (5/10.0/SYS) GPU/0-9d000 (5/10.0/SYS) GPU/0-a0000 (5/10.0/SYS) GPU/0-a4000 (5/10.0/SYS) CPU/0-0 (2/24.0/PHB) CPU/0-1 (3/10.0/SYS) 
dc03-p17-t114-n016:377639:378208 [1] NCCL INFO GPU/36000 :GPU/0-35000 (2/24.0/PIX) GPU/0-36000 (0/5000.0/LOC) GPU/0-39000 (2/24.0/PIX) GPU/0-3d000 (2/24.0/PIX) GPU/0-9c000 (5/10.0/SYS) GPU/0-9d000 (5/10.0/SYS) GPU/0-a0000 (5/10.0/SYS) GPU/0-a4000 (5/10.0/SYS) CPU/0-0 (2/24.0/PHB) CPU/0-1 (3/10.0/SYS) 
dc03-p17-t114-n016:377639:378208 [1] NCCL INFO GPU/39000 :GPU/0-35000 (2/24.0/PIX) GPU/0-36000 (2/24.0/PIX) GPU/0-39000 (0/5000.0/LOC) GPU/0-3d000 (2/24.0/PIX) GPU/0-9c000 (5/10.0/SYS) GPU/0-9d000 (5/10.0/SYS) GPU/0-a0000 (5/10.0/SYS) GPU/0-a4000 (5/10.0/SYS) CPU/0-0 (2/24.0/PHB) CPU/0-1 (3/10.0/SYS) 
dc03-p17-t114-n016:377639:378208 [1] NCCL INFO GPU/3D000 :GPU/0-35000 (2/24.0/PIX) GPU/0-36000 (2/24.0/PIX) GPU/0-39000 (2/24.0/PIX) GPU/0-3d000 (0/5000.0/LOC) GPU/0-9c000 (5/10.0/SYS) GPU/0-9d000 (5/10.0/SYS) GPU/0-a0000 (5/10.0/SYS) GPU/0-a4000 (5/10.0/SYS) CPU/0-0 (2/24.0/PHB) CPU/0-1 (3/10.0/SYS) 
dc03-p17-t114-n016:377639:378208 [1] NCCL INFO GPU/9C000 :GPU/0-35000 (5/10.0/SYS) GPU/0-36000 (5/10.0/SYS) GPU/0-39000 (5/10.0/SYS) GPU/0-3d000 (5/10.0/SYS) GPU/0-9c000 (0/5000.0/LOC) GPU/0-9d000 (2/24.0/PIX) GPU/0-a0000 (2/24.0/PIX) GPU/0-a4000 (2/24.0/PIX) CPU/0-0 (3/10.0/SYS) CPU/0-1 (2/24.0/PHB) 
dc03-p17-t114-n016:377639:378208 [1] NCCL INFO GPU/9D000 :GPU/0-35000 (5/10.0/SYS) GPU/0-36000 (5/10.0/SYS) GPU/0-39000 (5/10.0/SYS) GPU/0-3d000 (5/10.0/SYS) GPU/0-9c000 (2/24.0/PIX) GPU/0-9d000 (0/5000.0/LOC) GPU/0-a0000 (2/24.0/PIX) GPU/0-a4000 (2/24.0/PIX) CPU/0-0 (3/10.0/SYS) CPU/0-1 (2/24.0/PHB) 
dc03-p17-t114-n016:377639:378208 [1] NCCL INFO GPU/A0000 :GPU/0-35000 (5/10.0/SYS) GPU/0-36000 (5/10.0/SYS) GPU/0-39000 (5/10.0/SYS) GPU/0-3d000 (5/10.0/SYS) GPU/0-9c000 (2/24.0/PIX) GPU/0-9d000 (2/24.0/PIX) GPU/0-a0000 (0/5000.0/LOC) GPU/0-a4000 (2/24.0/PIX) CPU/0-0 (3/10.0/SYS) CPU/0-1 (2/24.0/PHB) 
dc03-p17-t114-n016:377639:378208 [1] NCCL INFO GPU/A4000 :GPU/0-35000 (5/10.0/SYS) GPU/0-36000 (5/10.0/SYS) GPU/0-39000 (5/10.0/SYS) GPU/0-3d000 (5/10.0/SYS) GPU/0-9c000 (2/24.0/PIX) GPU/0-9d000 (2/24.0/PIX) GPU/0-a0000 (2/24.0/PIX) GPU/0-a4000 (0/5000.0/LOC) CPU/0-0 (3/10.0/SYS) CPU/0-1 (2/24.0/PHB) 
dc03-p17-t114-n016:377639:378208 [1] NCCL INFO Setting affinity for GPU 1 to fffffffe,00000000,fffffffe
dc03-p17-t114-n016:377639:378208 [1] NCCL INFO NVLS multicast support is not available on dev 1
dc03-p17-t114-n016:377639:378211 [4] NCCL INFO === System : maxBw 24.0 totalBw 24.0 ===
dc03-p17-t114-n016:377639:378211 [4] NCCL INFO CPU/0-0 (1/1/2)
dc03-p17-t114-n016:377639:378211 [4] NCCL INFO + PCI[24.0] - PCI/0-31000 (1000c0101000ffff)
dc03-p17-t114-n016:377639:378211 [4] NCCL INFO               + PCI[24.0] - GPU/0-35000 (0)
dc03-p17-t114-n016:377639:378211 [4] NCCL INFO               + PCI[24.0] - GPU/0-36000 (1)
dc03-p17-t114-n016:377639:378211 [4] NCCL INFO               + PCI[24.0] - GPU/0-39000 (2)
dc03-p17-t114-n016:377639:378211 [4] NCCL INFO               + PCI[24.0] - GPU/0-3d000 (3)
dc03-p17-t114-n016:377639:378211 [4] NCCL INFO + PCI[12.0] - NIC/0-67000
dc03-p17-t114-n016:377639:378211 [4] NCCL INFO + SYS[10.0] - CPU/1
dc03-p17-t114-n016:377639:378211 [4] NCCL INFO CPU/0-1 (1/1/2)
dc03-p17-t114-n016:377639:378211 [4] NCCL INFO + PCI[24.0] - PCI/0-98000 (1000c0101000ffff)
dc03-p17-t114-n016:377639:378211 [4] NCCL INFO               + PCI[24.0] - GPU/0-9c000 (4)
dc03-p17-t114-n016:377639:378211 [4] NCCL INFO               + PCI[24.0] - GPU/0-9d000 (5)
dc03-p17-t114-n016:377639:378211 [4] NCCL INFO               + PCI[24.0] - GPU/0-a0000 (6)
dc03-p17-t114-n016:377639:378211 [4] NCCL INFO               + PCI[24.0] - GPU/0-a4000 (7)
dc03-p17-t114-n016:377639:378211 [4] NCCL INFO + PCI[12.0] - NIC/0-e3000
dc03-p17-t114-n016:377639:378211 [4] NCCL INFO + SYS[10.0] - CPU/0
dc03-p17-t114-n016:377639:378211 [4] NCCL INFO ==========================================
dc03-p17-t114-n016:377639:378211 [4] NCCL INFO GPU/35000 :GPU/0-35000 (0/5000.0/LOC) GPU/0-36000 (2/24.0/PIX) GPU/0-39000 (2/24.0/PIX) GPU/0-3d000 (2/24.0/PIX) GPU/0-9c000 (5/10.0/SYS) GPU/0-9d000 (5/10.0/SYS) GPU/0-a0000 (5/10.0/SYS) GPU/0-a4000 (5/10.0/SYS) CPU/0-0 (2/24.0/PHB) CPU/0-1 (3/10.0/SYS) 
dc03-p17-t114-n016:377639:378211 [4] NCCL INFO GPU/36000 :GPU/0-35000 (2/24.0/PIX) GPU/0-36000 (0/5000.0/LOC) GPU/0-39000 (2/24.0/PIX) GPU/0-3d000 (2/24.0/PIX) GPU/0-9c000 (5/10.0/SYS) GPU/0-9d000 (5/10.0/SYS) GPU/0-a0000 (5/10.0/SYS) GPU/0-a4000 (5/10.0/SYS) CPU/0-0 (2/24.0/PHB) CPU/0-1 (3/10.0/SYS) 
dc03-p17-t114-n016:377639:378211 [4] NCCL INFO GPU/39000 :GPU/0-35000 (2/24.0/PIX) GPU/0-36000 (2/24.0/PIX) GPU/0-39000 (0/5000.0/LOC) GPU/0-3d000 (2/24.0/PIX) GPU/0-9c000 (5/10.0/SYS) GPU/0-9d000 (5/10.0/SYS) GPU/0-a0000 (5/10.0/SYS) GPU/0-a4000 (5/10.0/SYS) CPU/0-0 (2/24.0/PHB) CPU/0-1 (3/10.0/SYS) 
dc03-p17-t114-n016:377639:378211 [4] NCCL INFO GPU/3D000 :GPU/0-35000 (2/24.0/PIX) GPU/0-36000 (2/24.0/PIX) GPU/0-39000 (2/24.0/PIX) GPU/0-3d000 (0/5000.0/LOC) GPU/0-9c000 (5/10.0/SYS) GPU/0-9d000 (5/10.0/SYS) GPU/0-a0000 (5/10.0/SYS) GPU/0-a4000 (5/10.0/SYS) CPU/0-0 (2/24.0/PHB) CPU/0-1 (3/10.0/SYS) 
dc03-p17-t114-n016:377639:378211 [4] NCCL INFO GPU/9C000 :GPU/0-35000 (5/10.0/SYS) GPU/0-36000 (5/10.0/SYS) GPU/0-39000 (5/10.0/SYS) GPU/0-3d000 (5/10.0/SYS) GPU/0-9c000 (0/5000.0/LOC) GPU/0-9d000 (2/24.0/PIX) GPU/0-a0000 (2/24.0/PIX) GPU/0-a4000 (2/24.0/PIX) CPU/0-0 (3/10.0/SYS) CPU/0-1 (2/24.0/PHB) 
dc03-p17-t114-n016:377639:378211 [4] NCCL INFO GPU/9D000 :GPU/0-35000 (5/10.0/SYS) GPU/0-36000 (5/10.0/SYS) GPU/0-39000 (5/10.0/SYS) GPU/0-3d000 (5/10.0/SYS) GPU/0-9c000 (2/24.0/PIX) GPU/0-9d000 (0/5000.0/LOC) GPU/0-a0000 (2/24.0/PIX) GPU/0-a4000 (2/24.0/PIX) CPU/0-0 (3/10.0/SYS) CPU/0-1 (2/24.0/PHB) 
dc03-p17-t114-n016:377639:378211 [4] NCCL INFO GPU/A0000 :GPU/0-35000 (5/10.0/SYS) GPU/0-36000 (5/10.0/SYS) GPU/0-39000 (5/10.0/SYS) GPU/0-3d000 (5/10.0/SYS) GPU/0-9c000 (2/24.0/PIX) GPU/0-9d000 (2/24.0/PIX) GPU/0-a0000 (0/5000.0/LOC) GPU/0-a4000 (2/24.0/PIX) CPU/0-0 (3/10.0/SYS) CPU/0-1 (2/24.0/PHB) 
dc03-p17-t114-n016:377639:378211 [4] NCCL INFO GPU/A4000 :GPU/0-35000 (5/10.0/SYS) GPU/0-36000 (5/10.0/SYS) GPU/0-39000 (5/10.0/SYS) GPU/0-3d000 (5/10.0/SYS) GPU/0-9c000 (2/24.0/PIX) GPU/0-9d000 (2/24.0/PIX) GPU/0-a0000 (2/24.0/PIX) GPU/0-a4000 (0/5000.0/LOC) CPU/0-0 (3/10.0/SYS) CPU/0-1 (2/24.0/PHB) 
dc03-p17-t114-n016:377639:378211 [4] NCCL INFO Setting affinity for GPU 4 to 7ffffffe,00000000,7ffffffe,00000000
dc03-p17-t114-n016:377639:378211 [4] NCCL INFO NVLS multicast support is not available on dev 4
dc03-p17-t114-n016:377639:378208 [1] NCCL INFO Pattern 4, crossNic 0, nChannels 1, bw 10.000000/10.000000, type SYS/PIX, sameChannels 1
dc03-p17-t114-n016:377639:378208 [1] NCCL INFO  0 : GPU/0 GPU/1 GPU/2 GPU/3 GPU/4 GPU/5 GPU/6 GPU/7
dc03-p17-t114-n016:377639:378210 [3] NCCL INFO === System : maxBw 24.0 totalBw 24.0 ===
dc03-p17-t114-n016:377639:378210 [3] NCCL INFO CPU/0-0 (1/1/2)
dc03-p17-t114-n016:377639:378210 [3] NCCL INFO + PCI[24.0] - PCI/0-31000 (1000c0101000ffff)
dc03-p17-t114-n016:377639:378210 [3] NCCL INFO               + PCI[24.0] - GPU/0-35000 (0)
dc03-p17-t114-n016:377639:378210 [3] NCCL INFO               + PCI[24.0] - GPU/0-36000 (1)
dc03-p17-t114-n016:377639:378210 [3] NCCL INFO               + PCI[24.0] - GPU/0-39000 (2)
dc03-p17-t114-n016:377639:378210 [3] NCCL INFO               + PCI[24.0] - GPU/0-3d000 (3)
dc03-p17-t114-n016:377639:378210 [3] NCCL INFO + PCI[12.0] - NIC/0-67000
dc03-p17-t114-n016:377639:378210 [3] NCCL INFO + SYS[10.0] - CPU/1
dc03-p17-t114-n016:377639:378210 [3] NCCL INFO CPU/0-1 (1/1/2)
dc03-p17-t114-n016:377639:378210 [3] NCCL INFO + PCI[24.0] - PCI/0-98000 (1000c0101000ffff)
dc03-p17-t114-n016:377639:378210 [3] NCCL INFO               + PCI[24.0] - GPU/0-9c000 (4)
dc03-p17-t114-n016:377639:378210 [3] NCCL INFO               + PCI[24.0] - GPU/0-9d000 (5)
dc03-p17-t114-n016:377639:378210 [3] NCCL INFO               + PCI[24.0] - GPU/0-a0000 (6)
dc03-p17-t114-n016:377639:378210 [3] NCCL INFO               + PCI[24.0] - GPU/0-a4000 (7)
dc03-p17-t114-n016:377639:378210 [3] NCCL INFO + PCI[12.0] - NIC/0-e3000
dc03-p17-t114-n016:377639:378210 [3] NCCL INFO + SYS[10.0] - CPU/0
dc03-p17-t114-n016:377639:378210 [3] NCCL INFO ==========================================
dc03-p17-t114-n016:377639:378210 [3] NCCL INFO GPU/35000 :GPU/0-35000 (0/5000.0/LOC) GPU/0-36000 (2/24.0/PIX) GPU/0-39000 (2/24.0/PIX) GPU/0-3d000 (2/24.0/PIX) GPU/0-9c000 (5/10.0/SYS) GPU/0-9d000 (5/10.0/SYS) GPU/0-a0000 (5/10.0/SYS) GPU/0-a4000 (5/10.0/SYS) CPU/0-0 (2/24.0/PHB) CPU/0-1 (3/10.0/SYS) 
dc03-p17-t114-n016:377639:378210 [3] NCCL INFO GPU/36000 :GPU/0-35000 (2/24.0/PIX) GPU/0-36000 (0/5000.0/LOC) GPU/0-39000 (2/24.0/PIX) GPU/0-3d000 (2/24.0/PIX) GPU/0-9c000 (5/10.0/SYS) GPU/0-9d000 (5/10.0/SYS) GPU/0-a0000 (5/10.0/SYS) GPU/0-a4000 (5/10.0/SYS) CPU/0-0 (2/24.0/PHB) CPU/0-1 (3/10.0/SYS) 
dc03-p17-t114-n016:377639:378210 [3] NCCL INFO GPU/39000 :GPU/0-35000 (2/24.0/PIX) GPU/0-36000 (2/24.0/PIX) GPU/0-39000 (0/5000.0/LOC) GPU/0-3d000 (2/24.0/PIX) GPU/0-9c000 (5/10.0/SYS) GPU/0-9d000 (5/10.0/SYS) GPU/0-a0000 (5/10.0/SYS) GPU/0-a4000 (5/10.0/SYS) CPU/0-0 (2/24.0/PHB) CPU/0-1 (3/10.0/SYS) 
dc03-p17-t114-n016:377639:378210 [3] NCCL INFO GPU/3D000 :GPU/0-35000 (2/24.0/PIX) GPU/0-36000 (2/24.0/PIX) GPU/0-39000 (2/24.0/PIX) GPU/0-3d000 (0/5000.0/LOC) GPU/0-9c000 (5/10.0/SYS) GPU/0-9d000 (5/10.0/SYS) GPU/0-a0000 (5/10.0/SYS) GPU/0-a4000 (5/10.0/SYS) CPU/0-0 (2/24.0/PHB) CPU/0-1 (3/10.0/SYS) 
dc03-p17-t114-n016:377639:378210 [3] NCCL INFO GPU/9C000 :GPU/0-35000 (5/10.0/SYS) GPU/0-36000 (5/10.0/SYS) GPU/0-39000 (5/10.0/SYS) GPU/0-3d000 (5/10.0/SYS) GPU/0-9c000 (0/5000.0/LOC) GPU/0-9d000 (2/24.0/PIX) GPU/0-a0000 (2/24.0/PIX) GPU/0-a4000 (2/24.0/PIX) CPU/0-0 (3/10.0/SYS) CPU/0-1 (2/24.0/PHB) 
dc03-p17-t114-n016:377639:378210 [3] NCCL INFO GPU/9D000 :GPU/0-35000 (5/10.0/SYS) GPU/0-36000 (5/10.0/SYS) GPU/0-39000 (5/10.0/SYS) GPU/0-3d000 (5/10.0/SYS) GPU/0-9c000 (2/24.0/PIX) GPU/0-9d000 (0/5000.0/LOC) GPU/0-a0000 (2/24.0/PIX) GPU/0-a4000 (2/24.0/PIX) CPU/0-0 (3/10.0/SYS) CPU/0-1 (2/24.0/PHB) 
dc03-p17-t114-n016:377639:378210 [3] NCCL INFO GPU/A0000 :GPU/0-35000 (5/10.0/SYS) GPU/0-36000 (5/10.0/SYS) GPU/0-39000 (5/10.0/SYS) GPU/0-3d000 (5/10.0/SYS) GPU/0-9c000 (2/24.0/PIX) GPU/0-9d000 (2/24.0/PIX) GPU/0-a0000 (0/5000.0/LOC) GPU/0-a4000 (2/24.0/PIX) CPU/0-0 (3/10.0/SYS) CPU/0-1 (2/24.0/PHB) 
dc03-p17-t114-n016:377639:378210 [3] NCCL INFO GPU/A4000 :GPU/0-35000 (5/10.0/SYS) GPU/0-36000 (5/10.0/SYS) GPU/0-39000 (5/10.0/SYS) GPU/0-3d000 (5/10.0/SYS) GPU/0-9c000 (2/24.0/PIX) GPU/0-9d000 (2/24.0/PIX) GPU/0-a0000 (2/24.0/PIX) GPU/0-a4000 (0/5000.0/LOC) CPU/0-0 (3/10.0/SYS) CPU/0-1 (2/24.0/PHB) 
dc03-p17-t114-n016:377639:378210 [3] NCCL INFO Setting affinity for GPU 3 to fffffffe,00000000,fffffffe
dc03-p17-t114-n016:377639:378210 [3] NCCL INFO NVLS multicast support is not available on dev 3
dc03-p17-t114-n016:377639:378208 [1] NCCL INFO Pattern 1, crossNic 0, nChannels 1, bw 10.000000/10.000000, type SYS/PIX, sameChannels 1
dc03-p17-t114-n016:377639:378208 [1] NCCL INFO  0 : GPU/0 GPU/1 GPU/2 GPU/3 GPU/4 GPU/5 GPU/6 GPU/7
dc03-p17-t114-n016:377639:378210 [3] NCCL INFO Pattern 4, crossNic 0, nChannels 1, bw 10.000000/10.000000, type SYS/PIX, sameChannels 1
dc03-p17-t114-n016:377639:378210 [3] NCCL INFO  0 : GPU/0 GPU/1 GPU/2 GPU/3 GPU/4 GPU/5 GPU/6 GPU/7
dc03-p17-t114-n016:377639:378210 [3] NCCL INFO Pattern 1, crossNic 0, nChannels 1, bw 10.000000/10.000000, type SYS/PIX, sameChannels 1
dc03-p17-t114-n016:377639:378210 [3] NCCL INFO  0 : GPU/0 GPU/1 GPU/2 GPU/3 GPU/4 GPU/5 GPU/6 GPU/7
dc03-p17-t114-n016:377639:378211 [4] NCCL INFO Pattern 4, crossNic 0, nChannels 1, bw 10.000000/10.000000, type SYS/PIX, sameChannels 1
dc03-p17-t114-n016:377639:378211 [4] NCCL INFO  0 : GPU/0 GPU/1 GPU/2 GPU/3 GPU/4 GPU/5 GPU/6 GPU/7
dc03-p17-t114-n016:377639:378211 [4] NCCL INFO Pattern 1, crossNic 0, nChannels 1, bw 10.000000/10.000000, type SYS/PIX, sameChannels 1
dc03-p17-t114-n016:377639:378211 [4] NCCL INFO  0 : GPU/0 GPU/1 GPU/2 GPU/3 GPU/4 GPU/5 GPU/6 GPU/7
dc03-p17-t114-n016:377639:378210 [3] NCCL INFO comm 0x225dee20 rank 3 nRanks 8 nNodes 1 localRanks 8 localRank 3 MNNVL 0
dc03-p17-t114-n016:377639:378208 [1] NCCL INFO comm 0x225d0b80 rank 1 nRanks 8 nNodes 1 localRanks 8 localRank 1 MNNVL 0
dc03-p17-t114-n016:377639:378209 [2] NCCL INFO comm 0x225d7cd0 rank 2 nRanks 8 nNodes 1 localRanks 8 localRank 2 MNNVL 0
dc03-p17-t114-n016:377639:378207 [0] NCCL INFO comm 0x225ca930 rank 0 nRanks 8 nNodes 1 localRanks 8 localRank 0 MNNVL 0
dc03-p17-t114-n016:377639:378208 [1] NCCL INFO Tree 0 : 0 -> 1 -> 2/-1/-1
dc03-p17-t114-n016:377639:378207 [0] NCCL INFO Tree 0 : -1 -> 0 -> 1/-1/-1
dc03-p17-t114-n016:377639:378208 [1] NCCL INFO Tree 1 : 0 -> 1 -> 2/-1/-1
dc03-p17-t114-n016:377639:378207 [0] NCCL INFO Tree 1 : -1 -> 0 -> 1/-1/-1
dc03-p17-t114-n016:377639:378214 [7] NCCL INFO comm 0x225fb360 rank 7 nRanks 8 nNodes 1 localRanks 8 localRank 7 MNNVL 0
dc03-p17-t114-n016:377639:378213 [6] NCCL INFO comm 0x225f4210 rank 6 nRanks 8 nNodes 1 localRanks 8 localRank 6 MNNVL 0
dc03-p17-t114-n016:377639:378211 [4] NCCL INFO comm 0x225e5f70 rank 4 nRanks 8 nNodes 1 localRanks 8 localRank 4 MNNVL 0
dc03-p17-t114-n016:377639:378212 [5] NCCL INFO comm 0x225ed0c0 rank 5 nRanks 8 nNodes 1 localRanks 8 localRank 5 MNNVL 0
dc03-p17-t114-n016:377639:378214 [7] NCCL INFO Ring 00 : 6 -> 7 -> 0
dc03-p17-t114-n016:377639:378207 [0] NCCL INFO Channel 00/02 :    0   1   2   3   4   5   6   7
dc03-p17-t114-n016:377639:378214 [7] NCCL INFO Ring 01 : 6 -> 7 -> 0
dc03-p17-t114-n016:377639:378214 [7] NCCL INFO Trees [0] -1/-1/-1->7->6 [1] -1/-1/-1->7->6
dc03-p17-t114-n016:377639:378209 [2] NCCL INFO Ring 00 : 1 -> 2 -> 3
dc03-p17-t114-n016:377639:378213 [6] NCCL INFO Ring 00 : 5 -> 6 -> 7
dc03-p17-t114-n016:377639:378212 [5] NCCL INFO Ring 00 : 4 -> 5 -> 6
dc03-p17-t114-n016:377639:378211 [4] NCCL INFO Ring 00 : 3 -> 4 -> 5
dc03-p17-t114-n016:377639:378207 [0] NCCL INFO Channel 01/02 :    0   1   2   3   4   5   6   7
dc03-p17-t114-n016:377639:378208 [1] NCCL INFO Ring 00 : 0 -> 1 -> 2
dc03-p17-t114-n016:377639:378211 [4] NCCL INFO Ring 01 : 3 -> 4 -> 5
dc03-p17-t114-n016:377639:378213 [6] NCCL INFO Ring 01 : 5 -> 6 -> 7
dc03-p17-t114-n016:377639:378209 [2] NCCL INFO Ring 01 : 1 -> 2 -> 3
dc03-p17-t114-n016:377639:378208 [1] NCCL INFO Ring 01 : 0 -> 1 -> 2
dc03-p17-t114-n016:377639:378210 [3] NCCL INFO Ring 00 : 2 -> 3 -> 4
dc03-p17-t114-n016:377639:378214 [7] NCCL INFO P2P Chunksize set to 131072
dc03-p17-t114-n016:377639:378213 [6] NCCL INFO Trees [0] 7/-1/-1->6->5 [1] 7/-1/-1->6->5
dc03-p17-t114-n016:377639:378209 [2] NCCL INFO Trees [0] 3/-1/-1->2->1 [1] 3/-1/-1->2->1
dc03-p17-t114-n016:377639:378213 [6] NCCL INFO P2P Chunksize set to 131072
dc03-p17-t114-n016:377639:378212 [5] NCCL INFO Ring 01 : 4 -> 5 -> 6
dc03-p17-t114-n016:377639:378208 [1] NCCL INFO Trees [0] 2/-1/-1->1->0 [1] 2/-1/-1->1->0
dc03-p17-t114-n016:377639:378207 [0] NCCL INFO Ring 00 : 7 -> 0 -> 1
dc03-p17-t114-n016:377639:378208 [1] NCCL INFO P2P Chunksize set to 131072
dc03-p17-t114-n016:377639:378209 [2] NCCL INFO P2P Chunksize set to 131072
dc03-p17-t114-n016:377639:378211 [4] NCCL INFO Trees [0] 5/-1/-1->4->3 [1] 5/-1/-1->4->3
dc03-p17-t114-n016:377639:378212 [5] NCCL INFO Trees [0] 6/-1/-1->5->4 [1] 6/-1/-1->5->4
dc03-p17-t114-n016:377639:378210 [3] NCCL INFO Ring 01 : 2 -> 3 -> 4
dc03-p17-t114-n016:377639:378210 [3] NCCL INFO Trees [0] 4/-1/-1->3->2 [1] 4/-1/-1->3->2
dc03-p17-t114-n016:377639:378211 [4] NCCL INFO P2P Chunksize set to 131072
dc03-p17-t114-n016:377639:378212 [5] NCCL INFO P2P Chunksize set to 131072
dc03-p17-t114-n016:377639:378210 [3] NCCL INFO P2P Chunksize set to 131072
dc03-p17-t114-n016:377639:378207 [0] NCCL INFO Ring 01 : 7 -> 0 -> 1
dc03-p17-t114-n016:377639:378207 [0] NCCL INFO Trees [0] 1/-1/-1->0->-1 [1] 1/-1/-1->0->-1
dc03-p17-t114-n016:377639:378207 [0] NCCL INFO P2P Chunksize set to 131072
dc03-p17-t114-n016:377639:378208 [1] NCCL INFO Channel 00/0 : 1[1] -> 2[2] via P2P/direct pointer
dc03-p17-t114-n016:377639:378213 [6] NCCL INFO Channel 00/0 : 6[6] -> 7[7] via P2P/direct pointer
dc03-p17-t114-n016:377639:378212 [5] NCCL INFO Channel 00/0 : 5[5] -> 6[6] via P2P/direct pointer
dc03-p17-t114-n016:377639:378208 [1] NCCL INFO Channel 01/0 : 1[1] -> 2[2] via P2P/direct pointer
dc03-p17-t114-n016:377639:378209 [2] NCCL INFO Channel 00/0 : 2[2] -> 3[3] via P2P/direct pointer
dc03-p17-t114-n016:377639:378213 [6] NCCL INFO Channel 01/0 : 6[6] -> 7[7] via P2P/direct pointer
dc03-p17-t114-n016:377639:378209 [2] NCCL INFO Channel 01/0 : 2[2] -> 3[3] via P2P/direct pointer
dc03-p17-t114-n016:377639:378212 [5] NCCL INFO Channel 01/0 : 5[5] -> 6[6] via P2P/direct pointer
dc03-p17-t114-n016:377639:378214 [7] NCCL INFO Channel 00 : 7[7] -> 0[0] via SHM/direct/direct
dc03-p17-t114-n016:377639:378210 [3] NCCL INFO Channel 00 : 3[3] -> 4[4] via SHM/direct/direct
dc03-p17-t114-n016:377639:378214 [7] NCCL INFO Channel 01 : 7[7] -> 0[0] via SHM/direct/direct
dc03-p17-t114-n016:377639:378207 [0] NCCL INFO Channel 00/0 : 0[0] -> 1[1] via P2P/direct pointer
dc03-p17-t114-n016:377639:378210 [3] NCCL INFO Channel 01 : 3[3] -> 4[4] via SHM/direct/direct
dc03-p17-t114-n016:377639:378207 [0] NCCL INFO Channel 01/0 : 0[0] -> 1[1] via P2P/direct pointer
dc03-p17-t114-n016:377639:378211 [4] NCCL INFO Channel 00/0 : 4[4] -> 5[5] via P2P/direct pointer
dc03-p17-t114-n016:377639:378211 [4] NCCL INFO Channel 01/0 : 4[4] -> 5[5] via P2P/direct pointer
dc03-p17-t114-n016:377639:378208 [1] NCCL INFO Connected all rings
dc03-p17-t114-n016:377639:378207 [0] NCCL INFO Connected all rings
dc03-p17-t114-n016:377639:378214 [7] NCCL INFO Connected all rings
dc03-p17-t114-n016:377639:378214 [7] NCCL INFO Channel 00/0 : 7[7] -> 6[6] via P2P/direct pointer
dc03-p17-t114-n016:377639:378208 [1] NCCL INFO Channel 00/0 : 1[1] -> 0[0] via P2P/direct pointer
dc03-p17-t114-n016:377639:378214 [7] NCCL INFO Channel 01/0 : 7[7] -> 6[6] via P2P/direct pointer
dc03-p17-t114-n016:377639:378208 [1] NCCL INFO Channel 01/0 : 1[1] -> 0[0] via P2P/direct pointer
dc03-p17-t114-n016:377639:378209 [2] NCCL INFO Connected all rings
dc03-p17-t114-n016:377639:378210 [3] NCCL INFO Connected all rings
dc03-p17-t114-n016:377639:378213 [6] NCCL INFO Connected all rings
dc03-p17-t114-n016:377639:378211 [4] NCCL INFO Connected all rings
dc03-p17-t114-n016:377639:378212 [5] NCCL INFO Connected all rings
dc03-p17-t114-n016:377639:378209 [2] NCCL INFO Channel 00/0 : 2[2] -> 1[1] via P2P/direct pointer
dc03-p17-t114-n016:377639:378209 [2] NCCL INFO Channel 01/0 : 2[2] -> 1[1] via P2P/direct pointer
dc03-p17-t114-n016:377639:378212 [5] NCCL INFO Channel 00/0 : 5[5] -> 4[4] via P2P/direct pointer
dc03-p17-t114-n016:377639:378213 [6] NCCL INFO Channel 00/0 : 6[6] -> 5[5] via P2P/direct pointer
dc03-p17-t114-n016:377639:378212 [5] NCCL INFO Channel 01/0 : 5[5] -> 4[4] via P2P/direct pointer
dc03-p17-t114-n016:377639:378213 [6] NCCL INFO Channel 01/0 : 6[6] -> 5[5] via P2P/direct pointer
dc03-p17-t114-n016:377639:378211 [4] NCCL INFO Channel 00 : 4[4] -> 3[3] via SHM/direct/direct
dc03-p17-t114-n016:377639:378210 [3] NCCL INFO Channel 00/0 : 3[3] -> 2[2] via P2P/direct pointer
dc03-p17-t114-n016:377639:378210 [3] NCCL INFO Channel 01/0 : 3[3] -> 2[2] via P2P/direct pointer
dc03-p17-t114-n016:377639:378211 [4] NCCL INFO Channel 01 : 4[4] -> 3[3] via SHM/direct/direct
dc03-p17-t114-n016:377639:378207 [0] NCCL INFO Connected all trees
dc03-p17-t114-n016:377639:378207 [0] NCCL INFO threadThresholds 8/8/64 | 64/8/64 | 512 | 512
dc03-p17-t114-n016:377639:378207 [0] NCCL INFO 2 coll channels, 2 collnet channels, 0 nvls channels, 2 p2p channels, 2 p2p channels per peer
dc03-p17-t114-n016:377639:378214 [7] NCCL INFO Connected all trees
dc03-p17-t114-n016:377639:378214 [7] NCCL INFO threadThresholds 8/8/64 | 64/8/64 | 512 | 512
dc03-p17-t114-n016:377639:378214 [7] NCCL INFO 2 coll channels, 2 collnet channels, 0 nvls channels, 2 p2p channels, 2 p2p channels per peer
dc03-p17-t114-n016:377639:378213 [6] NCCL INFO Connected all trees
dc03-p17-t114-n016:377639:378213 [6] NCCL INFO threadThresholds 8/8/64 | 64/8/64 | 512 | 512
dc03-p17-t114-n016:377639:378213 [6] NCCL INFO 2 coll channels, 2 collnet channels, 0 nvls channels, 2 p2p channels, 2 p2p channels per peer
dc03-p17-t114-n016:377639:378212 [5] NCCL INFO Connected all trees
dc03-p17-t114-n016:377639:378212 [5] NCCL INFO threadThresholds 8/8/64 | 64/8/64 | 512 | 512
dc03-p17-t114-n016:377639:378212 [5] NCCL INFO 2 coll channels, 2 collnet channels, 0 nvls channels, 2 p2p channels, 2 p2p channels per peer
dc03-p17-t114-n016:377639:378211 [4] NCCL INFO Connected all trees
dc03-p17-t114-n016:377639:378211 [4] NCCL INFO threadThresholds 8/8/64 | 64/8/64 | 512 | 512
dc03-p17-t114-n016:377639:378211 [4] NCCL INFO 2 coll channels, 2 collnet channels, 0 nvls channels, 2 p2p channels, 2 p2p channels per peer
dc03-p17-t114-n016:377639:378208 [1] NCCL INFO Connected all trees
dc03-p17-t114-n016:377639:378208 [1] NCCL INFO threadThresholds 8/8/64 | 64/8/64 | 512 | 512
dc03-p17-t114-n016:377639:378208 [1] NCCL INFO 2 coll channels, 2 collnet channels, 0 nvls channels, 2 p2p channels, 2 p2p channels per peer
dc03-p17-t114-n016:377639:378210 [3] NCCL INFO Connected all trees
dc03-p17-t114-n016:377639:378210 [3] NCCL INFO threadThresholds 8/8/64 | 64/8/64 | 512 | 512
dc03-p17-t114-n016:377639:378210 [3] NCCL INFO 2 coll channels, 2/home/tiger/.local/lib/python3.11/site-packages/torch/nn/parallel/_functions.py:70: UserWarning: Was asked to gather along dimension 0, but all input tensors were scalars; will instead unsqueeze and return a vector.
  warnings.warn(
  0%|          | 1/516 [00:21<3:03:34, 21.39s/it]  0%|          | 2/516 [00:34<2:23:41, 16.77s/it]  1%|          | 3/516 [00:48<2:11:04, 15.33s/it]  1%|          | 4/516 [01:02<2:04:44, 14.62s/it]  1%|          | 5/516 [01:15<2:00:20, 14.13s/it]  1%|          | 6/516 [01:29<1:59:06, 14.01s/it]  1%|▏         | 7/516 [01:42<1:56:56, 13.78s/it]  2%|▏         | 8/516 [01:55<1:55:07, 13.60s/it]  2%|▏         | 9/516 [02:09<1:55:05, 13.62s/it]  2%|▏         | 10/516 [02:22<1:54:10, 13.54s/it]                                                    2%|▏         | 10/516 [02:22<1:54:10, 13.54s/it]  2%|▏         | 11/516 [02:36<1:54:09, 13.56s/it]  2%|▏         | 12/516 [02:49<1:53:25, 13.50s/it]  3%|▎         | 13/516 [03:03<1:53:34, 13.55s/it]  3%|▎         | 14/516 [03:16<1:52:51, 13.49s/it]  3%|▎         | 15/516 [03:30<1:53:20, 13.57s/it]  3%|▎         | 16/516 [03:43<1:52:45, 13.53s/it]  3%|▎         | 17/516 [03:57<1:52:53, 13.57s/it]  3%|▎         | 18/516 [04:11<1:52:26, 13.55s/it]  4%|▎         | 19/516 [04:24<1:52:16, 13.55s/it]  4%|▍         | 20/516 [04:38<1:51:47, 13.52s/it]                                                    4%|▍         | 20/516 [04:38<1:51:47, 13.52s/it]  4%|▍         | 21/516 [04:51<1:51:06, 13.47s/it]  4%|▍         | 22/516 [05:05<1:51:43, 13.57s/it]  4%|▍         | 23/516 [05:18<1:50:34, 13.46s/it]  5%|▍         | 24/516 [05:31<1:50:44, 13.50s/it]  5%|▍         | 25/516 [05:45<1:50:08, 13.46s/it]  5%|▌         | 26/516 [05:58<1:49:55, 13.46s/it]  5%|▌         | 27/516 [06:12<1:49:29, 13.43s/it]  5%|▌         | 28/516 [06:25<1:49:07, 13.42s/it]  6%|▌         | 29/516 [06:39<1:49:45, 13.52s/it]  6%|▌         | 30/516 [06:52<1:48:31, 13.40s/it]                                                    6%|▌         | 30/516 [06:52<1:48:31, 13.40s/it]  6%|▌         | 31/516 [07:05<1:48:39, 13.44s/it]  6%|▌         | 32/516 [07:19<1:47:52, 13.37s/it]  6%|▋         | 33/516 [07:32<1:47:27, 13.35s/it]  7%|▋         | 34/516 [07:45<1:46:21, 13.24s/it]  7%|▋         | 35/516 [07:59<1:47:23, 13.40s/it]  7%|▋         | 36/516 [08:12<1:47:03, 13.38s/it]  7%|▋         | 37/516 [08:25<1:46:17, 13.32s/it]  7%|▋         | 38/516 [08:39<1:47:12, 13.46s/it]  8%|▊         | 39/516 [08:52<1:46:11, 13.36s/it]  8%|▊         | 40/516 [09:06<1:46:25, 13.41s/it]                                                    8%|▊         | 40/516 [09:06<1:46:25, 13.41s/it]  8%|▊         | 41/516 [09:19<1:46:43, 13.48s/it]  8%|▊         | 42/516 [09:33<1:46:34, 13.49s/it]  8%|▊         | 43/516 [09:46<1:46:07, 13.46s/it]  9%|▊         | 44/516 [10:00<1:46:44, 13.57s/it]  9%|▊         | 45/516 [10:13<1:45:51, 13.48s/it]  9%|▉         | 46/516 [10:27<1:46:07, 13.55s/it]  9%|▉         | 47/516 [10:41<1:46:19, 13.60s/it]  9%|▉         | 48/516 [10:54<1:45:28, 13.52s/it]  9%|▉         | 49/516 [11:08<1:45:27, 13.55s/it] 10%|▉         | 50/516 [11:21<1:44:18, 13.43s/it]                                                   10%|▉         | 50/516 [11:21<1:44:18, 13.43s/it] 10%|▉         | 51/516 [11:35<1:44:55, 13.54s/it] 10%|█         | 52/516 [11:48<1:43:58, 13.45s/it] 10%|█         | 53/516 [12:01<1:43:37, 13.43s/it] 10%|█         | 54/516 [12:15<1:43:25, 13.43s/it] 11%|█         | 55/516 [12:28<1:43:05, 13.42s/it] 11%|█         | 56/516 [12:41<1:42:48, 13.41s/it] 11%|█         | 57/516 [12:55<1:42:39, 13.42s/it] 11%|█         | 58/516 [13:08<1:42:29, 13.43s/it] 11%|█▏        | 59/516 [13:22<1:42:05, 13.40s/it] 12%|█▏        | 60/516 [13:36<1:42:43, 13.52s/it]                                                   12%|█▏        | 60/516 [13:36<1:42:43, 13.52s/it] 12%|█▏        | 61/516 [13:49<1:42:06, 13.46s/it] 12%|█▏        | 62/516 [14:02<1:41:28, 13.41s/it] 12%|█▏        | 63/516 [14:15<1:41:03, 13.39s/it] 12%|█▏        | 64/516 [14:29<1:41:09, 13.43s/it] 13%|█▎        | 65/516 [14:42<1:40:56, 13.43s/it] 13%|█▎        | 66/516 [14:56<1:40:11, 13.36s/it] 13%|█▎        | 67/516 [15:09<1:40:53, 13.48s/it] 13%|█▎        | 68/516 [15:23<1:40:28, 13.46s/it] 13%|█▎        | 69/516 [15:36<1:40:39, 13.51s/it] 14%|█▎        | 70/516 [15:50<1:40:59, 13.59s/it]                                                   14%|█▎        | 70/516 [15:50<1:40:59, 13.59s/it] 14%|█▍        | 71/516 [16:04<1:40:35, 13.56s/it] 14%|█▍        | 72/516 [16:17<1:39:25, 13.44s/it] 14%|█▍        | 73/516 [16:31<1:40:19, 13.59s/it] 14%|█▍        | 74/516 [16:44<1:39:26, 13.50s/it] 15%|█▍        | 75/516 [16:58<1:39:38, 13.56s/it] 15%|█▍        | 76/516 [17:11<1:39:38, 13.59s/it] 15%|█▍        | 77/516 [17:25<1:38:25, 13.45s/it] 15%|█▌        | 78/516 [17:38<1:38:09, 13.45s/it] 15%|█▌        | 79/516 [17:52<1:38:11, 13.48s/it] 16%|█▌        | 80/516 [18:05<1:38:20, 13.53s/it]                                                   16%|█▌        | 80/516 [18:05<1:38:20, 13.53s/it] 16%|█▌        | 81/516 [18:18<1:37:21, 13.43s/it] 16%|█▌        | 82/516 [18:32<1:37:27, 13.47s/it] 16%|█▌        | 83/516 [18:45<1:36:41, 13.40s/it] 16%|█▋        | 84/516 [18:59<1:36:31, 13.41s/it] 16%|█▋        | 85/516 [19:12<1:36:27, 13.43s/it] 17%|█▋        | 86/516 [19:25<1:35:49, 13.37s/it] 17%|█▋        | 87/516 [19:39<1:35:52, 13.41s/it] 17%|█▋        | 88/516 [19:52<1:35:30, 13.39s/it] 17%|█▋        | 89/516 [20:06<1:36:04, 13.50s/it] 17%|█▋        | 90/516 [20:19<1:35:35, 13.46s/it]                                                   17%|█▋        | 90/516 [20:19<1:35:35, 13.46s/it] 18%|█▊        | 91/516 [20:33<1:35:20, 13.46s/it] 18%|█▊        | 92/516 [20:46<1:34:43, 13.41s/it] 18%|█▊        | 93/516 [21:00<1:35:17, 13.52s/it] 18%|█▊        | 94/516 [21:13<1:34:14, 13.40s/it] 18%|█▊        | 95/516 [21:27<1:34:34, 13.48s/it] 19%|█▊        | 96/516 [21:40<1:34:33, 13.51s/it] 19%|█▉        | 97/516 [21:54<1:34:29, 13.53s/it] 19%|█▉        | 98/516 [22:08<1:34:51, 13.62s/it] 19%|█▉        | 99/516 [22:21<1:34:34, 13.61s/it] 19%|█▉        | 100/516 [22:35<1:34:33, 13.64s/it]                                                    19%|█▉        | 100/516 [22:35<1:34:33, 13.64s/it] 20%|█▉        | 101/516 [22:48<1:34:00, 13.59s/it] 20%|█▉        | 102/516 [23:02<1:33:28, 13.55s/it] 20%|█▉        | 103/516 [23:15<1:32:24, 13.43s/it] 20%|██        | 104/516 [23:29<1:32:44, 13.51s/it] 20%|██        | 105/516 [23:42<1:32:16, 13.47s/it] 21%|██        | 106/516 [23:55<1:31:29, 13.39s/it] 21%|██        | 107/516 [24:09<1:31:40, 13.45s/it] 21%|██        | 108/516 [24:22<1:31:10, 13.41s/it] 21%|██        | 109/516 [24:36<1:31:15, 13.45s/it] 21%|██▏       | 110/516 [24:49<1:30:36, 13.39s/it]                                                    21%|██▏       | 110/516 [24:49<1:30:36, 13.39s/it] 22%|██▏       | 111/516 [25:03<1:30:59, 13.48s/it] 22%|██▏       | 112/516 [25:16<1:30:24, 13.43s/it] 22%|██▏       | 113/516 [25:29<1:30:28, 13.47s/it] 22%|██▏       | 114/516 [25:43<1:30:11, 13.46s/it] 22%|██▏       | 115/516 [25:57<1:32:07, 13.78s/it] 22%|██▏       | 116/516 [26:11<1:31:27, 13.72s/it] 23%|██▎       | 117/516 [26:25<1:30:49, 13.66s/it] 23%|██▎       | 118/516 [26:38<1:30:39, 13.67s/it] 23%|██▎       | 119/516 [26:52<1:30:03, 13.61s/it] 23%|██▎       | 120/516 [27:05<1:30:07, 13.66s/it]                                                    23%|██▎       | 120/516 [27:05<1:30:07, 13.66s/it] 23%|██▎       | 121/516 [27:19<1:29:10, 13.55s/it] 24%|██▎       | 122/516 [27:32<1:28:08, 13.42s/it] 24%|██▍       | 123/516 [27:45<1:27:41, 13.39s/it] 24%|██▍       | 124/516 [27:59<1:27:28, 13.39s/it] 24%|██▍       | 125/516 [28:12<1:27:18, 13.40s/it] 24%|██▍       | 126/516 [28:25<1:26:24, 13.29s/it] 25%|██▍       | 127/516 [28:39<1:26:49, 13.39s/it] 25%|██▍       | 128/516 [28:52<1:26:22, 13.36s/it] 25%|██▌       | 129/516 [29:06<1:26:32, 13.42s/it] 25%|██▌       | 130/516 [29:19<1:26:34, 13.46s/it]                                                    25%|██▌       | 130/516 [29:19<1:26:34, 13.46s/it] 25%|██▌       | 131/516 [29:33<1:26:23, 13.46s/it] 26%|██▌       | 132/516 [29:46<1:25:26, 13.35s/it] 26%|██▌       | 133/516 [29:59<1:25:11, 13.34s/it] 26%|██▌       | 134/516 [30:12<1:24:51, 13.33s/it] 26%|██▌       | 135/516 [30:26<1:24:32, 13.31s/it] 26%|██▋       | 136/516 [30:39<1:25:05, 13.43s/it] 27%|██▋       | 137/516 [30:53<1:24:45, 13.42s/it] 27%|██▋       | 138/516 [31:06<1:24:45, 13.45s/it] 27%|██▋       | 139/516 [31:20<1:24:55, 13.52s/it] 27%|██▋       | 140/516 [31:33<1:24:27, 13.48s/it]                                                    27%|██▋       | 140/516 [31:33<1:24:27, 13.48s/it] 27%|██▋       | 141/516 [31:46<1:23:51, 13.42s/it] 28%|██▊       | 142/516 [32:00<1:24:28, 13.55s/it] 28%|██▊       | 143/516 [32:13<1:23:26, 13.42s/it] 28%|██▊       | 144/516 [32:27<1:23:32, 13.47s/it] 28%|██▊       | 145/516 [32:41<1:23:47, 13.55s/it] 28%|██▊       | 146/516 [32:54<1:23:26, 13.53s/it] 28%|██▊       | 147/516 [33:08<1:23:18, 13.55s/it] 29%|██▊       | 148/516 [33:21<1:23:01, 13.54s/it] 29%|██▉       | 149/516 [33:35<1:22:35, 13.50s/it] 29%|██▉       | 150/516 [33:48<1:22:07, 13.46s/it]                                                    29%|██▉       | 150/516 [33:48<1:22:07, 13.46s/it] 29%|██▉       | 151/516 [34:02<1:22:07, 13.50s/it] 29%|██▉       | 152/516 [34:15<1:21:16, 13.40s/it] 30%|██▉       | 153/516 [34:28<1:21:18, 13.44s/it] 30%|██▉       | 154/516 [34:42<1:20:54, 13.41s/it] 30%|███       | 155/516 [34:55<1:20:33, 13.39s/it] 30%|███       | 156/516 [35:09<1:20:42, 13.45s/it] 30%|███       | 157/516 [35:22<1:20:21, 13.43s/it] 31%|███       | 158/516 [35:36<1:20:46, 13.54s/it] 31%|███       | 159/516 [35:49<1:19:50, 13.42s/it] 31%|███       | 160/516 [36:02<1:19:25, 13.39s/it]                                                    31%|███       | 160/516 [36:02<1:19:25, 13.39s/it] 31%|███       | 161/516 [36:16<1:19:05, 13.37s/it] 31%|███▏      | 162/516 [36:29<1:19:10, 13.42s/it] 32%|███▏      | 163/516 [36:42<1:18:29, 13.34s/it] 32%|███▏      | 164/516 [36:56<1:18:25, 13.37s/it] 32%|███▏      | 165/516 [37:09<1:18:37, 13.44s/it] 32%|███▏      | 166/516 [37:23<1:18:19, 13.43s/it] 32%|███▏      | 167/516 [37:37<1:18:44, 13.54s/it] 33%|███▎      | 168/516 [37:50<1:18:35, 13.55s/it] 33%|███▎      | 169/516 [38:04<1:18:24, 13.56s/it] 33%|███▎      | 170/516 [38:17<1:17:37, 13.46s/it]                                                    33%|███▎      | 170/516 [38:17<1:17:37, 13.46s/it] 33%|███▎      | 171/516 [38:31<1:18:00, 13.57s/it] 33%|███▎      | 172/516 [38:40<1:10:54, 12.37s/it]{'loss': 1.3888, 'grad_norm': 0.46177938580513, 'learning_rate': 5.192307692307692e-06, 'epoch': 0.06}
{'loss': 1.3855, 'grad_norm': 0.3764377236366272, 'learning_rate': 1.0961538461538462e-05, 'epoch': 0.12}
{'loss': 1.3883, 'grad_norm': 0.9799680113792419, 'learning_rate': 1.673076923076923e-05, 'epoch': 0.17}
{'loss': 1.3842, 'grad_norm': 0.28146421909332275, 'learning_rate': 2.25e-05, 'epoch': 0.23}
{'loss': 1.3845, 'grad_norm': 0.42197561264038086, 'learning_rate': 2.8269230769230768e-05, 'epoch': 0.29}
{'loss': 1.386, 'grad_norm': 0.28139692544937134, 'learning_rate': 2.954741379310345e-05, 'epoch': 0.35}
{'loss': 1.3832, 'grad_norm': 0.737794816493988, 'learning_rate': 2.8900862068965517e-05, 'epoch': 0.41}
{'loss': 1.3833, 'grad_norm': 0.2756567895412445, 'learning_rate': 2.8254310344827586e-05, 'epoch': 0.47}
{'loss': 1.3839, 'grad_norm': 0.45663970708847046, 'learning_rate': 2.7607758620689655e-05, 'epoch': 0.52}
{'loss': 1.3848, 'grad_norm': 0.15800124406814575, 'learning_rate': 2.6961206896551725e-05, 'epoch': 0.58}
{'loss': 1.3846, 'grad_norm': 0.47665560245513916, 'learning_rate': 2.6314655172413794e-05, 'epoch': 0.64}
{'loss': 1.3832, 'grad_norm': 0.25481662154197693, 'learning_rate': 2.5668103448275864e-05, 'epoch': 0.7}
{'loss': 1.3838, 'grad_norm': 0.3306424915790558, 'learning_rate': 2.5021551724137933e-05, 'epoch': 0.76}
{'loss': 1.3829, 'grad_norm': 0.14577461779117584, 'learning_rate': 2.4375e-05, 'epoch': 0.82}
{'loss': 1.3843, 'grad_norm': 0.14599762856960297, 'learning_rate': 2.372844827586207e-05, 'epoch': 0.87}
{'loss': 1.3821, 'grad_norm': 0.31503966450691223, 'learning_rate': 2.308189655172414e-05, 'epoch': 0.93}
{'loss': 1.3841, 'grad_norm': 0.24738392233848572, 'learning_rate': 2.2435344827586205e-05, 'epoch': 0.99}

  0%|          | 0/12 [00:00<?, ?it/s][A
 17%|█▋        | 2/12 [00:01<00:05,  1.81it/s][A
 25%|██▌       | 3/12 [00:02<00:07,  1.28it/s][A
 33%|███▎      | 4/12 [00:03<00:07,  1.11it/s][A
 42%|████▏     | 5/12 [00:04<00:06,  1.03it/s][A
 50%|█████     | 6/12 [00:05<00:06,  1.02s/it][A
 58%|█████▊    | 7/12 [00:06<00:05,  1.12s/it][A
 67%|██████▋   | 8/12 [00:07<00:04,  1.11s/it][A
 75%|███████▌  | 9/12 [00:09<00:03,  1.11s/it][A
 83%|████████▎ | 10/12 [00:10<00:02,  1.11s/it][A
 92%|█████████▏| 11/12 [00:11<00:01,  1.10s/it][A
100%|██████████| 12/12 [00:11<00:00,  1.04it/s][A                                                   
                                               [A 33%|███▎      | 172/516 [38:56<1:10:54, 12.37s/it]
100%|██████████| 12/12 [00:11<00:00,  1.04it/s][A
                                               [A{'eval_loss': 1.3827860355377197, 'eval_accuracy': 0.26880222841225626, 'eval_runtime': 16.0909, 'eval_samples_per_second': 178.486, 'eval_steps_per_second': 0.746, 'epoch': 1.0}
/home/tiger/.local/lib/python3.11/site-packages/torch/nn/parallel/_functions.py:70: UserWarning: Was asked to gather along dimension 0, but all input tensors were scalars; will instead unsqueeze and return a vector.
  warnings.warn(

  0%|          | 0/12 [00:00<?, ?it/s][A
 17%|█▋        | 2/12 [00:01<00:05,  1.81it/s][A
 25%|██▌       | 3/12 [00:02<00:07,  1.28it/s][A
 33%|███▎      | 4/12 [00:03<00:07,  1.11it/s][A
 42%|████▏     | 5/12 [00:04<00:06,  1.03it/s][A
 50%|█████     | 6/12 [00:05<00:06,  1.01s/it][A
 58%|█████▊    | 7/12 [00:06<00:05,  1.04s/it][A
 67%|██████▋   | 8/12 [00:07<00:04,  1.06s/it][A
 75%|███████▌  | 9/12 [00:08<00:03,  1.07s/it][A
 83%|████████▎ | 10/12 [00:09<00:02,  1.08s/it][A
 92%|█████████▏| 11/12 [00:10<00:01,  1.08s/it][A
100%|██████████| 12/12 [00:11<00:00,  1.10it/s][A
                                               [A/home/tiger/.local/lib/python3.11/site-packages/torch/nn/parallel/_functions.py:70: UserWarning: Was asked to gather along dimension 0, but all input tensors were scalars; will instead unsqueeze and return a vector.
  warnings.warn(
 34%|███▎      | 173/516 [39:29<2:13:38, 23.38s/it] 34%|███▎      | 174/516 [39:43<1:56:08, 20.38s/it] 34%|███▍      | 175/516 [39:56<1:44:13, 18.34s/it] 34%|███▍      | 176/516 [40:10<1:36:11, 16.97s/it] 34%|███▍      | 177/516 [40:24<1:29:57, 15.92s/it] 34%|███▍      | 178/516 [40:37<1:25:51, 15.24s/it] 35%|███▍      | 179/516 [40:51<1:23:00, 14.78s/it] 35%|███▍      | 180/516 [41:05<1:20:52, 14.44s/it]                                                    35%|███▍      | 180/516 [41:05<1:20:52, 14.44s/it] 35%|███▌      | 181/516 [41:18<1:18:54, 14.13s/it] 35%|███▌      | 182/516 [41:32<1:17:46, 13.97s/it] 35%|███▌      | 183/516 [41:45<1:16:21, 13.76s/it] 36%|███▌      | 184/516 [41:58<1:15:33, 13.65s/it] 36%|███▌      | 185/516 [42:12<1:14:50, 13.57s/it] 36%|███▌      | 186/516 [42:25<1:14:22, 13.52s/it] 36%|███▌      | 187/516 [42:39<1:14:10, 13.53s/it] 36%|███▋      | 188/516 [42:52<1:14:02, 13.54s/it] 37%|███▋      | 189/516 [43:06<1:14:07, 13.60s/it] 37%|███▋      | 190/516 [43:19<1:13:36, 13.55s/it]                                                    37%|███▋      | 190/516 [43:19<1:13:36, 13.55s/it] 37%|███▋      | 191/516 [43:33<1:13:35, 13.59s/it] 37%|███▋      | 192/516 [43:46<1:12:45, 13.47s/it] 37%|███▋      | 193/516 [44:00<1:12:45, 13.51s/it] 38%|███▊      | 194/516 [44:13<1:12:20, 13.48s/it] 38%|███▊      | 195/516 [44:27<1:12:39, 13.58s/it] 38%|███▊      | 196/516 [44:41<1:12:14, 13.54s/it] 38%|███▊      | 197/516 [44:54<1:11:57, 13.53s/it] 38%|███▊      | 198/516 [45:08<1:12:09, 13.61s/it] 39%|███▊      | 199/516 [45:21<1:11:53, 13.61s/it] 39%|███▉      | 200/516 [45:35<1:11:29, 13.57s/it]                                                    39%|███▉      | 200/516 [45:35<1:11:29, 13.57s/it] 39%|███▉      | 201/516 [45:48<1:10:42, 13.47s/it] 39%|███▉      | 202/516 [46:02<1:10:31, 13.48s/it] 39%|███▉      | 203/516 [46:15<1:09:54, 13.40s/it] 40%|███▉      | 204/516 [46:28<1:09:55, 13.45s/it] 40%|███▉      | 205/516 [46:42<1:09:22, 13.38s/it] 40%|███▉      | 206/516 [46:55<1:09:02, 13.36s/it] 40%|████      | 207/516 [47:09<1:09:22, 13.47s/it] 40%|████      | 208/516 [47:22<1:09:07, 13.47s/it] 41%|████      | 209/516 [47:36<1:09:09, 13.52s/it] 41%|████      | 210/516 [47:49<1:08:56, 13.52s/it]                                                    41%|████      | 210/516 [47:49<1:08:56, 13.52s/it] 41%|████      | 211/516 [48:03<1:08:24, 13.46s/it] 41%|████      | 212/516 [48:16<1:07:32, 13.33s/it] 41%|████▏     | 213/516 [48:30<1:08:05, 13.48s/it] 41%|████▏     | 214/516 [48:43<1:07:42, 13.45s/it] 42%|████▏     | 215/516 [48:57<1:07:42, 13.50s/it] 42%|████▏     | 216/516 [49:10<1:07:22, 13.47s/it] 42%|████▏     | 217/516 [49:24<1:07:36, 13.57s/it] 42%|████▏     | 218/516 [49:37<1:07:37, 13.61s/it] 42%|████▏     | 219/516 [49:51<1:07:12, 13.58s/it] 43%|████▎     | 220/516 [50:05<1:07:11, 13.62s/it]                                                    43%|████▎     | 220/516 [50:05<1:07:11, 13.62s/it] 43%|████▎     | 221/516 [50:18<1:06:35, 13.54s/it] 43%|████▎     | 222/516 [50:32<1:06:18, 13.53s/it] 43%|████▎     | 223/516 [50:45<1:05:45, 13.46s/it] 43%|████▎     | 224/516 [50:58<1:05:44, 13.51s/it] 44%|████▎     | 225/516 [51:12<1:05:37, 13.53s/it] 44%|████▍     | 226/516 [51:26<1:05:21, 13.52s/it] 44%|████▍     | 227/516 [51:39<1:05:09, 13.53s/it] 44%|████▍     | 228/516 [51:52<1:04:41, 13.48s/it] 44%|████▍     | 229/516 [52:06<1:04:59, 13.59s/it] 45%|████▍     | 230/516 [52:20<1:04:21, 13.50s/it]                                                    45%|████▍     | 230/516 [52:20<1:04:21, 13.50s/it] 45%|████▍     | 231/516 [52:33<1:03:53, 13.45s/it] 45%|████▍     | 232/516 [52:46<1:03:42, 13.46s/it] 45%|████▌     | 233/516 [53:00<1:03:51, 13.54s/it] 45%|████▌     | 234/516 [53:13<1:03:12, 13.45s/it] 46%|████▌     | 235/516 [53:27<1:03:16, 13.51s/it] 46%|████▌     | 236/516 [53:41<1:03:06, 13.52s/it] 46%|████▌     | 237/516 [53:54<1:02:54, 13.53s/it] 46%|████▌     | 238/516 [54:08<1:02:52, 13.57s/it] 46%|████▋     | 239/516 [54:21<1:02:37, 13.57s/it] 47%|████▋     | 240/516 [54:35<1:02:30, 13.59s/it]                                                    47%|████▋     | 240/516 [54:35<1:02:30, 13.59s/it] 47%|████▋     | 241/516 [54:48<1:01:53, 13.50s/it] 47%|████▋     | 242/516 [55:02<1:01:49, 13.54s/it] 47%|████▋     | 243/516 [55:15<1:01:15, 13.46s/it] 47%|████▋     | 244/516 [55:29<1:01:03, 13.47s/it] 47%|████▋     | 245/516 [55:42<1:01:00, 13.51s/it] 48%|████▊     | 246/516 [55:56<1:00:42, 13.49s/it] 48%|████▊     | 247/516 [56:09<1:00:46, 13.55s/it] 48%|████▊     | 248/516 [56:23<1:00:33, 13.56s/it] 48%|████▊     | 249/516 [56:37<1:00:25, 13.58s/it] 48%|████▊     | 250/516 [56:50<1:00:11, 13.58s/it]                                                    48%|████▊     | 250/516 [56:50<1:00:11, 13.58s/it] 49%|████▊     | 251/516 [57:04<59:56, 13.57s/it]   49%|████▉     | 252/516 [57:17<59:36, 13.55s/it] 49%|████▉     | 253/516 [57:31<59:36, 13.60s/it] 49%|████▉     | 254/516 [57:44<59:05, 13.53s/it] 49%|████▉     | 255/516 [57:58<59:06, 13.59s/it] 50%|████▉     | 256/516 [58:12<58:54, 13.60s/it] 50%|████▉     | 257/516 [58:25<58:14, 13.49s/it] 50%|█████     | 258/516 [58:39<58:22, 13.58s/it] 50%|█████     | 259/516 [58:52<57:47, 13.49s/it] 50%|█████     | 260/516 [59:06<57:45, 13.54s/it]                                                  50%|█████     | 260/516 [59:06<57:45, 13.54s/it] 51%|█████     | 261/516 [59:19<57:39, 13.57s/it] 51%|█████     | 262/516 [59:33<57:17, 13.54s/it] 51%|█████     | 263/516 [59:46<56:45, 13.46s/it] 51%|█████     | 264/516 [1:00:00<56:56, 13.56s/it] 51%|█████▏    | 265/516 [1:00:13<56:30, 13.51s/it] 52%|█████▏    | 266/516 [1:00:27<56:27, 13.55s/it] 52%|█████▏    | 267/516 [1:00:40<56:14, 13.55s/it] 52%|█████▏    | 268/516 [1:00:54<55:55, 13.53s/it] 52%|█████▏    | 269/516 [1:01:08<55:54, 13.58s/it] 52%|█████▏    | 270/516 [1:01:21<55:45, 13.60s/it]                                                    52%|█████▏    | 270/516 [1:01:21<55:45, 13.60s/it] 53%|█████▎    | 271/516 [1:01:35<55:34, 13.61s/it] 53%|█████▎    | 272/516 [1:01:48<54:47, 13.47s/it] 53%|█████▎    | 273/516 [1:02:02<54:39, 13.50s/it] 53%|█████▎    | 274/516 [1:02:15<54:03, 13.40s/it] 53%|█████▎    | 275/516 [1:02:28<53:55, 13.42s/it] 53%|█████▎    | 276/516 [1:02:42<53:40, 13.42s/it] 54%|█████▎    | 277/516 [1:02:55<53:18, 13.38s/it] 54%|█████▍    | 278/516 [1:03:09<53:28, 13.48s/it] 54%|█████▍    | 279/516 [1:03:22<53:11, 13.47s/it] 54%|█████▍    | 280/516 [1:03:36<53:00, 13.48s/it]                                                    54%|█████▍    | 280/516 [1:03:36<53:00, 13.48s/it] 54%|█████▍    | 281/516 [1:03:49<52:32, 13.42s/it] 55%|█████▍    | 282/516 [1:04:02<52:07, 13.37s/it] 55%|█████▍    | 283/516 [1:04:15<51:54, 13.37s/it] 55%|█████▌    | 284/516 [1:04:29<51:48, 13.40s/it] 55%|█████▌    | 285/516 [1:04:42<51:44, 13.44s/it] 55%|█████▌    | 286/516 [1:04:56<51:44, 13.50s/it] 56%|█████▌    | 287/516 [1:05:10<51:38, 13.53s/it] 56%|█████▌    | 288/516 [1:05:23<51:36, 13.58s/it] 56%|█████▌    | 289/516 [1:05:37<51:21, 13.58s/it] 56%|█████▌    | 290/516 [1:05:51<51:08, 13.58s/it]                                                    56%|█████▌    | 290/516 [1:05:51<51:08, 13.58s/it] 56%|█████▋    | 291/516 [1:06:04<50:53, 13.57s/it] 57%|█████▋    | 292/516 [1:06:18<50:29, 13.53s/it] 57%|█████▋    | 293/516 [1:06:31<50:21, 13.55s/it] 57%|█████▋    | 294/516 [1:06:44<49:41, 13.43s/it] 57%|█████▋    | 295/516 [1:06:58<49:49, 13.53s/it] 57%|█████▋    | 296/516 [1:07:11<49:17, 13.44s/it] 58%|█████▊    | 297/516 [1:07:25<48:59, 13.42s/it] 58%|█████▊    | 298/516 [1:07:38<48:59, 13.48s/it] 58%|█████▊    | 299/516 [1:07:52<48:31, 13.42s/it] 58%|█████▊    | 300/516 [1:08:05<48:26, 13.45s/it]                                                    58%|█████▊    | 300/516 [1:08:05<48:26, 13.45s/it] 58%|█████▊    | 301/516 [1:08:18<48:05, 13.42s/it] 59%|█████▊    | 302/516 [1:08:32<48:03, 13.47s/it] 59%|█████▊    | 303/516 [1:08:45<47:38, 13.42s/it] 59%|█████▉    | 304/516 [1:08:59<47:43, 13.51s/it] 59%|█████▉    | 305/516 [1:09:12<47:13, 13.43s/it] 59%|█████▉    | 306/516 [1:09:26<46:48, 13.38s/it] 59%|█████▉    | 307/516 [1:09:39<46:55, 13.47s/it] 60%|█████▉    | 308/516 [1:09:53<46:50, 13.51s/it] 60%|█████▉    | 309/516 [1:10:07<46:55, 13.60s/it] 60%|██████    | 310/516 [1:10:20<46:40, 13.60s/it]                                                    60%|██████    | 310/516 [1:10:20<46:40, 13.60s/it] 60%|██████    | 311/516 [1:10:34<46:34, 13.63s/it] 60%|██████    | 312/516 [1:10:47<46:01, 13.54s/it] 61%|██████    | 313/516 [1:11:01<46:01, 13.61s/it] 61%|██████    | 314/516 [1:11:14<45:30, 13.52s/it] 61%|██████    | 315/516 [1:11:28<45:26, 13.56s/it] 61%|██████    | 316/516 [1:11:41<44:59, 13.50s/it] 61%|██████▏   | 317/516 [1:11:55<44:43, 13.49s/it] 62%|██████▏   | 318/516 [1:12:09<44:44, 13.56s/it] 62%|██████▏   | 319/516 [1:12:22<44:16, 13.49s/it] 62%|██████▏   | 320/516 [1:12:36<44:12, 13.53s/it]                                                    62%|██████▏   | 320/516 [1:12:36<44:12, 13.53s/it] 62%|██████▏   | 321/516 [1:12:49<44:05, 13.57s/it] 62%|██████▏   | 322/516 [1:13:03<43:53, 13.57s/it] 63%|██████▎   | 323/516 [1:13:16<43:18, 13.46s/it] 63%|██████▎   | 324/516 [1:13:30<43:42, 13.66s/it] 63%|██████▎   | 325/516 [1:13:43<43:07, 13.55s/it] 63%|██████▎   | 326/516 [1:13:57<42:55, 13.56s/it] 63%|██████▎   | 327/516 [1:14:10<42:31, 13.50s/it] 64%|██████▎   | 328/516 [1:14:24<42:07, 13.45s/it] 64%|██████▍   | 329/516 [1:14:37<41:53, 13.44s/it] 64%|██████▍   | 330/516 [1:14:51<41:48, 13.49s/it]                                                    64%|██████▍   | 330/516 [1:14:51<41:48, 13.49s/it] 64%|██████▍   | 331/516 [1:15:05<42:00, 13.62s/it] 64%|██████▍   | 332/516 [1:15:18<41:30, 13.54s/it] 65%|██████▍   | 333/516 [1:15:32<41:19, 13.55s/it] 65%|██████▍   | 334/516 [1:15:45<41:01, 13.52s/it] 65%|██████▍   | 335/516 [1:15:58<40:47, 13.52s/it] 65%|██████▌   | 336/516 [1:16:12<40:30, 13.51s/it] 65%|██████▌   | 337/516 [1:16:25<40:12, 13.48s/it] 66%|██████▌   | 338/516 [1:16:39<40:04, 13.51s/it] 66%|██████▌   | 339/516 [1:16:52<39:34, 13.42s/it] 66%|██████▌   | 340/516 [1:17:06<39:34, 13.49s/it]                                                    66%|██████▌   | 340/516 [1:17:06<39:34, 13.49s/it] 66%|██████▌   | 341/516 [1:17:20<39:33, 13.56s/it] 66%|██████▋   | 342/516 [1:17:33<39:26, 13.60s/it] 66%|██████▋   | 343/516 [1:17:47<38:55, 13.50s/it] 67%|██████▋   | 344/516 [1:17:57<35:44, 12.47s/it]{'loss': 1.3798, 'grad_norm': 0.20872284471988678, 'learning_rate': 2.1788793103448278e-05, 'epoch': 1.05}
{'loss': 1.3856, 'grad_norm': 0.45165830850601196, 'learning_rate': 2.1142241379310347e-05, 'epoch': 1.1}
{'loss': 1.3854, 'grad_norm': 0.2992437779903412, 'learning_rate': 2.0495689655172416e-05, 'epoch': 1.16}
{'loss': 1.3819, 'grad_norm': 0.2747219204902649, 'learning_rate': 1.9849137931034483e-05, 'epoch': 1.22}
{'loss': 1.3842, 'grad_norm': 0.2126128226518631, 'learning_rate': 1.9202586206896552e-05, 'epoch': 1.28}
{'loss': 1.383, 'grad_norm': 0.2143549770116806, 'learning_rate': 1.855603448275862e-05, 'epoch': 1.34}
{'loss': 1.3849, 'grad_norm': 0.2243223637342453, 'learning_rate': 1.7909482758620688e-05, 'epoch': 1.4}
{'loss': 1.3829, 'grad_norm': 0.23478896915912628, 'learning_rate': 1.726293103448276e-05, 'epoch': 1.45}
{'loss': 1.3848, 'grad_norm': 0.3164738118648529, 'learning_rate': 1.661637931034483e-05, 'epoch': 1.51}
{'loss': 1.3837, 'grad_norm': 0.3034583628177643, 'learning_rate': 1.5969827586206896e-05, 'epoch': 1.57}
{'loss': 1.3841, 'grad_norm': 0.2612554132938385, 'learning_rate': 1.5323275862068966e-05, 'epoch': 1.63}
{'loss': 1.3833, 'grad_norm': 0.15964527428150177, 'learning_rate': 1.4676724137931035e-05, 'epoch': 1.69}
{'loss': 1.383, 'grad_norm': 0.23517191410064697, 'learning_rate': 1.4030172413793103e-05, 'epoch': 1.75}
{'loss': 1.3819, 'grad_norm': 0.15696224570274353, 'learning_rate': 1.3383620689655174e-05, 'epoch': 1.8}
{'loss': 1.3805, 'grad_norm': 0.1728278249502182, 'learning_rate': 1.2737068965517242e-05, 'epoch': 1.86}
{'loss': 1.3826, 'grad_norm': 0.29134562611579895, 'learning_rate': 1.209051724137931e-05, 'epoch': 1.92}
{'loss': 1.383, 'grad_norm': 0.16645388305187225, 'learning_rate': 1.1443965517241381e-05, 'epoch': 1.98}

  0%|          | 0/12 [00:00<?, ?it/s][A
 17%|█▋        | 2/12 [00:01<00:05,  1.82it/s][A
 25%|██▌       | 3/12 [00:02<00:07,  1.28it/s][A
 33%|███▎      | 4/12 [00:03<00:07,  1.11it/s][A
 42%|████▏     | 5/12 [00:04<00:06,  1.03it/s][A
 50%|█████     | 6/12 [00:05<00:06,  1.01s/it][A
 58%|█████▊    | 7/12 [00:06<00:05,  1.04s/it][A
 67%|██████▋   | 8/12 [00:07<00:04,  1.05s/it][A
 75%|███████▌  | 9/12 [00:08<00:03,  1.07s/it][A
 83%|████████▎ | 10/12 [00:09<00:02,  1.08s/it][A
 92%|█████████▏| 11/12 [00:10<00:01,  1.08s/it][A
100%|██████████| 12/12 [00:11<00:00,  1.07it/s][A                                                   
                                               [A 67%|██████▋   | 344/516 [1:18:12<35:44, 12.47s/it]
100%|██████████| 12/12 [00:11<00:00,  1.07it/s][A
                                               [A{'eval_loss': 1.3818947076797485, 'eval_accuracy': 0.27298050139275765, 'eval_runtime': 15.9288, 'eval_samples_per_second': 180.303, 'eval_steps_per_second': 0.753, 'epoch': 2.0}
/home/tiger/.local/lib/python3.11/site-packages/torch/nn/parallel/_functions.py:70: UserWarning: Was asked to gather along dimension 0, but all input tensors were scalars; will instead unsqueeze and return a vector.
  warnings.warn(

  0%|          | 0/12 [00:00<?, ?it/s][A
 17%|█▋        | 2/12 [00:01<00:05,  1.81it/s][A
 25%|██▌       | 3/12 [00:02<00:07,  1.28it/s][A
 33%|███▎      | 4/12 [00:03<00:07,  1.04it/s][A
 42%|████▏     | 5/12 [00:04<00:07,  1.01s/it][A
 50%|█████     | 6/12 [00:05<00:06,  1.04s/it][A
 58%|█████▊    | 7/12 [00:06<00:05,  1.06s/it][A
 67%|██████▋   | 8/12 [00:07<00:04,  1.07s/it][A
 75%|███████▌  | 9/12 [00:08<00:03,  1.08s/it][A
 83%|████████▎ | 10/12 [00:10<00:02,  1.09s/it][A
 92%|█████████▏| 11/12 [00:11<00:01,  1.09s/it][A
100%|██████████| 12/12 [00:11<00:00,  1.04it/s][A
                                               [A/home/tiger/.local/lib/python3.11/site-packages/torch/nn/parallel/_functions.py:70: UserWarning: Was asked to gather along dimension 0, but all input tensors were scalars; will instead unsqueeze and return a vector.
  warnings.warn(
 67%|██████▋   | 345/516 [1:18:45<1:06:34, 23.36s/it] 67%|██████▋   | 346/516 [1:18:59<58:02, 20.48s/it]   67%|██████▋   | 347/516 [1:19:13<51:43, 18.36s/it] 67%|██████▋   | 348/516 [1:19:26<47:16, 16.88s/it] 68%|██████▊   | 349/516 [1:19:40<44:16, 15.91s/it] 68%|██████▊   | 350/516 [1:19:53<41:51, 15.13s/it]                                                    68%|██████▊   | 350/516 [1:19:53<41:51, 15.13s/it] 68%|██████▊   | 351/516 [1:20:07<40:27, 14.71s/it] 68%|██████▊   | 352/516 [1:20:20<39:19, 14.39s/it] 68%|██████▊   | 353/516 [1:20:34<38:31, 14.18s/it] 69%|██████▊   | 354/516 [1:20:47<37:35, 13.92s/it] 69%|██████▉   | 355/516 [1:21:01<37:22, 13.93s/it] 69%|██████▉   | 356/516 [1:21:15<36:39, 13.75s/it] 69%|██████▉   | 357/516 [1:21:28<36:23, 13.73s/it] 69%|██████▉   | 358/516 [1:21:42<35:53, 13.63s/it] 70%|██████▉   | 359/516 [1:21:55<35:39, 13.63s/it] 70%|██████▉   | 360/516 [1:22:09<35:23, 13.61s/it]                                                    70%|██████▉   | 360/516 [1:22:09<35:23, 13.61s/it] 70%|██████▉   | 361/516 [1:22:22<34:58, 13.54s/it] 70%|███████   | 362/516 [1:22:36<35:06, 13.68s/it] 70%|███████   | 363/516 [1:22:50<34:39, 13.59s/it] 71%|███████   | 364/516 [1:23:03<34:29, 13.61s/it] 71%|███████   | 365/516 [1:23:17<34:16, 13.62s/it] 71%|███████   | 366/516 [1:23:31<34:10, 13.67s/it] 71%|███████   | 367/516 [1:23:44<33:39, 13.56s/it] 71%|███████▏  | 368/516 [1:23:58<33:39, 13.65s/it] 72%|███████▏  | 369/516 [1:24:11<33:18, 13.60s/it] 72%|███████▏  | 370/516 [1:24:25<32:54, 13.52s/it]                                                    72%|███████▏  | 370/516 [1:24:25<32:54, 13.52s/it] 72%|███████▏  | 371/516 [1:24:38<32:50, 13.59s/it] 72%|███████▏  | 372/516 [1:24:52<32:28, 13.53s/it] 72%|███████▏  | 373/516 [1:25:05<32:16, 13.55s/it] 72%|███████▏  | 374/516 [1:25:19<31:58, 13.51s/it] 73%|███████▎  | 375/516 [1:25:32<31:41, 13.49s/it] 73%|███████▎  | 376/516 [1:25:46<31:19, 13.43s/it] 73%|███████▎  | 377/516 [1:26:00<31:54, 13.77s/it] 73%|███████▎  | 378/516 [1:26:14<31:30, 13.70s/it] 73%|███████▎  | 379/516 [1:26:27<31:18, 13.71s/it] 74%|███████▎  | 380/516 [1:26:41<30:54, 13.63s/it]                                                    74%|███████▎  | 380/516 [1:26:41<30:54, 13.63s/it] 74%|███████▍  | 381/516 [1:26:55<30:43, 13.66s/it] 74%|███████▍  | 382/516 [1:27:08<30:28, 13.65s/it] 74%|███████▍  | 383/516 [1:27:22<30:08, 13.59s/it] 74%|███████▍  | 384/516 [1:27:35<30:02, 13.66s/it] 75%|███████▍  | 385/516 [1:27:49<29:32, 13.53s/it] 75%|███████▍  | 386/516 [1:28:02<29:13, 13.49s/it] 75%|███████▌  | 387/516 [1:28:15<28:57, 13.47s/it] 75%|███████▌  | 388/516 [1:28:29<28:45, 13.48s/it] 75%|███████▌  | 389/516 [1:28:42<28:27, 13.45s/it] 76%|███████▌  | 390/516 [1:28:56<28:16, 13.46s/it]                                                    76%|███████▌  | 390/516 [1:28:56<28:16, 13.46s/it] 76%|███████▌  | 391/516 [1:29:09<28:05, 13.48s/it] 76%|███████▌  | 392/516 [1:29:23<27:53, 13.49s/it] 76%|███████▌  | 393/516 [1:29:37<27:48, 13.57s/it] 76%|███████▋  | 394/516 [1:29:50<27:33, 13.56s/it] 77%|███████▋  | 395/516 [1:30:04<27:21, 13.56s/it] 77%|███████▋  | 396/516 [1:30:17<27:03, 13.53s/it] 77%|███████▋  | 397/516 [1:30:31<27:00, 13.62s/it] 77%|███████▋  | 398/516 [1:30:44<26:35, 13.52s/it] 77%|███████▋  | 399/516 [1:30:58<26:31, 13.60s/it] 78%|███████▊  | 400/516 [1:31:12<26:14, 13.57s/it]                                                    78%|███████▊  | 400/516 [1:31:12<26:14, 13.57s/it] 78%|███████▊  | 401/516 [1:31:25<25:56, 13.53s/it] 78%|███████▊  | 402/516 [1:31:39<25:47, 13.57s/it] 78%|███████▊  | 403/516 [1:31:52<25:29, 13.53s/it] 78%|███████▊  | 404/516 [1:32:06<25:22, 13.59s/it] 78%|███████▊  | 405/516 [1:32:19<25:04, 13.56s/it] 79%|███████▊  | 406/516 [1:32:33<24:57, 13.61s/it] 79%|███████▉  | 407/516 [1:32:46<24:29, 13.48s/it] 79%|███████▉  | 408/516 [1:33:00<24:26, 13.58s/it] 79%|███████▉  | 409/516 [1:33:14<24:10, 13.56s/it] 79%|███████▉  | 410/516 [1:33:27<24:03, 13.62s/it]                                                    79%|███████▉  | 410/516 [1:33:27<24:03, 13.62s/it] 80%|███████▉  | 411/516 [1:33:41<23:48, 13.61s/it] 80%|███████▉  | 412/516 [1:33:54<23:32, 13.58s/it] 80%|████████  | 413/516 [1:34:08<23:17, 13.57s/it] 80%|████████  | 414/516 [1:34:21<23:00, 13.53s/it] 80%|████████  | 415/516 [1:34:35<22:54, 13.61s/it] 81%|████████  | 416/516 [1:34:49<22:31, 13.51s/it] 81%|████████  | 417/516 [1:35:02<22:19, 13.53s/it] 81%|████████  | 418/516 [1:35:16<22:06, 13.54s/it] 81%|████████  | 419/516 [1:35:29<21:54, 13.55s/it] 81%|████████▏ | 420/516 [1:35:43<21:36, 13.50s/it]                                                    81%|████████▏ | 420/516 [1:35:43<21:36, 13.50s/it] 82%|████████▏ | 421/516 [1:35:56<21:22, 13.50s/it] 82%|████████▏ | 422/516 [1:36:10<21:11, 13.52s/it] 82%|████████▏ | 423/516 [1:36:23<20:55, 13.50s/it] 82%|████████▏ | 424/516 [1:36:37<20:48, 13.57s/it] 82%|████████▏ | 425/516 [1:36:51<20:38, 13.61s/it] 83%|████████▎ | 426/516 [1:37:04<20:23, 13.60s/it] 83%|████████▎ | 427/516 [1:37:18<20:06, 13.56s/it] 83%|████████▎ | 428/516 [1:37:31<19:55, 13.59s/it] 83%|████████▎ | 429/516 [1:37:45<19:33, 13.48s/it] 83%|████████▎ | 430/516 [1:37:58<19:23, 13.53s/it]                                                    83%|████████▎ | 430/516 [1:37:58<19:23, 13.53s/it] 84%|████████▎ | 431/516 [1:38:12<19:16, 13.61s/it] 84%|████████▎ | 432/516 [1:38:25<18:58, 13.55s/it] 84%|████████▍ | 433/516 [1:38:39<18:43, 13.54s/it] 84%|████████▍ | 434/516 [1:38:52<18:28, 13.51s/it] 84%|████████▍ | 435/516 [1:39:06<18:18, 13.56s/it] 84%|████████▍ | 436/516 [1:39:19<18:03, 13.54s/it] 85%|████████▍ | 437/516 [1:39:33<17:50, 13.55s/it] 85%|████████▍ | 438/516 [1:39:46<17:34, 13.51s/it] 85%|████████▌ | 439/516 [1:40:00<17:28, 13.61s/it] 85%|████████▌ | 440/516 [1:40:14<17:09, 13.55s/it]                                                    85%|████████▌ | 440/516 [1:40:14<17:09, 13.55s/it] 85%|████████▌ | 441/516 [1:40:28<17:01, 13.62s/it] 86%|████████▌ | 442/516 [1:40:41<16:46, 13.60s/it] 86%|████████▌ | 443/516 [1:40:55<16:29, 13.56s/it] 86%|████████▌ | 444/516 [1:41:08<16:17, 13.58s/it] 86%|████████▌ | 445/516 [1:41:22<16:01, 13.54s/it] 86%|████████▋ | 446/516 [1:41:35<15:49, 13.56s/it] 87%|████████▋ | 447/516 [1:41:49<15:36, 13.57s/it] 87%|████████▋ | 448/516 [1:42:02<15:19, 13.53s/it] 87%|████████▋ | 449/516 [1:42:16<15:03, 13.48s/it] 87%|████████▋ | 450/516 [1:42:29<14:57, 13.60s/it]                                                    87%|████████▋ | 450/516 [1:42:29<14:57, 13.60s/it] 87%|████████▋ | 451/516 [1:42:43<14:42, 13.57s/it] 88%|████████▊ | 452/516 [1:42:57<14:29, 13.58s/it] 88%|████████▊ | 453/516 [1:43:10<14:16, 13.60s/it] 88%|████████▊ | 454/516 [1:43:24<14:05, 13.64s/it] 88%|████████▊ | 455/516 [1:43:38<13:54, 13.68s/it] 88%|████████▊ | 456/516 [1:43:51<13:39, 13.67s/it] 89%|████████▊ | 457/516 [1:44:05<13:24, 13.64s/it] 89%|████████▉ | 458/516 [1:44:18<13:04, 13.53s/it] 89%|████████▉ | 459/516 [1:44:32<12:51, 13.54s/it] 89%|████████▉ | 460/516 [1:44:45<12:37, 13.53s/it]                                                    89%|████████▉ | 460/516 [1:44:45<12:37, 13.53s/it] 89%|████████▉ | 461/516 [1:44:59<12:25, 13.55s/it] 90%|████████▉ | 462/516 [1:45:12<12:11, 13.54s/it] 90%|████████▉ | 463/516 [1:45:26<11:58, 13.56s/it] 90%|████████▉ | 464/516 [1:45:40<11:46, 13.58s/it] 90%|█████████ | 465/516 [1:45:53<11:30, 13.54s/it] 90%|█████████ | 466/516 [1:46:07<11:20, 13.61s/it] 91%|█████████ | 467/516 [1:46:20<11:06, 13.61s/it] 91%|█████████ | 468/516 [1:46:34<10:52, 13.60s/it] 91%|█████████ | 469/516 [1:46:48<10:37, 13.56s/it] 91%|█████████ | 470/516 [1:47:01<10:25, 13.60s/it]                                                    91%|█████████ | 470/516 [1:47:01<10:25, 13.60s/it] 91%|█████████▏| 471/516 [1:47:15<10:08, 13.52s/it] 91%|█████████▏| 472/516 [1:47:28<09:56, 13.57s/it] 92%|█████████▏| 473/516 [1:47:42<09:41, 13.53s/it] 92%|█████████▏| 474/516 [1:47:55<09:25, 13.47s/it] 92%|█████████▏| 475/516 [1:48:09<09:16, 13.57s/it] 92%|█████████▏| 476/516 [1:48:22<08:59, 13.48s/it] 92%|█████████▏| 477/516 [1:48:36<08:47, 13.52s/it] 93%|█████████▎| 478/516 [1:48:49<08:32, 13.47s/it] 93%|█████████▎| 479/516 [1:49:03<08:20, 13.52s/it] 93%|█████████▎| 480/516 [1:49:16<08:05, 13.49s/it]                                                    93%|█████████▎| 480/516 [1:49:16<08:05, 13.49s/it] 93%|█████████▎| 481/516 [1:49:30<07:54, 13.55s/it] 93%|█████████▎| 482/516 [1:49:43<07:40, 13.53s/it] 94%|█████████▎| 483/516 [1:49:57<07:27, 13.57s/it] 94%|█████████▍| 484/516 [1:50:11<07:14, 13.59s/it] 94%|█████████▍| 485/516 [1:50:24<07:03, 13.65s/it] 94%|█████████▍| 486/516 [1:50:38<06:48, 13.63s/it] 94%|█████████▍| 487/516 [1:50:51<06:33, 13.57s/it] 95%|█████████▍| 488/516 [1:51:05<06:22, 13.67s/it] 95%|█████████▍| 489/516 [1:51:19<06:07, 13.60s/it] 95%|█████████▍| 490/516 [1:51:32<05:52, 13.55s/it]                                                    95%|█████████▍| 490/516 [1:51:32<05:52, 13.55s/it] 95%|█████████▌| 491/516 [1:51:46<05:38, 13.55s/it] 95%|█████████▌| 492/516 [1:51:59<05:26, 13.59s/it] 96%|█████████▌| 493/516 [1:52:13<05:12, 13.58s/it] 96%|█████████▌| 494/516 [1:52:27<05:00, 13.66s/it] 96%|█████████▌| 495/516 [1:52:40<04:46, 13.64s/it] 96%|█████████▌| 496/516 [1:52:54<04:33, 13.65s/it] 96%|█████████▋| 497/516 [1:53:08<04:20, 13.70s/it] 97%|█████████▋| 498/516 [1:53:21<04:05, 13.64s/it] 97%|█████████▋| 499/516 [1:53:35<03:51, 13.64s/it] 97%|█████████▋| 500/516 [1:53:48<03:36, 13.52s/it]                                                    97%|█████████▋| 500/516 [1:53:48<03:36, 13.52s/it] 97%|█████████▋| 501/516 [1:54:02<03:23, 13.56s/it] 97%|█████████▋| 502/516 [1:54:15<03:08, 13.48s/it] 97%|█████████▋| 503/516 [1:54:29<02:55, 13.47s/it] 98%|█████████▊| 504/516 [1:54:42<02:42, 13.54s/it] 98%|█████████▊| 505/516 [1:54:56<02:28, 13.50s/it] 98%|█████████▊| 506/516 [1:55:10<02:15, 13.59s/it] 98%|█████████▊| 507/516 [1:55:23<02:02, 13.62s/it] 98%|█████████▊| 508/516 [1:55:37<01:49, 13.64s/it] 99%|█████████▊| 509/516 [1:55:51<01:35, 13.64s/it] 99%|█████████▉| 510/516 [1:56:04<01:22, 13.69s/it]                                                    99%|█████████▉| 510/516 [1:56:04<01:22, 13.69s/it] 99%|█████████▉| 511/516 [1:56:18<01:08, 13.60s/it] 99%|█████████▉| 512/516 [1:56:31<00:54, 13.63s/it] 99%|█████████▉| 513/516 [1:56:45<00:40, 13.58s/it]100%|█████████▉| 514/516 [1:56:58<00:27, 13.56s/it]100%|█████████▉| 515/516 [1:57:12<00:13, 13.52s/it]100%|██████████| 516/516 [1:57:21<00:00, 12.34s/it]{'loss': 1.3802, 'grad_norm': 0.1766861379146576, 'learning_rate': 1.0797413793103449e-05, 'epoch': 2.03}
{'loss': 1.3822, 'grad_norm': 0.7916291356086731, 'learning_rate': 1.0150862068965518e-05, 'epoch': 2.09}
{'loss': 1.3851, 'grad_norm': 0.31326913833618164, 'learning_rate': 9.504310344827586e-06, 'epoch': 2.15}
{'loss': 1.3828, 'grad_norm': 0.22346363961696625, 'learning_rate': 8.857758620689655e-06, 'epoch': 2.21}
{'loss': 1.3831, 'grad_norm': 0.1850155144929886, 'learning_rate': 8.211206896551725e-06, 'epoch': 2.27}
{'loss': 1.3817, 'grad_norm': 0.34222114086151123, 'learning_rate': 7.564655172413793e-06, 'epoch': 2.33}
{'loss': 1.3806, 'grad_norm': 0.23668651282787323, 'learning_rate': 6.918103448275862e-06, 'epoch': 2.38}
{'loss': 1.3797, 'grad_norm': 0.3011206388473511, 'learning_rate': 6.271551724137931e-06, 'epoch': 2.44}
{'loss': 1.3817, 'grad_norm': 0.19689100980758667, 'learning_rate': 5.625e-06, 'epoch': 2.5}
{'loss': 1.3811, 'grad_norm': 0.2631974518299103, 'learning_rate': 4.97844827586207e-06, 'epoch': 2.56}
{'loss': 1.3815, 'grad_norm': 0.2717660367488861, 'learning_rate': 4.331896551724138e-06, 'epoch': 2.62}
{'loss': 1.38, 'grad_norm': 0.2592899799346924, 'learning_rate': 3.6853448275862067e-06, 'epoch': 2.68}
{'loss': 1.3789, 'grad_norm': 0.3500845730304718, 'learning_rate': 3.0387931034482758e-06, 'epoch': 2.73}
{'loss': 1.3782, 'grad_norm': 0.35447219014167786, 'learning_rate': 2.3922413793103453e-06, 'epoch': 2.79}
{'loss': 1.3804, 'grad_norm': 0.3547625243663788, 'learning_rate': 1.7456896551724137e-06, 'epoch': 2.85}
{'loss': 1.3784, 'grad_norm': 0.35079991817474365, 'learning_rate': 1.0991379310344828e-06, 'epoch': 2.91}
{'loss': 1.3783, 'grad_norm': 0.3344865143299103, 'learning_rate': 4.5258620689655177e-07, 'epoch': 2.97}

  0%|          | 0/12 [00:00<?, ?it/s][A
 17%|█▋        | 2/12 [00:01<00:05,  1.82it/s][A
 25%|██▌       | 3/12 [00:02<00:07,  1.29it/s][A
 33%|███▎      | 4/12 [00:03<00:07,  1.12it/s][A
 42%|████▏     | 5/12 [00:04<00:06,  1.03it/s][A
 50%|█████     | 6/12 [00:05<00:06,  1.01s/it][A
 58%|█████▊    | 7/12 [00:06<00:05,  1.04s/it][A
 67%|██████▋   | 8/12 [00:07<00:04,  1.06s/it][A
 75%|███████▌  | 9/12 [00:08<00:03,  1.07s/it][A
 83%|████████▎ | 10/12 [00:09<00:02,  1.08s/it][A
 92%|█████████▏| 11/12 [00:10<00:01,  1.09s/it][A
100%|██████████| 12/12 [00:11<00:00,  1.07it/s][A                                                   
                                               [A100%|██████████| 516/516 [1:57:37<00:00, 12.34s/it]
100%|██████████| 12/12 [00:11<00:00,  1.07it/s][A
                                               [A{'eval_loss': 1.3792200088500977, 'eval_accuracy': 0.2883008356545961, 'eval_runtime': 15.9981, 'eval_samples_per_second': 179.521, 'eval_steps_per_second': 0.75, 'epoch': 3.0}
/home/tiger/.local/lib/python3.11/site-packages/torch/nn/parallel/_functions.py:70: UserWarning: Was asked to gather along dimension 0, but all input tensors were scalars; will instead unsqueeze and return a vector.
  warnings.warn(

  0%|          | 0/12 [00:00<?, ?it/s][A
 17%|█▋        | 2/12 [00:01<00:05,  1.82it/s][A
 25%|██▌       | 3/12 [00:02<00:07,  1.28it/s][A
 33%|███▎      | 4/12 [00:03<00:07,  1.11it/s][A
 42%|████▏     | 5/12 [00:04<00:06,  1.03it/s][A
 50%|█████     | 6/12 [00:05<00:06,  1.01s/it][A
 58%|█████▊    | 7/12 [00:06<00:05,  1.04s/it][A
 67%|██████▋   | 8/12 [00:07<00:04,  1.12s/it][A
 75%|███████▌  | 9/12 [00:08<00:03,  1.11s/it][A
 83%|████████▎ | 10/12 [00:10<00:02,  1.11s/it][A
 92%|█████████▏| 11/12 [00:11<00:01,  1.10s/it][A
100%|██████████| 12/12 [00:11<00:00,  1.05it/s][A
                                               [A                                                   100%|██████████| 516/516 [1:57:54<00:00, 12.34s/it]100%|██████████| 516/516 [1:57:54<00:00, 13.71s/it]
{'train_runtime': 7074.0427, 'train_samples_per_second': 37.263, 'train_steps_per_second': 0.073, 'train_loss': 1.3827920089396395, 'epoch': 3.0}
[OK][TD] 已保存 training dynamics 到: /opt/tiger/DifficultyAlignment/race_trainedmodels_5e-4_e5_256bs/models_bigbird-roberta-base/training_dynamics_val.csv
[models/bigbird-roberta-base] 在 val 上评估并导出预测结果...
/home/tiger/.local/lib/python3.11/site-packages/torch/nn/parallel/_functions.py:70: UserWarning: Was asked to gather along dimension 0, but all input tensors were scalars; will instead unsqueeze and return a vector.
  warnings.warn(
  0%|          | 0/12 [00:00<?, ?it/s] 17%|█▋        | 2/12 [00:01<00:05,  1.82it/s] 25%|██▌       | 3/12 [00:02<00:07,  1.28it/s] 33%|███▎      | 4/12 [00:03<00:07,  1.12it/s] 42%|████▏     | 5/12 [00:04<00:06,  1.04it/s] 50%|█████     | 6/12 [00:05<00:06,  1.01s/it] 58%|█████▊    | 7/12 [00:06<00:05,  1.04s/it] 67%|██████▋   | 8/12 [00:07<00:04,  1.06s/it] 75%|███████▌  | 9/12 [00:08<00:03,  1.07s/it] 83%|████████▎ | 10/12 [00:09<00:02,  1.08s/it] 92%|█████████▏| 11/12 [00:10<00:01,  1.08s/it]100%|██████████| 12/12 [00:11<00:00,  1.07it/s]100%|██████████| 12/12 [00:11<00:00,  1.04it/s]
[models/bigbird-roberta-base] FINAL val accuracy = 0.2883
[models/bigbird-roberta-base] 已保存 val_predictions.csv -> /opt/tiger/DifficultyAlignment/race_trainedmodels_5e-4_e5_256bs/models_bigbird-roberta-base/val_predictions.csv
[models/bigbird-roberta-base] 在 test 上评估并导出预测结果...
/home/tiger/.local/lib/python3.11/site-packages/torch/nn/parallel/_functions.py:70: UserWarning: Was asked to gather along dimension 0, but all input tensors were scalars; will instead unsqueeze and return a vector.
  warnings.warn(
  0%|          | 0/20 [00:00<?, ?it/s] 10%|█         | 2/20 [00:01<00:09,  1.83it/s] 15%|█▌        | 3/20 [00:02<00:14,  1.18it/s] 20%|██        | 4/20 [00:03<00:15,  1.06it/s] 25%|██▌       | 5/20 [00:04<00:14,  1.01it/s] 30%|███       | 6/20 [00:05<00:14,  1.03s/it] 35%|███▌      | 7/20 [00:06<00:13,  1.05s/it] 40%|████      | 8/20 [00:07<00:12,  1.06s/it] 45%|████▌     | 9/20 [00:08<00:11,  1.07s/it] 50%|█████     | 10/20 [00:10<00:10,  1.08s/it] 55%|█████▌    | 11/20 [00:11<00:09,  1.09s/it] 60%|██████    | 12/20 [00:12<00:08,  1.09s/it] 65%|██████▌   | 13/20 [00:13<00:07,  1.09s/it] 70%|███████   | 14/20 [00:14<00:06,  1.10s/it] 75%|███████▌  | 15/20 [00:15<00:05,  1.10s/it] 80%|████████  | 16/20 [00:16<00:04,  1.10s/it] 85%|████████▌ | 17/20 [00:17<00:03,  1.10s/it] 90%|█████████ | 18/20 [00:18<00:02,  1.10s/it] 95%|█████████▌| 19/20 [00:19<00:01,  1.10s/it]100%|██████████| 20/20 [00:20<00:00,  1.05it/s]100%|██████████| 20/20 [00:20<00:00,  1.03s/it]
Some weights of LongformerForSequenceClassification were not initialized from the model checkpoint at models/longformer-base-4096 and are newly initialized: ['classifier.dense.bias', 'classifier.dense.weight', 'classifier.out_proj.bias', 'classifier.out_proj.weight']
You should probably TRAIN this model on a down-stream task to be able to use it for predictions and inference.
/opt/tiger/DifficultyAlignment/scripts/RACE_train_bert_models_trainer.py:245: FutureWarning: `tokenizer` is deprecated and will be removed in version 5.0.0 for `Trainer.__init__`. Use `processing_class` instead.
  trainer = Trainer(
Detected kernel version 5.4.143, which is below the recommended minimum of 5.5.0; this can cause the process to hang. It is recommended to upgrade the kernel to the minimum version or higher.
[models/bigbird-roberta-base] FINAL test accuracy = 0.2762
[models/bigbird-roberta-base] 已保存 test_predictions.csv -> /opt/tiger/DifficultyAlignment/race_trainedmodels_5e-4_e5_256bs/models_bigbird-roberta-base/test_predictions.csv

========== 训练模型: models/longformer-base-4096 ==========
[INFO] Using AutoTokenizer for `models/longformer-base-4096` (fast -> slow fallback).
  0%|          | 0/516 [00:00<?, ?it/s]Initializing global attention on CLS token...
Input ids are automatically padded to be a multiple of `config.attention_window`: 512
/home/tiger/.local/lib/python3.11/site-packages/torch/nn/parallel/_functions.py:70: UserWarning: Was asked to gather along dimension 0, but all input tensors were scalars; will instead unsqueeze and return a vector.
  warnings.warn(
  0%|          | 1/516 [00:17<2:29:21, 17.40s/it]  0%|          | 2/516 [00:30<2:09:34, 15.13s/it]  1%|          | 3/516 [00:44<2:03:08, 14.40s/it]  1%|          | 4/516 [00:58<2:00:07, 14.08s/it]  1%|          | 5/516 [01:11<1:58:13, 13.88s/it]  1%|          | 6/516 [01:25<1:56:59, 13.76s/it]  1%|▏         | 7/516 [01:38<1:56:02, 13.68s/it]  2%|▏         | 8/516 [01:52<1:55:28, 13.64s/it]  2%|▏         | 9/516 [02:05<1:54:38, 13.57s/it]  2%|▏         | 10/516 [02:19<1:54:45, 13.61s/it]                                                    2%|▏         | 10/516 [02:19<1:54:45, 13.61s/it]  2%|▏         | 11/516 [02:32<1:54:10, 13.56s/it]  2%|▏         | 12/516 [02:46<1:53:21, 13.50s/it]  3%|▎         | 13/516 [02:59<1:53:30, 13.54s/it]  3%|▎         | 14/516 [03:13<1:52:56, 13.50s/it]  3%|▎         | 15/516 [03:26<1:52:34, 13.48s/it]  3%|▎         | 16/516 [03:40<1:52:54, 13.55s/it]  3%|▎         | 17/516 [03:53<1:52:39, 13.55s/it]  3%|▎         | 18/516 [04:07<1:52:12, 13.52s/it]  4%|▎         | 19/516 [04:20<1:52:02, 13.53s/it]  4%|▍         | 20/516 [04:34<1:51:45, 13.52s/it]                                                    4%|▍         | 20/516 [04:34<1:51:45, 13.52s/it]  4%|▍         | 21/516 [04:47<1:51:40, 13.54s/it]  4%|▍         | 22/516 [05:01<1:51:25, 13.53s/it]  4%|▍         | 23/516 [05:14<1:50:58, 13.51s/it]  5%|▍         | 24/516 [05:28<1:51:31, 13.60s/it]  5%|▍         | 25/516 [05:42<1:50:48, 13.54s/it]  5%|▌         | 26/516 [05:55<1:50:29, 13.53s/it]  5%|▌         | 27/516 [06:09<1:50:03, 13.51s/it]  5%|▌         | 28/516 [06:22<1:49:52, 13.51s/it]  6%|▌         | 29/516 [06:35<1:49:22, 13.47s/it]  6%|▌         | 30/516 [06:49<1:49:36, 13.53s/it]                                                    6%|▌         | 30/516 [06:49<1:49:36, 13.53s/it]  6%|▌         | 31/516 [07:03<1:49:29, 13.55s/it]  6%|▌         | 32/516 [07:16<1:48:45, 13.48s/it]  6%|▋         | 33/516 [07:30<1:48:36, 13.49s/it]  7%|▋         | 34/516 [07:43<1:48:24, 13.49s/it]  7%|▋         | 35/516 [07:57<1:48:08, 13.49s/it]  7%|▋         | 36/516 [08:10<1:47:51, 13.48s/it]  7%|▋         | 37/516 [08:24<1:47:59, 13.53s/it]  7%|▋         | 38/516 [08:37<1:47:19, 13.47s/it]  8%|▊         | 39/516 [08:50<1:47:10, 13.48s/it]  8%|▊         | 40/516 [09:04<1:47:31, 13.55s/it]                                                    8%|▊         | 40/516 [09:04<1:47:31, 13.55s/it]  8%|▊         | 41/516 [09:18<1:47:24, 13.57s/it]  8%|▊         | 42/516 [09:31<1:47:10, 13.57s/it]  8%|▊         | 43/516 [09:45<1:46:37, 13.53s/it]  9%|▊         | 44/516 [09:58<1:46:19, 13.52s/it]  9%|▊         | 45/516 [10:12<1:46:03, 13.51s/it]  9%|▉         | 46/516 [10:25<1:45:57, 13.53s/it]  9%|▉         | 47/516 [10:39<1:45:53, 13.55s/it]  9%|▉         | 48/516 [10:52<1:45:15, 13.50s/it]  9%|▉         | 49/516 [11:06<1:44:30, 13.43s/it] 10%|▉         | 50/516 [11:19<1:44:33, 13.46s/it]                                                   10%|▉         | 50/516 [11:19<1:44:33, 13.46s/it] 10%|▉         | 51/516 [11:33<1:44:24, 13.47s/it] 10%|█         | 52/516 [11:46<1:44:03, 13.46s/it] 10%|█         | 53/516 [12:00<1:44:17, 13.52s/it] 10%|█         | 54/516 [12:13<1:43:48, 13.48s/it] 11%|█         | 55/516 [12:27<1:43:46, 13.51s/it] 11%|█         | 56/516 [12:40<1:43:44, 13.53s/it] 11%|█         | 57/516 [12:54<1:43:18, 13.50s/it] 11%|█         | 58/516 [13:07<1:42:53, 13.48s/it] 11%|█▏        | 59/516 [13:21<1:42:46, 13.49s/it] 12%|█▏        | 60/516 [13:34<1:42:45, 13.52s/it]                                                   12%|█▏        | 60/516 [13:34<1:42:45, 13.52s/it] 12%|█▏        | 61/516 [13:48<1:42:17, 13.49s/it] 12%|█▏        | 62/516 [14:01<1:41:51, 13.46s/it] 12%|█▏        | 63/516 [14:15<1:41:44, 13.48s/it] 12%|█▏        | 64/516 [14:28<1:41:30, 13.48s/it] 13%|█▎        | 65/516 [14:41<1:41:01, 13.44s/it] 13%|█▎        | 66/516 [14:55<1:40:58, 13.46s/it] 13%|█▎        | 67/516 [15:08<1:40:54, 13.48s/it] 13%|█▎        | 68/516 [15:22<1:40:32, 13.47s/it] 13%|█▎        | 69/516 [15:35<1:40:17, 13.46s/it] 14%|█▎        | 70/516 [15:49<1:40:34, 13.53s/it]                                                   14%|█▎        | 70/516 [15:49<1:40:34, 13.53s/it] 14%|█▍        | 71/516 [16:02<1:40:13, 13.51s/it] 14%|█▍        | 72/516 [16:16<1:39:41, 13.47s/it] 14%|█▍        | 73/516 [16:29<1:39:24, 13.46s/it] 14%|█▍        | 74/516 [16:43<1:39:22, 13.49s/it] 15%|█▍        | 75/516 [16:56<1:39:01, 13.47s/it] 15%|█▍        | 76/516 [17:10<1:38:27, 13.43s/it] 15%|█▍        | 77/516 [17:23<1:38:35, 13.47s/it] 15%|█▌        | 78/516 [17:37<1:38:13, 13.46s/it] 15%|█▌        | 79/516 [17:50<1:38:13, 13.49s/it] 16%|█▌        | 80/516 [18:04<1:38:31, 13.56s/it]                                                   16%|█▌        | 80/516 [18:04<1:38:31, 13.56s/it] 16%|█▌        | 81/516 [18:17<1:38:18, 13.56s/it] 16%|█▌        | 82/516 [18:31<1:37:57, 13.54s/it] 16%|█▌        | 83/516 [18:44<1:37:38, 13.53s/it] 16%|█▋        | 84/516 [18:58<1:38:00, 13.61s/it] 16%|█▋        | 85/516 [19:12<1:37:14, 13.54s/it] 17%|█▋        | 86/516 [19:25<1:37:04, 13.55s/it] 17%|█▋        | 87/516 [19:39<1:37:01, 13.57s/it] 17%|█▋        | 88/516 [19:52<1:36:39, 13.55s/it] 17%|█▋        | 89/516 [20:06<1:35:57, 13.48s/it] 17%|█▋        | 90/516 [20:19<1:35:49, 13.50s/it]                                                   17%|█▋        | 90/516 [20:19<1:35:49, 13.50s/it] 18%|█▊        | 91/516 [20:33<1:35:18, 13.46s/it] 18%|█▊        | 92/516 [20:46<1:34:45, 13.41s/it] 18%|█▊        | 93/516 [21:00<1:35:07, 13.49s/it] 18%|█▊        | 94/516 [21:13<1:34:45, 13.47s/it] 18%|█▊        | 95/516 [21:26<1:34:36, 13.48s/it] 19%|█▊        | 96/516 [21:40<1:34:18, 13.47s/it] 19%|█▉        | 97/516 [21:54<1:34:27, 13.53s/it] 19%|█▉        | 98/516 [22:07<1:33:59, 13.49s/it] 19%|█▉        | 99/516 [22:21<1:33:53, 13.51s/it] 19%|█▉        | 100/516 [22:34<1:33:43, 13.52s/it]                                                    19%|█▉        | 100/516 [22:34<1:33:43, 13.52s/it] 20%|█▉        | 101/516 [22:48<1:33:32, 13.52s/it] 20%|█▉        | 102/516 [23:01<1:33:21, 13.53s/it] 20%|█▉        | 103/516 [23:15<1:33:25, 13.57s/it] 20%|██        | 104/516 [23:28<1:33:10, 13.57s/it] 20%|██        | 105/516 [23:42<1:32:44, 13.54s/it] 21%|██        | 106/516 [23:55<1:32:22, 13.52s/it] 21%|██        | 107/516 [24:09<1:32:17, 13.54s/it] 21%|██        | 108/516 [24:22<1:31:52, 13.51s/it] 21%|██        | 109/516 [24:36<1:31:16, 13.46s/it] 21%|██▏       | 110/516 [24:49<1:31:33, 13.53s/it]                                                    21%|██▏       | 110/516 [24:49<1:31:33, 13.53s/it] 22%|██▏       | 111/516 [25:03<1:31:23, 13.54s/it] 22%|██▏       | 112/516 [25:16<1:30:58, 13.51s/it] 22%|██▏       | 113/516 [25:30<1:31:03, 13.56s/it] 22%|██▏       | 114/516 [25:43<1:30:35, 13.52s/it] 22%|██▏       | 115/516 [25:57<1:30:33, 13.55s/it] 22%|██▏       | 116/516 [26:11<1:30:12, 13.53s/it] 23%|██▎       | 117/516 [26:24<1:29:58, 13.53s/it] 23%|██▎       | 118/516 [26:38<1:29:30, 13.49s/it] 23%|██▎       | 119/516 [26:51<1:29:18, 13.50s/it] 23%|██▎       | 120/516 [27:05<1:29:05, 13.50s/it]                                                    23%|██▎       | 120/516 [27:05<1:29:05, 13.50s/it] 23%|██▎       | 121/516 [27:18<1:29:20, 13.57s/it] 24%|██▎       | 122/516 [27:32<1:28:57, 13.55s/it] 24%|██▍       | 123/516 [27:45<1:28:24, 13.50s/it] 24%|██▍       | 124/516 [27:59<1:28:44, 13.58s/it] 24%|██▍       | 125/516 [28:12<1:28:01, 13.51s/it] 24%|██▍       | 126/516 [28:26<1:27:57, 13.53s/it] 25%|██▍       | 127/516 [28:39<1:27:45, 13.54s/it] 25%|██▍       | 128/516 [28:53<1:27:27, 13.52s/it] 25%|██▌       | 129/516 [29:06<1:27:01, 13.49s/it] 25%|██▌       | 130/516 [29:20<1:26:49, 13.50s/it]                                                    25%|██▌       | 130/516 [29:20<1:26:49, 13.50s/it] 25%|██▌       | 131/516 [29:33<1:26:51, 13.54s/it] 26%|██▌       | 132/516 [29:47<1:26:12, 13.47s/it] 26%|██▌       | 133/516 [30:00<1:26:01, 13.48s/it] 26%|██▌       | 134/516 [30:14<1:25:38, 13.45s/it] 26%|██▌       | 135/516 [30:27<1:26:05, 13.56s/it] 26%|██▋       | 136/516 [30:41<1:25:46, 13.54s/it] 27%|██▋       | 137/516 [30:54<1:25:23, 13.52s/it] 27%|██▋       | 138/516 [31:08<1:25:05, 13.51s/it] 27%|██▋       | 139/516 [31:21<1:25:00, 13.53s/it] 27%|██▋       | 140/516 [31:35<1:24:39, 13.51s/it]                                                    27%|██▋       | 140/516 [31:35<1:24:39, 13.51s/it] 27%|██▋       | 141/516 [31:49<1:24:37, 13.54s/it] 28%|██▊       | 142/516 [32:02<1:24:43, 13.59s/it] 28%|██▊       | 143/516 [32:16<1:24:17, 13.56s/it] 28%|██▊       | 144/516 [32:29<1:24:04, 13.56s/it] 28%|██▊       | 145/516 [32:43<1:23:59, 13.58s/it] 28%|██▊       | 146/516 [32:56<1:23:41, 13.57s/it] 28%|██▊       | 147/516 [33:10<1:23:13, 13.53s/it] 29%|██▊       | 148/516 [33:24<1:23:14, 13.57s/it] 29%|██▉       | 149/516 [33:37<1:22:48, 13.54s/it] 29%|██▉       | 150/516 [33:51<1:22:32, 13.53s/it]                                                    29%|██▉       | 150/516 [33:51<1:22:32, 13.53s/it] 29%|██▉       | 151/516 [34:04<1:22:00, 13.48s/it] 29%|██▉       | 152/516 [34:18<1:22:00, 13.52s/it] 30%|██▉       | 153/516 [34:31<1:21:36, 13.49s/it] 30%|██▉       | 154/516 [34:44<1:21:27, 13.50s/it] 30%|███       | 155/516 [34:58<1:21:07, 13.48s/it] 30%|███       | 156/516 [35:11<1:20:57, 13.49s/it] 30%|███       | 157/516 [35:25<1:20:44, 13.49s/it] 31%|███       | 158/516 [35:38<1:20:09, 13.43s/it] 31%|███       | 159/516 [35:52<1:20:26, 13.52s/it] 31%|███       | 160/516 [36:05<1:19:53, 13.47s/it]                                                    31%|███       | 160/516 [36:05<1:19:53, 13.47s/it] 31%|███       | 161/516 [36:19<1:19:30, 13.44s/it] 31%|███▏      | 162/516 [36:32<1:19:12, 13.43s/it] 32%|███▏      | 163/516 [36:45<1:18:57, 13.42s/it] 32%|███▏      | 164/516 [36:59<1:19:01, 13.47s/it] 32%|███▏      | 165/516 [37:12<1:18:40, 13.45s/it] 32%|███▏      | 166/516 [37:26<1:19:07, 13.56s/it] 32%|███▏      | 167/516 [37:40<1:18:30, 13.50s/it] 33%|███▎      | 168/516 [37:53<1:18:16, 13.49s/it] 33%|███▎      | 169/516 [38:07<1:18:07, 13.51s/it] 33%|███▎      | 170/516 [38:20<1:17:52, 13.50s/it]                                                    33%|███▎      | 170/516 [38:20<1:17:52, 13.50s/it] 33%|███▎      | 171/516 [38:34<1:17:24, 13.46s/it] 33%|███▎      | 172/516 [38:43<1:09:52, 12.19s/it]{'loss': 1.387, 'grad_norm': 0.2333676815032959, 'learning_rate': 5.192307692307692e-06, 'epoch': 0.06}
{'loss': 1.3848, 'grad_norm': 0.6242632269859314, 'learning_rate': 1.0961538461538462e-05, 'epoch': 0.12}
{'loss': 1.386, 'grad_norm': 0.4261269271373749, 'learning_rate': 1.673076923076923e-05, 'epoch': 0.17}
{'loss': 1.3847, 'grad_norm': 0.2842159569263458, 'learning_rate': 2.25e-05, 'epoch': 0.23}
{'loss': 1.3848, 'grad_norm': 0.3731025755405426, 'learning_rate': 2.8269230769230768e-05, 'epoch': 0.29}
{'loss': 1.3865, 'grad_norm': 0.525173544883728, 'learning_rate': 2.954741379310345e-05, 'epoch': 0.35}
{'loss': 1.3838, 'grad_norm': 0.4190322756767273, 'learning_rate': 2.8900862068965517e-05, 'epoch': 0.41}
{'loss': 1.3841, 'grad_norm': 0.329150527715683, 'learning_rate': 2.8254310344827586e-05, 'epoch': 0.47}
{'loss': 1.3844, 'grad_norm': 0.3959825336933136, 'learning_rate': 2.7607758620689655e-05, 'epoch': 0.52}
{'loss': 1.3844, 'grad_norm': 0.27685073018074036, 'learning_rate': 2.6961206896551725e-05, 'epoch': 0.58}
{'loss': 1.3849, 'grad_norm': 0.4787580668926239, 'learning_rate': 2.6314655172413794e-05, 'epoch': 0.64}
{'loss': 1.3836, 'grad_norm': 0.25001707673072815, 'learning_rate': 2.5668103448275864e-05, 'epoch': 0.7}
{'loss': 1.3853, 'grad_norm': 0.4219914972782135, 'learning_rate': 2.5021551724137933e-05, 'epoch': 0.76}
{'loss': 1.3839, 'grad_norm': 0.41957616806030273, 'learning_rate': 2.4375e-05, 'epoch': 0.82}
{'loss': 1.3854, 'grad_norm': 0.33776235580444336, 'learning_rate': 2.372844827586207e-05, 'epoch': 0.87}
{'loss': 1.3829, 'grad_norm': 0.3192077875137329, 'learning_rate': 2.308189655172414e-05, 'epoch': 0.93}
{'loss': 1.3852, 'grad_norm': 0.4044036567211151, 'learning_rate': 2.2435344827586205e-05, 'epoch': 0.99}

  0%|          | 0/12 [00:00<?, ?it/s][A
 17%|█▋        | 2/12 [00:04<00:20,  2.02s/it][A
 25%|██▌       | 3/12 [00:08<00:25,  2.84s/it][A
 33%|███▎      | 4/12 [00:11<00:26,  3.26s/it][A
 42%|████▏     | 5/12 [00:15<00:24,  3.49s/it][A
 50%|█████     | 6/12 [00:20<00:22,  3.69s/it][A
 58%|█████▊    | 7/12 [00:23<00:18,  3.78s/it][A
 67%|██████▋   | 8/12 [00:28<00:15,  3.88s/it][A
 75%|███████▌  | 9/12 [00:32<00:11,  3.91s/it][A
 83%|████████▎ | 10/12 [00:36<00:07,  3.94s/it][A
 92%|█████████▏| 11/12 [00:40<00:03,  3.99s/it][A
100%|██████████| 12/12 [00:41<00:00,  3.18s/it][A
                                               [A                                                   
100%|██████████| 12/12 [00:41<00:00,  3.18s/it][A 33%|███▎      | 172/516 [39:32<1:09:52, 12.19s/it]
                                               [A{'eval_loss': 1.382591962814331, 'eval_accuracy': 0.26880222841225626, 'eval_runtime': 49.1169, 'eval_samples_per_second': 58.473, 'eval_steps_per_second': 0.244, 'epoch': 1.0}
/home/tiger/.local/lib/python3.11/site-packages/torch/nn/parallel/_functions.py:70: UserWarning: Was asked to gather along dimension 0, but all input tensors were scalars; will instead unsqueeze and return a vector.
  warnings.warn(

  0%|          | 0/12 [00:00<?, ?it/s][A
 17%|█▋        | 2/12 [00:03<00:19,  1.98s/it][A
 25%|██▌       | 3/12 [00:08<00:25,  2.86s/it][A
 33%|███▎      | 4/12 [00:12<00:26,  3.27s/it][A
 42%|████▏     | 5/12 [00:16<00:25,  3.58s/it][A
 50%|█████     | 6/12 [00:20<00:22,  3.73s/it][A
 58%|█████▊    | 7/12 [00:24<00:18,  3.77s/it][A
 67%|██████▋   | 8/12 [00:28<00:15,  3.85s/it][A
 75%|███████▌  | 9/12 [00:32<00:11,  3.92s/it][A
 83%|████████▎ | 10/12 [00:36<00:07,  3.92s/it][A
 92%|█████████▏| 11/12 [00:40<00:03,  3.96s/it][A
100%|██████████| 12/12 [00:41<00:00,  3.16s/it][A
                                               [A/home/tiger/.local/lib/python3.11/site-packages/torch/nn/parallel/_functions.py:70: UserWarning: Was asked to gather along dimension 0, but all input tensors were scalars; will instead unsqueeze and return a vector.
  warnings.warn(
 34%|███▎      | 173/516 [40:38<4:06:07, 43.05s/it] 34%|███▎      | 174/516 [40:52<3:15:27, 34.29s/it] 34%|███▍      | 175/516 [41:05<2:39:34, 28.08s/it] 34%|███▍      | 176/516 [41:19<2:14:20, 23.71s/it] 34%|███▍      | 177/516 [41:32<1:56:51, 20.68s/it] 34%|███▍      | 178/516 [41:46<1:44:16, 18.51s/it] 35%|███▍      | 179/516 [41:59<1:35:43, 17.04s/it] 35%|███▍      | 180/516 [42:13<1:29:08, 15.92s/it]                                                    35%|███▍      | 180/516 [42:13<1:29:08, 15.92s/it] 35%|███▌      | 181/516 [42:26<1:25:01, 15.23s/it] 35%|███▌      | 182/516 [42:40<1:21:46, 14.69s/it] 35%|███▌      | 183/516 [42:53<1:19:29, 14.32s/it] 36%|███▌      | 184/516 [43:07<1:18:05, 14.11s/it] 36%|███▌      | 185/516 [43:20<1:17:03, 13.97s/it] 36%|███▌      | 186/516 [43:34<1:15:52, 13.80s/it] 36%|███▌      | 187/516 [43:48<1:15:23, 13.75s/it] 36%|███▋      | 188/516 [44:01<1:14:40, 13.66s/it] 37%|███▋      | 189/516 [44:15<1:14:15, 13.63s/it] 37%|███▋      | 190/516 [44:28<1:14:11, 13.65s/it]                                                    37%|███▋      | 190/516 [44:28<1:14:11, 13.65s/it] 37%|███▋      | 191/516 [44:42<1:13:48, 13.63s/it] 37%|███▋      | 192/516 [44:55<1:13:24, 13.59s/it] 37%|███▋      | 193/516 [45:09<1:13:01, 13.57s/it] 38%|███▊      | 194/516 [45:22<1:12:40, 13.54s/it] 38%|███▊      | 195/516 [45:36<1:12:07, 13.48s/it] 38%|███▊      | 196/516 [45:49<1:11:54, 13.48s/it] 38%|███▊      | 197/516 [46:03<1:11:54, 13.52s/it] 38%|███▊      | 198/516 [46:16<1:11:16, 13.45s/it] 39%|███▊      | 199/516 [46:30<1:11:17, 13.49s/it] 39%|███▉      | 200/516 [46:43<1:11:12, 13.52s/it]                                                    39%|███▉      | 200/516 [46:43<1:11:12, 13.52s/it] 39%|███▉      | 201/516 [46:57<1:10:52, 13.50s/it] 39%|███▉      | 202/516 [47:10<1:10:23, 13.45s/it] 39%|███▉      | 203/516 [47:24<1:10:42, 13.55s/it] 40%|███▉      | 204/516 [47:37<1:10:05, 13.48s/it] 40%|███▉      | 205/516 [47:51<1:09:58, 13.50s/it] 40%|███▉      | 206/516 [48:04<1:09:40, 13.49s/it] 40%|████      | 207/516 [48:18<1:09:47, 13.55s/it] 40%|████      | 208/516 [48:31<1:09:27, 13.53s/it] 41%|████      | 209/516 [48:45<1:09:00, 13.49s/it] 41%|████      | 210/516 [48:58<1:08:49, 13.49s/it]                                                    41%|████      | 210/516 [48:58<1:08:49, 13.49s/it] 41%|████      | 211/516 [49:12<1:08:50, 13.54s/it] 41%|████      | 212/516 [49:25<1:08:26, 13.51s/it] 41%|████▏     | 213/516 [49:39<1:07:54, 13.45s/it] 41%|████▏     | 214/516 [49:52<1:07:40, 13.44s/it] 42%|████▏     | 215/516 [50:05<1:07:29, 13.45s/it] 42%|████▏     | 216/516 [50:19<1:07:22, 13.47s/it] 42%|████▏     | 217/516 [50:33<1:07:32, 13.55s/it] 42%|████▏     | 218/516 [50:46<1:07:10, 13.52s/it] 42%|████▏     | 219/516 [51:00<1:07:11, 13.57s/it] 43%|████▎     | 220/516 [51:13<1:06:33, 13.49s/it]                                                    43%|████▎     | 220/516 [51:13<1:06:33, 13.49s/it] 43%|████▎     | 221/516 [51:27<1:06:46, 13.58s/it] 43%|████▎     | 222/516 [51:40<1:06:21, 13.54s/it] 43%|████▎     | 223/516 [51:54<1:06:02, 13.52s/it] 43%|████▎     | 224/516 [52:07<1:05:50, 13.53s/it] 44%|████▎     | 225/516 [52:21<1:05:35, 13.53s/it] 44%|████▍     | 226/516 [52:34<1:05:13, 13.50s/it] 44%|████▍     | 227/516 [52:48<1:05:00, 13.50s/it] 44%|████▍     | 228/516 [53:02<1:05:05, 13.56s/it] 44%|████▍     | 229/516 [53:15<1:04:43, 13.53s/it] 45%|████▍     | 230/516 [53:29<1:04:32, 13.54s/it]                                                    45%|████▍     | 230/516 [53:29<1:04:32, 13.54s/it] 45%|████▍     | 231/516 [53:42<1:04:25, 13.56s/it] 45%|████▍     | 232/516 [53:56<1:03:57, 13.51s/it] 45%|████▌     | 233/516 [54:09<1:03:30, 13.47s/it] 45%|████▌     | 234/516 [54:23<1:03:33, 13.52s/it] 46%|████▌     | 235/516 [54:36<1:03:14, 13.50s/it] 46%|████▌     | 236/516 [54:50<1:03:04, 13.52s/it] 46%|████▌     | 237/516 [55:03<1:02:47, 13.50s/it] 46%|████▌     | 238/516 [55:17<1:02:35, 13.51s/it] 46%|████▋     | 239/516 [55:30<1:02:21, 13.51s/it] 47%|████▋     | 240/516 [55:44<1:02:01, 13.48s/it]                                                    47%|████▋     | 240/516 [55:44<1:02:01, 13.48s/it] 47%|████▋     | 241/516 [55:57<1:02:00, 13.53s/it] 47%|████▋     | 242/516 [56:11<1:01:34, 13.48s/it] 47%|████▋     | 243/516 [56:24<1:01:14, 13.46s/it] 47%|████▋     | 244/516 [56:37<1:00:46, 13.41s/it] 47%|████▋     | 245/516 [56:51<1:00:53, 13.48s/it] 48%|████▊     | 246/516 [57:04<1:00:35, 13.47s/it] 48%|████▊     | 247/516 [57:18<1:00:24, 13.48s/it] 48%|████▊     | 248/516 [57:32<1:00:27, 13.54s/it] 48%|████▊     | 249/516 [57:45<1:00:06, 13.51s/it] 48%|████▊     | 250/516 [57:58<59:50, 13.50s/it]                                                    48%|████▊     | 250/516 [57:58<59:50, 13.50s/it] 49%|████▊     | 251/516 [58:12<59:42, 13.52s/it] 49%|████▉     | 252/516 [58:26<59:36, 13.55s/it] 49%|████▉     | 253/516 [58:39<59:15, 13.52s/it] 49%|████▉     | 254/516 [58:53<59:09, 13.55s/it] 49%|████▉     | 255/516 [59:06<58:45, 13.51s/it] 50%|████▉     | 256/516 [59:20<58:29, 13.50s/it] 50%|████▉     | 257/516 [59:33<58:35, 13.57s/it] 50%|█████     | 258/516 [59:47<58:10, 13.53s/it] 50%|█████     | 259/516 [1:00:00<58:01, 13.55s/it] 50%|█████     | 260/516 [1:00:14<57:42, 13.53s/it]                                                    50%|█████     | 260/516 [1:00:14<57:42, 13.53s/it] 51%|█████     | 261/516 [1:00:27<57:37, 13.56s/it] 51%|█████     | 262/516 [1:00:41<57:30, 13.58s/it] 51%|█████     | 263/516 [1:00:55<57:23, 13.61s/it] 51%|█████     | 264/516 [1:01:08<56:59, 13.57s/it] 51%|█████▏    | 265/516 [1:01:22<56:32, 13.51s/it] 52%|█████▏    | 266/516 [1:01:35<55:56, 13.43s/it] 52%|█████▏    | 267/516 [1:01:48<55:37, 13.40s/it] 52%|█████▏    | 268/516 [1:02:02<55:34, 13.44s/it] 52%|█████▏    | 269/516 [1:02:15<55:13, 13.41s/it] 52%|█████▏    | 270/516 [1:02:29<55:07, 13.44s/it]                                                    52%|█████▏    | 270/516 [1:02:29<55:07, 13.44s/it] 53%|█████▎    | 271/516 [1:02:42<55:07, 13.50s/it] 53%|█████▎    | 272/516 [1:02:56<54:50, 13.49s/it] 53%|█████▎    | 273/516 [1:03:09<54:19, 13.41s/it] 53%|█████▎    | 274/516 [1:03:23<54:21, 13.48s/it] 53%|█████▎    | 275/516 [1:03:36<54:03, 13.46s/it] 53%|█████▎    | 276/516 [1:03:49<53:46, 13.45s/it] 54%|█████▎    | 277/516 [1:04:03<53:43, 13.49s/it] 54%|█████▍    | 278/516 [1:04:17<53:32, 13.50s/it] 54%|█████▍    | 279/516 [1:04:30<53:19, 13.50s/it] 54%|█████▍    | 280/516 [1:04:44<53:05, 13.50s/it]                                                    54%|█████▍    | 280/516 [1:04:44<53:05, 13.50s/it] 54%|█████▍    | 281/516 [1:04:57<52:56, 13.52s/it] 55%|█████▍    | 282/516 [1:05:10<52:36, 13.49s/it] 55%|█████▍    | 283/516 [1:05:24<52:20, 13.48s/it] 55%|█████▌    | 284/516 [1:05:37<52:08, 13.49s/it] 55%|█████▌    | 285/516 [1:05:51<52:07, 13.54s/it] 55%|█████▌    | 286/516 [1:06:05<51:48, 13.52s/it] 56%|█████▌    | 287/516 [1:06:18<51:45, 13.56s/it] 56%|█████▌    | 288/516 [1:06:32<51:25, 13.53s/it] 56%|█████▌    | 289/516 [1:06:45<51:06, 13.51s/it] 56%|█████▌    | 290/516 [1:06:59<51:00, 13.54s/it]                                                    56%|█████▌    | 290/516 [1:06:59<51:00, 13.54s/it] 56%|█████▋    | 291/516 [1:07:12<50:33, 13.48s/it] 57%|█████▋    | 292/516 [1:07:26<50:19, 13.48s/it] 57%|█████▋    | 293/516 [1:07:39<50:04, 13.47s/it] 57%|█████▋    | 294/516 [1:07:53<49:50, 13.47s/it] 57%|█████▋    | 295/516 [1:08:06<49:35, 13.46s/it] 57%|█████▋    | 296/516 [1:08:19<49:19, 13.45s/it] 58%|█████▊    | 297/516 [1:08:33<49:17, 13.50s/it] 58%|█████▊    | 298/516 [1:08:46<48:53, 13.46s/it] 58%|█████▊    | 299/516 [1:09:00<48:41, 13.47s/it] 58%|█████▊    | 300/516 [1:09:14<48:48, 13.56s/it]                                                    58%|█████▊    | 300/516 [1:09:14<48:48, 13.56s/it] 58%|█████▊    | 301/516 [1:09:27<48:32, 13.54s/it] 59%|█████▊    | 302/516 [1:09:41<48:20, 13.55s/it] 59%|█████▊    | 303/516 [1:09:54<48:08, 13.56s/it] 59%|█████▉    | 304/516 [1:10:08<47:54, 13.56s/it] 59%|█████▉    | 305/516 [1:10:21<47:43, 13.57s/it] 59%|█████▉    | 306/516 [1:10:35<47:25, 13.55s/it] 59%|█████▉    | 307/516 [1:10:49<47:20, 13.59s/it] 60%|█████▉    | 308/516 [1:11:02<47:03, 13.57s/it] 60%|█████▉    | 309/516 [1:11:16<46:44, 13.55s/it] 60%|██████    | 310/516 [1:11:29<46:36, 13.57s/it]                                                    60%|██████    | 310/516 [1:11:29<46:36, 13.57s/it] 60%|██████    | 311/516 [1:11:43<46:23, 13.58s/it] 60%|██████    | 312/516 [1:11:56<46:11, 13.58s/it] 61%|██████    | 313/516 [1:12:10<45:38, 13.49s/it] 61%|██████    | 314/516 [1:12:23<45:22, 13.48s/it] 61%|██████    | 315/516 [1:12:37<45:01, 13.44s/it] 61%|██████    | 316/516 [1:12:50<44:51, 13.46s/it] 61%|██████▏   | 317/516 [1:13:03<44:36, 13.45s/it] 62%|██████▏   | 318/516 [1:13:17<44:33, 13.50s/it] 62%|██████▏   | 319/516 [1:13:31<44:19, 13.50s/it] 62%|██████▏   | 320/516 [1:13:44<44:04, 13.49s/it]                                                    62%|██████▏   | 320/516 [1:13:44<44:04, 13.49s/it] 62%|██████▏   | 321/516 [1:13:58<44:01, 13.55s/it] 62%|██████▏   | 322/516 [1:14:11<43:37, 13.49s/it] 63%|██████▎   | 323/516 [1:14:25<43:23, 13.49s/it] 63%|██████▎   | 324/516 [1:14:38<43:12, 13.50s/it] 63%|██████▎   | 325/516 [1:14:52<42:56, 13.49s/it] 63%|██████▎   | 326/516 [1:15:05<42:29, 13.42s/it] 63%|██████▎   | 327/516 [1:15:18<42:26, 13.48s/it] 64%|██████▎   | 328/516 [1:15:32<42:09, 13.46s/it] 64%|██████▍   | 329/516 [1:15:45<41:55, 13.45s/it] 64%|██████▍   | 330/516 [1:15:59<41:47, 13.48s/it]                                                    64%|██████▍   | 330/516 [1:15:59<41:47, 13.48s/it] 64%|██████▍   | 331/516 [1:16:12<41:35, 13.49s/it] 64%|██████▍   | 332/516 [1:16:26<41:27, 13.52s/it] 65%|██████▍   | 333/516 [1:16:39<41:04, 13.47s/it] 65%|██████▍   | 334/516 [1:16:53<40:51, 13.47s/it] 65%|██████▍   | 335/516 [1:17:06<40:33, 13.45s/it] 65%|██████▌   | 336/516 [1:17:20<40:21, 13.45s/it] 65%|██████▌   | 337/516 [1:17:33<40:14, 13.49s/it] 66%|██████▌   | 338/516 [1:17:47<40:06, 13.52s/it] 66%|██████▌   | 339/516 [1:18:00<39:49, 13.50s/it] 66%|██████▌   | 340/516 [1:18:14<39:27, 13.45s/it]                                                    66%|██████▌   | 340/516 [1:18:14<39:27, 13.45s/it] 66%|██████▌   | 341/516 [1:18:27<39:32, 13.56s/it] 66%|██████▋   | 342/516 [1:18:41<39:09, 13.51s/it] 66%|██████▋   | 343/516 [1:18:54<38:53, 13.49s/it] 67%|██████▋   | 344/516 [1:19:03<34:49, 12.15s/it]{'loss': 1.3782, 'grad_norm': 0.39671143889427185, 'learning_rate': 2.1788793103448278e-05, 'epoch': 1.05}
{'loss': 1.3861, 'grad_norm': 0.4498351514339447, 'learning_rate': 2.1142241379310347e-05, 'epoch': 1.1}
{'loss': 1.3855, 'grad_norm': 0.5429604053497314, 'learning_rate': 2.0495689655172416e-05, 'epoch': 1.16}
{'loss': 1.3826, 'grad_norm': 0.4479685127735138, 'learning_rate': 1.9849137931034483e-05, 'epoch': 1.22}
{'loss': 1.3845, 'grad_norm': 0.2649579346179962, 'learning_rate': 1.9202586206896552e-05, 'epoch': 1.28}
{'loss': 1.3835, 'grad_norm': 0.37564927339553833, 'learning_rate': 1.855603448275862e-05, 'epoch': 1.34}
{'loss': 1.3855, 'grad_norm': 0.3946642279624939, 'learning_rate': 1.7909482758620688e-05, 'epoch': 1.4}
{'loss': 1.3836, 'grad_norm': 0.34264999628067017, 'learning_rate': 1.726293103448276e-05, 'epoch': 1.45}
{'loss': 1.3862, 'grad_norm': 0.3719210922718048, 'learning_rate': 1.661637931034483e-05, 'epoch': 1.51}
{'loss': 1.3839, 'grad_norm': 0.28733137249946594, 'learning_rate': 1.5969827586206896e-05, 'epoch': 1.57}
{'loss': 1.3838, 'grad_norm': 0.5766962766647339, 'learning_rate': 1.5323275862068966e-05, 'epoch': 1.63}
{'loss': 1.3849, 'grad_norm': 0.3177441358566284, 'learning_rate': 1.4676724137931035e-05, 'epoch': 1.69}
{'loss': 1.3839, 'grad_norm': 0.5866323709487915, 'learning_rate': 1.4030172413793103e-05, 'epoch': 1.75}
{'loss': 1.3828, 'grad_norm': 0.24153700470924377, 'learning_rate': 1.3383620689655174e-05, 'epoch': 1.8}
{'loss': 1.3805, 'grad_norm': 0.38946956396102905, 'learning_rate': 1.2737068965517242e-05, 'epoch': 1.86}
{'loss': 1.3835, 'grad_norm': 0.5065632462501526, 'learning_rate': 1.209051724137931e-05, 'epoch': 1.92}
{'loss': 1.3835, 'grad_norm': 0.3641016185283661, 'learning_rate': 1.1443965517241381e-05, 'epoch': 1.98}

  0%|          | 0/12 [00:00<?, ?it/s][A
 17%|█▋        | 2/12 [00:04<00:20,  2.07s/it][A
 25%|██▌       | 3/12 [00:08<00:25,  2.82s/it][A
 33%|███▎      | 4/12 [00:11<00:25,  3.22s/it][A
 42%|████▏     | 5/12 [00:15<00:24,  3.45s/it][A
 50%|█████     | 6/12 [00:19<00:21,  3.59s/it][A
 58%|█████▊    | 7/12 [00:23<00:18,  3.77s/it][A
 67%|██████▋   | 8/12 [00:27<00:15,  3.84s/it][A
 75%|███████▌  | 9/12 [00:31<00:11,  3.84s/it][A
 83%|████████▎ | 10/12 [00:35<00:07,  3.89s/it][A
 92%|█████████▏| 11/12 [00:39<00:03,  3.90s/it][A
100%|██████████| 12/12 [00:40<00:00,  3.13s/it][A
                                               [A                                                   
100%|██████████| 12/12 [00:40<00:00,  3.13s/it][A 67%|██████▋   | 344/516 [1:19:52<34:49, 12.15s/it]
                                               [A{'eval_loss': 1.3808692693710327, 'eval_accuracy': 0.2757660167130919, 'eval_runtime': 48.5489, 'eval_samples_per_second': 59.157, 'eval_steps_per_second': 0.247, 'epoch': 2.0}
/home/tiger/.local/lib/python3.11/site-packages/torch/nn/parallel/_functions.py:70: UserWarning: Was asked to gather along dimension 0, but all input tensors were scalars; will instead unsqueeze and return a vector.
  warnings.warn(

  0%|          | 0/12 [00:00<?, ?it/s][A
 17%|█▋        | 2/12 [00:04<00:20,  2.06s/it][A
 25%|██▌       | 3/12 [00:07<00:25,  2.81s/it][A
 33%|███▎      | 4/12 [00:11<00:26,  3.25s/it][A
 42%|████▏     | 5/12 [00:15<00:24,  3.50s/it][A
 50%|█████     | 6/12 [00:20<00:22,  3.69s/it][A
 58%|█████▊    | 7/12 [00:24<00:19,  3.86s/it][A
 67%|██████▋   | 8/12 [00:28<00:15,  3.91s/it][A
 75%|███████▌  | 9/12 [00:32<00:11,  3.86s/it][A
 83%|████████▎ | 10/12 [00:35<00:07,  3.90s/it][A
 92%|█████████▏| 11/12 [00:39<00:03,  3.92s/it][A
100%|██████████| 12/12 [00:41<00:00,  3.12s/it][A
                                               [A/home/tiger/.local/lib/python3.11/site-packages/torch/nn/parallel/_functions.py:70: UserWarning: Was asked to gather along dimension 0, but all input tensors were scalars; will instead unsqueeze and return a vector.
  warnings.warn(
 67%|██████▋   | 345/516 [1:20:58<2:02:10, 42.87s/it] 67%|██████▋   | 346/516 [1:21:11<1:36:26, 34.04s/it] 67%|██████▋   | 347/516 [1:21:25<1:18:27, 27.86s/it] 67%|██████▋   | 348/516 [1:21:38<1:05:48, 23.50s/it] 68%|██████▊   | 349/516 [1:21:52<57:13, 20.56s/it]   68%|██████▊   | 350/516 [1:22:05<50:57, 18.42s/it]                                                    68%|██████▊   | 350/516 [1:22:05<50:57, 18.42s/it] 68%|██████▊   | 351/516 [1:22:19<46:37, 16.95s/it] 68%|██████▊   | 352/516 [1:22:32<43:40, 15.98s/it] 68%|██████▊   | 353/516 [1:22:46<41:14, 15.18s/it] 69%|██████▊   | 354/516 [1:22:59<39:35, 14.67s/it] 69%|██████▉   | 355/516 [1:23:13<38:26, 14.33s/it] 69%|██████▉   | 356/516 [1:23:26<37:34, 14.09s/it] 69%|██████▉   | 357/516 [1:23:40<36:44, 13.87s/it] 69%|██████▉   | 358/516 [1:23:53<36:11, 13.74s/it] 70%|██████▉   | 359/516 [1:24:07<35:46, 13.67s/it] 70%|██████▉   | 360/516 [1:24:20<35:23, 13.61s/it]                                                    70%|██████▉   | 360/516 [1:24:20<35:23, 13.61s/it] 70%|██████▉   | 361/516 [1:24:33<35:03, 13.57s/it] 70%|███████   | 362/516 [1:24:47<34:45, 13.54s/it] 70%|███████   | 363/516 [1:25:01<34:37, 13.58s/it] 71%|███████   | 364/516 [1:25:14<34:18, 13.54s/it] 71%|███████   | 365/516 [1:25:28<34:17, 13.63s/it] 71%|███████   | 366/516 [1:25:41<33:57, 13.58s/it] 71%|███████   | 367/516 [1:25:55<33:40, 13.56s/it] 71%|███████▏  | 368/516 [1:26:08<33:17, 13.50s/it] 72%|███████▏  | 369/516 [1:26:22<33:09, 13.54s/it] 72%|███████▏  | 370/516 [1:26:35<32:50, 13.50s/it]                                                    72%|███████▏  | 370/516 [1:26:35<32:50, 13.50s/it] 72%|███████▏  | 371/516 [1:26:49<32:34, 13.48s/it] 72%|███████▏  | 372/516 [1:27:02<32:29, 13.54s/it] 72%|███████▏  | 373/516 [1:27:16<32:20, 13.57s/it] 72%|███████▏  | 374/516 [1:27:30<32:09, 13.59s/it] 73%|███████▎  | 375/516 [1:27:43<31:55, 13.59s/it] 73%|███████▎  | 376/516 [1:27:57<31:38, 13.56s/it] 73%|███████▎  | 377/516 [1:28:10<31:18, 13.52s/it] 73%|███████▎  | 378/516 [1:28:24<31:11, 13.56s/it] 73%|███████▎  | 379/516 [1:28:37<30:53, 13.53s/it] 74%|███████▎  | 380/516 [1:28:51<30:44, 13.56s/it]                                                    74%|███████▎  | 380/516 [1:28:51<30:44, 13.56s/it] 74%|███████▍  | 381/516 [1:29:05<30:36, 13.61s/it] 74%|███████▍  | 382/516 [1:29:18<30:17, 13.56s/it] 74%|███████▍  | 383/516 [1:29:31<29:53, 13.49s/it] 74%|███████▍  | 384/516 [1:29:45<29:41, 13.50s/it] 75%|███████▍  | 385/516 [1:29:58<29:23, 13.46s/it] 75%|███████▍  | 386/516 [1:30:12<29:04, 13.42s/it] 75%|███████▌  | 387/516 [1:30:25<28:56, 13.46s/it] 75%|███████▌  | 388/516 [1:30:39<28:43, 13.46s/it] 75%|███████▌  | 389/516 [1:30:52<28:30, 13.46s/it] 76%|███████▌  | 390/516 [1:31:05<28:13, 13.44s/it]                                                    76%|███████▌  | 390/516 [1:31:05<28:13, 13.44s/it] 76%|███████▌  | 391/516 [1:31:19<27:58, 13.43s/it] 76%|███████▌  | 392/516 [1:31:32<27:46, 13.44s/it] 76%|███████▌  | 393/516 [1:31:46<27:29, 13.41s/it] 76%|███████▋  | 394/516 [1:31:59<27:26, 13.50s/it] 77%|███████▋  | 395/516 [1:32:13<27:06, 13.44s/it] 77%|███████▋  | 396/516 [1:32:26<26:58, 13.48s/it] 77%|███████▋  | 397/516 [1:32:40<26:47, 13.51s/it] 77%|███████▋  | 398/516 [1:32:53<26:31, 13.49s/it] 77%|███████▋  | 399/516 [1:33:07<26:21, 13.52s/it] 78%|███████▊  | 400/516 [1:33:20<26:05, 13.50s/it]                                                    78%|███████▊  | 400/516 [1:33:20<26:05, 13.50s/it] 78%|███████▊  | 401/516 [1:33:34<25:53, 13.51s/it] 78%|███████▊  | 402/516 [1:33:47<25:38, 13.50s/it] 78%|███████▊  | 403/516 [1:34:01<25:23, 13.48s/it] 78%|███████▊  | 404/516 [1:34:14<25:14, 13.52s/it] 78%|███████▊  | 405/516 [1:34:28<25:00, 13.52s/it] 79%|███████▊  | 406/516 [1:34:41<24:43, 13.49s/it] 79%|███████▉  | 407/516 [1:34:55<24:31, 13.50s/it] 79%|███████▉  | 408/516 [1:35:08<24:17, 13.49s/it] 79%|███████▉  | 409/516 [1:35:22<24:01, 13.48s/it] 79%|███████▉  | 410/516 [1:35:35<23:44, 13.44s/it]                                                    79%|███████▉  | 410/516 [1:35:35<23:44, 13.44s/it] 80%|███████▉  | 411/516 [1:35:49<23:39, 13.52s/it] 80%|███████▉  | 412/516 [1:36:02<23:20, 13.47s/it] 80%|████████  | 413/516 [1:36:15<23:01, 13.42s/it] 80%|████████  | 414/516 [1:36:29<22:56, 13.50s/it] 80%|████████  | 415/516 [1:36:42<22:38, 13.45s/it] 81%|████████  | 416/516 [1:36:56<22:27, 13.48s/it] 81%|████████  | 417/516 [1:37:09<22:13, 13.47s/it] 81%|████████  | 418/516 [1:37:23<21:57, 13.44s/it] 81%|████████  | 419/516 [1:37:36<21:44, 13.45s/it] 81%|████████▏ | 420/516 [1:37:50<21:30, 13.45s/it]                                                    81%|████████▏ | 420/516 [1:37:50<21:30, 13.45s/it] 82%|████████▏ | 421/516 [1:38:03<21:19, 13.47s/it] 82%|████████▏ | 422/516 [1:38:17<21:04, 13.45s/it] 82%|████████▏ | 423/516 [1:38:30<20:50, 13.44s/it] 82%|████████▏ | 424/516 [1:38:44<20:41, 13.49s/it] 82%|████████▏ | 425/516 [1:38:57<20:28, 13.50s/it] 83%|████████▎ | 426/516 [1:39:11<20:12, 13.47s/it] 83%|████████▎ | 427/516 [1:39:24<19:57, 13.46s/it] 83%|████████▎ | 428/516 [1:39:37<19:43, 13.44s/it] 83%|████████▎ | 429/516 [1:39:51<19:29, 13.44s/it] 83%|████████▎ | 430/516 [1:40:04<19:13, 13.42s/it]                                                    83%|████████▎ | 430/516 [1:40:04<19:13, 13.42s/it] 84%|████████▎ | 431/516 [1:40:18<19:08, 13.52s/it] 84%|████████▎ | 432/516 [1:40:31<18:49, 13.45s/it] 84%|████████▍ | 433/516 [1:40:45<18:32, 13.41s/it] 84%|████████▍ | 434/516 [1:40:58<18:20, 13.42s/it] 84%|████████▍ | 435/516 [1:41:12<18:08, 13.44s/it] 84%|████████▍ | 436/516 [1:41:25<17:56, 13.46s/it] 85%|████████▍ | 437/516 [1:41:38<17:38, 13.40s/it] 85%|████████▍ | 438/516 [1:41:52<17:29, 13.45s/it] 85%|████████▌ | 439/516 [1:42:05<17:16, 13.47s/it] 85%|████████▌ | 440/516 [1:42:19<17:04, 13.48s/it]                                                    85%|████████▌ | 440/516 [1:42:19<17:04, 13.48s/it] 85%|████████▌ | 441/516 [1:42:33<16:54, 13.52s/it] 86%|████████▌ | 442/516 [1:42:46<16:35, 13.45s/it] 86%|████████▌ | 443/516 [1:42:59<16:21, 13.45s/it] 86%|████████▌ | 444/516 [1:43:13<16:09, 13.47s/it] 86%|████████▌ | 445/516 [1:43:26<15:57, 13.48s/it] 86%|████████▋ | 446/516 [1:43:40<15:42, 13.46s/it] 87%|████████▋ | 447/516 [1:43:53<15:31, 13.49s/it] 87%|████████▋ | 448/516 [1:44:07<15:18, 13.51s/it] 87%|████████▋ | 449/516 [1:44:20<15:05, 13.51s/it] 87%|████████▋ | 450/516 [1:44:34<14:49, 13.47s/it]                                                    87%|████████▋ | 450/516 [1:44:34<14:49, 13.47s/it] 87%|████████▋ | 451/516 [1:44:47<14:35, 13.47s/it] 88%|████████▊ | 452/516 [1:45:01<14:20, 13.45s/it] 88%|████████▊ | 453/516 [1:45:14<14:08, 13.47s/it] 88%|████████▊ | 454/516 [1:45:28<13:57, 13.51s/it] 88%|████████▊ | 455/516 [1:45:41<13:42, 13.49s/it] 88%|████████▊ | 456/516 [1:45:55<13:28, 13.47s/it] 89%|████████▊ | 457/516 [1:46:08<13:18, 13.54s/it] 89%|████████▉ | 458/516 [1:46:22<13:03, 13.50s/it] 89%|████████▉ | 459/516 [1:46:35<12:47, 13.46s/it] 89%|████████▉ | 460/516 [1:46:49<12:34, 13.47s/it]                                                    89%|████████▉ | 460/516 [1:46:49<12:34, 13.47s/it] 89%|████████▉ | 461/516 [1:47:02<12:24, 13.54s/it] 90%|████████▉ | 462/516 [1:47:16<12:06, 13.46s/it] 90%|████████▉ | 463/516 [1:47:29<11:53, 13.46s/it] 90%|████████▉ | 464/516 [1:47:43<11:41, 13.48s/it] 90%|█████████ | 465/516 [1:47:56<11:30, 13.53s/it] 90%|█████████ | 466/516 [1:48:10<11:13, 13.47s/it] 91%|█████████ | 467/516 [1:48:23<10:59, 13.46s/it] 91%|█████████ | 468/516 [1:48:36<10:45, 13.45s/it] 91%|█████████ | 469/516 [1:48:50<10:32, 13.46s/it] 91%|█████████ | 470/516 [1:49:04<10:22, 13.54s/it]                                                    91%|█████████ | 470/516 [1:49:04<10:22, 13.54s/it] 91%|█████████▏| 471/516 [1:49:17<10:07, 13.49s/it] 91%|█████████▏| 472/516 [1:49:30<09:53, 13.48s/it] 92%|█████████▏| 473/516 [1:49:44<09:42, 13.54s/it] 92%|█████████▏| 474/516 [1:49:58<09:28, 13.53s/it] 92%|█████████▏| 475/516 [1:50:11<09:13, 13.51s/it] 92%|█████████▏| 476/516 [1:50:25<09:01, 13.53s/it] 92%|█████████▏| 477/516 [1:50:38<08:47, 13.52s/it] 93%|█████████▎| 478/516 [1:50:52<08:32, 13.50s/it] 93%|█████████▎| 479/516 [1:51:05<08:17, 13.44s/it] 93%|█████████▎| 480/516 [1:51:19<08:05, 13.50s/it]                                                    93%|█████████▎| 480/516 [1:51:19<08:05, 13.50s/it] 93%|█████████▎| 481/516 [1:51:32<07:51, 13.48s/it] 93%|█████████▎| 482/516 [1:51:45<07:37, 13.45s/it] 94%|█████████▎| 483/516 [1:51:59<07:26, 13.53s/it] 94%|█████████▍| 484/516 [1:52:13<07:12, 13.51s/it] 94%|█████████▍| 485/516 [1:52:26<06:57, 13.47s/it] 94%|█████████▍| 486/516 [1:52:39<06:42, 13.43s/it] 94%|█████████▍| 487/516 [1:52:53<06:30, 13.48s/it] 95%|█████████▍| 488/516 [1:53:06<06:16, 13.45s/it] 95%|█████████▍| 489/516 [1:53:20<06:05, 13.53s/it] 95%|█████████▍| 490/516 [1:53:34<05:52, 13.56s/it]                                                    95%|█████████▍| 490/516 [1:53:34<05:52, 13.56s/it] 95%|█████████▌| 491/516 [1:53:47<05:38, 13.55s/it] 95%|█████████▌| 492/516 [1:54:00<05:23, 13.49s/it] 96%|█████████▌| 493/516 [1:54:14<05:10, 13.49s/it] 96%|█████████▌| 494/516 [1:54:28<04:58, 13.58s/it] 96%|█████████▌| 495/516 [1:54:41<04:44, 13.56s/it] 96%|█████████▌| 496/516 [1:54:55<04:29, 13.50s/it] 96%|█████████▋| 497/516 [1:55:08<04:16, 13.49s/it] 97%|█████████▋| 498/516 [1:55:22<04:03, 13.52s/it] 97%|█████████▋| 499/516 [1:55:35<03:48, 13.45s/it] 97%|█████████▋| 500/516 [1:55:49<03:36, 13.51s/it]                                                    97%|█████████▋| 500/516 [1:55:49<03:36, 13.51s/it] 97%|█████████▋| 501/516 [1:56:02<03:22, 13.48s/it] 97%|█████████▋| 502/516 [1:56:15<03:08, 13.43s/it] 97%|█████████▋| 503/516 [1:56:29<02:54, 13.44s/it] 98%|█████████▊| 504/516 [1:56:42<02:41, 13.46s/it] 98%|█████████▊| 505/516 [1:56:56<02:28, 13.46s/it] 98%|█████████▊| 506/516 [1:57:09<02:14, 13.43s/it] 98%|█████████▊| 507/516 [1:57:23<02:01, 13.48s/it] 98%|█████████▊| 508/516 [1:57:36<01:47, 13.45s/it] 99%|█████████▊| 509/516 [1:57:50<01:34, 13.47s/it] 99%|█████████▉| 510/516 [1:58:03<01:21, 13.55s/it]                                                    99%|█████████▉| 510/516 [1:58:03<01:21, 13.55s/it] 99%|█████████▉| 511/516 [1:58:17<01:07, 13.48s/it] 99%|█████████▉| 512/516 [1:58:30<00:53, 13.45s/it] 99%|█████████▉| 513/516 [1:58:43<00:40, 13.46s/it]100%|█████████▉| 514/516 [1:58:57<00:27, 13.53s/it]100%|█████████▉| 515/516 [1:59:11<00:13, 13.51s/it]100%|██████████| 516/516 [1:59:20<00:00, 12.21s/it]{'loss': 1.3801, 'grad_norm': 0.46216437220573425, 'learning_rate': 1.0797413793103449e-05, 'epoch': 2.03}
{'loss': 1.3828, 'grad_norm': 0.7271444201469421, 'learning_rate': 1.0150862068965518e-05, 'epoch': 2.09}
{'loss': 1.3831, 'grad_norm': 0.5198045372962952, 'learning_rate': 9.504310344827586e-06, 'epoch': 2.15}
{'loss': 1.3818, 'grad_norm': 0.5062689185142517, 'learning_rate': 8.857758620689655e-06, 'epoch': 2.21}
{'loss': 1.3809, 'grad_norm': 0.4842012822628021, 'learning_rate': 8.211206896551725e-06, 'epoch': 2.27}
{'loss': 1.3822, 'grad_norm': 0.8181464672088623, 'learning_rate': 7.564655172413793e-06, 'epoch': 2.33}
{'loss': 1.3774, 'grad_norm': 0.5633049011230469, 'learning_rate': 6.918103448275862e-06, 'epoch': 2.38}
{'loss': 1.3778, 'grad_norm': 0.6562725305557251, 'learning_rate': 6.271551724137931e-06, 'epoch': 2.44}
{'loss': 1.3787, 'grad_norm': 0.4213346242904663, 'learning_rate': 5.625e-06, 'epoch': 2.5}
{'loss': 1.377, 'grad_norm': 0.7474817037582397, 'learning_rate': 4.97844827586207e-06, 'epoch': 2.56}
{'loss': 1.3763, 'grad_norm': 0.8747554421424866, 'learning_rate': 4.331896551724138e-06, 'epoch': 2.62}
{'loss': 1.3732, 'grad_norm': 0.7223212122917175, 'learning_rate': 3.6853448275862067e-06, 'epoch': 2.68}
{'loss': 1.3666, 'grad_norm': 1.6370905637741089, 'learning_rate': 3.0387931034482758e-06, 'epoch': 2.73}
{'loss': 1.364, 'grad_norm': 1.3577940464019775, 'learning_rate': 2.3922413793103453e-06, 'epoch': 2.79}
{'loss': 1.3602, 'grad_norm': 1.4796497821807861, 'learning_rate': 1.7456896551724137e-06, 'epoch': 2.85}
{'loss': 1.357, 'grad_norm': 1.3286532163619995, 'learning_rate': 1.0991379310344828e-06, 'epoch': 2.91}
{'loss': 1.3538, 'grad_norm': 1.5215009450912476, 'learning_rate': 4.5258620689655177e-07, 'epoch': 2.97}

  0%|          | 0/12 [00:00<?, ?it/s][A
 17%|█▋        | 2/12 [00:03<00:19,  1.93s/it][A
 25%|██▌       | 3/12 [00:07<00:24,  2.69s/it][A
 33%|███▎      | 4/12 [00:11<00:25,  3.18s/it][A
 42%|████▏     | 5/12 [00:15<00:24,  3.48s/it][A
 50%|█████     | 6/12 [00:19<00:21,  3.66s/it][A
 58%|█████▊    | 7/12 [00:23<00:19,  3.81s/it][A
 67%|██████▋   | 8/12 [00:27<00:15,  3.86s/it][A
 75%|███████▌  | 9/12 [00:31<00:11,  3.95s/it][A
 83%|████████▎ | 10/12 [00:36<00:07,  4.00s/it][A
 92%|█████████▏| 11/12 [00:40<00:03,  4.00s/it][A
100%|██████████| 12/12 [00:41<00:00,  3.18s/it][A
                                               [A                                                   
100%|██████████| 12/12 [00:41<00:00,  3.18s/it][A100%|██████████| 516/516 [2:00:09<00:00, 12.21s/it]
                                               [A{'eval_loss': 1.3499776124954224, 'eval_accuracy': 0.3293871866295265, 'eval_runtime': 49.2155, 'eval_samples_per_second': 58.356, 'eval_steps_per_second': 0.244, 'epoch': 3.0}
/home/tiger/.local/lib/python3.11/site-packages/torch/nn/parallel/_functions.py:70: UserWarning: Was asked to gather along dimension 0, but all input tensors were scalars; will instead unsqueeze and return a vector.
  warnings.warn(

  0%|          | 0/12 [00:00<?, ?it/s][A
 17%|█▋        | 2/12 [00:04<00:20,  2.01s/it][A
 25%|██▌       | 3/12 [00:08<00:25,  2.86s/it][A
 33%|███▎      | 4/12 [00:12<00:26,  3.31s/it][A
 42%|████▏     | 5/12 [00:16<00:24,  3.52s/it][A
 50%|█████     | 6/12 [00:20<00:22,  3.69s/it][A
 58%|█████▊    | 7/12 [00:24<00:19,  3.81s/it][A
 67%|██████▋   | 8/12 [00:28<00:15,  3.88s/it][A
 75%|███████▌  | 9/12 [00:32<00:11,  3.98s/it][A
 83%|████████▎ | 10/12 [00:36<00:08,  4.02s/it][A
 92%|█████████▏| 11/12 [00:40<00:03,  3.99s/it][A
100%|██████████| 12/12 [00:41<00:00,  3.16s/it][A
                                               [A                                                   100%|██████████| 516/516 [2:00:58<00:00, 12.21s/it]100%|██████████| 516/516 [2:00:58<00:00, 14.07s/it]
{'train_runtime': 7258.7231, 'train_samples_per_second': 36.315, 'train_steps_per_second': 0.071, 'train_loss': 1.380391799202261, 'epoch': 3.0}
[OK][TD] 已保存 training dynamics 到: /opt/tiger/DifficultyAlignment/race_trainedmodels_5e-4_e5_256bs/models_longformer-base-4096/training_dynamics_val.csv
[models/longformer-base-4096] 在 val 上评估并导出预测结果...
/home/tiger/.local/lib/python3.11/site-packages/torch/nn/parallel/_functions.py:70: UserWarning: Was asked to gather along dimension 0, but all input tensors were scalars; will instead unsqueeze and return a vector.
  warnings.warn(
  0%|          | 0/12 [00:00<?, ?it/s] 17%|█▋        | 2/12 [00:03<00:19,  1.92s/it] 25%|██▌       | 3/12 [00:07<00:25,  2.78s/it] 33%|███▎      | 4/12 [00:11<00:25,  3.18s/it] 42%|████▏     | 5/12 [00:15<00:24,  3.45s/it] 50%|█████     | 6/12 [00:19<00:21,  3.57s/it] 58%|█████▊    | 7/12 [00:23<00:18,  3.69s/it] 67%|██████▋   | 8/12 [00:27<00:14,  3.74s/it] 75%|███████▌  | 9/12 [00:31<00:11,  3.80s/it] 83%|████████▎ | 10/12 [00:35<00:07,  3.83s/it] 92%|█████████▏| 11/12 [00:39<00:03,  3.88s/it]100%|██████████| 12/12 [00:40<00:00,  3.09s/it]100%|██████████| 12/12 [00:40<00:00,  3.36s/it]
[models/longformer-base-4096] FINAL val accuracy = 0.3294
[models/longformer-base-4096] 已保存 val_predictions.csv -> /opt/tiger/DifficultyAlignment/race_trainedmodels_5e-4_e5_256bs/models_longformer-base-4096/val_predictions.csv
[models/longformer-base-4096] 在 test 上评估并导出预测结果...
/home/tiger/.local/lib/python3.11/site-packages/torch/nn/parallel/_functions.py:70: UserWarning: Was asked to gather along dimension 0, but all input tensors were scalars; will instead unsqueeze and return a vector.
  warnings.warn(
  0%|          | 0/20 [00:00<?, ?it/s] 10%|█         | 2/20 [00:03<00:35,  1.99s/it] 15%|█▌        | 3/20 [00:07<00:47,  2.77s/it] 20%|██        | 4/20 [00:11<00:51,  3.19s/it] 25%|██▌       | 5/20 [00:15<00:51,  3.44s/it] 30%|███       | 6/20 [00:19<00:51,  3.65s/it] 35%|███▌      | 7/20 [00:23<00:48,  3.74s/it] 40%|████      | 8/20 [00:27<00:46,  3.85s/it] 45%|████▌     | 9/20 [00:31<00:42,  3.86s/it] 50%|█████     | 10/20 [00:35<00:38,  3.85s/it] 55%|█████▌    | 11/20 [00:39<00:35,  3.90s/it] 60%|██████    | 12/20 [00:43<00:31,  3.92s/it] 65%|██████▌   | 13/20 [00:47<00:27,  3.99s/it] 70%|███████   | 14/20 [00:51<00:24,  4.03s/it] 75%|███████▌  | 15/20 [00:55<00:20,  4.00s/it] 80%|████████  | 16/20 [00:59<00:16,  4.03s/it] 85%|████████▌ | 17/20 [01:03<00:12,  4.02s/it] 90%|█████████ | 18/20 [01:07<00:07,  3.97s/it] 95%|█████████▌| 19/20 [01:11<00:03,  3.98s/it]100%|██████████| 20/20 [01:13<00:00,  3.24s/it]100%|██████████| 20/20 [01:13<00:00,  3.66s/it]
[models/longformer-base-4096] FINAL test accuracy = 0.3247
[models/longformer-base-4096] 已保存 test_predictions.csv -> /opt/tiger/DifficultyAlignment/race_trainedmodels_5e-4_e5_256bs/models_longformer-base-4096/test_predictions.csv

[OK] 模型准确率汇总已保存到: /opt/tiger/DifficultyAlignment/race_trainedmodels_5e-4_e5_256bs/models_accuracy_summary.csv
                    model_name  val_accuracy  test_accuracy
0  models/bigbird-roberta-base      0.288301       0.276246
1  models/longformer-base-4096      0.329387       0.324686
[OK] 已保存模型验证集准确率柱状图: /opt/tiger/DifficultyAlignment/race_trainedmodels_5e-4_e5_256bs/models_val_accuracy_bar.png

全部完成。接下来：
1）从 models_accuracy_summary.csv 里选一个 val_accuracy 最高的模型；
2）在 race_analyze_views.py 里，把 --bert_pred_dir 换成这个模型目录；
3）继续做 Designer / BERT / LLM 三视角对齐分析。
 collnet channels, 0 nvls channels, 2 p2p channels, 2 p2p channels per peer
dc03-p17-t114-n016:377639:378209 [2] NCCL INFO Connected all trees
dc03-p17-t114-n016:377639:378209 [2] NCCL INFO threadThresholds 8/8/64 | 64/8/64 | 512 | 512
dc03-p17-t114-n016:377639:378209 [2] NCCL INFO 2 coll channels, 2 collnet channels, 0 nvls channels, 2 p2p channels, 2 p2p channels per peer
dc03-p17-t114-n016:377639:378208 [1] NCCL INFO TUNER/Plugin: Most recent plugin load returned 2 : libnccl-net-none.so: cannot open shared object file: No such file or directory. All attempts to load 'libnccl-tuner.so none' also failed.
dc03-p17-t114-n016:377639:378208 [1] NCCL INFO TUNER/Plugin: Using internal tuner plugin.
dc03-p17-t114-n016:377639:378208 [1] NCCL INFO ncclCommInitRank comm 0x225d0b80 rank 1 nranks 8 cudaDev 1 nvmlDev 1 busId 36000 commId 0x4e1dbda729af95a7 - Init COMPLETE
dc03-p17-t114-n016:377639:378214 [7] NCCL INFO ncclCommInitRank comm 0x225fb360 rank 7 nranks 8 cudaDev 7 nvmlDev 7 busId a4000 commId 0x4e1dbda729af95a7 - Init COMPLETE
dc03-p17-t114-n016:377639:378212 [5] NCCL INFO ncclCommInitRank comm 0x225ed0c0 rank 5 nranks 8 cudaDev 5 nvmlDev 5 busId 9d000 commId 0x4e1dbda729af95a7 - Init COMPLETE
dc03-p17-t114-n016:377639:378210 [3] NCCL INFO ncclCommInitRank comm 0x225dee20 rank 3 nranks 8 cudaDev 3 nvmlDev 3 busId 3d000 commId 0x4e1dbda729af95a7 - Init COMPLETE
dc03-p17-t114-n016:377639:378207 [0] NCCL INFO ncclCommInitRank comm 0x225ca930 rank 0 nranks 8 cudaDev 0 nvmlDev 0 busId 35000 commId 0x4e1dbda729af95a7 - Init COMPLETE
dc03-p17-t114-n016:377639:378211 [4] NCCL INFO ncclCommInitRank comm 0x225e5f70 rank 4 nranks 8 cudaDev 4 nvmlDev 4 busId 9c000 commId 0x4e1dbda729af95a7 - Init COMPLETE
dc03-p17-t114-n016:377639:378209 [2] NCCL INFO ncclCommInitRank comm 0x225d7cd0 rank 2 nranks 8 cudaDev 2 nvmlDev 2 busId 39000 commId 0x4e1dbda729af95a7 - Init COMPLETE
dc03-p17-t114-n016:377639:378213 [6] NCCL INFO ncclCommInitRank comm 0x225f4210 rank 6 nranks 8 cudaDev 6 nvmlDev 6 busId a0000 commId 0x4e1dbda729af95a7 - Init COMPLETE
