question_id,epoch,prob_correct,is_correct
middle1271.txt_q4,4.0,0.8922109007835388,1
middle3482.txt_q4,4.0,0.9984230995178223,1
high22442.txt_q0,4.0,0.9876214861869812,1
high3109.txt_q1,4.0,0.9999558925628662,1
middle2997.txt_q4,4.0,0.9999955892562866,1
high16078.txt_q1,4.0,0.9999001026153564,1
middle1189.txt_q2,4.0,0.9999791383743286,1
high13889.txt_q2,4.0,0.8767665028572083,1
middle604.txt_q2,4.0,0.9935473799705505,1
high12294.txt_q1,4.0,0.9999991655349731,1
middle6503.txt_q0,4.0,0.9999889135360718,1
high4358.txt_q0,4.0,0.9999808073043823,1
high7038.txt_q1,4.0,0.9990146160125732,1
middle6862.txt_q0,4.0,0.9999951124191284,1
high12413.txt_q3,4.0,0.9713873863220215,1
middle1284.txt_q0,4.0,0.9999946355819702,1
middle2110.txt_q1,4.0,0.9999994039535522,1
high21378.txt_q1,4.0,0.99928218126297,1
high1836.txt_q1,4.0,0.9890222549438477,1
high7065.txt_q1,4.0,0.9999998807907104,1
middle7993.txt_q0,4.0,0.8876808285713196,1
high6984.txt_q0,4.0,1.0,1
high581.txt_q4,4.0,0.9997099041938782,1
high24087.txt_q2,4.0,0.9995222091674805,1
high19637.txt_q0,4.0,0.9954360127449036,1
high20906.txt_q2,4.0,0.9999986886978149,1
high1605.txt_q2,4.0,0.9999924898147583,1
high1715.txt_q2,4.0,0.999929666519165,1
middle7317.txt_q0,4.0,0.9998127818107605,1
high5479.txt_q2,4.0,0.9996525049209595,1
high20085.txt_q0,4.0,0.9999957084655762,1
high7353.txt_q3,4.0,1.0,1
middle1840.txt_q0,4.0,0.9964053630828857,1
middle3967.txt_q3,4.0,0.9955365657806396,1
high499.txt_q2,4.0,0.9999349117279053,1
high18166.txt_q1,4.0,0.9999970197677612,1
middle4216.txt_q4,4.0,0.9966333508491516,1
middle1052.txt_q1,4.0,0.14428499341011047,0
high6787.txt_q0,4.0,0.9987248778343201,1
high20802.txt_q3,4.0,0.9999856948852539,1
high19248.txt_q2,4.0,0.9999812841415405,1
high11940.txt_q1,4.0,0.9899755120277405,1
middle6900.txt_q1,4.0,0.9999504089355469,1
high21085.txt_q2,4.0,0.9999886751174927,1
high12909.txt_q2,4.0,0.9966842532157898,1
high13871.txt_q1,4.0,1.0,1
high4305.txt_q3,4.0,0.8542266488075256,1
middle5673.txt_q0,4.0,0.8030683398246765,1
high58.txt_q3,4.0,0.9999910593032837,1
high13274.txt_q1,4.0,0.9999995231628418,1
high3555.txt_q2,4.0,0.9996907711029053,1
high16995.txt_q2,4.0,0.9999736547470093,1
high10627.txt_q0,4.0,0.9904856085777283,1
middle6619.txt_q0,4.0,0.9999957084655762,1
high21159.txt_q0,4.0,0.9999967813491821,1
high6630.txt_q0,4.0,0.9999936819076538,1
middle418.txt_q4,4.0,0.9982590079307556,1
high14883.txt_q3,4.0,0.9939436316490173,1
middle4011.txt_q0,4.0,0.9976868629455566,1
high15564.txt_q1,4.0,0.7096832394599915,1
middle3412.txt_q3,4.0,0.9430209398269653,1
high13041.txt_q0,4.0,0.9959436058998108,1
middle7249.txt_q3,4.0,1.0,1
high20563.txt_q1,4.0,0.9999986886978149,1
high14868.txt_q2,4.0,0.9998118281364441,1
high5655.txt_q3,4.0,0.9999603033065796,1
middle5272.txt_q2,4.0,0.9999991655349731,1
high11300.txt_q1,4.0,0.9990084767341614,1
high7152.txt_q0,4.0,0.9999788999557495,1
middle553.txt_q3,4.0,0.9999998807907104,1
high19838.txt_q2,4.0,0.9999895095825195,1
high17585.txt_q0,4.0,0.9996347427368164,1
middle2010.txt_q0,4.0,0.9824727773666382,1
high17327.txt_q2,4.0,0.9980980753898621,1
high1754.txt_q0,4.0,0.999958872795105,1
high12735.txt_q0,4.0,0.9999581575393677,1
high22802.txt_q0,4.0,0.9998478889465332,1
middle2495.txt_q2,4.0,0.47845837473869324,1
middle5001.txt_q2,4.0,0.9992613196372986,1
middle4332.txt_q1,4.0,0.2876390516757965,0
high14892.txt_q2,4.0,0.9999994039535522,1
middle2749.txt_q1,4.0,0.9999984502792358,1
middle3470.txt_q1,4.0,1.0,1
high22095.txt_q2,4.0,0.999993085861206,1
middle2536.txt_q3,4.0,0.9999996423721313,1
high11935.txt_q1,4.0,0.9999938011169434,1
middle5309.txt_q2,4.0,0.3836182951927185,0
middle95.txt_q0,4.0,1.0,1
high4188.txt_q1,4.0,0.989600419998169,1
high14851.txt_q0,4.0,0.9999837875366211,1
middle1732.txt_q0,4.0,0.9461469650268555,1
high286.txt_q1,4.0,0.9994910955429077,1
high3356.txt_q2,4.0,0.9990149736404419,1
high2918.txt_q2,4.0,0.9891231656074524,1
high21982.txt_q1,4.0,0.999998927116394,1
middle3520.txt_q0,4.0,0.9973506927490234,1
middle6498.txt_q4,4.0,0.9999034404754639,1
high18979.txt_q3,4.0,0.9628807902336121,1
middle5676.txt_q2,4.0,0.9363093376159668,1
high10865.txt_q0,4.0,0.9972338080406189,1
high3440.txt_q0,4.0,0.9992330074310303,1
middle4421.txt_q4,4.0,0.9999172687530518,1
high14261.txt_q3,4.0,0.9944407343864441,1
middle2440.txt_q1,4.0,0.982573926448822,1
high15451.txt_q1,4.0,0.9997231364250183,1
high11679.txt_q3,4.0,0.99981290102005,1
high23050.txt_q0,4.0,0.9994196891784668,1
high16535.txt_q1,4.0,0.9999910593032837,1
high14997.txt_q2,4.0,0.8771704435348511,1
high22299.txt_q1,4.0,0.9990880489349365,1
middle5832.txt_q0,4.0,1.0,1
high13812.txt_q1,4.0,0.993471622467041,1
high5983.txt_q1,4.0,0.9999959468841553,1
high15518.txt_q4,4.0,0.999772846698761,1
high6017.txt_q2,4.0,0.9999977350234985,1
high10830.txt_q1,4.0,0.9999985694885254,1
middle763.txt_q4,4.0,1.0,1
high13804.txt_q2,4.0,0.9999873638153076,1
high13947.txt_q0,4.0,0.37713995575904846,1
high10358.txt_q2,4.0,0.6740705370903015,1
high8455.txt_q0,4.0,0.8828232884407043,1
middle1966.txt_q2,4.0,0.9971436858177185,1
high6003.txt_q2,4.0,0.9987013339996338,1
high4838.txt_q3,4.0,0.9967401623725891,1
high20311.txt_q2,4.0,0.9997474551200867,1
high11751.txt_q1,4.0,0.38168060779571533,0
middle3959.txt_q1,4.0,0.9994555115699768,1
high9144.txt_q0,4.0,0.9991783499717712,1
middle338.txt_q4,4.0,0.9999570846557617,1
high17717.txt_q1,4.0,0.9999985694885254,1
high12825.txt_q2,4.0,0.9999150037765503,1
middle4638.txt_q0,4.0,0.9999985694885254,1
high966.txt_q1,4.0,0.9815593957901001,1
high23399.txt_q3,4.0,0.9879574179649353,1
high260.txt_q2,4.0,0.646243691444397,1
high9470.txt_q0,4.0,0.9999983310699463,1
high4313.txt_q1,4.0,0.9989708662033081,1
high10418.txt_q1,4.0,0.9999997615814209,1
high12680.txt_q2,4.0,0.9904696345329285,1
high21159.txt_q1,4.0,0.9999998807907104,1
high10653.txt_q3,4.0,0.9999616146087646,1
middle3223.txt_q2,4.0,0.9577528834342957,1
high13431.txt_q1,4.0,0.9999880790710449,1
middle6585.txt_q3,4.0,0.9969289898872375,1
middle3806.txt_q0,4.0,1.0,1
high11172.txt_q0,4.0,0.9996069073677063,1
high8657.txt_q1,4.0,0.8925690650939941,1
middle1843.txt_q0,4.0,0.9993951320648193,1
middle4771.txt_q1,4.0,0.9999486207962036,1
high14092.txt_q0,4.0,0.99595707654953,1
high20957.txt_q1,4.0,0.9999634027481079,1
middle1294.txt_q3,4.0,0.9894500374794006,1
high23921.txt_q3,4.0,0.9304794073104858,1
high95.txt_q0,4.0,0.9997444748878479,1
middle1890.txt_q1,4.0,0.9999940395355225,1
middle6109.txt_q4,4.0,0.9266358017921448,1
middle7430.txt_q4,4.0,0.4542839229106903,0
high925.txt_q0,4.0,0.9968642592430115,1
middle5634.txt_q2,4.0,0.6748437881469727,1
high12910.txt_q1,4.0,0.9999912977218628,1
high10829.txt_q1,4.0,0.9988238215446472,1
middle2772.txt_q1,4.0,0.9975662231445312,1
high16629.txt_q1,4.0,0.9999960660934448,1
middle2753.txt_q0,4.0,0.3086889386177063,0
high1806.txt_q3,4.0,0.9999997615814209,1
high22331.txt_q1,4.0,0.9970648884773254,1
high2579.txt_q1,4.0,1.0,1
high816.txt_q3,4.0,0.9975276589393616,1
high10761.txt_q2,4.0,0.9999998807907104,1
high19903.txt_q1,4.0,0.9998098015785217,1
high1529.txt_q1,4.0,0.9998277425765991,1
high4722.txt_q3,4.0,0.9999856948852539,1
high5990.txt_q3,4.0,0.9998239874839783,1
high2200.txt_q0,4.0,0.8294898867607117,1
high16696.txt_q1,4.0,0.9853278994560242,1
high9386.txt_q1,4.0,0.9993601441383362,1
high20667.txt_q0,4.0,0.9619317054748535,1
high1610.txt_q2,4.0,0.8841511607170105,1
middle5178.txt_q2,4.0,1.0,1
high11379.txt_q1,4.0,0.9999828338623047,1
high3399.txt_q1,4.0,0.9976842403411865,1
middle162.txt_q2,4.0,0.9586314558982849,1
high15827.txt_q0,4.0,0.8236554861068726,1
high21770.txt_q3,4.0,0.9993501305580139,1
high7155.txt_q0,4.0,0.9999649524688721,1
high17490.txt_q0,4.0,0.9893723130226135,1
middle4870.txt_q0,4.0,0.9789149165153503,1
high9942.txt_q2,4.0,0.9998443126678467,1
high1619.txt_q3,4.0,0.9996370077133179,1
high10556.txt_q1,4.0,0.9551201462745667,1
high7877.txt_q2,4.0,0.6101301312446594,1
middle7980.txt_q0,4.0,0.319223016500473,0
high4344.txt_q0,4.0,0.9999643564224243,1
middle1790.txt_q4,4.0,0.9998905658721924,1
high3096.txt_q1,4.0,0.9890031218528748,1
middle3348.txt_q1,4.0,0.9999232292175293,1
high23589.txt_q2,4.0,0.9486702084541321,1
high18842.txt_q0,4.0,0.9990641474723816,1
high23652.txt_q1,4.0,0.999354898929596,1
high9604.txt_q0,4.0,0.9990460276603699,1
high292.txt_q3,4.0,0.09469780325889587,0
middle1716.txt_q0,4.0,0.9999971389770508,1
high14099.txt_q1,4.0,0.9176762700080872,1
high13344.txt_q2,4.0,0.9999873638153076,1
middle7103.txt_q0,4.0,0.9995243549346924,1
high24134.txt_q1,4.0,0.9863590598106384,1
high11497.txt_q2,4.0,0.9891408681869507,1
middle2505.txt_q3,4.0,0.9991286396980286,1
high14680.txt_q0,4.0,0.9862100481987,1
high5571.txt_q0,4.0,0.9988794922828674,1
high2374.txt_q0,4.0,0.9993221759796143,1
high11780.txt_q0,4.0,0.6190947890281677,1
high12094.txt_q2,4.0,0.9999951124191284,1
high16664.txt_q2,4.0,0.9995386600494385,1
high6417.txt_q3,4.0,0.9999998807907104,1
high4866.txt_q0,4.0,0.8778807520866394,1
high4666.txt_q3,4.0,0.9998098015785217,1
middle7170.txt_q1,4.0,0.9747931957244873,1
high23243.txt_q0,4.0,0.9999995231628418,1
high23043.txt_q0,4.0,0.9989572763442993,1
high23629.txt_q2,4.0,0.9999839067459106,1
high9630.txt_q3,4.0,0.9960547685623169,1
high16995.txt_q1,4.0,0.9855577349662781,1
high3107.txt_q2,4.0,0.9508138298988342,1
high7138.txt_q3,4.0,0.999510645866394,1
middle7460.txt_q2,4.0,0.9999345541000366,1
middle7892.txt_q1,4.0,0.9999783039093018,1
middle5418.txt_q0,4.0,0.9998862743377686,1
high7437.txt_q2,4.0,0.9983128309249878,1
high23272.txt_q2,4.0,0.9839640259742737,1
middle682.txt_q0,4.0,0.9747912287712097,1
high11766.txt_q0,4.0,0.9996546506881714,1
middle4996.txt_q3,4.0,0.9929898977279663,1
high18078.txt_q2,4.0,0.9999929666519165,1
high6716.txt_q3,4.0,0.9998283386230469,1
high20566.txt_q2,4.0,0.9973787069320679,1
middle2141.txt_q2,4.0,0.9999191761016846,1
middle6481.txt_q0,4.0,0.4858478307723999,1
middle4662.txt_q0,4.0,0.9999921321868896,1
high3502.txt_q0,4.0,0.9999756813049316,1
high856.txt_q1,4.0,0.998001754283905,1
high809.txt_q3,4.0,0.9995729327201843,1
middle7633.txt_q1,4.0,0.9999954700469971,1
high6366.txt_q1,4.0,0.7395418286323547,1
middle6882.txt_q1,4.0,0.9739402532577515,1
high18239.txt_q1,4.0,0.9995736479759216,1
high8120.txt_q3,4.0,0.9998952150344849,1
middle2802.txt_q0,4.0,0.9993209838867188,1
high13892.txt_q2,4.0,0.9998887777328491,1
high19145.txt_q0,4.0,0.9540436267852783,1
high5785.txt_q1,4.0,0.9762973785400391,1
middle7759.txt_q0,4.0,0.9977924823760986,1
high14795.txt_q1,4.0,0.9976744055747986,1
high5763.txt_q2,4.0,0.9987030029296875,1
high6450.txt_q0,4.0,0.2919889986515045,0
high19214.txt_q1,4.0,0.014742602594196796,0
middle2406.txt_q4,4.0,0.9999637603759766,1
middle2211.txt_q0,4.0,0.999993085861206,1
high22529.txt_q0,4.0,0.9997243285179138,1
high5166.txt_q2,4.0,0.9999997615814209,1
high3314.txt_q1,4.0,0.9999884366989136,1
high19557.txt_q1,4.0,0.9997102618217468,1
middle1460.txt_q3,4.0,0.9999091625213623,1
middle4897.txt_q4,4.0,0.9972510933876038,1
high8908.txt_q0,4.0,0.9995880722999573,1
high24139.txt_q4,4.0,0.9999998807907104,1
high7953.txt_q0,4.0,0.9982788562774658,1
high1700.txt_q0,4.0,0.2425796389579773,0
middle2204.txt_q0,4.0,0.990227460861206,1
middle6005.txt_q2,4.0,0.9944970011711121,1
high1102.txt_q1,4.0,0.9962493777275085,1
middle3831.txt_q3,4.0,0.999944806098938,1
high14551.txt_q0,4.0,0.9990133047103882,1
high21516.txt_q0,4.0,0.9999995231628418,1
high12240.txt_q1,4.0,0.9945277571678162,1
middle4224.txt_q2,4.0,0.9995484948158264,1
middle268.txt_q3,4.0,0.9717879891395569,1
middle5159.txt_q1,4.0,0.9999395608901978,1
middle7904.txt_q3,4.0,0.74741530418396,1
middle1909.txt_q1,4.0,0.7467820644378662,1
high20886.txt_q3,4.0,0.9987407326698303,1
high5507.txt_q0,4.0,0.9966496825218201,1
high13543.txt_q0,4.0,0.9986995458602905,1
middle1804.txt_q1,4.0,0.9999964237213135,1
high19848.txt_q3,4.0,0.9997451901435852,1
high14278.txt_q0,4.0,0.9999912977218628,1
high16410.txt_q1,4.0,0.999996542930603,1
high13179.txt_q1,4.0,0.9999998807907104,1
middle5798.txt_q0,4.0,1.0,1
high13538.txt_q1,4.0,0.9983260035514832,1
middle4745.txt_q2,4.0,0.999667763710022,1
middle4306.txt_q1,4.0,0.26430830359458923,0
middle8218.txt_q4,4.0,0.9993463158607483,1
high3612.txt_q1,4.0,0.9999516010284424,1
high5544.txt_q2,4.0,0.037671204656362534,0
high20728.txt_q0,4.0,0.9998537302017212,1
high19759.txt_q0,4.0,0.9996998310089111,1
high22283.txt_q1,4.0,0.9472411870956421,1
high15440.txt_q3,4.0,0.9996811151504517,1
high18744.txt_q0,4.0,0.9995059967041016,1
middle2856.txt_q3,4.0,0.9833453893661499,1
high9289.txt_q1,4.0,0.9999707937240601,1
high9564.txt_q0,4.0,0.9956110119819641,1
high11408.txt_q2,4.0,0.4769628643989563,1
high1938.txt_q0,4.0,0.9944561123847961,1
high21914.txt_q2,4.0,0.9997839331626892,1
high12037.txt_q0,4.0,0.9986633062362671,1
high15284.txt_q0,4.0,0.9995808005332947,1
high6489.txt_q2,4.0,0.9995580315589905,1
high22602.txt_q1,4.0,0.999902606010437,1
middle1117.txt_q1,4.0,0.9997610449790955,1
high19614.txt_q4,4.0,0.9991839528083801,1
high13245.txt_q1,4.0,0.999970555305481,1
high4446.txt_q1,4.0,0.9957614541053772,1
middle2636.txt_q3,4.0,0.9999972581863403,1
high10582.txt_q3,4.0,0.763539731502533,1
high9144.txt_q2,4.0,0.9995648264884949,1
high38.txt_q0,4.0,0.997619092464447,1
high4519.txt_q0,4.0,0.947235643863678,1
high5322.txt_q2,4.0,0.9990501999855042,1
high7931.txt_q3,4.0,0.9999971389770508,1
middle2919.txt_q4,4.0,0.9999734163284302,1
high24084.txt_q4,4.0,0.9997367262840271,1
middle7709.txt_q1,4.0,1.0,1
high18137.txt_q2,4.0,0.9701377153396606,1
high3931.txt_q0,4.0,0.9999828338623047,1
high1451.txt_q2,4.0,0.9060980677604675,1
high6550.txt_q2,4.0,0.9994947910308838,1
high21070.txt_q1,4.0,0.9999955892562866,1
high9097.txt_q2,4.0,0.9994939565658569,1
high3112.txt_q3,4.0,1.0,1
high9874.txt_q4,4.0,0.9966517090797424,1
middle7803.txt_q0,4.0,0.9967166781425476,1
middle3829.txt_q0,4.0,0.45793160796165466,0
high2429.txt_q1,4.0,0.42191362380981445,0
high3271.txt_q2,4.0,0.9902323484420776,1
middle5685.txt_q4,4.0,0.023223940283060074,0
high18252.txt_q1,4.0,0.9993197917938232,1
high23018.txt_q2,4.0,1.0,1
high3668.txt_q1,4.0,0.998348593711853,1
high8718.txt_q0,4.0,0.9987567663192749,1
high16477.txt_q3,4.0,0.999998927116394,1
high13097.txt_q1,4.0,0.9978061318397522,1
middle5344.txt_q4,4.0,0.999995231628418,1
middle6890.txt_q0,4.0,0.9999922513961792,1
high3737.txt_q1,4.0,0.9986377358436584,1
middle8267.txt_q1,4.0,0.9908118844032288,1
middle1670.txt_q1,4.0,1.0,1
high15176.txt_q4,4.0,0.9999977350234985,1
middle5899.txt_q1,4.0,0.9991750121116638,1
high8969.txt_q2,4.0,0.22848011553287506,0
high21288.txt_q2,4.0,0.9972367286682129,1
middle1956.txt_q3,4.0,0.9999974966049194,1
middle7525.txt_q0,4.0,1.0,1
high23413.txt_q2,4.0,0.997579038143158,1
high21019.txt_q0,4.0,0.2285519689321518,0
high13327.txt_q3,4.0,0.9999985694885254,1
middle1516.txt_q1,4.0,0.9085654020309448,1
high19146.txt_q2,4.0,0.9972555041313171,1
high1008.txt_q3,4.0,0.9973819851875305,1
middle3293.txt_q1,4.0,1.0,1
high2761.txt_q0,4.0,0.9999762773513794,1
high23193.txt_q2,4.0,0.9999146461486816,1
high7902.txt_q1,4.0,0.982366144657135,1
middle343.txt_q3,4.0,1.0,1
middle119.txt_q0,4.0,0.9998201727867126,1
high16133.txt_q2,4.0,0.9912986159324646,1
high9274.txt_q0,4.0,0.9973968267440796,1
high12826.txt_q3,4.0,0.9997245669364929,1
middle6706.txt_q2,4.0,0.999748170375824,1
high23606.txt_q1,4.0,0.9996147155761719,1
middle7397.txt_q1,4.0,0.9996743202209473,1
middle6450.txt_q1,4.0,0.9978197813034058,1
high529.txt_q1,4.0,0.9998986721038818,1
high8538.txt_q0,4.0,0.9993230104446411,1
high23391.txt_q2,4.0,0.9984309077262878,1
middle1421.txt_q0,4.0,0.24775736033916473,0
middle2552.txt_q3,4.0,0.98091721534729,1
high18632.txt_q1,4.0,0.18897812068462372,0
middle7463.txt_q2,4.0,0.9993588328361511,1
middle3405.txt_q0,4.0,0.9999434947967529,1
middle2893.txt_q2,4.0,0.9995222091674805,1
high1666.txt_q2,4.0,0.9904114603996277,1
high3966.txt_q1,4.0,0.9942266941070557,1
high8374.txt_q1,4.0,0.9987634420394897,1
high15339.txt_q1,4.0,0.43601560592651367,0
high23642.txt_q2,4.0,0.989793062210083,1
high16420.txt_q0,4.0,0.8277414441108704,1
middle952.txt_q4,4.0,0.9995633959770203,1
high5770.txt_q2,4.0,0.9989739656448364,1
high3731.txt_q1,4.0,0.9999970197677612,1
high10320.txt_q0,4.0,0.9715216755867004,1
high256.txt_q0,4.0,0.9949266910552979,1
high12718.txt_q1,4.0,0.9999985694885254,1
high8694.txt_q1,4.0,0.9999988079071045,1
high8945.txt_q1,4.0,0.990458607673645,1
high8458.txt_q1,4.0,0.9999955892562866,1
high18098.txt_q2,4.0,0.999993085861206,1
middle177.txt_q3,4.0,0.9999977350234985,1
high14449.txt_q1,4.0,0.999861478805542,1
high16887.txt_q1,4.0,0.4874248504638672,1
high10678.txt_q0,4.0,0.9999276399612427,1
high7832.txt_q0,4.0,0.9999712705612183,1
middle192.txt_q1,4.0,0.8552683591842651,1
high19754.txt_q0,4.0,0.8232222199440002,1
high13769.txt_q3,4.0,0.9289936423301697,1
high732.txt_q2,4.0,0.999995231628418,1
high17903.txt_q3,4.0,0.8947654962539673,1
high9876.txt_q1,4.0,0.9998999834060669,1
high12923.txt_q1,4.0,0.9964092373847961,1
high14548.txt_q0,4.0,0.9999852180480957,1
high20333.txt_q3,4.0,0.9222331643104553,1
high13244.txt_q3,4.0,0.9994423985481262,1
high22885.txt_q3,4.0,0.3650011122226715,1
high15920.txt_q2,4.0,0.9999997615814209,1
high23816.txt_q2,4.0,0.9978545308113098,1
high5118.txt_q1,4.0,0.9995456337928772,1
middle3951.txt_q4,4.0,1.0,1
high485.txt_q0,4.0,0.9595679044723511,1
high16792.txt_q0,4.0,0.9990228414535522,1
middle1255.txt_q3,4.0,0.999567449092865,1
high10650.txt_q1,4.0,0.9999790191650391,1
middle6578.txt_q1,4.0,0.9998047947883606,1
middle559.txt_q2,4.0,0.9999997615814209,1
middle8039.txt_q0,4.0,0.8169782161712646,1
high19752.txt_q2,4.0,0.9731026291847229,1
high14865.txt_q1,4.0,0.9999991655349731,1
high18023.txt_q1,4.0,0.9997294545173645,1
middle2610.txt_q0,4.0,0.9999949932098389,1
middle110.txt_q3,4.0,0.9999785423278809,1
high11657.txt_q1,4.0,0.9914575219154358,1
middle7074.txt_q1,4.0,0.7003940343856812,1
high13017.txt_q1,4.0,1.0,1
high23276.txt_q1,4.0,0.9998158812522888,1
middle6654.txt_q2,4.0,0.9991182684898376,1
high3657.txt_q1,4.0,0.999671459197998,1
high6686.txt_q0,4.0,0.7303808331489563,1
middle6506.txt_q3,4.0,0.9999998807907104,1
high22367.txt_q4,4.0,0.9936134219169617,1
middle6628.txt_q0,4.0,0.9999943971633911,1
high23701.txt_q3,4.0,0.9999998807907104,1
high14097.txt_q1,4.0,0.9999758005142212,1
high3247.txt_q0,4.0,0.9994485974311829,1
high2594.txt_q1,4.0,0.9997734427452087,1
high2022.txt_q2,4.0,0.9537723660469055,1
middle7848.txt_q1,4.0,0.9999990463256836,1
middle2741.txt_q2,4.0,0.9931575655937195,1
high14913.txt_q2,4.0,0.9973340034484863,1
middle6757.txt_q1,4.0,0.9999877214431763,1
high16377.txt_q1,4.0,1.0,1
high15370.txt_q2,4.0,0.9999933242797852,1
high2387.txt_q0,4.0,0.9998908042907715,1
high5764.txt_q0,4.0,0.9999998807907104,1
high10822.txt_q0,4.0,0.9998973608016968,1
high14679.txt_q1,4.0,0.9952653646469116,1
high1359.txt_q1,4.0,1.0,1
high13921.txt_q1,4.0,0.9999997615814209,1
middle6479.txt_q3,4.0,0.9987145662307739,1
high10302.txt_q1,4.0,0.9998767375946045,1
middle5687.txt_q0,4.0,0.9984244108200073,1
high2824.txt_q2,4.0,0.15115293860435486,0
high11529.txt_q1,4.0,0.9275530576705933,1
high7262.txt_q2,4.0,0.9999980926513672,1
high8692.txt_q0,4.0,0.9998798370361328,1
high7630.txt_q3,4.0,0.9998805522918701,1
high20711.txt_q4,4.0,0.9987523555755615,1
middle3613.txt_q4,4.0,0.4706251323223114,1
high161.txt_q2,4.0,0.9335745573043823,1
high6815.txt_q0,4.0,0.8487250208854675,1
high7834.txt_q0,4.0,0.9282266497612,1
middle7978.txt_q1,4.0,0.5744612812995911,1
high15916.txt_q1,4.0,0.9998552799224854,1
high1734.txt_q0,4.0,0.8908360004425049,1
high3697.txt_q0,4.0,0.05135072022676468,0
high15441.txt_q1,4.0,0.9997345805168152,1
high20717.txt_q0,4.0,0.9997597336769104,1
high12596.txt_q1,4.0,0.9998718500137329,1
high5159.txt_q2,4.0,0.999944806098938,1
high10912.txt_q0,4.0,0.9966285824775696,1
high8946.txt_q0,4.0,0.9998606443405151,1
high4058.txt_q2,4.0,0.9999995231628418,1
high4401.txt_q3,4.0,0.9268385171890259,1
high6289.txt_q2,4.0,0.9895899891853333,1
high6866.txt_q0,4.0,0.9945886135101318,1
high4687.txt_q2,4.0,0.9676821231842041,1
high14041.txt_q2,4.0,0.9999501705169678,1
high12322.txt_q0,4.0,0.9999502897262573,1
high4460.txt_q3,4.0,0.9999336004257202,1
high23486.txt_q2,4.0,1.0,1
high23344.txt_q1,4.0,0.9985911250114441,1
high17500.txt_q0,4.0,0.9952357411384583,1
middle4265.txt_q3,4.0,0.8455402851104736,1
middle4089.txt_q0,4.0,0.9999878406524658,1
high14557.txt_q0,4.0,0.9998056292533875,1
middle979.txt_q0,4.0,0.9998072981834412,1
high14769.txt_q1,4.0,0.9999933242797852,1
middle4808.txt_q2,4.0,0.9999992847442627,1
middle6788.txt_q0,4.0,0.9999986886978149,1
middle3159.txt_q1,4.0,0.9997727274894714,1
high15889.txt_q2,4.0,0.9921010136604309,1
middle630.txt_q3,4.0,0.9981091022491455,1
high7920.txt_q0,4.0,0.9950538873672485,1
high8208.txt_q3,4.0,0.8581677675247192,1
middle5220.txt_q3,4.0,0.9999974966049194,1
high7897.txt_q2,4.0,0.9997203946113586,1
high4164.txt_q0,4.0,0.9996179342269897,1
high14161.txt_q0,4.0,0.9999102354049683,1
high11809.txt_q0,4.0,0.9999704360961914,1
high1621.txt_q4,4.0,0.9999971389770508,1
high16981.txt_q0,4.0,0.9999988079071045,1
high13658.txt_q2,4.0,0.9999338388442993,1
middle6583.txt_q1,4.0,0.9998852014541626,1
middle4208.txt_q4,4.0,0.9981533885002136,1
high2704.txt_q1,4.0,0.9989489912986755,1
high8737.txt_q2,4.0,0.9919672608375549,1
high19877.txt_q1,4.0,0.9999969005584717,1
middle2430.txt_q1,4.0,0.9990111589431763,1
middle3221.txt_q1,4.0,0.9971684813499451,1
high19857.txt_q4,4.0,0.9963300824165344,1
high3870.txt_q4,4.0,0.9599601626396179,1
middle1428.txt_q0,4.0,1.0,1
middle4470.txt_q1,4.0,0.9961626529693604,1
middle4403.txt_q2,4.0,0.9987723231315613,1
high6728.txt_q1,4.0,0.9364637136459351,1
high3593.txt_q1,4.0,0.9990492463111877,1
high9445.txt_q0,4.0,0.9981439113616943,1
high13473.txt_q0,4.0,0.9999637603759766,1
middle2964.txt_q1,4.0,0.9832898378372192,1
high13816.txt_q1,4.0,0.9978679418563843,1
high21832.txt_q0,4.0,0.9712834358215332,1
middle7179.txt_q0,4.0,0.9999750852584839,1
high8925.txt_q0,4.0,0.9999926090240479,1
high1968.txt_q1,4.0,0.9968685507774353,1
middle439.txt_q0,4.0,0.9999997615814209,1
high2750.txt_q3,4.0,0.9029917120933533,1
high17613.txt_q3,4.0,0.8017986416816711,1
high347.txt_q1,4.0,0.999956488609314,1
high9874.txt_q2,4.0,0.9129050970077515,1
high5853.txt_q2,4.0,0.9999971389770508,1
high4875.txt_q0,4.0,0.999815046787262,1
high4054.txt_q1,4.0,0.9999940395355225,1
middle6171.txt_q1,4.0,0.9999579191207886,1
high8525.txt_q1,4.0,0.9993520379066467,1
middle5229.txt_q2,4.0,0.9990121126174927,1
high5426.txt_q1,4.0,0.9999662637710571,1
high23403.txt_q3,4.0,0.9997889399528503,1
high21566.txt_q0,4.0,0.9940075874328613,1
middle6762.txt_q0,4.0,0.48860830068588257,1
middle2161.txt_q0,4.0,0.5497177839279175,1
high14539.txt_q1,4.0,0.9959772229194641,1
high10197.txt_q1,4.0,0.9999316930770874,1
high176.txt_q1,4.0,0.9999510049819946,1
high18780.txt_q1,4.0,0.9998250603675842,1
high7106.txt_q0,4.0,0.9990546107292175,1
high10067.txt_q4,4.0,0.9999986886978149,1
high4875.txt_q1,4.0,0.9996474981307983,1
middle1215.txt_q1,4.0,0.9999852180480957,1
high9295.txt_q3,4.0,0.9998149275779724,1
middle7530.txt_q1,4.0,0.9937483072280884,1
high10607.txt_q1,4.0,0.9999994039535522,1
high9456.txt_q0,4.0,0.9999415874481201,1
high11270.txt_q2,4.0,0.9925081133842468,1
middle2627.txt_q0,4.0,0.9771429300308228,1
high15403.txt_q3,4.0,0.9979250431060791,1
middle2264.txt_q0,4.0,0.9998695850372314,1
high22651.txt_q0,4.0,0.9999948740005493,1
middle4314.txt_q1,4.0,0.999991774559021,1
middle5274.txt_q0,4.0,0.9929171800613403,1
high19187.txt_q2,4.0,0.9998799562454224,1
high19733.txt_q0,4.0,0.5272607207298279,1
high9109.txt_q3,4.0,0.6105724573135376,1
high22075.txt_q3,4.0,0.9999996423721313,1
high18840.txt_q3,4.0,0.9988042116165161,1
high5107.txt_q2,4.0,0.9998551607131958,1
middle5321.txt_q1,4.0,0.9971504807472229,1
middle7150.txt_q3,4.0,0.999718964099884,1
middle7595.txt_q1,4.0,0.7755764126777649,1
high15927.txt_q2,4.0,0.9609885215759277,1
high24059.txt_q4,4.0,0.9798277616500854,1
high6297.txt_q2,4.0,0.9999996423721313,1
high17844.txt_q3,4.0,0.9992365837097168,1
high23852.txt_q3,4.0,0.9999849796295166,1
high17548.txt_q1,4.0,0.9999737739562988,1
high5168.txt_q0,4.0,0.9999336004257202,1
middle7687.txt_q0,4.0,1.0,1
high10850.txt_q2,4.0,0.9993897676467896,1
high7475.txt_q3,4.0,0.9999980926513672,1
high4659.txt_q2,4.0,0.9999643564224243,1
high15025.txt_q0,4.0,0.9952402114868164,1
middle4937.txt_q0,4.0,0.9916865229606628,1
high10400.txt_q2,4.0,0.9999997615814209,1
high8043.txt_q1,4.0,0.9999998807907104,1
high18195.txt_q1,4.0,0.9942137598991394,1
high21417.txt_q3,4.0,0.9189690947532654,1
middle7640.txt_q1,4.0,0.9970494508743286,1
high17018.txt_q2,4.0,0.9998824596405029,1
middle4699.txt_q3,4.0,0.9999992847442627,1
high3105.txt_q2,4.0,0.9999819993972778,1
high16756.txt_q0,4.0,0.9930508136749268,1
high5462.txt_q0,4.0,0.9984169006347656,1
high3860.txt_q3,4.0,0.9996922016143799,1
high17229.txt_q2,4.0,0.996657133102417,1
high9186.txt_q1,4.0,0.9891139268875122,1
high11155.txt_q1,4.0,0.9972086548805237,1
middle2695.txt_q2,4.0,0.8333622813224792,1
high22387.txt_q3,4.0,0.9982159733772278,1
high3401.txt_q0,4.0,0.9999943971633911,1
middle2022.txt_q1,4.0,0.9968570470809937,1
middle5710.txt_q0,4.0,0.9989222288131714,1
high20328.txt_q1,4.0,1.0,1
middle4008.txt_q0,4.0,0.9999966621398926,1
middle8232.txt_q3,4.0,0.9952210783958435,1
high1371.txt_q2,4.0,0.999883770942688,1
high4150.txt_q2,4.0,0.9666714072227478,1
high6895.txt_q0,4.0,0.008405877277255058,0
middle5028.txt_q1,4.0,0.3121368885040283,0
middle2601.txt_q0,4.0,1.0,1
high1232.txt_q2,4.0,0.44270312786102295,1
high9321.txt_q2,4.0,0.9871888756752014,1
middle1861.txt_q0,4.0,0.9999998807907104,1
high12650.txt_q0,4.0,0.19329500198364258,0
high16827.txt_q0,4.0,0.9965991377830505,1
high10105.txt_q3,4.0,0.9911523461341858,1
middle319.txt_q1,4.0,0.9999984502792358,1
high23049.txt_q0,4.0,0.9985859394073486,1
middle865.txt_q4,4.0,0.9997244477272034,1
high3656.txt_q0,4.0,0.9985026121139526,1
high7557.txt_q3,4.0,0.9999998807907104,1
high11568.txt_q0,4.0,0.9389131665229797,1
middle6031.txt_q3,4.0,0.99998939037323,1
middle1883.txt_q2,4.0,0.9946693778038025,1
high19065.txt_q1,4.0,0.9999995231628418,1
high3009.txt_q1,4.0,0.999984622001648,1
middle6857.txt_q1,4.0,0.9999668598175049,1
high4180.txt_q0,4.0,0.999067485332489,1
high5134.txt_q3,4.0,0.9996465444564819,1
high15942.txt_q0,4.0,0.9999542236328125,1
high16550.txt_q0,4.0,0.9994924068450928,1
high9271.txt_q2,4.0,0.9999676942825317,1
high9929.txt_q0,4.0,0.9999991655349731,1
high23059.txt_q1,4.0,0.999906063079834,1
high1627.txt_q1,4.0,0.32378068566322327,0
high22097.txt_q3,4.0,1.0,1
high17077.txt_q2,4.0,0.9999387264251709,1
middle5073.txt_q1,4.0,0.9238279461860657,1
high7228.txt_q1,4.0,0.9706920385360718,1
high2399.txt_q1,4.0,0.999969482421875,1
high2815.txt_q1,4.0,0.9999934434890747,1
middle4323.txt_q1,4.0,0.9995858073234558,1
high1123.txt_q2,4.0,0.9715856313705444,1
high4497.txt_q1,4.0,0.9999994039535522,1
high1815.txt_q1,4.0,0.8561818599700928,1
high8307.txt_q2,4.0,0.999995231628418,1
high15065.txt_q3,4.0,0.9374176263809204,1
middle3570.txt_q4,4.0,0.9999823570251465,1
high4423.txt_q1,4.0,0.9997910857200623,1
middle2660.txt_q2,4.0,0.9408044815063477,1
high15377.txt_q0,4.0,0.982508659362793,1
high14202.txt_q1,4.0,0.9149555563926697,1
high23942.txt_q1,4.0,0.9999260902404785,1
high2169.txt_q2,4.0,0.909227192401886,1
high7394.txt_q2,4.0,0.980090320110321,1
high15922.txt_q1,4.0,0.999956488609314,1
high22684.txt_q4,4.0,0.9296295642852783,1
middle3537.txt_q1,4.0,1.0,1
high17415.txt_q3,4.0,0.9999986886978149,1
high11354.txt_q0,4.0,0.9425432085990906,1
middle3161.txt_q1,4.0,0.9999996423721313,1
high3268.txt_q2,4.0,0.9998010993003845,1
middle3953.txt_q3,4.0,0.9933536052703857,1
high11899.txt_q1,4.0,0.9708999991416931,1
high1307.txt_q4,4.0,0.9864354729652405,1
middle1965.txt_q3,4.0,0.4697212874889374,1
middle5120.txt_q2,4.0,0.9679486751556396,1
high20812.txt_q1,4.0,0.9977709054946899,1
high8373.txt_q3,4.0,0.9999990463256836,1
high19540.txt_q0,4.0,0.9985053539276123,1
high4996.txt_q0,4.0,0.9986388087272644,1
high23307.txt_q3,4.0,0.9997078776359558,1
high23245.txt_q3,4.0,0.9999985694885254,1
middle1854.txt_q3,4.0,0.9341922402381897,1
middle3472.txt_q2,4.0,0.9845177531242371,1
middle5847.txt_q0,4.0,1.0,1
high12113.txt_q0,4.0,0.9999817609786987,1
high10960.txt_q1,4.0,0.9968695044517517,1
high18619.txt_q0,4.0,0.8545746207237244,1
high18562.txt_q1,4.0,0.9999991655349731,1
high21108.txt_q3,4.0,0.9999001026153564,1
high14230.txt_q0,4.0,0.9613298177719116,1
high12158.txt_q1,4.0,0.9080296754837036,1
high919.txt_q0,4.0,0.9993038177490234,1
high22813.txt_q2,4.0,0.991358757019043,1
high8532.txt_q0,4.0,0.997923731803894,1
high21419.txt_q3,4.0,0.9699363708496094,1
high12677.txt_q0,4.0,0.9998910427093506,1
middle7073.txt_q3,4.0,0.9947928786277771,1
high19546.txt_q0,4.0,0.9999700784683228,1
high22786.txt_q1,4.0,0.9880585074424744,1
high11107.txt_q2,4.0,0.46774232387542725,1
high16975.txt_q0,4.0,0.998677670955658,1
high8856.txt_q0,4.0,0.988109290599823,1
high6768.txt_q3,4.0,0.9998863935470581,1
high13170.txt_q1,4.0,0.9960058331489563,1
middle2844.txt_q1,4.0,0.9999979734420776,1
high528.txt_q1,4.0,0.9749082922935486,1
high13472.txt_q1,4.0,0.9999891519546509,1
high20212.txt_q2,4.0,0.999749481678009,1
high9687.txt_q0,4.0,0.9999966621398926,1
high1333.txt_q0,4.0,0.9999476671218872,1
high8356.txt_q1,4.0,0.9999779462814331,1
high3251.txt_q1,4.0,0.9954621195793152,1
middle3978.txt_q0,4.0,0.9981122016906738,1
high8314.txt_q1,4.0,0.9398882389068604,1
high24116.txt_q0,4.0,0.9985150694847107,1
middle1404.txt_q2,4.0,0.9998489618301392,1
middle5320.txt_q0,4.0,0.983496904373169,1
middle551.txt_q0,4.0,0.9999806880950928,1
middle8185.txt_q0,4.0,0.9991476535797119,1
high21417.txt_q0,4.0,0.9999998807907104,1
high14762.txt_q0,4.0,0.9999915361404419,1
middle3406.txt_q0,4.0,0.9977085590362549,1
middle7939.txt_q0,4.0,0.26414182782173157,0
high12021.txt_q1,4.0,0.9999849796295166,1
middle506.txt_q1,4.0,0.9988732933998108,1
high12499.txt_q1,4.0,0.9999991655349731,1
high11626.txt_q2,4.0,0.9768229722976685,1
high20855.txt_q3,4.0,0.31827494502067566,0
high10582.txt_q1,4.0,0.9905609488487244,1
middle7430.txt_q1,4.0,0.9991617202758789,1
high2333.txt_q0,4.0,0.9992535710334778,1
high16746.txt_q3,4.0,0.9997015595436096,1
middle4384.txt_q3,4.0,0.997589111328125,1
high1303.txt_q3,4.0,0.9999998807907104,1
high23163.txt_q0,4.0,0.9997093081474304,1
high18180.txt_q0,4.0,0.9529494047164917,1
high1644.txt_q3,4.0,0.9969140291213989,1
high9160.txt_q3,4.0,0.9998952150344849,1
middle2430.txt_q2,4.0,0.9804712533950806,1
high6359.txt_q1,4.0,0.9798451066017151,1
high20623.txt_q4,4.0,0.9757221341133118,1
high1848.txt_q0,4.0,0.9987947940826416,1
high4503.txt_q3,4.0,0.9964156150817871,1
high5475.txt_q2,4.0,0.9999990463256836,1
high24261.txt_q3,4.0,0.9884877800941467,1
high2403.txt_q2,4.0,0.9999996423721313,1
high23623.txt_q1,4.0,0.9347540140151978,1
high14182.txt_q0,4.0,0.9999994039535522,1
high2424.txt_q3,4.0,0.9998692274093628,1
high10331.txt_q2,4.0,0.9997003078460693,1
high1586.txt_q3,4.0,0.9999998807907104,1
high11697.txt_q2,4.0,0.9968921542167664,1
high23053.txt_q1,4.0,0.8598408102989197,1
high18534.txt_q0,4.0,0.9996224641799927,1
middle1754.txt_q0,4.0,1.0,1
middle3062.txt_q0,4.0,0.9998080134391785,1
middle4259.txt_q2,4.0,0.9994864463806152,1
high11179.txt_q1,4.0,1.0,1
middle3466.txt_q3,4.0,0.994732141494751,1
high4885.txt_q0,4.0,0.9978392720222473,1
high19812.txt_q0,4.0,0.9999936819076538,1
high20467.txt_q3,4.0,0.9985124468803406,1
middle3767.txt_q2,4.0,0.9999903440475464,1
high11878.txt_q1,4.0,0.9999994039535522,1
high8518.txt_q3,4.0,0.9999991655349731,1
middle2551.txt_q3,4.0,0.9975727200508118,1
high5497.txt_q0,4.0,0.9917553663253784,1
high9896.txt_q3,4.0,0.9166898727416992,1
high11827.txt_q0,4.0,0.9696356654167175,1
high10516.txt_q2,4.0,0.9999840259552002,1
high14409.txt_q3,4.0,0.9999998807907104,1
middle5280.txt_q2,4.0,0.9999712705612183,1
high5965.txt_q1,4.0,0.994440495967865,1
middle80.txt_q2,4.0,0.9999428987503052,1
high6312.txt_q4,4.0,0.9999793767929077,1
high21037.txt_q1,4.0,0.9999903440475464,1
high6470.txt_q4,4.0,0.997425377368927,1
high21118.txt_q0,4.0,0.9998168349266052,1
high23836.txt_q3,4.0,0.9965593218803406,1
high13483.txt_q2,4.0,0.999858021736145,1
middle1595.txt_q2,4.0,0.9995778203010559,1
high1731.txt_q3,4.0,0.9999878406524658,1
middle4514.txt_q4,4.0,0.9998836517333984,1
middle1259.txt_q3,4.0,0.9988448619842529,1
high5455.txt_q0,4.0,0.9997363686561584,1
middle2515.txt_q1,4.0,0.9999803304672241,1
middle2068.txt_q1,4.0,0.21516717970371246,0
middle638.txt_q4,4.0,0.9999127388000488,1
high18388.txt_q1,4.0,0.920430064201355,1
high10655.txt_q1,4.0,0.9997847676277161,1
high23623.txt_q2,4.0,0.9993415474891663,1
middle2180.txt_q0,4.0,0.9999982118606567,1
high18515.txt_q0,4.0,0.9870951771736145,1
high15926.txt_q1,4.0,0.999970555305481,1
high872.txt_q2,4.0,0.999202311038971,1
middle7340.txt_q3,4.0,0.9999998807907104,1
high7532.txt_q0,4.0,0.983116865158081,1
high20249.txt_q2,4.0,0.999998927116394,1
high1337.txt_q0,4.0,0.9999992847442627,1
high5622.txt_q0,4.0,0.9993182420730591,1
high2924.txt_q3,4.0,0.9709884524345398,1
high2026.txt_q2,4.0,0.9999996423721313,1
middle847.txt_q1,4.0,0.9999997615814209,1
middle2157.txt_q2,4.0,0.9999719858169556,1
high14077.txt_q2,4.0,0.9999997615814209,1
high22675.txt_q2,4.0,0.9999998807907104,1
high18807.txt_q2,4.0,0.9694096446037292,1
high4433.txt_q1,4.0,0.9986442923545837,1
middle7700.txt_q3,4.0,0.969519317150116,1
middle1652.txt_q0,4.0,0.9997801184654236,1
high23042.txt_q2,4.0,0.9970101118087769,1
middle5362.txt_q2,4.0,0.9998397827148438,1
high19860.txt_q3,4.0,0.9994997978210449,1
high21338.txt_q2,4.0,0.9999951124191284,1
high14719.txt_q0,4.0,0.999992847442627,1
high22426.txt_q2,4.0,0.9998812675476074,1
middle5706.txt_q2,4.0,0.9998785257339478,1
high17158.txt_q0,4.0,0.9992250204086304,1
high19322.txt_q2,4.0,0.9999221563339233,1
high17553.txt_q2,4.0,0.9999971389770508,1
high2277.txt_q1,4.0,0.2798559367656708,0
high627.txt_q2,4.0,0.9999997615814209,1
middle7857.txt_q1,4.0,0.9393754005432129,1
high4357.txt_q2,4.0,0.9999125003814697,1
high4960.txt_q0,4.0,0.9999915361404419,1
middle1949.txt_q0,4.0,0.14492493867874146,0
middle7893.txt_q1,4.0,0.9999896287918091,1
high7164.txt_q4,4.0,0.9987548589706421,1
high10222.txt_q4,4.0,0.9808928966522217,1
high14682.txt_q1,4.0,0.9999116659164429,1
middle4598.txt_q1,4.0,0.9675310254096985,1
high15827.txt_q3,4.0,0.973889172077179,1
high13122.txt_q0,4.0,0.9998766183853149,1
middle1536.txt_q3,4.0,0.9999994039535522,1
high9204.txt_q1,4.0,1.0,1
high2326.txt_q0,4.0,0.6638237237930298,1
high1343.txt_q0,4.0,1.0,1
middle2197.txt_q0,4.0,0.9999973773956299,1
middle3985.txt_q0,4.0,0.999998927116394,1
high12888.txt_q0,4.0,0.9979052543640137,1
middle1980.txt_q3,4.0,0.9999986886978149,1
middle1527.txt_q2,4.0,0.9999942779541016,1
middle4189.txt_q3,4.0,0.9988265633583069,1
high24046.txt_q2,4.0,0.996823787689209,1
high1077.txt_q0,4.0,0.999992847442627,1
high4336.txt_q2,4.0,0.999963641166687,1
high4321.txt_q1,4.0,0.9999996423721313,1
high13449.txt_q3,4.0,0.9999994039535522,1
middle4989.txt_q2,4.0,0.9999219179153442,1
high14970.txt_q2,4.0,0.9645244479179382,1
high9653.txt_q3,4.0,0.9602615833282471,1
high22146.txt_q0,4.0,0.9157145023345947,1
middle1385.txt_q4,4.0,0.7159802317619324,1
high21791.txt_q0,4.0,0.9999964237213135,1
high10786.txt_q2,4.0,0.9505334496498108,1
high10198.txt_q1,4.0,0.9616016745567322,1
high15169.txt_q1,4.0,0.999962329864502,1
middle3820.txt_q1,4.0,0.9999867677688599,1
high5863.txt_q0,4.0,0.9992376565933228,1
high18569.txt_q2,4.0,0.96687251329422,1
high190.txt_q1,4.0,0.9991151690483093,1
high12852.txt_q2,4.0,1.0,1
middle4090.txt_q1,4.0,0.9999717473983765,1
middle4683.txt_q2,4.0,0.9999845027923584,1
high2276.txt_q1,4.0,0.9999147653579712,1
high22295.txt_q0,4.0,0.9997795224189758,1
high22080.txt_q0,4.0,0.9662870168685913,1
high6067.txt_q0,4.0,0.9999892711639404,1
high13775.txt_q2,4.0,0.9995664954185486,1
high10816.txt_q3,4.0,1.0,1
high3804.txt_q2,4.0,0.8932402729988098,1
high24078.txt_q1,4.0,0.999998927116394,1
middle6094.txt_q1,4.0,0.9999957084655762,1
high9393.txt_q2,4.0,0.992159366607666,1
middle1854.txt_q0,4.0,0.9956074357032776,1
middle4064.txt_q3,4.0,0.9999614953994751,1
high19317.txt_q0,4.0,0.9999988079071045,1
high16767.txt_q1,4.0,0.9988359808921814,1
high11594.txt_q1,4.0,0.9999991655349731,1
high14760.txt_q0,4.0,1.0,1
high2755.txt_q2,4.0,0.9996397495269775,1
high7482.txt_q0,4.0,0.9999445676803589,1
middle7707.txt_q1,4.0,1.0,1
high5838.txt_q0,4.0,1.0,1
high19542.txt_q3,4.0,0.9999943971633911,1
high20312.txt_q3,4.0,0.9148686528205872,1
middle8192.txt_q1,4.0,0.9999992847442627,1
high13497.txt_q3,4.0,0.9999743700027466,1
high15173.txt_q2,4.0,0.9997126460075378,1
high13408.txt_q0,4.0,1.0,1
high20814.txt_q1,4.0,0.12770190834999084,0
middle6831.txt_q2,4.0,0.9999988079071045,1
high4253.txt_q1,4.0,0.9999700784683228,1
high1856.txt_q0,4.0,0.9937134385108948,1
high2523.txt_q1,4.0,1.0,1
high6405.txt_q1,4.0,0.9943453669548035,1
high19074.txt_q1,4.0,0.9930593967437744,1
high14151.txt_q1,4.0,0.9231193661689758,1
middle2337.txt_q2,4.0,0.9999998807907104,1
high11884.txt_q1,4.0,0.9998819828033447,1
middle7504.txt_q0,4.0,0.9993379712104797,1
middle4922.txt_q4,4.0,1.0,1
high7455.txt_q2,4.0,0.999767005443573,1
middle1509.txt_q3,4.0,0.8112337589263916,1
high345.txt_q1,4.0,0.9996107220649719,1
high21394.txt_q0,4.0,0.7117733955383301,1
middle4457.txt_q1,4.0,0.9999995231628418,1
middle7828.txt_q0,4.0,0.9988107681274414,1
high5440.txt_q2,4.0,0.9977002739906311,1
high8873.txt_q2,4.0,0.9996687173843384,1
middle7987.txt_q1,4.0,0.9634794592857361,1
middle7072.txt_q2,4.0,0.9922399520874023,1
high23923.txt_q1,4.0,0.9939868450164795,1
high5722.txt_q1,4.0,0.9999532699584961,1
high20467.txt_q1,4.0,0.9999949932098389,1
high6140.txt_q2,4.0,0.9999998807907104,1
high19952.txt_q0,4.0,0.9999998807907104,1
high13559.txt_q3,4.0,0.9286521673202515,1
high22991.txt_q1,4.0,0.9999986886978149,1
high1406.txt_q1,4.0,0.9999940395355225,1
high4852.txt_q2,4.0,0.9999643564224243,1
high4873.txt_q0,4.0,0.999518632888794,1
middle1288.txt_q1,4.0,0.2615443766117096,0
high7133.txt_q1,4.0,0.9658393263816833,1
middle4065.txt_q0,4.0,0.6117688417434692,1
high1098.txt_q0,4.0,0.9994381070137024,1
middle1633.txt_q0,4.0,1.0,1
high723.txt_q4,4.0,0.9971210360527039,1
middle7225.txt_q1,4.0,0.9999572038650513,1
high5957.txt_q3,4.0,0.9999904632568359,1
high2561.txt_q2,4.0,0.9998700618743896,1
high13753.txt_q3,4.0,0.9999822378158569,1
high8621.txt_q3,4.0,0.9993101358413696,1
high13763.txt_q1,4.0,0.9920015335083008,1
high13239.txt_q0,4.0,0.998961329460144,1
high12607.txt_q2,4.0,0.9962444305419922,1
middle1984.txt_q1,4.0,0.9999998807907104,1
middle3574.txt_q1,4.0,0.9999901056289673,1
high1852.txt_q2,4.0,0.9983838796615601,1
high12702.txt_q0,4.0,0.9999940395355225,1
middle1943.txt_q1,4.0,0.9999649524688721,1
middle674.txt_q3,4.0,0.9776802659034729,1
high10501.txt_q2,4.0,0.9597062468528748,1
middle2085.txt_q0,4.0,0.9999773502349854,1
high5195.txt_q2,4.0,0.9815654158592224,1
high16810.txt_q1,4.0,0.999920129776001,1
high11189.txt_q2,4.0,0.9161349534988403,1
high20862.txt_q2,4.0,0.9999969005584717,1
high15571.txt_q3,4.0,0.11562313139438629,0
high18577.txt_q2,4.0,0.999947190284729,1
high12985.txt_q1,4.0,0.9999970197677612,1
high16845.txt_q3,4.0,0.9870935082435608,1
high22385.txt_q1,4.0,0.9994309544563293,1
high602.txt_q1,4.0,0.9999179840087891,1
high20710.txt_q0,4.0,0.9999608993530273,1
high5626.txt_q3,4.0,0.9997543692588806,1
high16850.txt_q4,4.0,0.9411503672599792,1
high9669.txt_q0,4.0,0.9999707937240601,1
middle5216.txt_q1,4.0,0.9999610185623169,1
high8762.txt_q0,4.0,0.9999932050704956,1
middle7242.txt_q3,4.0,0.9999977350234985,1
high7503.txt_q1,4.0,0.7005788087844849,1
high16492.txt_q3,4.0,0.999954104423523,1
high1823.txt_q1,4.0,0.40758952498435974,0
high12817.txt_q2,4.0,0.9999998807907104,1
high9521.txt_q2,4.0,0.46172115206718445,1
high23562.txt_q1,4.0,0.9814908504486084,1
high23922.txt_q3,4.0,0.9809751510620117,1
middle827.txt_q3,4.0,0.9999998807907104,1
high16889.txt_q1,4.0,0.9998341798782349,1
high4326.txt_q2,4.0,0.9958792924880981,1
high8049.txt_q2,4.0,0.1473986655473709,0
middle3276.txt_q2,4.0,0.7819430232048035,1
middle8204.txt_q4,4.0,0.9998286962509155,1
high20427.txt_q1,4.0,0.9972414970397949,1
high2865.txt_q1,4.0,0.9999312162399292,1
middle1941.txt_q1,4.0,0.9537245035171509,1
middle692.txt_q1,4.0,1.0,1
high11589.txt_q1,4.0,0.9382712244987488,1
high23694.txt_q2,4.0,0.9987307190895081,1
high2975.txt_q0,4.0,0.9999959468841553,1
high13135.txt_q2,4.0,0.9998754262924194,1
middle3204.txt_q1,4.0,0.9999833106994629,1
high18612.txt_q1,4.0,0.9999964237213135,1
middle7030.txt_q3,4.0,0.9999990463256836,1
high1756.txt_q3,4.0,0.9999150037765503,1
middle4273.txt_q1,4.0,0.9995760321617126,1
middle4930.txt_q1,4.0,0.9997013211250305,1
high23814.txt_q3,4.0,0.9638792276382446,1
high2949.txt_q1,4.0,0.8353654742240906,1
high7189.txt_q1,4.0,0.9999731779098511,1
high3919.txt_q0,4.0,0.9992700219154358,1
middle3851.txt_q1,4.0,0.3028812110424042,0
high10472.txt_q0,4.0,0.9998071789741516,1
high1839.txt_q2,4.0,0.9999872446060181,1
high6861.txt_q2,4.0,0.9999654293060303,1
high2373.txt_q3,4.0,0.9998693466186523,1
high22811.txt_q3,4.0,0.9997021555900574,1
middle550.txt_q4,4.0,0.9995211362838745,1
high12568.txt_q1,4.0,0.9999977350234985,1
middle6931.txt_q1,4.0,0.9991340041160583,1
high570.txt_q1,4.0,0.9999475479125977,1
high5032.txt_q2,4.0,0.9993364214897156,1
middle5363.txt_q4,4.0,0.9841789603233337,1
high16424.txt_q2,4.0,0.9996834993362427,1
middle1654.txt_q1,4.0,0.999991774559021,1
high13121.txt_q0,4.0,0.9998267292976379,1
high18701.txt_q1,4.0,0.9956860542297363,1
high22804.txt_q0,4.0,0.9999020099639893,1
middle5980.txt_q1,4.0,0.998348593711853,1
high13788.txt_q3,4.0,1.0,1
high4972.txt_q2,4.0,0.9998989105224609,1
middle2495.txt_q1,4.0,0.706519365310669,1
high4720.txt_q2,4.0,0.9999897480010986,1
high11574.txt_q0,4.0,0.9996854066848755,1
high21835.txt_q3,4.0,0.9952746629714966,1
high18501.txt_q0,4.0,0.24358509480953217,0
middle4838.txt_q3,4.0,0.9999995231628418,1
high4777.txt_q2,4.0,0.9999991655349731,1
high15924.txt_q2,4.0,1.0,1
high15999.txt_q0,4.0,0.843947172164917,1
high9643.txt_q1,4.0,0.9879162311553955,1
high4686.txt_q0,4.0,0.9975419044494629,1
middle4775.txt_q0,4.0,0.9999629259109497,1
high5553.txt_q3,4.0,0.9774190187454224,1
high8452.txt_q3,4.0,1.0,1
middle3575.txt_q0,4.0,0.47260093688964844,1
high16119.txt_q2,4.0,0.9971222281455994,1
high6883.txt_q0,4.0,0.9849991202354431,1
high3767.txt_q0,4.0,0.9476847648620605,1
middle2417.txt_q3,4.0,0.9999986886978149,1
high18128.txt_q1,4.0,0.958014965057373,1
middle7521.txt_q0,4.0,0.9999996423721313,1
high729.txt_q1,4.0,0.9933064579963684,1
high18359.txt_q0,4.0,1.0,1
high8061.txt_q2,4.0,0.9975789189338684,1
middle7020.txt_q2,4.0,0.9997568726539612,1
high19393.txt_q1,4.0,0.9998854398727417,1
high2460.txt_q2,4.0,0.9999791383743286,1
high5177.txt_q0,4.0,0.9999979734420776,1
high18186.txt_q3,4.0,1.0,1
middle715.txt_q1,4.0,0.9999799728393555,1
high18407.txt_q2,4.0,0.9999758005142212,1
high18282.txt_q0,4.0,0.9805521368980408,1
high3892.txt_q1,4.0,0.9999855756759644,1
high10440.txt_q1,4.0,0.9430674910545349,1
high14203.txt_q0,4.0,0.9920758008956909,1
high16158.txt_q1,4.0,0.9974164962768555,1
middle7590.txt_q3,4.0,0.9997711777687073,1
middle8274.txt_q2,4.0,0.3805125951766968,0
high3837.txt_q2,4.0,0.6176974177360535,1
high22290.txt_q3,4.0,0.9770663380622864,1
high7194.txt_q1,4.0,0.9728226661682129,1
high2496.txt_q0,4.0,0.9988829493522644,1
high22347.txt_q0,4.0,0.9974713325500488,1
middle1902.txt_q2,4.0,0.9999947547912598,1
high4021.txt_q1,4.0,0.9993348717689514,1
high17958.txt_q0,4.0,0.9996273517608643,1
middle5079.txt_q2,4.0,0.9979503750801086,1
high3286.txt_q1,4.0,0.9984161853790283,1
high4873.txt_q2,4.0,0.9997848868370056,1
high16672.txt_q1,4.0,0.9998169541358948,1
middle2301.txt_q1,4.0,0.9998151659965515,1
middle2274.txt_q2,4.0,1.0,1
high2325.txt_q0,4.0,0.9999805688858032,1
middle6268.txt_q2,4.0,0.9999852180480957,1
high18206.txt_q3,4.0,0.9999805688858032,1
high1232.txt_q3,4.0,0.9996933937072754,1
middle3695.txt_q1,4.0,0.9999988079071045,1
high13799.txt_q2,4.0,0.6796560287475586,1
high21549.txt_q2,4.0,0.9999077320098877,1
high9996.txt_q3,4.0,0.999467670917511,1
middle1385.txt_q0,4.0,0.9999536275863647,1
middle2819.txt_q2,4.0,0.9999094009399414,1
high7142.txt_q0,4.0,0.9999896287918091,1
middle133.txt_q0,4.0,0.9999560117721558,1
middle4431.txt_q0,4.0,0.9999635219573975,1
middle5762.txt_q0,4.0,0.9999990463256836,1
high23236.txt_q3,4.0,0.9998698234558105,1
middle3843.txt_q1,4.0,0.9971369504928589,1
high5884.txt_q3,4.0,0.9126780033111572,1
middle5567.txt_q2,4.0,0.9999995231628418,1
high12338.txt_q0,4.0,0.9992212057113647,1
high10602.txt_q1,4.0,0.9689467549324036,1
middle339.txt_q1,4.0,0.9987529516220093,1
high10248.txt_q1,4.0,0.9999105930328369,1
high536.txt_q1,4.0,0.9999550580978394,1
high5866.txt_q1,4.0,0.9999984502792358,1
middle7537.txt_q2,4.0,0.9987547397613525,1
high1427.txt_q2,4.0,0.9999673366546631,1
high4566.txt_q2,4.0,0.9999991655349731,1
high14710.txt_q3,4.0,0.997244119644165,1
middle7280.txt_q0,4.0,0.9999990463256836,1
high13467.txt_q0,4.0,0.9997573494911194,1
middle7363.txt_q1,4.0,0.9997474551200867,1
high20919.txt_q1,4.0,0.9993970394134521,1
high4269.txt_q1,4.0,0.9986397624015808,1
high14028.txt_q1,4.0,0.9944865107536316,1
high17723.txt_q2,4.0,0.9999942779541016,1
high4296.txt_q0,4.0,0.9997591376304626,1
high22548.txt_q3,4.0,0.995051920413971,1
high20099.txt_q2,4.0,0.9992929697036743,1
high23674.txt_q3,4.0,0.9999011754989624,1
high11995.txt_q3,4.0,0.9999994039535522,1
middle880.txt_q1,4.0,0.9963356256484985,1
high8781.txt_q4,4.0,0.991500973701477,1
high4442.txt_q2,4.0,0.8246296644210815,1
middle5460.txt_q3,4.0,0.9894549250602722,1
high23699.txt_q3,4.0,0.9999730587005615,1
high6761.txt_q0,4.0,0.9996670484542847,1
high11030.txt_q3,4.0,0.9999979734420776,1
high17434.txt_q4,4.0,0.9890340566635132,1
middle2088.txt_q0,4.0,0.9998171925544739,1
high24197.txt_q1,4.0,0.999036431312561,1
high7459.txt_q0,4.0,0.9999908208847046,1
high5490.txt_q0,4.0,0.7865901589393616,1
high10873.txt_q0,4.0,0.9970314502716064,1
middle1551.txt_q0,4.0,0.9917985200881958,1
high6116.txt_q2,4.0,0.999990701675415,1
high5775.txt_q0,4.0,0.9996713399887085,1
high16492.txt_q2,4.0,0.9997310042381287,1
high16239.txt_q2,4.0,0.9996217489242554,1
middle7011.txt_q4,4.0,0.4687871038913727,0
high7836.txt_q0,4.0,0.9022918343544006,1
high19431.txt_q1,4.0,0.9982059001922607,1
high16765.txt_q2,4.0,0.999998927116394,1
high20797.txt_q1,4.0,0.9999929666519165,1
high1875.txt_q2,4.0,0.9794725179672241,1
middle4658.txt_q1,4.0,0.9999983310699463,1
high11684.txt_q2,4.0,0.9999386072158813,1
middle5951.txt_q1,4.0,0.9998922348022461,1
middle5867.txt_q4,4.0,0.9998849630355835,1
middle3883.txt_q0,4.0,0.9999977350234985,1
high6880.txt_q1,4.0,0.9998899698257446,1
middle1523.txt_q0,4.0,0.9591402411460876,1
high4073.txt_q4,4.0,0.9999697208404541,1
high16666.txt_q0,4.0,0.9962433576583862,1
high20242.txt_q1,4.0,0.9975032210350037,1
high16338.txt_q0,4.0,0.991783618927002,1
high17161.txt_q0,4.0,0.9975802898406982,1
middle1677.txt_q1,4.0,0.999998927116394,1
high6737.txt_q4,4.0,0.9587310552597046,1
high22704.txt_q0,4.0,0.9999996423721313,1
high20642.txt_q4,4.0,0.9986675977706909,1
high24010.txt_q2,4.0,0.9999823570251465,1
high3867.txt_q3,4.0,0.9984468817710876,1
high11686.txt_q2,4.0,0.9999998807907104,1
high21124.txt_q1,4.0,0.9998995065689087,1
high22965.txt_q0,4.0,0.875029981136322,1
middle4754.txt_q0,4.0,0.9990779161453247,1
high16305.txt_q0,4.0,0.999992847442627,1
middle3763.txt_q1,4.0,0.9999997615814209,1
middle2158.txt_q2,4.0,0.22926585376262665,0
high22436.txt_q1,4.0,0.9944955706596375,1
high4436.txt_q0,4.0,0.9999982118606567,1
high14425.txt_q1,4.0,0.9999396800994873,1
high20929.txt_q2,4.0,0.9997926354408264,1
high14575.txt_q2,4.0,0.9994206428527832,1
middle4908.txt_q1,4.0,0.9999904632568359,1
high1757.txt_q3,4.0,0.9999957084655762,1
high7226.txt_q2,4.0,0.9994292855262756,1
high24007.txt_q2,4.0,0.9999922513961792,1
high4178.txt_q0,4.0,0.9999856948852539,1
middle8054.txt_q0,4.0,0.9902903437614441,1
high6905.txt_q0,4.0,0.9995880722999573,1
middle5259.txt_q3,4.0,0.9993952512741089,1
high2924.txt_q2,4.0,0.997849702835083,1
middle5206.txt_q1,4.0,0.9435484409332275,1
middle3346.txt_q3,4.0,0.9999887943267822,1
middle5984.txt_q0,4.0,1.0,1
high5975.txt_q2,4.0,0.9997904896736145,1
high13571.txt_q1,4.0,0.9999234676361084,1
middle5248.txt_q1,4.0,0.8201071619987488,1
high21336.txt_q0,4.0,0.7203214764595032,1
high12436.txt_q1,4.0,0.9998966455459595,1
high7734.txt_q3,4.0,0.9999938011169434,1
middle3852.txt_q2,4.0,0.9999998807907104,1
high5929.txt_q0,4.0,0.9999794960021973,1
middle788.txt_q3,4.0,0.9940109848976135,1
high16941.txt_q1,4.0,0.9994947910308838,1
high12204.txt_q1,4.0,0.9995229244232178,1
middle4055.txt_q2,4.0,0.4478358328342438,1
middle1363.txt_q3,4.0,0.9995788931846619,1
high2321.txt_q0,4.0,0.8211164474487305,1
middle5485.txt_q4,4.0,0.9999998807907104,1
middle226.txt_q2,4.0,0.9996757507324219,1
middle2647.txt_q1,4.0,0.7260347008705139,1
middle3260.txt_q3,4.0,0.8008885383605957,1
high19138.txt_q0,4.0,0.9999954700469971,1
high23075.txt_q3,4.0,0.9999585151672363,1
middle5132.txt_q1,4.0,0.999983549118042,1
middle5363.txt_q0,4.0,0.9999998807907104,1
middle3559.txt_q3,4.0,0.999518871307373,1
middle3288.txt_q1,4.0,0.9999997615814209,1
high3373.txt_q4,4.0,0.9986801743507385,1
high10180.txt_q0,4.0,0.9984945058822632,1
high23536.txt_q3,4.0,0.9999833106994629,1
middle7789.txt_q0,4.0,1.0,1
high9672.txt_q0,4.0,0.9942177534103394,1
high19743.txt_q3,4.0,0.9725793600082397,1
high22767.txt_q3,4.0,0.9999998807907104,1
middle7000.txt_q1,4.0,0.9999886751174927,1
high12691.txt_q3,4.0,0.9999887943267822,1
high23580.txt_q2,4.0,0.9978123903274536,1
high14076.txt_q2,4.0,0.9999898672103882,1
middle4443.txt_q2,4.0,0.999908447265625,1
high8201.txt_q2,4.0,0.9999405145645142,1
high22334.txt_q0,4.0,0.9999808073043823,1
middle7248.txt_q2,4.0,0.9997701048851013,1
middle595.txt_q1,4.0,0.9997852444648743,1
high6514.txt_q1,4.0,0.9995123147964478,1
high1707.txt_q0,4.0,0.9999257326126099,1
high16493.txt_q4,4.0,0.9998345375061035,1
high8177.txt_q1,4.0,0.9999988079071045,1
high24176.txt_q1,4.0,0.9999973773956299,1
high23964.txt_q0,4.0,0.9556440114974976,1
high580.txt_q3,4.0,0.9951919317245483,1
high9040.txt_q0,4.0,0.9990142583847046,1
high18163.txt_q0,4.0,0.9998151659965515,1
high2401.txt_q2,4.0,0.9999943971633911,1
high9230.txt_q3,4.0,0.9998812675476074,1
middle7067.txt_q0,4.0,0.9992272853851318,1
middle4630.txt_q0,4.0,0.9999998807907104,1
high7325.txt_q1,4.0,0.9999778270721436,1
high23448.txt_q2,4.0,0.9996395111083984,1
middle5129.txt_q3,4.0,0.9999973773956299,1
high14835.txt_q2,4.0,0.9993627667427063,1
middle4778.txt_q1,4.0,0.9999359846115112,1
middle943.txt_q0,4.0,0.9999910593032837,1
high22085.txt_q2,4.0,0.999940037727356,1
high6163.txt_q1,4.0,0.9999674558639526,1
middle2937.txt_q2,4.0,1.0,1
middle5402.txt_q0,4.0,0.9999991655349731,1
high23297.txt_q1,4.0,0.9899237751960754,1
high6834.txt_q2,4.0,0.9999443292617798,1
middle7136.txt_q2,4.0,0.9999462366104126,1
high8762.txt_q3,4.0,0.9977195858955383,1
middle3805.txt_q0,4.0,1.0,1
high16971.txt_q1,4.0,0.06291569769382477,0
high12559.txt_q2,4.0,0.9980022311210632,1
high3946.txt_q0,4.0,0.9966416358947754,1
middle1886.txt_q0,4.0,1.0,1
high21331.txt_q3,4.0,0.9999022483825684,1
high8769.txt_q0,4.0,0.7342172861099243,1
middle7128.txt_q1,4.0,0.9982903599739075,1
high2930.txt_q1,4.0,0.9999099969863892,1
high1047.txt_q3,4.0,0.9990091323852539,1
high3485.txt_q3,4.0,0.9988923668861389,1
high18632.txt_q2,4.0,0.9974205493927002,1
high9719.txt_q3,4.0,0.9998931884765625,1
middle1396.txt_q0,4.0,0.9999990463256836,1
high1540.txt_q2,4.0,0.982903778553009,1
middle7078.txt_q1,4.0,1.0,1
middle5984.txt_q1,4.0,0.9999767541885376,1
high18291.txt_q1,4.0,0.9993865489959717,1
high22655.txt_q1,4.0,0.9989377856254578,1
high954.txt_q0,4.0,0.910923182964325,1
high2405.txt_q3,4.0,0.9872258305549622,1
middle6473.txt_q3,4.0,0.8712719678878784,1
high16836.txt_q4,4.0,0.9999849796295166,1
middle7110.txt_q0,4.0,1.0,1
high9076.txt_q2,4.0,0.9992971420288086,1
high6799.txt_q0,4.0,0.9999995231628418,1
high18582.txt_q0,4.0,0.9999300241470337,1
high12514.txt_q1,4.0,0.9999082088470459,1
high15506.txt_q0,4.0,0.9999610185623169,1
middle4001.txt_q2,4.0,0.9999997615814209,1
middle1358.txt_q3,4.0,0.999840497970581,1
high16488.txt_q2,4.0,0.9999233484268188,1
high17375.txt_q0,4.0,0.999983549118042,1
middle5101.txt_q3,4.0,0.9989956021308899,1
high5515.txt_q1,4.0,0.98919278383255,1
high6283.txt_q0,4.0,0.9997628331184387,1
high8854.txt_q3,4.0,0.9999997615814209,1
high573.txt_q2,4.0,0.9973751306533813,1
middle8240.txt_q0,4.0,1.0,1
high7777.txt_q2,4.0,0.9999265670776367,1
middle1518.txt_q3,4.0,0.9997586607933044,1
high5526.txt_q3,4.0,0.9992951154708862,1
middle981.txt_q2,4.0,0.9999998807907104,1
middle6896.txt_q2,4.0,0.9951190948486328,1
middle5603.txt_q0,4.0,0.9999814033508301,1
high14786.txt_q0,4.0,0.9999891519546509,1
high23026.txt_q1,4.0,0.8468927145004272,1
middle892.txt_q4,4.0,0.9961944818496704,1
high21155.txt_q1,4.0,0.9999996423721313,1
high17820.txt_q0,4.0,0.9910434484481812,1
high15193.txt_q0,4.0,0.952418863773346,1
high3718.txt_q0,4.0,0.9999970197677612,1
high18256.txt_q0,4.0,0.9999948740005493,1
high9418.txt_q0,4.0,0.3181288242340088,0
high19905.txt_q2,4.0,0.15780717134475708,0
middle2061.txt_q0,4.0,0.9991470575332642,1
high3105.txt_q0,4.0,0.9728725552558899,1
high7166.txt_q0,4.0,0.9999979734420776,1
high16575.txt_q0,4.0,0.9989909529685974,1
middle3043.txt_q2,4.0,0.9999939203262329,1
high13599.txt_q3,4.0,0.9996556043624878,1
high7335.txt_q0,4.0,0.9999207258224487,1
high9631.txt_q2,4.0,0.9999772310256958,1
high20374.txt_q2,4.0,0.9998666048049927,1
middle732.txt_q0,4.0,0.9999973773956299,1
high478.txt_q2,4.0,0.8805493712425232,1
high4125.txt_q0,4.0,0.9950345754623413,1
high22912.txt_q3,4.0,0.9411299228668213,1
high32.txt_q1,4.0,0.999932050704956,1
middle987.txt_q1,4.0,0.9990590214729309,1
middle8202.txt_q0,4.0,0.9420984983444214,1
middle5221.txt_q2,4.0,0.9993365406990051,1
high4068.txt_q3,4.0,0.9998692274093628,1
high6369.txt_q1,4.0,0.9999990463256836,1
high10730.txt_q1,4.0,0.9210367202758789,1
middle2935.txt_q2,4.0,1.0,1
high2646.txt_q2,4.0,0.9927158951759338,1
high5397.txt_q2,4.0,0.5668441653251648,1
high21734.txt_q0,4.0,0.9999966621398926,1
middle4087.txt_q1,4.0,0.9999241828918457,1
high9210.txt_q4,4.0,0.9963600039482117,1
middle2734.txt_q3,4.0,0.999998927116394,1
high4705.txt_q0,4.0,0.999028205871582,1
high11405.txt_q1,4.0,0.9992817044258118,1
high22798.txt_q3,4.0,0.9999715089797974,1
middle1670.txt_q4,4.0,0.9995059967041016,1
high2834.txt_q1,4.0,1.0,1
high23111.txt_q1,4.0,0.9763196706771851,1
high8731.txt_q0,4.0,0.5646230578422546,1
high3535.txt_q3,4.0,0.9999748468399048,1
high12456.txt_q1,4.0,0.9999915361404419,1
middle2520.txt_q1,4.0,1.0,1
high7800.txt_q1,4.0,0.9999103546142578,1
middle6675.txt_q0,4.0,0.701047420501709,1
high15228.txt_q0,4.0,0.9995681643486023,1
middle7920.txt_q2,4.0,0.6823328733444214,1
high14031.txt_q2,4.0,0.45951709151268005,0
high20531.txt_q1,4.0,0.9974428415298462,1
high23881.txt_q1,4.0,0.9989670515060425,1
middle1891.txt_q0,4.0,1.0,1
high15816.txt_q0,4.0,0.9995263814926147,1
high20364.txt_q2,4.0,0.999823272228241,1
middle4845.txt_q2,4.0,0.9999749660491943,1
high17570.txt_q0,4.0,0.9999980926513672,1
middle7533.txt_q3,4.0,0.9994980096817017,1
middle4680.txt_q0,4.0,0.9940821528434753,1
middle5333.txt_q1,4.0,0.999958872795105,1
high23313.txt_q3,4.0,0.999529242515564,1
middle2245.txt_q4,4.0,0.999995231628418,1
high23835.txt_q0,4.0,0.9959000945091248,1
high2053.txt_q3,4.0,0.9999231100082397,1
high6430.txt_q0,4.0,0.9997047781944275,1
high17017.txt_q0,4.0,0.8762344717979431,1
high16198.txt_q3,4.0,0.9998339414596558,1
high5928.txt_q2,4.0,0.18070219457149506,0
high5383.txt_q0,4.0,0.9999923706054688,1
high6092.txt_q2,4.0,0.9990888833999634,1
high13138.txt_q0,4.0,0.012994219549000263,0
middle5595.txt_q2,4.0,0.9989281296730042,1
high17141.txt_q1,4.0,0.9999338388442993,1
high6177.txt_q0,4.0,0.9999947547912598,1
high2116.txt_q3,4.0,0.9999873638153076,1
high349.txt_q0,4.0,0.9956485629081726,1
middle349.txt_q0,4.0,0.9999929666519165,1
high21871.txt_q1,4.0,0.9999943971633911,1
middle6295.txt_q0,4.0,0.9999971389770508,1
high5607.txt_q0,4.0,0.9999737739562988,1
high18350.txt_q1,4.0,0.9806846976280212,1
middle19.txt_q1,4.0,0.9993844032287598,1
high11705.txt_q2,4.0,0.9999996423721313,1
high5003.txt_q4,4.0,0.9979494214057922,1
high1265.txt_q1,4.0,0.9999997615814209,1
middle6598.txt_q1,4.0,0.9999542236328125,1
middle4478.txt_q1,4.0,0.997734785079956,1
high13886.txt_q0,4.0,0.9989136457443237,1
middle590.txt_q2,4.0,0.9999854564666748,1
middle4909.txt_q1,4.0,0.9993628859519958,1
high10382.txt_q0,4.0,0.9999985694885254,1
high2145.txt_q1,4.0,0.9999955892562866,1
high2888.txt_q3,4.0,0.9995402097702026,1
high9164.txt_q1,4.0,0.48648834228515625,1
high23509.txt_q2,4.0,0.9999866485595703,1
middle2306.txt_q2,4.0,0.9992350339889526,1
middle4962.txt_q1,4.0,0.9616072773933411,1
middle3026.txt_q0,4.0,0.9999880790710449,1
middle5748.txt_q1,4.0,0.18311773240566254,0
high24153.txt_q2,4.0,0.999977707862854,1
middle3404.txt_q1,4.0,0.6828007102012634,1
high9121.txt_q1,4.0,0.9949616193771362,1
high9819.txt_q2,4.0,0.9992628693580627,1
high18421.txt_q1,4.0,0.9590903520584106,1
high21370.txt_q2,4.0,0.9500982165336609,1
high16051.txt_q1,4.0,0.9999853372573853,1
middle3805.txt_q3,4.0,0.9999995231628418,1
high16179.txt_q0,4.0,0.9996832609176636,1
high17610.txt_q1,4.0,0.9728584289550781,1
high17887.txt_q0,4.0,0.9999998807907104,1
middle2548.txt_q1,4.0,0.9999300241470337,1
high10552.txt_q2,4.0,0.9991094470024109,1
high22530.txt_q3,4.0,0.9991629123687744,1
middle1046.txt_q0,4.0,0.9999960660934448,1
high525.txt_q4,4.0,1.0,1
middle3212.txt_q1,4.0,0.9824214577674866,1
high15494.txt_q1,4.0,0.7822433114051819,1
high15799.txt_q1,4.0,0.9999871253967285,1
high17682.txt_q1,4.0,0.9821848273277283,1
high21381.txt_q0,4.0,0.9985009431838989,1
middle6479.txt_q4,4.0,0.9966656565666199,1
middle4740.txt_q1,4.0,0.9999810457229614,1
high19707.txt_q2,4.0,0.9997898936271667,1
middle2308.txt_q0,4.0,0.9999901056289673,1
middle2176.txt_q2,4.0,0.906212329864502,1
high1345.txt_q0,4.0,0.9999876022338867,1
middle7569.txt_q2,4.0,0.9999984502792358,1
high23860.txt_q3,4.0,0.9999935626983643,1
middle5306.txt_q0,4.0,0.9542351961135864,1
high1711.txt_q0,4.0,0.9918543100357056,1
middle3885.txt_q1,4.0,0.9999964237213135,1
high17163.txt_q3,4.0,0.9937014579772949,1
high21954.txt_q3,4.0,0.9560896158218384,1
high17476.txt_q0,4.0,0.9994890689849854,1
high1989.txt_q1,4.0,0.9999276399612427,1
high5137.txt_q3,4.0,0.9995189905166626,1
high22921.txt_q0,4.0,0.9761753678321838,1
high2393.txt_q1,4.0,0.9999985694885254,1
middle4463.txt_q2,4.0,0.9998094439506531,1
middle7643.txt_q2,4.0,0.992796003818512,1
high21094.txt_q1,4.0,0.9998409748077393,1
middle3137.txt_q2,4.0,0.9982001781463623,1
middle8188.txt_q2,4.0,0.9999963045120239,1
high19460.txt_q0,4.0,0.9995757937431335,1
middle3449.txt_q2,4.0,0.9994469285011292,1
high20684.txt_q2,4.0,0.9998453855514526,1
high18147.txt_q0,4.0,0.9398297071456909,1
high16305.txt_q1,4.0,0.9775959253311157,1
high13158.txt_q0,4.0,0.1654113084077835,0
high23002.txt_q2,4.0,0.9918169379234314,1
middle3202.txt_q1,4.0,0.9999879598617554,1
high10659.txt_q0,4.0,0.999424934387207,1
high10528.txt_q3,4.0,0.9935300946235657,1
high21182.txt_q0,4.0,0.9946999549865723,1
high19548.txt_q2,4.0,0.959439754486084,1
high22343.txt_q3,4.0,0.999915599822998,1
high3983.txt_q1,4.0,0.9954767823219299,1
high13474.txt_q2,4.0,0.9940112233161926,1
high18406.txt_q0,4.0,0.15448570251464844,0
high22865.txt_q1,4.0,0.9972525238990784,1
high10254.txt_q2,4.0,0.9989405274391174,1
high21482.txt_q0,4.0,0.9999982118606567,1
high18309.txt_q2,4.0,0.10038677603006363,0
high13269.txt_q1,4.0,0.9970327615737915,1
high19404.txt_q0,4.0,0.9999990463256836,1
high20667.txt_q3,4.0,0.9998512268066406,1
high2710.txt_q0,4.0,0.9998867511749268,1
high11441.txt_q1,4.0,0.9975462555885315,1
high7795.txt_q0,4.0,0.999610960483551,1
high11420.txt_q0,4.0,0.9997856020927429,1
high8955.txt_q2,4.0,0.9997302889823914,1
high7437.txt_q0,4.0,0.7994825839996338,1
high9288.txt_q1,4.0,0.9999303817749023,1
high22805.txt_q1,4.0,0.9999994039535522,1
high8452.txt_q1,4.0,0.9998359680175781,1
middle158.txt_q4,4.0,0.9999639987945557,1
high20665.txt_q4,4.0,0.9999992847442627,1
high19448.txt_q0,4.0,0.999510645866394,1
high461.txt_q1,4.0,0.9998607635498047,1
high5178.txt_q1,4.0,0.9833768606185913,1
middle1807.txt_q2,4.0,0.9999730587005615,1
high8241.txt_q0,4.0,0.9999881982803345,1
high3778.txt_q1,4.0,0.9983554482460022,1
high7128.txt_q2,4.0,0.9075450897216797,1
high5554.txt_q3,4.0,0.9999748468399048,1
high9456.txt_q1,4.0,0.9974461793899536,1
high11485.txt_q2,4.0,0.9999653100967407,1
high8067.txt_q1,4.0,0.9998948574066162,1
middle7861.txt_q1,4.0,0.9999998807907104,1
middle4298.txt_q3,4.0,0.16250674426555634,0
middle6647.txt_q2,4.0,0.22632955014705658,0
high5369.txt_q1,4.0,0.9999778270721436,1
middle4238.txt_q3,4.0,0.9999741315841675,1
high562.txt_q1,4.0,0.9999868869781494,1
high13348.txt_q0,4.0,0.9993884563446045,1
high15100.txt_q2,4.0,0.9996857643127441,1
middle389.txt_q4,4.0,0.9999985694885254,1
high16909.txt_q2,4.0,0.978471577167511,1
high20511.txt_q2,4.0,0.9998225569725037,1
high21655.txt_q0,4.0,0.30808010697364807,0
high1764.txt_q1,4.0,0.9997231364250183,1
high10171.txt_q0,4.0,0.660912275314331,1
high13356.txt_q2,4.0,0.9939203262329102,1
middle2853.txt_q1,4.0,0.999722421169281,1
high6697.txt_q0,4.0,0.999853253364563,1
high22063.txt_q4,4.0,0.9990712404251099,1
high7636.txt_q0,4.0,0.9999910593032837,1
high21923.txt_q4,4.0,0.9999980926513672,1
middle1064.txt_q2,4.0,0.9996854066848755,1
middle801.txt_q1,4.0,0.9984163045883179,1
high18066.txt_q0,4.0,0.8733524680137634,1
high14398.txt_q1,4.0,0.9999295473098755,1
high12247.txt_q0,4.0,0.9971721768379211,1
middle6005.txt_q1,4.0,0.5749837160110474,1
middle3845.txt_q0,4.0,0.999984860420227,1
high17457.txt_q0,4.0,0.9995978474617004,1
middle518.txt_q1,4.0,0.27925512194633484,0
middle915.txt_q4,4.0,0.9999150037765503,1
middle488.txt_q0,4.0,0.9999996423721313,1
middle7565.txt_q4,4.0,0.9999990463256836,1
high5617.txt_q2,4.0,0.942850649356842,1
middle5834.txt_q2,4.0,0.9984874725341797,1
middle3755.txt_q1,4.0,0.9998290538787842,1
high18893.txt_q1,4.0,0.9978651404380798,1
middle7643.txt_q0,4.0,0.010663469322025776,0
middle7785.txt_q0,4.0,1.0,1
high18816.txt_q1,4.0,0.9998134970664978,1
high5578.txt_q1,4.0,0.6638938784599304,1
high16070.txt_q3,4.0,0.9999998807907104,1
middle863.txt_q2,4.0,0.40209612250328064,1
middle4616.txt_q1,4.0,0.9999998807907104,1
high23205.txt_q2,4.0,0.9999991655349731,1
high11678.txt_q0,4.0,0.9754534363746643,1
high17672.txt_q1,4.0,0.9997178912162781,1
middle225.txt_q2,4.0,0.9927421808242798,1
high23320.txt_q0,4.0,0.35730743408203125,1
high19402.txt_q1,4.0,0.9999828338623047,1
high23647.txt_q0,4.0,0.9992770552635193,1
high9898.txt_q2,4.0,0.9999910593032837,1
high12347.txt_q2,4.0,0.9999982118606567,1
high3250.txt_q1,4.0,0.9922887682914734,1
middle7843.txt_q2,4.0,0.9999895095825195,1
high17737.txt_q0,4.0,0.46405285596847534,0
middle744.txt_q0,4.0,0.9999983310699463,1
middle832.txt_q4,4.0,0.9941297769546509,1
high9822.txt_q0,4.0,0.9984410405158997,1
high2394.txt_q1,4.0,0.9994705319404602,1
middle3707.txt_q1,4.0,1.0,1
middle1100.txt_q0,4.0,0.9962496161460876,1
high16276.txt_q0,4.0,0.05013137683272362,0
high1175.txt_q0,4.0,0.9998045563697815,1
high12010.txt_q1,4.0,1.0,1
middle7667.txt_q3,4.0,0.24397733807563782,0
high5492.txt_q1,4.0,0.999901294708252,1
high2582.txt_q2,4.0,0.9932017922401428,1
high3140.txt_q1,4.0,0.9994136095046997,1
middle4668.txt_q2,4.0,0.9999924898147583,1
high19666.txt_q2,4.0,0.8961451649665833,1
high3019.txt_q3,4.0,0.9997957348823547,1
middle4891.txt_q0,4.0,0.984260618686676,1
high21345.txt_q0,4.0,0.9999961853027344,1
high16259.txt_q1,4.0,0.999994158744812,1
high3160.txt_q0,4.0,0.9801162481307983,1
high8134.txt_q0,4.0,0.99915611743927,1
high16267.txt_q2,4.0,0.9986032843589783,1
high15606.txt_q1,4.0,0.9842252731323242,1
middle27.txt_q4,4.0,0.9999985694885254,1
middle2677.txt_q1,4.0,0.7099302411079407,1
middle6821.txt_q1,4.0,0.984696626663208,1
high9256.txt_q3,4.0,0.9999995231628418,1
high18438.txt_q0,4.0,0.6221107840538025,1
middle3710.txt_q1,4.0,0.9985068440437317,1
middle2969.txt_q0,4.0,0.9993434548377991,1
high10981.txt_q3,4.0,0.9998966455459595,1
high3480.txt_q2,4.0,0.9999969005584717,1
high19691.txt_q2,4.0,0.974724292755127,1
high13578.txt_q0,4.0,0.9999998807907104,1
high20225.txt_q2,4.0,0.9983816146850586,1
high14571.txt_q2,4.0,0.9386860132217407,1
high22589.txt_q0,4.0,0.9999994039535522,1
middle4187.txt_q3,4.0,1.0,1
middle4712.txt_q1,4.0,0.9999395608901978,1
high9590.txt_q1,4.0,0.9999994039535522,1
middle6991.txt_q2,4.0,0.9699977040290833,1
high7080.txt_q2,4.0,0.999998927116394,1
high20045.txt_q2,4.0,0.9999909400939941,1
high6158.txt_q0,4.0,0.9860332608222961,1
middle5981.txt_q4,4.0,0.9999794960021973,1
high316.txt_q3,4.0,0.9635742902755737,1
high7632.txt_q0,4.0,0.9996046423912048,1
high9809.txt_q0,4.0,0.9971317052841187,1
high423.txt_q1,4.0,0.9999887943267822,1
middle7029.txt_q1,4.0,0.9999998807907104,1
middle4105.txt_q3,4.0,0.9981217980384827,1
middle3488.txt_q1,4.0,0.998339056968689,1
middle4424.txt_q0,4.0,0.9999797344207764,1
high3457.txt_q2,4.0,0.9996243715286255,1
high494.txt_q0,4.0,0.9999934434890747,1
high15898.txt_q0,4.0,0.9999916553497314,1
middle6004.txt_q3,4.0,0.997420072555542,1
high8038.txt_q0,4.0,0.3566255569458008,0
high11087.txt_q1,4.0,0.9995006322860718,1
high17931.txt_q1,4.0,0.9999829530715942,1
middle5904.txt_q4,4.0,0.9999833106994629,1
high13951.txt_q3,4.0,0.9998997449874878,1
middle1407.txt_q1,4.0,0.9999700784683228,1
middle8115.txt_q2,4.0,0.99957674741745,1
middle7788.txt_q4,4.0,0.9999690055847168,1
high1461.txt_q3,4.0,0.9999533891677856,1
high6307.txt_q2,4.0,0.9992988109588623,1
high887.txt_q0,4.0,0.9999985694885254,1
high19575.txt_q2,4.0,0.9963703155517578,1
middle2343.txt_q2,4.0,0.3996095061302185,0
middle5357.txt_q2,4.0,0.2745009660720825,0
middle456.txt_q3,4.0,0.9999731779098511,1
high14286.txt_q2,4.0,0.99982088804245,1
high19664.txt_q2,4.0,0.9994310736656189,1
middle5541.txt_q2,4.0,0.6994567513465881,1
high22602.txt_q3,4.0,0.9999812841415405,1
high21755.txt_q0,4.0,0.9999997615814209,1
middle165.txt_q0,4.0,0.2220068722963333,0
high172.txt_q0,4.0,0.588873028755188,1
middle7017.txt_q4,4.0,0.9999986886978149,1
middle210.txt_q2,4.0,0.9680407047271729,1
middle1668.txt_q1,4.0,0.9876883625984192,1
high12710.txt_q1,4.0,0.9927343130111694,1
middle6436.txt_q0,4.0,0.27007678151130676,0
high19554.txt_q2,4.0,0.9999915361404419,1
high18557.txt_q1,4.0,1.0,1
high2109.txt_q1,4.0,0.4032897651195526,1
middle2782.txt_q4,4.0,0.9999428987503052,1
high8169.txt_q2,4.0,0.9999324083328247,1
high6088.txt_q1,4.0,0.9999700784683228,1
high1456.txt_q2,4.0,0.9994617104530334,1
high19272.txt_q0,4.0,0.9998719692230225,1
high16725.txt_q0,4.0,0.9994741082191467,1
middle7002.txt_q0,4.0,0.9999599456787109,1
middle733.txt_q0,4.0,0.48808905482292175,1
high14694.txt_q1,4.0,0.99998939037323,1
high7146.txt_q2,4.0,0.9907399415969849,1
high16633.txt_q0,4.0,0.8458128571510315,1
high1582.txt_q1,4.0,0.9984808564186096,1
middle151.txt_q3,4.0,0.9998816251754761,1
middle488.txt_q2,4.0,0.9999988079071045,1
high22181.txt_q1,4.0,0.9988375306129456,1
middle542.txt_q2,4.0,0.5521119236946106,1
high4905.txt_q2,4.0,0.9661760330200195,1
high21833.txt_q5,4.0,0.9994117021560669,1
high20698.txt_q1,4.0,0.9995734095573425,1
high9308.txt_q1,4.0,0.9999825954437256,1
high23182.txt_q2,4.0,0.9999996423721313,1
middle3631.txt_q1,4.0,0.987447202205658,1
middle7440.txt_q3,4.0,0.999995231628418,1
high22585.txt_q2,4.0,0.936964213848114,1
high17254.txt_q1,4.0,0.9985178112983704,1
high16210.txt_q0,4.0,0.9801793098449707,1
high7876.txt_q0,4.0,0.891463577747345,1
high19407.txt_q2,4.0,0.9998503923416138,1
high188.txt_q2,4.0,1.0,1
high22004.txt_q0,4.0,0.9999984502792358,1
high13182.txt_q2,4.0,0.3199153244495392,0
high11090.txt_q1,4.0,0.999997615814209,1
high4641.txt_q4,4.0,0.9996161460876465,1
middle1803.txt_q0,4.0,0.9999990463256836,1
high5117.txt_q4,4.0,0.7852151989936829,1
high14113.txt_q1,4.0,0.9999991655349731,1
high8610.txt_q0,4.0,0.999988317489624,1
high7536.txt_q1,4.0,0.9996973276138306,1
high22402.txt_q1,4.0,0.801902174949646,1
high5536.txt_q2,4.0,0.9931591153144836,1
middle882.txt_q0,4.0,0.9999552965164185,1
middle2038.txt_q2,4.0,0.6462364792823792,1
high1642.txt_q1,4.0,0.9998512268066406,1
high15317.txt_q0,4.0,0.37344276905059814,1
middle4727.txt_q4,4.0,0.9999990463256836,1
high19983.txt_q2,4.0,0.9999186992645264,1
high17336.txt_q1,4.0,0.9999747276306152,1
high19503.txt_q3,4.0,0.9999395608901978,1
middle5415.txt_q0,4.0,0.9999998807907104,1
high18893.txt_q0,4.0,1.0,1
high141.txt_q2,4.0,0.9999580383300781,1
high18198.txt_q3,4.0,0.9999991655349731,1
high1140.txt_q0,4.0,0.9999957084655762,1
middle5807.txt_q1,4.0,0.9999998807907104,1
middle7026.txt_q1,4.0,1.0,1
high14143.txt_q1,4.0,0.9999960660934448,1
high13804.txt_q1,4.0,0.9540843367576599,1
high1288.txt_q3,4.0,0.9991663694381714,1
middle7431.txt_q1,4.0,0.9999977350234985,1
high23118.txt_q1,4.0,0.9996850490570068,1
high24154.txt_q1,4.0,0.8475435376167297,1
high20109.txt_q1,4.0,0.9104958772659302,1
middle5893.txt_q2,4.0,0.9999785423278809,1
high12490.txt_q2,4.0,0.9999600648880005,1
middle1052.txt_q3,4.0,0.9999508857727051,1
high9249.txt_q2,4.0,0.9994992017745972,1
high8084.txt_q0,4.0,0.5453217625617981,1
middle5142.txt_q0,4.0,0.9999986886978149,1
middle7202.txt_q1,4.0,0.9998977184295654,1
high21555.txt_q1,4.0,0.9939042925834656,1
high24114.txt_q1,4.0,0.9092087149620056,1
high1444.txt_q3,4.0,0.9983324408531189,1
middle8095.txt_q0,4.0,0.6352940201759338,1
high13028.txt_q1,4.0,0.9999955892562866,1
middle6016.txt_q1,4.0,1.0,1
middle7032.txt_q0,4.0,0.9994592070579529,1
high15072.txt_q0,4.0,0.9999834299087524,1
high18650.txt_q1,4.0,0.8622778654098511,1
high6020.txt_q1,4.0,0.9995157718658447,1
high2591.txt_q3,4.0,0.9999759197235107,1
high13443.txt_q3,4.0,1.0,1
middle253.txt_q0,4.0,0.9999997615814209,1
high23578.txt_q0,4.0,0.9952853322029114,1
high17231.txt_q4,4.0,1.0,1
high22509.txt_q2,4.0,0.15194271504878998,0
middle308.txt_q0,4.0,0.9969643950462341,1
high24120.txt_q3,4.0,0.9999825954437256,1
middle2919.txt_q2,4.0,0.969481885433197,1
middle5929.txt_q2,4.0,0.4874752163887024,0
high8744.txt_q0,4.0,0.9980883002281189,1
high23500.txt_q0,4.0,0.999196469783783,1
high3059.txt_q0,4.0,0.9631884694099426,1
high21129.txt_q1,4.0,0.22964400053024292,0
high21344.txt_q1,4.0,0.16014300286769867,0
middle5119.txt_q0,4.0,0.9900297522544861,1
high13175.txt_q0,4.0,0.8991924524307251,1
high24007.txt_q1,4.0,0.9997218251228333,1
high21876.txt_q1,4.0,0.9993675351142883,1
high14786.txt_q1,4.0,0.9999988079071045,1
middle2999.txt_q4,4.0,0.9960979223251343,1
middle1114.txt_q0,4.0,0.22427837550640106,0
middle2925.txt_q0,4.0,0.9381665587425232,1
high12441.txt_q1,4.0,0.9964810609817505,1
middle5273.txt_q0,4.0,0.9999990463256836,1
high8065.txt_q2,4.0,0.9701144695281982,1
high10501.txt_q0,4.0,0.9999887943267822,1
high21578.txt_q2,4.0,0.9978020787239075,1
high22345.txt_q0,4.0,0.9959267377853394,1
high636.txt_q0,4.0,0.9574448466300964,1
middle4317.txt_q2,4.0,0.9855588674545288,1
high18366.txt_q0,4.0,0.9999675750732422,1
high22940.txt_q1,4.0,0.9982341527938843,1
high1521.txt_q2,4.0,0.9997021555900574,1
middle316.txt_q2,4.0,0.9999364614486694,1
high5593.txt_q0,4.0,0.9999970197677612,1
high9977.txt_q0,4.0,0.9999996423721313,1
high8780.txt_q2,4.0,0.9901221394538879,1
high481.txt_q1,4.0,0.9937060475349426,1
high7701.txt_q4,4.0,0.9998486042022705,1
high7105.txt_q1,4.0,0.9995415210723877,1
high10920.txt_q2,4.0,0.9962133765220642,1
middle7620.txt_q0,4.0,1.0,1
high17070.txt_q1,4.0,0.9998893737792969,1
middle7777.txt_q0,4.0,0.21169529855251312,0
high19853.txt_q2,4.0,0.999997615814209,1
high17896.txt_q0,4.0,0.9904378056526184,1
high13.txt_q0,4.0,0.9999567270278931,1
high11017.txt_q2,4.0,0.9864794611930847,1
high19524.txt_q0,4.0,0.7141509056091309,1
high7850.txt_q2,4.0,0.9999793767929077,1
high7321.txt_q0,4.0,0.9998875856399536,1
middle5015.txt_q0,4.0,0.9831067323684692,1
middle3700.txt_q4,4.0,0.9991804957389832,1
high13131.txt_q0,4.0,0.9957267045974731,1
high15391.txt_q2,4.0,0.9999929666519165,1
high16940.txt_q3,4.0,1.0,1
high14583.txt_q0,4.0,0.9226170778274536,1
high23344.txt_q4,4.0,0.9999929666519165,1
high17606.txt_q2,4.0,0.9998922348022461,1
high10382.txt_q1,4.0,0.976321280002594,1
middle8030.txt_q5,4.0,0.980628490447998,1
high14752.txt_q0,4.0,0.9999703168869019,1
high4335.txt_q1,4.0,0.9994589686393738,1
high23907.txt_q3,4.0,0.9988648891448975,1
middle5314.txt_q3,4.0,0.8994761109352112,1
high7046.txt_q2,4.0,0.9999887943267822,1
middle1736.txt_q3,4.0,0.9999053478240967,1
middle3513.txt_q0,4.0,0.9998119473457336,1
high6506.txt_q2,4.0,1.0,1
middle6894.txt_q3,4.0,0.913282573223114,1
high3541.txt_q0,4.0,0.9528639316558838,1
high21654.txt_q1,4.0,0.9999499320983887,1
middle4095.txt_q1,4.0,0.9999997615814209,1
middle6252.txt_q4,4.0,0.9972736239433289,1
high3099.txt_q1,4.0,0.9982511401176453,1
high4936.txt_q1,4.0,0.9996376037597656,1
high21025.txt_q2,4.0,0.9999978542327881,1
middle3121.txt_q3,4.0,0.9998056292533875,1
high23915.txt_q2,4.0,0.9971038699150085,1
high18391.txt_q3,4.0,0.9872084259986877,1
high6579.txt_q0,4.0,0.9891023635864258,1
middle7946.txt_q0,4.0,0.9996799230575562,1
middle3075.txt_q0,4.0,0.9999988079071045,1
middle1999.txt_q1,4.0,0.9999982118606567,1
high8465.txt_q0,4.0,0.9999550580978394,1
high14379.txt_q0,4.0,0.24635137617588043,0
high14899.txt_q1,4.0,0.8801012635231018,1
middle4737.txt_q1,4.0,0.9999487400054932,1
high5648.txt_q2,4.0,0.2177276313304901,0
high11013.txt_q3,4.0,0.9999599456787109,1
middle6346.txt_q1,4.0,0.9999947547912598,1
middle4235.txt_q4,4.0,0.8416493535041809,1
high21178.txt_q3,4.0,0.991744339466095,1
high10394.txt_q3,4.0,0.9998912811279297,1
high8449.txt_q3,4.0,0.9998819828033447,1
high21098.txt_q0,4.0,0.9999833106994629,1
high9753.txt_q0,4.0,1.0,1
high4609.txt_q1,4.0,0.9999995231628418,1
high7389.txt_q2,4.0,0.9938157796859741,1
high4526.txt_q0,4.0,0.992897629737854,1
high5443.txt_q1,4.0,0.10792788118124008,0
middle1591.txt_q3,4.0,0.9999780654907227,1
high21101.txt_q3,4.0,0.9991030693054199,1
high3082.txt_q0,4.0,0.9998939037322998,1
high11415.txt_q0,4.0,0.9998340606689453,1
high1228.txt_q3,4.0,0.999346911907196,1
high12041.txt_q0,4.0,0.9999983310699463,1
middle3045.txt_q3,4.0,0.9943490624427795,1
high19079.txt_q3,4.0,0.9999985694885254,1
middle4214.txt_q3,4.0,0.9994207620620728,1
high2543.txt_q3,4.0,0.9567161798477173,1
high20274.txt_q3,4.0,0.9992830157279968,1
high14474.txt_q2,4.0,0.9995136260986328,1
high4688.txt_q1,4.0,0.9996647834777832,1
high16628.txt_q0,4.0,0.9874143004417419,1
high3316.txt_q1,4.0,0.9997861981391907,1
middle3384.txt_q3,4.0,0.9999995231628418,1
high14374.txt_q0,4.0,0.9998879432678223,1
high15025.txt_q1,4.0,0.4354498088359833,1
high12499.txt_q2,4.0,0.9992961883544922,1
high19112.txt_q3,4.0,0.9815478324890137,1
high15871.txt_q2,4.0,0.9999594688415527,1
high6048.txt_q0,4.0,0.9879199266433716,1
high9289.txt_q0,4.0,0.9999645948410034,1
high9847.txt_q3,4.0,0.999329686164856,1
high10323.txt_q0,4.0,0.9990034699440002,1
middle2313.txt_q1,4.0,0.4623570442199707,0
middle1980.txt_q4,4.0,0.9998698234558105,1
middle3220.txt_q0,4.0,0.9999184608459473,1
high5463.txt_q2,4.0,0.9932425618171692,1
high16431.txt_q5,4.0,0.9966754913330078,1
high4287.txt_q2,4.0,0.9999991655349731,1
high11769.txt_q1,4.0,0.9999834299087524,1
middle1227.txt_q1,4.0,0.9999074935913086,1
high10660.txt_q0,4.0,0.9956314563751221,1
high20307.txt_q3,4.0,0.9999932050704956,1
high17321.txt_q1,4.0,0.9999964237213135,1
high11111.txt_q2,4.0,0.9985228180885315,1
high10644.txt_q2,4.0,0.9999452829360962,1
middle1757.txt_q0,4.0,0.9997897744178772,1
high9802.txt_q1,4.0,0.9986618757247925,1
high7118.txt_q3,4.0,0.9999983310699463,1
high20669.txt_q2,4.0,0.9999736547470093,1
middle189.txt_q3,4.0,1.0,1
high16841.txt_q0,4.0,0.9999426603317261,1
high7199.txt_q1,4.0,0.9903035759925842,1
high21427.txt_q2,4.0,0.9999995231628418,1
high9086.txt_q3,4.0,0.9999821186065674,1
high9166.txt_q1,4.0,0.9755780100822449,1
high7925.txt_q1,4.0,0.9999984502792358,1
high17828.txt_q2,4.0,0.7757328748703003,1
middle1151.txt_q0,4.0,0.9999992847442627,1
high14748.txt_q1,4.0,0.9999507665634155,1
high6191.txt_q3,4.0,0.1564907431602478,0
high14737.txt_q1,4.0,0.9999943971633911,1
middle5234.txt_q4,4.0,0.9999852180480957,1
middle7761.txt_q2,4.0,0.5697765350341797,1
high13887.txt_q0,4.0,0.9999997615814209,1
middle1670.txt_q0,4.0,0.9999997615814209,1
high17025.txt_q0,4.0,0.9562849402427673,1
high17449.txt_q1,4.0,0.08896299451589584,0
middle7959.txt_q0,4.0,0.7299019694328308,1
high11763.txt_q2,4.0,0.9999775886535645,1
high9953.txt_q0,4.0,0.9999380111694336,1
high11005.txt_q0,4.0,0.9999996423721313,1
middle5771.txt_q3,4.0,0.9968794584274292,1
high316.txt_q0,4.0,0.9999998807907104,1
high14015.txt_q0,4.0,0.9959195852279663,1
high21301.txt_q2,4.0,0.9946262240409851,1
high18413.txt_q2,4.0,0.08870115876197815,0
high6604.txt_q1,4.0,0.9994297623634338,1
high4303.txt_q1,4.0,0.9938408136367798,1
high11362.txt_q0,4.0,0.9757270216941833,1
middle5981.txt_q2,4.0,0.9999533891677856,1
high3207.txt_q1,4.0,0.40492674708366394,1
high13110.txt_q2,4.0,0.9999836683273315,1
high7069.txt_q2,4.0,0.9145638346672058,1
high5940.txt_q1,4.0,0.9936439990997314,1
high20955.txt_q2,4.0,0.9999902248382568,1
high3136.txt_q2,4.0,0.9179989099502563,1
middle4292.txt_q2,4.0,0.9962316155433655,1
middle369.txt_q1,4.0,0.9912810921669006,1
high14060.txt_q0,4.0,0.9999996423721313,1
middle3924.txt_q0,4.0,0.9813847541809082,1
middle3054.txt_q1,4.0,0.9999868869781494,1
high14389.txt_q1,4.0,0.9703099727630615,1
high2560.txt_q2,4.0,0.9999611377716064,1
high19721.txt_q1,4.0,0.9999995231628418,1
high22673.txt_q3,4.0,0.9999985694885254,1
middle6384.txt_q0,4.0,0.9999629259109497,1
high1193.txt_q2,4.0,0.9812996983528137,1
high19622.txt_q1,4.0,0.9999997615814209,1
high9713.txt_q0,4.0,0.9999997615814209,1
high23378.txt_q1,4.0,0.9996823072433472,1
high22570.txt_q3,4.0,0.9986044764518738,1
high8693.txt_q0,4.0,0.9998996257781982,1
high22170.txt_q1,4.0,0.9998327493667603,1
middle2599.txt_q0,4.0,0.9995928406715393,1
middle6657.txt_q2,4.0,0.991502046585083,1
high24077.txt_q2,4.0,0.9983079433441162,1
middle4720.txt_q2,4.0,0.9266865849494934,1
high11458.txt_q2,4.0,0.998630940914154,1
high5777.txt_q1,4.0,0.9999793767929077,1
high7081.txt_q3,4.0,0.9961799383163452,1
middle1404.txt_q3,4.0,1.0,1
middle4435.txt_q1,4.0,0.9999288320541382,1
high7234.txt_q1,4.0,0.9998226761817932,1
high1000.txt_q0,4.0,0.9999979734420776,1
high7312.txt_q3,4.0,0.7950961589813232,1
high22508.txt_q0,4.0,0.9987838864326477,1
high2978.txt_q3,4.0,0.9846271872520447,1
high2403.txt_q3,4.0,0.9998923540115356,1
high14601.txt_q1,4.0,0.9999818801879883,1
middle2909.txt_q0,4.0,0.9999997615814209,1
high11267.txt_q1,4.0,0.9496258497238159,1
high23839.txt_q3,4.0,0.9011285305023193,1
high4639.txt_q1,4.0,0.9999673366546631,1
high9297.txt_q3,4.0,0.19488823413848877,0
high14942.txt_q0,4.0,0.9995384216308594,1
middle4337.txt_q0,4.0,0.9964627623558044,1
middle1092.txt_q3,4.0,0.9962582588195801,1
high1579.txt_q1,4.0,0.9999998807907104,1
high16448.txt_q3,4.0,0.9999998807907104,1
high1068.txt_q1,4.0,0.9999481439590454,1
high20626.txt_q0,4.0,0.9999717473983765,1
middle3412.txt_q2,4.0,0.98968106508255,1
middle7894.txt_q0,4.0,0.9999486207962036,1
high2337.txt_q2,4.0,0.9999849796295166,1
high10090.txt_q2,4.0,1.0,1
high10534.txt_q1,4.0,0.999996542930603,1
high16259.txt_q0,4.0,0.9999990463256836,1
high19509.txt_q0,4.0,0.9999995231628418,1
high6121.txt_q2,4.0,0.9963011741638184,1
high20975.txt_q2,4.0,0.9559894800186157,1
high17893.txt_q1,4.0,1.0,1
high4099.txt_q4,4.0,0.9697107672691345,1
high20012.txt_q0,4.0,0.9999961853027344,1
middle891.txt_q4,4.0,0.9999943971633911,1
high14098.txt_q0,4.0,0.9940349459648132,1
high18628.txt_q2,4.0,0.9999345541000366,1
high8208.txt_q2,4.0,0.9361303448677063,1
middle6454.txt_q2,4.0,0.9994786381721497,1
middle1521.txt_q3,4.0,0.9999234676361084,1
high24113.txt_q3,4.0,0.8528626561164856,1
high18249.txt_q2,4.0,0.999990701675415,1
high5281.txt_q0,4.0,1.0,1
high7762.txt_q1,4.0,0.9991477727890015,1
high15142.txt_q3,4.0,0.9999035596847534,1
high9235.txt_q2,4.0,0.5648310780525208,1
high2160.txt_q0,4.0,0.991054117679596,1
high21115.txt_q3,4.0,0.9999778270721436,1
high10116.txt_q1,4.0,1.0,1
middle5467.txt_q2,4.0,0.9998904466629028,1
middle2256.txt_q2,4.0,0.9999948740005493,1
high229.txt_q1,4.0,0.9994288086891174,1
high14432.txt_q2,4.0,0.9998444318771362,1
high1013.txt_q2,4.0,0.9665644764900208,1
high16526.txt_q0,4.0,0.9991887211799622,1
middle5770.txt_q0,4.0,0.9334868788719177,1
high9644.txt_q0,4.0,0.9923073649406433,1
high7819.txt_q0,4.0,0.9999376535415649,1
high9758.txt_q3,4.0,0.999649167060852,1
high2809.txt_q1,4.0,0.8886415958404541,1
high1143.txt_q3,4.0,0.9998385906219482,1
high17777.txt_q0,4.0,0.7400843501091003,1
high23642.txt_q0,4.0,0.9999572038650513,1
high22765.txt_q0,4.0,1.0,1
high20891.txt_q1,4.0,0.9994041919708252,1
high17517.txt_q0,4.0,0.9988413453102112,1
high23447.txt_q0,4.0,0.999998927116394,1
high17004.txt_q4,4.0,0.9909214377403259,1
high7963.txt_q1,4.0,0.5574997663497925,1
middle4143.txt_q3,4.0,0.9999690055847168,1
high13828.txt_q1,4.0,0.9961434006690979,1
high20446.txt_q0,4.0,0.9999215602874756,1
high2659.txt_q1,4.0,1.0,1
middle4336.txt_q3,4.0,0.8927851319313049,1
high20286.txt_q1,4.0,0.9998965263366699,1
high17720.txt_q0,4.0,0.9958946704864502,1
middle4090.txt_q0,4.0,1.0,1
high12396.txt_q1,4.0,0.9766293168067932,1
middle2623.txt_q2,4.0,0.9910038709640503,1
high3079.txt_q1,4.0,0.9999961853027344,1
high12326.txt_q2,4.0,0.9979390501976013,1
high2842.txt_q0,4.0,0.9999880790710449,1
high1519.txt_q1,4.0,0.9999997615814209,1
high227.txt_q1,4.0,0.9999436140060425,1
high18626.txt_q0,4.0,0.9999954700469971,1
high17523.txt_q2,4.0,0.9999604225158691,1
middle3800.txt_q1,4.0,0.9972521662712097,1
middle7258.txt_q0,4.0,0.9998112320899963,1
high19929.txt_q2,4.0,0.4814530313014984,0
high20112.txt_q3,4.0,0.9999953508377075,1
high22320.txt_q0,4.0,0.8744632601737976,1
high21880.txt_q2,4.0,0.9788563251495361,1
high23195.txt_q3,4.0,0.988437831401825,1
high736.txt_q1,4.0,0.999988317489624,1
high8488.txt_q0,4.0,0.9999395608901978,1
high8534.txt_q0,4.0,0.9999998807907104,1
middle1501.txt_q2,4.0,0.6898730397224426,1
high3480.txt_q1,4.0,0.9999886751174927,1
high11362.txt_q1,4.0,0.9325828552246094,1
high17098.txt_q0,4.0,0.9869763255119324,1
high13801.txt_q3,4.0,0.999693751335144,1
high6993.txt_q0,4.0,0.9985368251800537,1
high18668.txt_q0,4.0,0.999749481678009,1
high9051.txt_q0,4.0,0.9417804479598999,1
high3900.txt_q0,4.0,0.9993368983268738,1
high20711.txt_q1,4.0,0.9999924898147583,1
middle3956.txt_q3,4.0,0.9968962669372559,1
high4041.txt_q1,4.0,0.9989230036735535,1
high2478.txt_q2,4.0,0.9938557744026184,1
high20500.txt_q1,4.0,0.9295370578765869,1
middle6430.txt_q0,4.0,0.9997636675834656,1
middle1565.txt_q0,4.0,0.2772420346736908,0
high18243.txt_q4,4.0,0.9518395662307739,1
middle4078.txt_q0,4.0,1.0,1
high2294.txt_q1,4.0,0.9978634715080261,1
middle4277.txt_q2,4.0,0.9999380111694336,1
high8278.txt_q2,4.0,0.9999746084213257,1
high8748.txt_q2,4.0,0.9999938011169434,1
high6739.txt_q1,4.0,1.0,1
high3383.txt_q2,4.0,0.99774569272995,1
middle520.txt_q0,4.0,0.9481921792030334,1
high18619.txt_q3,4.0,1.0,1
high24201.txt_q0,4.0,0.9995337724685669,1
high21166.txt_q3,4.0,0.9967408776283264,1
middle8177.txt_q3,4.0,0.9900044798851013,1
middle891.txt_q2,4.0,0.9044415950775146,1
middle6602.txt_q0,4.0,0.9999722242355347,1
middle2101.txt_q4,4.0,0.9999973773956299,1
high19294.txt_q0,4.0,0.9998376369476318,1
middle1671.txt_q0,4.0,1.0,1
high17884.txt_q0,4.0,0.9999995231628418,1
middle8188.txt_q3,4.0,0.6423770785331726,1
high13395.txt_q2,4.0,0.9903498888015747,1
high23456.txt_q1,4.0,0.9996121525764465,1
middle5537.txt_q2,4.0,0.9994320273399353,1
high5034.txt_q1,4.0,0.6745893359184265,1
high4272.txt_q1,4.0,0.9770914912223816,1
middle5745.txt_q0,4.0,0.884094774723053,1
high7774.txt_q1,4.0,0.9999955892562866,1
high915.txt_q0,4.0,0.9946162104606628,1
high4439.txt_q0,4.0,0.9999569654464722,1
high19907.txt_q2,4.0,0.9999979734420776,1
high3600.txt_q0,4.0,0.9788922071456909,1
high1244.txt_q1,4.0,0.9999779462814331,1
high7290.txt_q2,4.0,0.9963598847389221,1
middle4769.txt_q2,4.0,0.9991052746772766,1
high3490.txt_q4,4.0,0.9956739544868469,1
high322.txt_q2,4.0,0.9957659244537354,1
high7078.txt_q1,4.0,0.8879316449165344,1
middle6739.txt_q1,4.0,0.9803403615951538,1
high1506.txt_q0,4.0,0.999958872795105,1
high23593.txt_q2,4.0,1.0,1
high12959.txt_q2,4.0,0.9993695616722107,1
middle889.txt_q0,4.0,0.9999794960021973,1
high5326.txt_q0,4.0,0.9999960660934448,1
high23775.txt_q2,4.0,0.9999954700469971,1
high16146.txt_q0,4.0,0.969980776309967,1
high17443.txt_q0,4.0,0.9767540693283081,1
middle7263.txt_q1,4.0,0.9992371797561646,1
high20024.txt_q1,4.0,0.9999567270278931,1
high16445.txt_q2,4.0,0.9967257976531982,1
high18457.txt_q1,4.0,0.806645929813385,1
middle902.txt_q4,4.0,0.9999643564224243,1
middle1716.txt_q4,4.0,0.9999997615814209,1
high21249.txt_q2,4.0,0.9635559320449829,1
high8626.txt_q0,4.0,0.9984444975852966,1
middle2860.txt_q1,4.0,0.999990701675415,1
high10726.txt_q2,4.0,0.9982143640518188,1
high19055.txt_q1,4.0,0.9999725818634033,1
high3641.txt_q1,4.0,0.9992691874504089,1
high6324.txt_q1,4.0,0.9235892295837402,1
middle7335.txt_q1,4.0,0.9999954700469971,1
middle8219.txt_q3,4.0,0.9915698766708374,1
middle2967.txt_q3,4.0,0.9762508273124695,1
middle4985.txt_q4,4.0,0.9998224377632141,1
high4034.txt_q4,4.0,0.9987666606903076,1
high3936.txt_q2,4.0,0.8177154064178467,1
high5888.txt_q2,4.0,0.999994158744812,1
high4012.txt_q0,4.0,0.9990308284759521,1
middle661.txt_q2,4.0,0.999981164932251,1
middle7625.txt_q0,4.0,0.9923766851425171,1
high19809.txt_q0,4.0,0.9999793767929077,1
high17826.txt_q1,4.0,0.9999436140060425,1
high3652.txt_q2,4.0,0.9987873435020447,1
high21825.txt_q0,4.0,0.9991889595985413,1
middle3659.txt_q1,4.0,0.9991787075996399,1
high4785.txt_q0,4.0,0.9977278113365173,1
high858.txt_q2,4.0,1.0,1
middle741.txt_q4,4.0,0.38504520058631897,1
middle3167.txt_q2,4.0,0.9977850914001465,1
high911.txt_q2,4.0,0.9994902610778809,1
high23466.txt_q1,4.0,1.0,1
high4000.txt_q0,4.0,0.9996422529220581,1
high23959.txt_q2,4.0,0.9998778104782104,1
high7877.txt_q0,4.0,0.9988681077957153,1
high16871.txt_q3,4.0,0.999666690826416,1
middle1826.txt_q0,4.0,0.9999947547912598,1
high15198.txt_q2,4.0,0.9937777519226074,1
high18870.txt_q1,4.0,0.9999998807907104,1
high17607.txt_q1,4.0,0.999972939491272,1
high16237.txt_q0,4.0,0.9965813755989075,1
high16335.txt_q0,4.0,0.9862233996391296,1
high11304.txt_q2,4.0,0.9995359182357788,1
middle5289.txt_q2,4.0,0.4382490813732147,0
high21676.txt_q1,4.0,0.9999271631240845,1
high23675.txt_q0,4.0,0.9999923706054688,1
high23792.txt_q1,4.0,0.9366176724433899,1
high17156.txt_q0,4.0,0.9999792575836182,1
high7608.txt_q0,4.0,0.9843961000442505,1
high19438.txt_q0,4.0,0.9121240377426147,1
high14433.txt_q2,4.0,0.9829021692276001,1
high17301.txt_q1,4.0,0.9999816417694092,1
high12950.txt_q1,4.0,0.9926873445510864,1
high2453.txt_q0,4.0,0.9999983310699463,1
high1581.txt_q0,4.0,0.8802603483200073,1
high8844.txt_q0,4.0,0.9796491265296936,1
high6753.txt_q3,4.0,0.9996894598007202,1
high5161.txt_q2,4.0,0.9996728897094727,1
high3324.txt_q1,4.0,0.9687464237213135,1
high17049.txt_q3,4.0,0.999982476234436,1
high10009.txt_q2,4.0,0.999129593372345,1
high1621.txt_q0,4.0,0.9997629523277283,1
high14583.txt_q2,4.0,0.9983657002449036,1
high20936.txt_q3,4.0,0.999997615814209,1
middle6525.txt_q1,4.0,0.9999966621398926,1
high21902.txt_q2,4.0,0.9994394183158875,1
high10781.txt_q2,4.0,0.9999934434890747,1
high5243.txt_q0,4.0,0.9999419450759888,1
middle416.txt_q0,4.0,0.99714595079422,1
high10626.txt_q1,4.0,0.9999998807907104,1
high11932.txt_q1,4.0,0.937674880027771,1
high12087.txt_q1,4.0,0.9999992847442627,1
high13493.txt_q1,4.0,0.9997331500053406,1
high10336.txt_q2,4.0,0.999998927116394,1
high23325.txt_q0,4.0,0.9410563111305237,1
high6533.txt_q1,4.0,0.627754271030426,1
high22649.txt_q2,4.0,0.9999874830245972,1
high6611.txt_q4,4.0,0.9999901056289673,1
high14443.txt_q1,4.0,0.9996881484985352,1
high13179.txt_q0,4.0,0.9999744892120361,1
high18535.txt_q0,4.0,0.9983900785446167,1
high12974.txt_q3,4.0,0.9999998807907104,1
high11467.txt_q0,4.0,0.9999997615814209,1
high6920.txt_q1,4.0,0.9999958276748657,1
high18416.txt_q3,4.0,0.9982921481132507,1
high8171.txt_q1,4.0,0.9784647226333618,1
high21120.txt_q0,4.0,0.9999943971633911,1
middle5521.txt_q1,4.0,0.5310443639755249,1
middle5026.txt_q3,4.0,1.0,1
high18245.txt_q1,4.0,0.9996867179870605,1
middle2484.txt_q1,4.0,0.9949150085449219,1
middle363.txt_q0,4.0,1.0,1
high10380.txt_q2,4.0,0.9999934434890747,1
high21657.txt_q2,4.0,0.9999288320541382,1
high23391.txt_q1,4.0,0.9999783039093018,1
high12324.txt_q0,4.0,0.9671803712844849,1
middle5603.txt_q4,4.0,0.6644977927207947,1
high4548.txt_q1,4.0,0.9994545578956604,1
high23740.txt_q3,4.0,0.9999059438705444,1
high20099.txt_q1,4.0,0.8861949443817139,1
high3741.txt_q1,4.0,0.7612189054489136,1
middle6551.txt_q0,4.0,0.9999940395355225,1
high4496.txt_q2,4.0,0.37204280495643616,0
high12111.txt_q1,4.0,0.9989466071128845,1
middle461.txt_q3,4.0,0.9999185800552368,1
middle1817.txt_q1,4.0,1.0,1
high8489.txt_q3,4.0,0.9998294115066528,1
middle7606.txt_q1,4.0,0.9990814924240112,1
high13463.txt_q3,4.0,0.9999951124191284,1
high9100.txt_q0,4.0,0.9929062128067017,1
high19735.txt_q1,4.0,0.9997796416282654,1
high23709.txt_q3,4.0,0.9998325109481812,1
high3332.txt_q2,4.0,0.9999997615814209,1
middle158.txt_q0,4.0,0.9999998807907104,1
high3305.txt_q1,4.0,0.9907152652740479,1
high17488.txt_q2,4.0,0.9999880790710449,1
middle8109.txt_q4,4.0,0.9777092933654785,1
high21369.txt_q1,4.0,0.9999996423721313,1
middle1391.txt_q1,4.0,0.9999938011169434,1
high18684.txt_q2,4.0,0.9969624876976013,1
high23344.txt_q2,4.0,0.9999033212661743,1
high21858.txt_q2,4.0,0.9783626794815063,1
middle3902.txt_q1,4.0,0.3262730836868286,0
high17734.txt_q0,4.0,0.9999873638153076,1
high23337.txt_q0,4.0,0.9999716281890869,1
high17917.txt_q0,4.0,0.5980581641197205,1
high18404.txt_q0,4.0,0.9999842643737793,1
high17909.txt_q0,4.0,0.24500218033790588,0
middle6487.txt_q2,4.0,0.9995183944702148,1
high17946.txt_q3,4.0,0.9909020066261292,1
high685.txt_q2,4.0,0.9999634027481079,1
high2963.txt_q1,4.0,0.9996740818023682,1
middle7744.txt_q1,4.0,0.9999995231628418,1
high4259.txt_q0,4.0,0.9999700784683228,1
middle6547.txt_q2,4.0,0.92922043800354,1
high13456.txt_q2,4.0,0.9999570846557617,1
high15528.txt_q3,4.0,0.9975146055221558,1
high5290.txt_q2,4.0,0.9917328357696533,1
high22690.txt_q4,4.0,0.9956750273704529,1
high21762.txt_q1,4.0,0.9999650716781616,1
high13565.txt_q1,4.0,0.9801161289215088,1
high2868.txt_q2,4.0,0.9999719858169556,1
middle3838.txt_q0,4.0,0.9792441725730896,1
high22511.txt_q0,4.0,0.999993085861206,1
middle4172.txt_q2,4.0,0.9999988079071045,1
middle481.txt_q3,4.0,0.9998043179512024,1
high22941.txt_q1,4.0,0.9654738903045654,1
high3.txt_q1,4.0,0.9999974966049194,1
high10832.txt_q3,4.0,0.7604005336761475,1
high10273.txt_q1,4.0,0.9999978542327881,1
high1417.txt_q0,4.0,0.9922255277633667,1
middle3024.txt_q1,4.0,0.9999992847442627,1
middle8234.txt_q4,4.0,0.13248445093631744,0
middle5899.txt_q2,4.0,0.9999955892562866,1
high19408.txt_q2,4.0,0.9999982118606567,1
high4108.txt_q0,4.0,0.9985581040382385,1
high3377.txt_q1,4.0,0.9999969005584717,1
high7794.txt_q0,4.0,0.9998946189880371,1
high11944.txt_q2,4.0,0.9986397624015808,1
high16261.txt_q0,4.0,1.0,1
middle6738.txt_q2,4.0,0.9999779462814331,1
high23106.txt_q1,4.0,0.567955493927002,1
high428.txt_q0,4.0,0.990696907043457,1
high19537.txt_q2,4.0,0.9998406171798706,1
high23601.txt_q0,4.0,0.9999974966049194,1
high1583.txt_q2,4.0,0.9996495246887207,1
high19490.txt_q1,4.0,0.9999982118606567,1
middle945.txt_q0,4.0,0.7548341155052185,1
high6466.txt_q0,4.0,0.99715256690979,1
high19433.txt_q1,4.0,0.9968196153640747,1
high17969.txt_q3,4.0,0.9999572038650513,1
middle6040.txt_q1,4.0,0.9966697096824646,1
high11994.txt_q0,4.0,0.9999915361404419,1
high7989.txt_q2,4.0,0.9999951124191284,1
middle2520.txt_q3,4.0,0.9999661445617676,1
middle5460.txt_q0,4.0,0.9999923706054688,1
middle471.txt_q2,4.0,0.9999995231628418,1
middle7551.txt_q2,4.0,1.0,1
high4533.txt_q0,4.0,0.9999783039093018,1
high10984.txt_q2,4.0,0.9998418092727661,1
high19695.txt_q1,4.0,0.999998927116394,1
high4016.txt_q4,4.0,0.9866843819618225,1
high22767.txt_q2,4.0,1.0,1
high22635.txt_q1,4.0,0.9277951717376709,1
high18229.txt_q0,4.0,0.7978346347808838,1
high14641.txt_q2,4.0,1.0,1
high13110.txt_q0,4.0,0.9626994729042053,1
middle3669.txt_q0,4.0,0.9206106662750244,1
high15161.txt_q3,4.0,0.9998852014541626,1
high12248.txt_q3,4.0,0.9996887445449829,1
high16300.txt_q1,4.0,0.9998890161514282,1
high12055.txt_q1,4.0,0.9999985694885254,1
high7870.txt_q3,4.0,0.9999821186065674,1
middle2391.txt_q2,4.0,0.9999994039535522,1
middle3381.txt_q1,4.0,0.9999998807907104,1
high5231.txt_q0,4.0,0.995366096496582,1
middle2513.txt_q1,4.0,0.9999561309814453,1
high4527.txt_q3,4.0,0.8306887149810791,1
high7220.txt_q1,4.0,0.9999849796295166,1
high5431.txt_q1,4.0,0.9465892910957336,1
middle5740.txt_q3,4.0,0.9999724626541138,1
middle5440.txt_q1,4.0,0.6565099954605103,1
high5146.txt_q1,4.0,0.9846073985099792,1
high1322.txt_q0,4.0,0.9999985694885254,1
high9507.txt_q0,4.0,0.9999995231628418,1
high5319.txt_q3,4.0,0.9999281167984009,1
high23145.txt_q3,4.0,0.9999711513519287,1
high13937.txt_q3,4.0,0.8711223602294922,1
high12972.txt_q0,4.0,0.9998829364776611,1
middle7194.txt_q0,4.0,0.9999972581863403,1
high12367.txt_q2,4.0,0.9998915195465088,1
high15492.txt_q2,4.0,0.999672532081604,1
high23080.txt_q0,4.0,0.9990785121917725,1
high7390.txt_q1,4.0,0.9959368705749512,1
middle8242.txt_q1,4.0,0.9999114274978638,1
high8694.txt_q3,4.0,0.9992964267730713,1
high14211.txt_q3,4.0,0.9762804508209229,1
middle461.txt_q0,4.0,0.9795423746109009,1
middle3194.txt_q0,4.0,0.9999970197677612,1
high23887.txt_q3,4.0,0.9999178647994995,1
middle101.txt_q1,4.0,0.9978037476539612,1
high8057.txt_q2,4.0,0.9993046522140503,1
high7407.txt_q0,4.0,0.9999880790710449,1
high16352.txt_q0,4.0,0.9983943104743958,1
high4967.txt_q1,4.0,0.9293713569641113,1
high19191.txt_q0,4.0,0.9999916553497314,1
high5961.txt_q2,4.0,0.999976634979248,1
middle4885.txt_q4,4.0,0.38113856315612793,1
middle8085.txt_q4,4.0,0.9999996423721313,1
middle6810.txt_q3,4.0,1.0,1
high13853.txt_q1,4.0,0.9999250173568726,1
middle3974.txt_q1,4.0,0.9999977350234985,1
middle4977.txt_q4,4.0,0.9996091723442078,1
high13226.txt_q0,4.0,0.9999861717224121,1
high2909.txt_q1,4.0,0.7519440650939941,1
middle4975.txt_q4,4.0,0.9999700784683228,1
high20730.txt_q1,4.0,0.9999979734420776,1
high2490.txt_q3,4.0,0.9999998807907104,1
high13757.txt_q2,4.0,0.9999980926513672,1
high15729.txt_q2,4.0,0.9999998807907104,1
middle4469.txt_q3,4.0,0.9994096755981445,1
middle5777.txt_q1,4.0,1.0,1
middle57.txt_q1,4.0,0.9996706247329712,1
middle6234.txt_q0,4.0,0.9993669390678406,1
middle3734.txt_q3,4.0,0.9999998807907104,1
high18320.txt_q0,4.0,0.9999996423721313,1
high6564.txt_q0,4.0,0.9999829530715942,1
middle6766.txt_q1,4.0,0.9999983310699463,1
middle3983.txt_q1,4.0,0.798362135887146,1
middle3826.txt_q2,4.0,0.9137896299362183,1
middle3461.txt_q0,4.0,0.9969156980514526,1
high19429.txt_q1,4.0,0.9999918937683105,1
middle858.txt_q4,4.0,0.9999622106552124,1
middle916.txt_q3,4.0,0.9664313793182373,1
high12316.txt_q2,4.0,0.9999990463256836,1
high23950.txt_q0,4.0,0.9995019435882568,1
high23228.txt_q0,4.0,0.9972953200340271,1
middle2329.txt_q3,4.0,0.9987200498580933,1
high12634.txt_q2,4.0,0.9892252087593079,1
high7087.txt_q0,4.0,0.996177077293396,1
middle1202.txt_q0,4.0,0.9999762773513794,1
high11980.txt_q0,4.0,0.9996968507766724,1
high3162.txt_q2,4.0,0.9999958276748657,1
high17353.txt_q1,4.0,0.9998666048049927,1
high14433.txt_q0,4.0,0.9998375177383423,1
high12160.txt_q1,4.0,0.9999974966049194,1
high1505.txt_q3,4.0,0.999920129776001,1
high2527.txt_q0,4.0,0.9983254075050354,1
high14521.txt_q1,4.0,0.9437709450721741,1
high12177.txt_q4,4.0,0.9999592304229736,1
high21258.txt_q2,4.0,0.9997965693473816,1
high4368.txt_q2,4.0,0.9995574355125427,1
high22487.txt_q2,4.0,0.9999985694885254,1
high23382.txt_q2,4.0,0.9999803304672241,1
middle4160.txt_q2,4.0,0.9999998807907104,1
middle2285.txt_q3,4.0,1.0,1
high8259.txt_q3,4.0,0.9999994039535522,1
middle8224.txt_q3,4.0,0.9999998807907104,1
high4826.txt_q0,4.0,0.986011803150177,1
high1985.txt_q0,4.0,0.9306713342666626,1
middle1395.txt_q0,4.0,0.9999995231628418,1
high20450.txt_q0,4.0,0.9997005462646484,1
high23953.txt_q0,4.0,0.9999971389770508,1
middle3432.txt_q3,4.0,0.9999159574508667,1
middle7116.txt_q2,4.0,0.9855892062187195,1
high20906.txt_q1,4.0,0.9999979734420776,1
high1193.txt_q0,4.0,0.9899397492408752,1
high1333.txt_q4,4.0,0.6221691966056824,1
high6755.txt_q2,4.0,0.9952314496040344,1
high3483.txt_q2,4.0,0.999948263168335,1
high24042.txt_q2,4.0,0.9990578293800354,1
middle4454.txt_q4,4.0,0.999358594417572,1
high2407.txt_q1,4.0,0.9945011138916016,1
high5732.txt_q0,4.0,0.999599277973175,1
middle6664.txt_q1,4.0,0.9999903440475464,1
high14809.txt_q0,4.0,0.9101658463478088,1
high23344.txt_q0,4.0,0.9998773336410522,1
high10242.txt_q0,4.0,0.9999278783798218,1
high6936.txt_q1,4.0,0.9999881982803345,1
high14805.txt_q1,4.0,0.9457324147224426,1
high23466.txt_q0,4.0,0.9999980926513672,1
high10163.txt_q2,4.0,0.9998782873153687,1
high9978.txt_q1,4.0,0.999873161315918,1
high2608.txt_q3,4.0,0.9998704195022583,1
high2565.txt_q2,4.0,1.0,1
high6045.txt_q0,4.0,0.9990760087966919,1
high4586.txt_q0,4.0,0.9999938011169434,1
high15723.txt_q0,4.0,0.9999768733978271,1
high3975.txt_q0,4.0,0.9974575638771057,1
high20861.txt_q0,4.0,0.25359898805618286,0
high19348.txt_q1,4.0,0.9999998807907104,1
high22027.txt_q1,4.0,0.9999902248382568,1
high12163.txt_q1,4.0,0.999991774559021,1
middle6414.txt_q1,4.0,0.99953293800354,1
high5129.txt_q2,4.0,0.999778687953949,1
high5312.txt_q3,4.0,0.9842733144760132,1
high9944.txt_q1,4.0,0.998477041721344,1
high21910.txt_q0,4.0,0.9981984496116638,1
high9600.txt_q0,4.0,0.9997546076774597,1
high20539.txt_q1,4.0,0.9993072748184204,1
middle3974.txt_q2,4.0,0.9992857575416565,1
high23061.txt_q1,4.0,0.9735764265060425,1
high14364.txt_q0,4.0,1.0,1
high15362.txt_q3,4.0,0.9742482900619507,1
high14478.txt_q0,4.0,1.0,1
high135.txt_q1,4.0,0.9996837377548218,1
middle2668.txt_q3,4.0,0.8231533765792847,1
high7480.txt_q3,4.0,0.9999997615814209,1
middle6325.txt_q1,4.0,0.9999934434890747,1
high23038.txt_q1,4.0,0.42815452814102173,1
high7386.txt_q2,4.0,0.954410195350647,1
high15756.txt_q1,4.0,0.9908724427223206,1
high1441.txt_q2,4.0,0.9997439980506897,1
middle981.txt_q4,4.0,0.9989696741104126,1
high1318.txt_q1,4.0,0.9780724048614502,1
high15095.txt_q0,4.0,0.9999983310699463,1
high7718.txt_q2,4.0,0.9999463558197021,1
high8301.txt_q0,4.0,1.0,1
high18020.txt_q1,4.0,0.8517560362815857,1
high1432.txt_q2,4.0,0.9990672469139099,1
high825.txt_q1,4.0,0.886206865310669,1
high6946.txt_q1,4.0,0.8367691040039062,1
middle7108.txt_q3,4.0,0.9695369005203247,1
high8005.txt_q1,4.0,0.8739036321640015,1
high589.txt_q0,4.0,0.9971926808357239,1
high7414.txt_q0,4.0,0.9999154806137085,1
high19488.txt_q1,4.0,0.9977353811264038,1
high15288.txt_q2,4.0,0.7640267610549927,1
high14710.txt_q0,4.0,0.9999996423721313,1
middle943.txt_q2,4.0,0.9831121563911438,1
middle4169.txt_q4,4.0,0.9999731779098511,1
high10166.txt_q2,4.0,0.8136304616928101,1
high1609.txt_q2,4.0,0.989059567451477,1
high350.txt_q3,4.0,0.9963529109954834,1
high12732.txt_q3,4.0,0.999663233757019,1
high3481.txt_q1,4.0,0.999998927116394,1
middle422.txt_q2,4.0,0.9999253749847412,1
middle6572.txt_q2,4.0,0.999953031539917,1
middle898.txt_q0,4.0,0.999996542930603,1
high11784.txt_q0,4.0,0.9999954700469971,1
middle1430.txt_q2,4.0,0.999739944934845,1
high6392.txt_q2,4.0,0.9988744854927063,1
high325.txt_q2,4.0,0.9639102220535278,1
middle2403.txt_q4,4.0,0.9999997615814209,1
high23796.txt_q1,4.0,0.23832619190216064,0
middle3268.txt_q1,4.0,1.0,1
high3814.txt_q2,4.0,0.9922258853912354,1
high8822.txt_q0,4.0,0.9999934434890747,1
middle190.txt_q2,4.0,0.9982771873474121,1
high14052.txt_q2,4.0,0.9971578121185303,1
high21289.txt_q0,4.0,0.8382394909858704,1
middle6490.txt_q3,4.0,0.9999955892562866,1
high679.txt_q0,4.0,0.9999810457229614,1
high12177.txt_q0,4.0,0.4363381564617157,1
high22859.txt_q1,4.0,0.9997645020484924,1
middle277.txt_q3,4.0,0.9993799924850464,1
high13073.txt_q3,4.0,0.9645387530326843,1
high20310.txt_q1,4.0,0.7493448853492737,1
middle3705.txt_q0,4.0,0.9999489784240723,1
high2677.txt_q2,4.0,0.9998487234115601,1
high10266.txt_q1,4.0,0.9998205304145813,1
middle6347.txt_q0,4.0,0.9999648332595825,1
high15081.txt_q0,4.0,0.9722220301628113,1
high21181.txt_q1,4.0,0.9991652965545654,1
middle7121.txt_q1,4.0,0.9998181462287903,1
high2013.txt_q1,4.0,0.9822659492492676,1
high22536.txt_q1,4.0,0.9998929500579834,1
high16712.txt_q2,4.0,0.9999997615814209,1
high18121.txt_q1,4.0,0.9999979734420776,1
high2263.txt_q3,4.0,0.9960774779319763,1
middle6797.txt_q0,4.0,0.999933123588562,1
high5758.txt_q1,4.0,0.4106028974056244,1
high2449.txt_q1,4.0,0.20330612361431122,0
middle6836.txt_q0,4.0,0.9999673366546631,1
high12865.txt_q3,4.0,0.9664448499679565,1
middle7360.txt_q1,4.0,0.9975670576095581,1
high15356.txt_q1,4.0,0.9999997615814209,1
high14208.txt_q1,4.0,0.9999980926513672,1
high224.txt_q1,4.0,0.9999997615814209,1
high12444.txt_q3,4.0,0.9996304512023926,1
middle3991.txt_q3,4.0,1.0,1
high11669.txt_q2,4.0,0.9989985823631287,1
high5017.txt_q2,4.0,0.9816754460334778,1
middle1394.txt_q2,4.0,0.001768486574292183,0
high23589.txt_q3,4.0,0.9999995231628418,1
middle3895.txt_q1,4.0,0.9999998807907104,1
high16172.txt_q2,4.0,0.9969279170036316,1
high19910.txt_q1,4.0,0.9991010427474976,1
high14596.txt_q2,4.0,0.9999417066574097,1
high1679.txt_q2,4.0,0.9999481439590454,1
high9902.txt_q0,4.0,0.5070319175720215,1
high6501.txt_q2,4.0,0.9999819993972778,1
high4484.txt_q2,4.0,0.9995242357254028,1
high2311.txt_q2,4.0,0.9993144273757935,1
middle507.txt_q1,4.0,0.9999998807907104,1
high6631.txt_q0,4.0,0.9930456280708313,1
high11907.txt_q2,4.0,0.9995263814926147,1
high5122.txt_q1,4.0,0.9999979734420776,1
high11433.txt_q2,4.0,0.9999855756759644,1
high24273.txt_q0,4.0,0.9999773502349854,1
high23067.txt_q2,4.0,0.9999995231628418,1
middle1895.txt_q3,4.0,1.0,1
high14226.txt_q3,4.0,0.9978650212287903,1
middle5545.txt_q2,4.0,0.9998586177825928,1
middle5957.txt_q1,4.0,0.9999257326126099,1
high20921.txt_q1,4.0,1.0,1
high14011.txt_q1,4.0,0.9999257326126099,1
high9869.txt_q2,4.0,0.9999767541885376,1
high22051.txt_q3,4.0,0.9944047927856445,1
middle4530.txt_q0,4.0,0.13851867616176605,0
high15427.txt_q0,4.0,0.9999431371688843,1
high17681.txt_q3,4.0,0.9999960660934448,1
high17989.txt_q0,4.0,0.9306045174598694,1
high11299.txt_q0,4.0,0.9961600303649902,1
middle4742.txt_q2,4.0,0.9998971223831177,1
high22645.txt_q0,4.0,0.9913110733032227,1
middle3800.txt_q0,4.0,0.9999973773956299,1
middle2966.txt_q4,4.0,0.9991698265075684,1
high18920.txt_q2,4.0,0.9971696734428406,1
high5307.txt_q2,4.0,1.0,1
high21591.txt_q2,4.0,0.999976396560669,1
high16311.txt_q0,4.0,0.9999369382858276,1
high551.txt_q3,4.0,0.9924089908599854,1
high699.txt_q0,4.0,0.9999290704727173,1
high7936.txt_q2,4.0,0.9992662072181702,1
middle5803.txt_q4,4.0,0.916093647480011,1
high11670.txt_q0,4.0,0.9908931255340576,1
middle8242.txt_q0,4.0,0.9999946355819702,1
high18380.txt_q0,4.0,0.9939448237419128,1
high6130.txt_q1,4.0,0.993922770023346,1
middle5182.txt_q0,4.0,0.9970792531967163,1
middle2048.txt_q1,4.0,0.9316806197166443,1
high6124.txt_q1,4.0,0.9996029734611511,1
middle1373.txt_q4,4.0,0.8187642097473145,1
middle2155.txt_q2,4.0,0.37334784865379333,0
high9740.txt_q3,4.0,0.6879382133483887,1
middle8207.txt_q0,4.0,0.9998792409896851,1
high20732.txt_q2,4.0,0.9999892711639404,1
middle1479.txt_q3,4.0,0.9839734435081482,1
middle5767.txt_q2,4.0,0.9988975524902344,1
high18693.txt_q1,4.0,0.9974064230918884,1
middle4170.txt_q1,4.0,0.9999836683273315,1
high19951.txt_q0,4.0,0.9999780654907227,1
high6078.txt_q3,4.0,0.9999814033508301,1
middle3383.txt_q3,4.0,0.9999773502349854,1
high21221.txt_q1,4.0,0.9617891907691956,1
high13605.txt_q1,4.0,0.9999723434448242,1
high22068.txt_q2,4.0,0.9974791407585144,1
middle5501.txt_q1,4.0,0.9639161825180054,1
high5215.txt_q1,4.0,0.9963687658309937,1
high4811.txt_q2,4.0,0.9964907765388489,1
middle2723.txt_q4,4.0,0.9999485015869141,1
high8956.txt_q0,4.0,0.9998774528503418,1
high5293.txt_q2,4.0,0.9382362365722656,1
high13223.txt_q2,4.0,0.9999377727508545,1
high13023.txt_q1,4.0,0.999670147895813,1
high24022.txt_q2,4.0,0.9995662569999695,1
high9881.txt_q1,4.0,0.9951716065406799,1
high16074.txt_q0,4.0,0.9990743398666382,1
high2395.txt_q3,4.0,0.9974217414855957,1
high9090.txt_q1,4.0,0.9997628331184387,1
middle6487.txt_q1,4.0,0.9996418952941895,1
middle1171.txt_q1,4.0,0.9999986886978149,1
high20007.txt_q1,4.0,0.9997028708457947,1
middle10.txt_q3,4.0,0.9981299042701721,1
high8497.txt_q2,4.0,0.9999911785125732,1
high22130.txt_q1,4.0,0.9999442100524902,1
high20761.txt_q2,4.0,0.44588199257850647,1
middle2592.txt_q1,4.0,0.9900590777397156,1
high8917.txt_q0,4.0,0.9997007846832275,1
high15674.txt_q1,4.0,0.9999997615814209,1
high13009.txt_q1,4.0,0.9999537467956543,1
high11350.txt_q0,4.0,0.9999881982803345,1
high12642.txt_q0,4.0,0.44170668721199036,0
middle7652.txt_q0,4.0,0.9985235333442688,1
middle7669.txt_q2,4.0,0.9892230033874512,1
high3359.txt_q1,4.0,0.9995399713516235,1
middle650.txt_q1,4.0,0.9999998807907104,1
middle7645.txt_q1,4.0,0.9089565277099609,1
middle1819.txt_q2,4.0,0.9999998807907104,1
high510.txt_q2,4.0,0.9999449253082275,1
middle32.txt_q4,4.0,0.9999991655349731,1
middle7197.txt_q3,4.0,0.9880209565162659,1
high17535.txt_q0,4.0,0.9995760321617126,1
high13676.txt_q0,4.0,0.9999754428863525,1
high23592.txt_q4,4.0,0.9997578263282776,1
high5986.txt_q2,4.0,0.9999994039535522,1
middle1411.txt_q2,4.0,1.0,1
high1057.txt_q1,4.0,0.9999985694885254,1
high10484.txt_q3,4.0,0.9740909337997437,1
middle6504.txt_q0,4.0,0.99996018409729,1
middle6170.txt_q4,4.0,0.9456873536109924,1
middle5555.txt_q0,4.0,1.0,1
high23278.txt_q2,4.0,0.9986560344696045,1
middle3717.txt_q0,4.0,0.9758620858192444,1
high1212.txt_q1,4.0,0.9999213218688965,1
middle5388.txt_q1,4.0,0.9773263335227966,1
high1577.txt_q2,4.0,0.9994741082191467,1
high850.txt_q0,4.0,0.961018979549408,1
high18687.txt_q3,4.0,0.9999997615814209,1
middle3927.txt_q0,4.0,0.999976396560669,1
high5710.txt_q2,4.0,0.9999860525131226,1
high18990.txt_q1,4.0,0.9969360828399658,1
high2767.txt_q2,4.0,0.9998304843902588,1
middle3948.txt_q3,4.0,0.9999268054962158,1
middle3197.txt_q2,4.0,0.9985509514808655,1
high7988.txt_q1,4.0,0.9985696077346802,1
high9764.txt_q4,4.0,0.999543309211731,1
high13923.txt_q1,4.0,0.9999994039535522,1
high20080.txt_q3,4.0,0.9999978542327881,1
high2492.txt_q0,4.0,1.0,1
high14835.txt_q1,4.0,0.9910129904747009,1
high2657.txt_q2,4.0,0.9999092817306519,1
high8039.txt_q0,4.0,0.9998270869255066,1
high11253.txt_q2,4.0,0.9502052664756775,1
middle2665.txt_q4,4.0,0.9682706594467163,1
high16807.txt_q1,4.0,0.9998207688331604,1
high13407.txt_q1,4.0,0.9932617545127869,1
middle1269.txt_q4,4.0,0.999876856803894,1
middle1139.txt_q0,4.0,0.9999972581863403,1
high12419.txt_q0,4.0,0.9352312088012695,1
high10967.txt_q1,4.0,0.9853523373603821,1
middle2861.txt_q0,4.0,0.9987213015556335,1
middle2833.txt_q0,4.0,0.03761254996061325,0
middle5054.txt_q3,4.0,1.0,1
high13037.txt_q3,4.0,0.9999799728393555,1
high15583.txt_q2,4.0,0.9941675662994385,1
high10650.txt_q0,4.0,0.9998218417167664,1
high14777.txt_q2,4.0,0.9989767074584961,1
high14513.txt_q0,4.0,0.9999737739562988,1
high11163.txt_q0,4.0,0.9999991655349731,1
middle467.txt_q3,4.0,1.0,1
high595.txt_q0,4.0,0.9503054022789001,1
middle1494.txt_q3,4.0,0.9999678134918213,1
high10543.txt_q2,4.0,0.8000578284263611,1
middle4304.txt_q1,4.0,0.9999262094497681,1
high6272.txt_q3,4.0,0.9996262788772583,1
middle7267.txt_q0,4.0,1.0,1
high8875.txt_q0,4.0,0.9759678840637207,1
high23385.txt_q2,4.0,0.9758430123329163,1
middle4978.txt_q0,4.0,0.9999998807907104,1
high7371.txt_q2,4.0,0.9518038630485535,1
high8996.txt_q0,4.0,0.9994823932647705,1
high2482.txt_q1,4.0,0.999957799911499,1
middle7300.txt_q1,4.0,0.8905324339866638,1
high9480.txt_q0,4.0,0.9700756669044495,1
high16135.txt_q2,4.0,0.9999576807022095,1
high10973.txt_q0,4.0,0.9999996423721313,1
high7611.txt_q1,4.0,0.9653578996658325,1
middle4954.txt_q2,4.0,0.9503192901611328,1
high22869.txt_q2,4.0,0.9883868098258972,1
high14945.txt_q1,4.0,0.999998927116394,1
high20041.txt_q2,4.0,0.9999902248382568,1
high14696.txt_q1,4.0,0.9999957084655762,1
high21387.txt_q0,4.0,0.9999983310699463,1
high14725.txt_q1,4.0,0.994763970375061,1
middle7126.txt_q1,4.0,0.9980292916297913,1
high7039.txt_q2,4.0,0.9959023594856262,1
high20907.txt_q1,4.0,0.999687671661377,1
high11224.txt_q0,4.0,0.9999997615814209,1
middle2346.txt_q4,4.0,0.3394583463668823,1
high4279.txt_q0,4.0,0.9852285385131836,1
high20833.txt_q0,4.0,0.9977285265922546,1
high5223.txt_q0,4.0,0.999645471572876,1
high682.txt_q2,4.0,0.9999712705612183,1
high3118.txt_q1,4.0,0.9998592138290405,1
high1047.txt_q2,4.0,0.9998724460601807,1
high10342.txt_q0,4.0,1.0,1
high21318.txt_q1,4.0,0.9960876703262329,1
middle5652.txt_q0,4.0,0.9999796152114868,1
high9183.txt_q2,4.0,0.9999837875366211,1
high2502.txt_q4,4.0,0.9851524829864502,1
high4373.txt_q2,4.0,0.9999730587005615,1
high21065.txt_q1,4.0,0.41760605573654175,0
middle3962.txt_q3,4.0,0.9985274076461792,1
middle6292.txt_q0,4.0,0.9999983310699463,1
high24118.txt_q3,4.0,0.9999003410339355,1
high22216.txt_q1,4.0,0.9999878406524658,1
high20244.txt_q0,4.0,0.9998674392700195,1
high19589.txt_q2,4.0,0.9999804496765137,1
middle933.txt_q2,4.0,0.9999043941497803,1
middle246.txt_q2,4.0,0.9999687671661377,1
high19270.txt_q1,4.0,0.9836611151695251,1
high14598.txt_q0,4.0,0.9967676401138306,1
high18576.txt_q1,4.0,0.9999988079071045,1
high2608.txt_q1,4.0,0.999955415725708,1
middle2449.txt_q0,4.0,1.0,1
high17981.txt_q2,4.0,0.9999794960021973,1
middle4137.txt_q3,4.0,0.9999958276748657,1
high20498.txt_q2,4.0,0.9981988072395325,1
high7709.txt_q1,4.0,0.9997115731239319,1
high20003.txt_q1,4.0,0.9964300990104675,1
middle1628.txt_q1,4.0,0.9999977350234985,1
high1389.txt_q1,4.0,0.8013725280761719,1
middle5508.txt_q1,4.0,0.9999946355819702,1
high2520.txt_q2,4.0,0.6196731925010681,1
high14046.txt_q1,4.0,0.9999771118164062,1
high9492.txt_q1,4.0,0.9312120676040649,1
middle3331.txt_q3,4.0,0.9999737739562988,1
high15814.txt_q0,4.0,0.9886854887008667,1
middle6298.txt_q1,4.0,0.842100203037262,1
high5884.txt_q0,4.0,0.9998492002487183,1
high17920.txt_q0,4.0,0.9999105930328369,1
high19866.txt_q3,4.0,0.999988317489624,1
high6781.txt_q2,4.0,0.9999703168869019,1
high1273.txt_q2,4.0,0.9749312996864319,1
high20181.txt_q2,4.0,0.9954965114593506,1
middle2619.txt_q0,4.0,0.999998927116394,1
middle6439.txt_q0,4.0,0.9994021654129028,1
middle6268.txt_q3,4.0,0.9999986886978149,1
high13061.txt_q3,4.0,0.9965971112251282,1
high23695.txt_q1,4.0,0.9433218240737915,1
high18526.txt_q1,4.0,0.9999915361404419,1
high24163.txt_q3,4.0,0.9969527721405029,1
high7563.txt_q1,4.0,0.9999955892562866,1
high19954.txt_q1,4.0,0.25129443407058716,0
high10219.txt_q4,4.0,0.9268844127655029,1
high10245.txt_q0,4.0,0.9999942779541016,1
high23239.txt_q1,4.0,0.994703471660614,1
high65.txt_q1,4.0,0.9999960660934448,1
middle717.txt_q0,4.0,0.9999732971191406,1
high9153.txt_q0,4.0,0.9999995231628418,1
high10054.txt_q1,4.0,0.25423765182495117,0
high16331.txt_q0,4.0,0.8847476840019226,1
high14042.txt_q3,4.0,0.9998698234558105,1
high17294.txt_q0,4.0,0.9844203591346741,1
middle1203.txt_q2,4.0,0.9999996423721313,1
high12172.txt_q2,4.0,0.999915599822998,1
high20715.txt_q1,4.0,0.9970288872718811,1
high16772.txt_q1,4.0,0.9999920129776001,1
high3554.txt_q1,4.0,0.8583016991615295,1
high16420.txt_q1,4.0,0.9844016432762146,1
high18771.txt_q0,4.0,0.9971139430999756,1
high2281.txt_q3,4.0,0.2847674489021301,0
high17788.txt_q1,4.0,0.9999746084213257,1
middle6037.txt_q1,4.0,0.9999991655349731,1
high6552.txt_q1,4.0,0.9991307854652405,1
middle538.txt_q4,4.0,0.9951850771903992,1
middle5662.txt_q2,4.0,0.6316355466842651,1
high15201.txt_q0,4.0,0.9622418284416199,1
high9606.txt_q2,4.0,0.8967065215110779,1
high18676.txt_q2,4.0,0.8664165735244751,1
high16229.txt_q1,4.0,0.999997615814209,1
high10377.txt_q0,4.0,0.9351710677146912,1
middle137.txt_q1,4.0,0.9306843280792236,1
high14349.txt_q0,4.0,0.9991371035575867,1
high7616.txt_q2,4.0,0.9726024866104126,1
middle316.txt_q4,4.0,0.9995852112770081,1
high8522.txt_q2,4.0,0.999962568283081,1
high11675.txt_q2,4.0,0.9995760321617126,1
high14398.txt_q2,4.0,1.0,1
high14660.txt_q2,4.0,0.966556966304779,1
high1831.txt_q0,4.0,0.9999988079071045,1
high10388.txt_q0,4.0,0.9394817352294922,1
high12120.txt_q0,4.0,0.9952161312103271,1
middle1389.txt_q2,4.0,0.4774448573589325,1
high1954.txt_q2,4.0,0.9960132837295532,1
high16413.txt_q4,4.0,0.9999397993087769,1
high22069.txt_q2,4.0,0.9806033968925476,1
high631.txt_q3,4.0,0.9999409914016724,1
high21490.txt_q4,4.0,0.9997661709785461,1
high20739.txt_q0,4.0,0.999957799911499,1
high4708.txt_q3,4.0,0.9997121691703796,1
high18227.txt_q2,4.0,0.9846298098564148,1
high14470.txt_q2,4.0,0.9999494552612305,1
high8441.txt_q0,4.0,0.9988911747932434,1
middle1169.txt_q0,4.0,0.999771773815155,1
high14795.txt_q0,4.0,0.9991204142570496,1
high14877.txt_q3,4.0,0.6712899804115295,1
high1265.txt_q0,4.0,0.9999983310699463,1
high4726.txt_q0,4.0,0.9988157749176025,1
high10799.txt_q0,4.0,0.7864016890525818,1
high77.txt_q0,4.0,0.9999926090240479,1
middle6243.txt_q2,4.0,1.0,1
high20597.txt_q4,4.0,0.9949972629547119,1
high12118.txt_q0,4.0,1.0,1
high15235.txt_q2,4.0,0.9999998807907104,1
high2198.txt_q2,4.0,0.9999991655349731,1
high20121.txt_q0,4.0,0.9722914695739746,1
high4984.txt_q1,4.0,0.9969953298568726,1
high4273.txt_q1,4.0,0.9650086760520935,1
middle10.txt_q1,4.0,0.9999818801879883,1
high4303.txt_q2,4.0,1.0,1
high18366.txt_q1,4.0,0.999998927116394,1
middle4190.txt_q1,4.0,0.9999942779541016,1
high14058.txt_q1,4.0,0.999983549118042,1
high10660.txt_q1,4.0,0.9999712705612183,1
high971.txt_q0,4.0,0.9996150732040405,1
high17009.txt_q2,4.0,0.9999736547470093,1
high17241.txt_q1,4.0,0.13839007914066315,0
middle4368.txt_q0,4.0,0.9999152421951294,1
high7051.txt_q1,4.0,0.9150168299674988,1
high4370.txt_q1,4.0,0.9999380111694336,1
high2646.txt_q1,4.0,0.9872831106185913,1
high6162.txt_q2,4.0,0.5802794694900513,1
high2781.txt_q2,4.0,0.9960297346115112,1
middle3990.txt_q2,4.0,0.17846186459064484,0
high24075.txt_q0,4.0,0.9984568357467651,1
high2558.txt_q3,4.0,0.9999876022338867,1
high3744.txt_q1,4.0,0.9988089799880981,1
high2476.txt_q2,4.0,0.9999681711196899,1
middle7965.txt_q3,4.0,0.9999995231628418,1
high10226.txt_q4,4.0,0.8507995009422302,1
middle3696.txt_q2,4.0,0.9993374943733215,1
high12492.txt_q1,4.0,1.0,1
high4208.txt_q2,4.0,0.7904984951019287,1
middle7321.txt_q2,4.0,0.9991330504417419,1
high6293.txt_q2,4.0,0.9973390698432922,1
high12059.txt_q0,4.0,0.9999973773956299,1
high14747.txt_q3,4.0,0.9962313771247864,1
middle6982.txt_q1,4.0,0.9999758005142212,1
high2016.txt_q2,4.0,0.9999936819076538,1
high23546.txt_q0,4.0,0.9999995231628418,1
high12975.txt_q2,4.0,0.9998724460601807,1
high19727.txt_q1,4.0,0.9998904466629028,1
high1623.txt_q1,4.0,0.9999651908874512,1
high20920.txt_q1,4.0,0.9999802112579346,1
high6275.txt_q3,4.0,0.9177810549736023,1
high51.txt_q1,4.0,1.0,1
high2025.txt_q3,4.0,0.9403113722801208,1
middle6229.txt_q4,4.0,0.9999998807907104,1
middle3571.txt_q3,4.0,0.9989245533943176,1
middle2500.txt_q1,4.0,0.988318681716919,1
high1508.txt_q0,4.0,0.9999520778656006,1
high9229.txt_q2,4.0,0.9999972581863403,1
high18294.txt_q1,4.0,0.990949809551239,1
high3930.txt_q1,4.0,0.9323205351829529,1
high6417.txt_q0,4.0,0.9999375343322754,1
middle7635.txt_q0,4.0,0.9607425332069397,1
middle5041.txt_q2,4.0,0.5617196559906006,1
high9251.txt_q2,4.0,0.9999959468841553,1
high3004.txt_q0,4.0,0.9401316046714783,1
high5962.txt_q4,4.0,0.999997615814209,1
high8196.txt_q2,4.0,0.9968340992927551,1
high19728.txt_q2,4.0,0.9999997615814209,1
middle7510.txt_q1,4.0,0.9999666213989258,1
middle6285.txt_q2,4.0,0.9999985694885254,1
high8343.txt_q1,4.0,0.9746588468551636,1
high16669.txt_q3,4.0,0.9999910593032837,1
high22939.txt_q1,4.0,0.39086371660232544,0
high5005.txt_q0,4.0,0.9999971389770508,1
high3644.txt_q1,4.0,0.9996203184127808,1
high22272.txt_q1,4.0,0.33891427516937256,0
middle6994.txt_q3,4.0,0.9986535310745239,1
middle6286.txt_q1,4.0,0.9999995231628418,1
high22111.txt_q2,4.0,0.9831579923629761,1
high16413.txt_q1,4.0,0.9983654618263245,1
high19811.txt_q1,4.0,0.9996609687805176,1
high16568.txt_q2,4.0,0.9914592504501343,1
high8495.txt_q1,4.0,0.9977243542671204,1
middle5250.txt_q1,4.0,0.9999953508377075,1
middle4157.txt_q2,4.0,0.9999958276748657,1
high12547.txt_q2,4.0,0.9096351265907288,1
middle1169.txt_q2,4.0,0.9999688863754272,1
high8870.txt_q0,4.0,0.9999825954437256,1
high7626.txt_q0,4.0,0.9941463470458984,1
high9038.txt_q0,4.0,0.998428225517273,1
middle6849.txt_q1,4.0,0.9339539408683777,1
high4824.txt_q2,4.0,0.999961256980896,1
middle6655.txt_q0,4.0,0.9988711476325989,1
high3671.txt_q0,4.0,0.9999983310699463,1
middle6041.txt_q3,4.0,0.9999984502792358,1
high11851.txt_q4,4.0,0.973126232624054,1
high20999.txt_q3,4.0,0.9999933242797852,1
high3160.txt_q2,4.0,0.5991982817649841,1
high6234.txt_q2,4.0,0.9999849796295166,1
high22381.txt_q2,4.0,0.999971866607666,1
high3754.txt_q2,4.0,0.8380475044250488,1
high19842.txt_q0,4.0,0.9994751811027527,1
middle7663.txt_q4,4.0,0.9999111890792847,1
high403.txt_q0,4.0,0.7721083164215088,1
high5995.txt_q0,4.0,0.9997175335884094,1
high18109.txt_q1,4.0,0.9999997615814209,1
high21428.txt_q0,4.0,0.9999868869781494,1
middle3058.txt_q0,4.0,0.9998346567153931,1
middle1288.txt_q3,4.0,0.9997583031654358,1
high14578.txt_q2,4.0,0.9970744848251343,1
high10233.txt_q3,4.0,0.9528931379318237,1
high20934.txt_q0,4.0,0.9999974966049194,1
middle5357.txt_q0,4.0,0.999977707862854,1
high1560.txt_q1,4.0,0.996661901473999,1
high3725.txt_q2,4.0,1.0,1
high15897.txt_q1,4.0,0.9998076558113098,1
high3292.txt_q3,4.0,0.9999692440032959,1
high11388.txt_q3,4.0,0.9913904666900635,1
middle6209.txt_q1,4.0,1.0,1
middle3236.txt_q4,4.0,0.949211061000824,1
high6312.txt_q3,4.0,0.9995916485786438,1
high17978.txt_q2,4.0,0.9999983310699463,1
high7848.txt_q1,4.0,0.9656611680984497,1
middle3483.txt_q4,4.0,0.9999797344207764,1
high11588.txt_q3,4.0,0.9999991655349731,1
high1620.txt_q2,4.0,0.9999943971633911,1
high19068.txt_q2,4.0,0.999980092048645,1
high3113.txt_q1,4.0,0.9825582504272461,1
high6164.txt_q3,4.0,0.9999991655349731,1
high8533.txt_q2,4.0,0.9998985528945923,1
middle7575.txt_q0,4.0,0.9998255372047424,1
high3263.txt_q3,4.0,0.9941887855529785,1
middle4378.txt_q0,4.0,0.9999064207077026,1
high20737.txt_q1,4.0,0.999980092048645,1
high2530.txt_q3,4.0,0.9997941851615906,1
high9748.txt_q0,4.0,0.8010224103927612,1
middle3905.txt_q0,4.0,0.9999407529830933,1
high5770.txt_q1,4.0,0.9605246782302856,1
high19263.txt_q0,4.0,0.9986361861228943,1
high11302.txt_q2,4.0,0.7782474756240845,1
middle7001.txt_q1,4.0,0.9996557235717773,1
middle5694.txt_q1,4.0,0.9999308586120605,1
high2063.txt_q2,4.0,0.9998606443405151,1
high9291.txt_q1,4.0,0.99998939037323,1
middle6593.txt_q4,4.0,0.9999978542327881,1
high6523.txt_q0,4.0,0.9999964237213135,1
high6913.txt_q0,4.0,0.9999949932098389,1
middle3897.txt_q1,4.0,0.9990173578262329,1
high14268.txt_q1,4.0,0.9999427795410156,1
high6662.txt_q0,4.0,0.9999983310699463,1
middle5015.txt_q1,4.0,0.9999983310699463,1
high3334.txt_q0,4.0,0.9999923706054688,1
high3655.txt_q1,4.0,0.9903250932693481,1
high4247.txt_q1,4.0,0.9995676875114441,1
middle6253.txt_q1,4.0,0.966343343257904,1
high17520.txt_q1,4.0,0.9999393224716187,1
high18047.txt_q2,4.0,1.0,1
high14157.txt_q2,4.0,0.9999997615814209,1
middle5340.txt_q0,4.0,0.31176573038101196,1
high16316.txt_q1,4.0,0.9832913279533386,1
high12176.txt_q0,4.0,0.9976332187652588,1
middle3478.txt_q2,4.0,0.9999842643737793,1
middle3009.txt_q0,4.0,0.9993441700935364,1
high18435.txt_q0,4.0,0.1729099601507187,0
middle4157.txt_q3,4.0,0.9947065711021423,1
middle4779.txt_q0,4.0,1.0,1
high15448.txt_q0,4.0,0.9999704360961914,1
high18098.txt_q1,4.0,0.9526059627532959,1
high9249.txt_q1,4.0,0.9970114231109619,1
middle6256.txt_q1,4.0,0.9978620409965515,1
high11929.txt_q0,4.0,0.9999998807907104,1
middle2412.txt_q0,4.0,1.0,1
middle2710.txt_q0,4.0,0.9999505281448364,1
middle5074.txt_q0,4.0,1.0,1
high23864.txt_q2,4.0,0.8383739590644836,1
middle5894.txt_q2,4.0,0.9985860586166382,1
high9552.txt_q4,4.0,0.9990062117576599,1
middle4929.txt_q3,4.0,0.9999998807907104,1
high3424.txt_q1,4.0,0.9985937476158142,1
high23970.txt_q2,4.0,0.9999998807907104,1
middle3195.txt_q0,4.0,0.9999794960021973,1
high11559.txt_q1,4.0,0.9950974583625793,1
middle3480.txt_q3,4.0,0.9997046589851379,1
high21161.txt_q2,4.0,0.7789362668991089,1
high8554.txt_q0,4.0,0.9812431931495667,1
high13426.txt_q2,4.0,0.9998314380645752,1
high13583.txt_q1,4.0,0.996723473072052,1
high2245.txt_q4,4.0,0.9987016916275024,1
middle6696.txt_q1,4.0,0.9786832332611084,1
high9313.txt_q2,4.0,0.9938868880271912,1
middle6605.txt_q3,4.0,0.9999971389770508,1
high4548.txt_q2,4.0,0.9999988079071045,1
middle7600.txt_q1,4.0,0.8258429765701294,1
middle2785.txt_q2,4.0,0.9999953508377075,1
high13690.txt_q1,4.0,0.2555578947067261,0
middle3309.txt_q1,4.0,0.8691508769989014,1
middle6692.txt_q0,4.0,0.9055965542793274,1
high10200.txt_q2,4.0,0.9999561309814453,1
middle5497.txt_q3,4.0,0.9995071887969971,1
middle1520.txt_q3,4.0,0.9999861717224121,1
high22716.txt_q1,4.0,0.9999678134918213,1
middle8199.txt_q0,4.0,0.9999934434890747,1
middle316.txt_q0,4.0,0.999998927116394,1
middle3482.txt_q2,4.0,0.7620818018913269,1
high11804.txt_q0,4.0,0.9999769926071167,1
middle2778.txt_q3,4.0,0.9999790191650391,1
middle282.txt_q2,4.0,0.9993448853492737,1
middle925.txt_q3,4.0,0.9999200105667114,1
high7918.txt_q3,4.0,0.9999943971633911,1
high9304.txt_q0,4.0,0.9997803568840027,1
middle2556.txt_q3,4.0,0.8040932416915894,1
high713.txt_q2,4.0,0.9876272678375244,1
middle4870.txt_q3,4.0,0.5131727457046509,1
high17173.txt_q0,4.0,0.04387713596224785,0
middle521.txt_q3,4.0,0.9999780654907227,1
high3301.txt_q2,4.0,0.9506004452705383,1
high17449.txt_q2,4.0,0.9718529582023621,1
high23492.txt_q1,4.0,0.9981833100318909,1
high16580.txt_q2,4.0,0.9997312426567078,1
high21514.txt_q0,4.0,0.983324408531189,1
high8874.txt_q2,4.0,0.9970296621322632,1
middle4753.txt_q3,4.0,0.9877884984016418,1
high14017.txt_q1,4.0,0.9497223496437073,1
high5303.txt_q0,4.0,0.9999808073043823,1
high17807.txt_q3,4.0,0.9998761415481567,1
high11002.txt_q0,4.0,1.0,1
high2372.txt_q2,4.0,0.9999969005584717,1
high10031.txt_q3,4.0,0.9985243678092957,1
middle2422.txt_q0,4.0,0.9999939203262329,1
high16185.txt_q1,4.0,0.9999926090240479,1
high19669.txt_q0,4.0,0.9734395146369934,1
middle4687.txt_q1,4.0,0.999956488609314,1
high8628.txt_q2,4.0,0.9999998807907104,1
high3920.txt_q2,4.0,0.876371443271637,1
high4446.txt_q0,4.0,0.9991342425346375,1
high61.txt_q2,4.0,0.9987486600875854,1
high20769.txt_q0,4.0,0.9994935989379883,1
high11720.txt_q1,4.0,0.922632098197937,1
high11276.txt_q3,4.0,0.9773737192153931,1
high18139.txt_q3,4.0,0.9999810457229614,1
high239.txt_q2,4.0,0.9995266199111938,1
high22700.txt_q1,4.0,0.9867782592773438,1
high17866.txt_q3,4.0,0.9999957084655762,1
middle5151.txt_q0,4.0,0.9999734163284302,1
high6110.txt_q0,4.0,0.9999628067016602,1
high2474.txt_q2,4.0,0.8656696081161499,1
middle1780.txt_q0,4.0,0.9999793767929077,1
high17558.txt_q1,4.0,0.9999518394470215,1
high23467.txt_q1,4.0,0.9999840259552002,1
middle1437.txt_q1,4.0,0.804511547088623,1
high11872.txt_q1,4.0,0.9995917677879333,1
high6165.txt_q0,4.0,0.9984747767448425,1
middle687.txt_q0,4.0,0.7689427137374878,1
high15643.txt_q1,4.0,0.258575975894928,0
middle91.txt_q3,4.0,0.9999029636383057,1
high21664.txt_q1,4.0,0.9999774694442749,1
high15669.txt_q1,4.0,0.999995231628418,1
high22266.txt_q0,4.0,0.9250944256782532,1
middle133.txt_q1,4.0,0.9999945163726807,1
high2355.txt_q1,4.0,0.8849685192108154,1
middle3437.txt_q3,4.0,0.44513145089149475,1
middle3139.txt_q2,4.0,0.9995574355125427,1
middle1040.txt_q1,4.0,0.9995810389518738,1
middle2641.txt_q0,4.0,0.8111276030540466,1
high12869.txt_q2,4.0,0.9984429478645325,1
middle4937.txt_q1,4.0,0.9999977350234985,1
high6214.txt_q0,4.0,0.9973042011260986,1
high6471.txt_q1,4.0,0.9860104322433472,1
high966.txt_q0,4.0,0.9994526505470276,1
high508.txt_q0,4.0,0.9997010231018066,1
high293.txt_q1,4.0,0.18917730450630188,0
high13255.txt_q0,4.0,0.9799070358276367,1
middle3623.txt_q0,4.0,0.8509889841079712,1
high8004.txt_q2,4.0,0.999916672706604,1
high20676.txt_q3,4.0,0.17620378732681274,0
middle2185.txt_q2,4.0,0.9102664589881897,1
high15271.txt_q0,4.0,0.9999936819076538,1
high6329.txt_q0,4.0,0.9999253749847412,1
middle6459.txt_q3,4.0,0.999636173248291,1
high19577.txt_q1,4.0,0.9981966614723206,1
high19072.txt_q0,4.0,0.999998927116394,1
high3859.txt_q1,4.0,0.9789655804634094,1
high20377.txt_q3,4.0,0.9721238017082214,1
high18817.txt_q0,4.0,0.996631920337677,1
high24218.txt_q0,4.0,0.9999873638153076,1
middle4230.txt_q2,4.0,0.9985633492469788,1
high17384.txt_q4,4.0,0.9995279312133789,1
middle4376.txt_q0,4.0,1.0,1
high4448.txt_q1,4.0,0.9999973773956299,1
middle6814.txt_q4,4.0,0.875629723072052,1
high7315.txt_q1,4.0,0.9999959468841553,1
middle6819.txt_q3,4.0,0.9640225172042847,1
middle477.txt_q0,4.0,0.9999455213546753,1
high2535.txt_q0,4.0,0.9972503781318665,1
high5684.txt_q3,4.0,0.9974983334541321,1
high14614.txt_q1,4.0,0.987503707408905,1
high17275.txt_q4,4.0,0.9996544122695923,1
high15213.txt_q1,4.0,0.9998574256896973,1
high20020.txt_q1,4.0,0.9999022483825684,1
high9526.txt_q2,4.0,0.9999924898147583,1
middle3426.txt_q0,4.0,0.8667960166931152,1
high934.txt_q1,4.0,0.9999984502792358,1
high21589.txt_q3,4.0,0.9997956156730652,1
high19819.txt_q0,4.0,0.9994370341300964,1
high5598.txt_q0,4.0,0.9412859678268433,1
middle2504.txt_q2,4.0,0.9999983310699463,1
high15.txt_q0,4.0,0.9996826648712158,1
middle1454.txt_q3,4.0,0.9999996423721313,1
high1005.txt_q0,4.0,0.9972038269042969,1
middle7365.txt_q4,4.0,0.9987815022468567,1
high6710.txt_q0,4.0,0.9995598196983337,1
high17143.txt_q2,4.0,0.9983838796615601,1
high11748.txt_q3,4.0,1.0,1
high10280.txt_q2,4.0,0.9934449195861816,1
middle191.txt_q3,4.0,0.9996517896652222,1
high7107.txt_q1,4.0,1.0,1
high21167.txt_q0,4.0,0.9999973773956299,1
high14430.txt_q3,4.0,0.9999963045120239,1
middle1845.txt_q1,4.0,0.9768189787864685,1
high4342.txt_q2,4.0,0.9625034928321838,1
high21558.txt_q1,4.0,0.9999998807907104,1
high23726.txt_q4,4.0,0.9996951818466187,1
middle6785.txt_q3,4.0,0.997251570224762,1
high13813.txt_q1,4.0,0.999972939491272,1
middle7117.txt_q1,4.0,0.9998576641082764,1
high16797.txt_q3,4.0,0.9999972581863403,1
middle1347.txt_q3,4.0,0.9535692930221558,1
high9484.txt_q2,4.0,0.9547794461250305,1
middle317.txt_q1,4.0,0.9999990463256836,1
middle6359.txt_q3,4.0,0.9999939203262329,1
high19086.txt_q0,4.0,0.9999998807907104,1
high5581.txt_q0,4.0,0.9999972581863403,1
high20725.txt_q2,4.0,0.906074583530426,1
middle1206.txt_q2,4.0,0.9998337030410767,1
high22409.txt_q1,4.0,0.9998791217803955,1
high16306.txt_q2,4.0,0.9999986886978149,1
middle1860.txt_q1,4.0,1.0,1
high23014.txt_q0,4.0,0.9996917247772217,1
middle3525.txt_q3,4.0,0.9966692328453064,1
high235.txt_q1,4.0,0.9999983310699463,1
high18707.txt_q1,4.0,0.9991186261177063,1
middle5307.txt_q0,4.0,0.7826634049415588,1
high2914.txt_q1,4.0,0.9981834292411804,1
high17367.txt_q2,4.0,0.46547675132751465,0
middle7173.txt_q2,4.0,0.9999358654022217,1
high14967.txt_q2,4.0,0.9999517202377319,1
high2073.txt_q2,4.0,0.9999977350234985,1
high20227.txt_q1,4.0,0.9866567254066467,1
high5021.txt_q0,4.0,1.0,1
middle6486.txt_q0,4.0,0.999944806098938,1
high15203.txt_q4,4.0,0.08078376203775406,0
high3853.txt_q2,4.0,0.9998645782470703,1
middle3160.txt_q1,4.0,0.9998276233673096,1
high17913.txt_q0,4.0,0.2825009226799011,1
high8338.txt_q1,4.0,0.999897837638855,1
high3929.txt_q2,4.0,0.5139282941818237,1
high16673.txt_q2,4.0,0.9236214756965637,1
high11253.txt_q0,4.0,0.9996556043624878,1
middle5306.txt_q3,4.0,0.9980279803276062,1
high5183.txt_q0,4.0,0.9999992847442627,1
high880.txt_q2,4.0,0.9999997615814209,1
high9447.txt_q2,4.0,0.9999936819076538,1
high21986.txt_q0,4.0,0.9999995231628418,1
high3791.txt_q0,4.0,0.999927282333374,1
high8451.txt_q3,4.0,1.0,1
high754.txt_q3,4.0,0.9999955892562866,1
high16333.txt_q1,4.0,0.9996902942657471,1
high11716.txt_q2,4.0,0.9999963045120239,1
high4745.txt_q0,4.0,0.9688438177108765,1
high21952.txt_q0,4.0,0.9943177103996277,1
high408.txt_q1,4.0,0.9998871088027954,1
high22393.txt_q2,4.0,0.9676070213317871,1
high725.txt_q1,4.0,0.9968840479850769,1
middle2372.txt_q0,4.0,0.999996542930603,1
high16166.txt_q4,4.0,0.9992625117301941,1
middle5693.txt_q2,4.0,0.9999997615814209,1
high11469.txt_q3,4.0,0.9997871518135071,1
high7529.txt_q2,4.0,0.9869518280029297,1
high1539.txt_q0,4.0,0.9999717473983765,1
high4833.txt_q0,4.0,0.9999970197677612,1
high877.txt_q3,4.0,0.9994009733200073,1
high5145.txt_q2,4.0,0.9999537467956543,1
high10795.txt_q3,4.0,0.9665079116821289,1
high21746.txt_q2,4.0,0.9858555197715759,1
high16676.txt_q2,4.0,0.9917112588882446,1
high5520.txt_q2,4.0,0.9998874664306641,1
middle3987.txt_q4,4.0,0.9997217059135437,1
high22527.txt_q4,4.0,0.9999949932098389,1
high10719.txt_q0,4.0,0.9998703002929688,1
middle4355.txt_q1,4.0,0.999607264995575,1
high17005.txt_q1,4.0,0.9962246417999268,1
middle5062.txt_q3,4.0,0.9994468092918396,1
high1815.txt_q0,4.0,0.9999955892562866,1
middle28.txt_q3,4.0,0.5428068041801453,1
high2734.txt_q1,4.0,0.9896043539047241,1
high17890.txt_q3,4.0,0.9302026033401489,1
high9372.txt_q0,4.0,0.9996529817581177,1
high10840.txt_q0,4.0,0.9999985694885254,1
high21686.txt_q0,4.0,0.9991629123687744,1
high8767.txt_q2,4.0,0.6613743901252747,1
high11743.txt_q1,4.0,0.9998801946640015,1
middle1237.txt_q2,4.0,0.9999836683273315,1
high22196.txt_q1,4.0,0.9710819721221924,1
high5279.txt_q3,4.0,0.9648065567016602,1
middle660.txt_q1,4.0,0.9968820810317993,1
high20823.txt_q2,4.0,0.878327488899231,1
high6811.txt_q2,4.0,0.9999983310699463,1
high17003.txt_q0,4.0,0.9587274193763733,1
high448.txt_q3,4.0,0.9999967813491821,1
high11480.txt_q0,4.0,0.9989765882492065,1
high7265.txt_q3,4.0,0.9968647360801697,1
high9020.txt_q0,4.0,0.9854334592819214,1
high7341.txt_q3,4.0,0.998958945274353,1
high20951.txt_q1,4.0,0.9838648438453674,1
middle6253.txt_q4,4.0,0.9999991655349731,1
high18907.txt_q1,4.0,0.998970627784729,1
high5723.txt_q2,4.0,0.9991562366485596,1
high9181.txt_q0,4.0,0.9999788999557495,1
middle1799.txt_q2,4.0,0.15846098959445953,0
high10899.txt_q2,4.0,0.24302048981189728,0
high4988.txt_q0,4.0,0.9694061875343323,1
high19472.txt_q1,4.0,0.9987456798553467,1
high14294.txt_q0,4.0,0.999990701675415,1
middle5577.txt_q3,4.0,0.9993537068367004,1
high17104.txt_q3,4.0,0.999609649181366,1
high4340.txt_q2,4.0,1.0,1
high3665.txt_q2,4.0,0.9943062663078308,1
high19625.txt_q2,4.0,0.9898753762245178,1
high4786.txt_q1,4.0,1.0,1
middle3018.txt_q1,4.0,0.9995688796043396,1
high457.txt_q1,4.0,0.9999700784683228,1
high13054.txt_q3,4.0,0.9998337030410767,1
middle2630.txt_q3,4.0,0.9999839067459106,1
middle2593.txt_q3,4.0,0.9999822378158569,1
middle7181.txt_q3,4.0,0.9998216032981873,1
high20883.txt_q2,4.0,0.9994345307350159,1
high12720.txt_q3,4.0,0.7911513447761536,1
high1660.txt_q2,4.0,0.9999780654907227,1
high16696.txt_q3,4.0,0.9916526675224304,1
middle2791.txt_q1,4.0,0.9957876801490784,1
middle5055.txt_q2,4.0,0.8907766938209534,1
high14936.txt_q0,4.0,0.8843030333518982,1
high20648.txt_q1,4.0,0.9999750852584839,1
high9292.txt_q2,4.0,0.9999701976776123,1
high22884.txt_q3,4.0,0.9984902143478394,1
high10839.txt_q2,4.0,0.9999985694885254,1
middle2805.txt_q0,4.0,0.15917210280895233,0
middle466.txt_q0,4.0,0.9999798536300659,1
middle7334.txt_q0,4.0,0.9996747970581055,1
middle4983.txt_q0,4.0,0.9999984502792358,1
high16980.txt_q1,4.0,0.4934891164302826,0
high5427.txt_q2,4.0,0.9993076324462891,1
high12836.txt_q0,4.0,0.37272191047668457,0
middle1625.txt_q2,4.0,0.8410656452178955,1
high14854.txt_q0,4.0,0.9956799745559692,1
middle1220.txt_q1,4.0,0.3762029707431793,1
high19611.txt_q1,4.0,0.9999977350234985,1
high9365.txt_q1,4.0,0.9979103207588196,1
high15055.txt_q1,4.0,1.0,1
high21929.txt_q2,4.0,0.9998934268951416,1
middle6116.txt_q2,4.0,0.9901031255722046,1
high23756.txt_q0,4.0,0.9941447377204895,1
high4198.txt_q1,4.0,0.9904804825782776,1
high3252.txt_q1,4.0,0.9775096774101257,1
middle7787.txt_q0,4.0,0.9697652459144592,1
middle1157.txt_q1,4.0,0.9999589920043945,1
middle3059.txt_q0,4.0,0.9992274045944214,1
high3896.txt_q0,4.0,0.9996542930603027,1
middle830.txt_q3,4.0,0.9992538094520569,1
middle5472.txt_q2,4.0,0.9999574422836304,1
middle6562.txt_q0,4.0,1.0,1
high14216.txt_q1,4.0,0.9990618824958801,1
middle986.txt_q0,4.0,0.9999970197677612,1
middle4882.txt_q4,4.0,0.999607503414154,1
middle6696.txt_q0,4.0,0.9999697208404541,1
high23942.txt_q2,4.0,0.999997615814209,1
high9622.txt_q2,4.0,0.9998846054077148,1
middle7013.txt_q4,4.0,1.0,1
high19464.txt_q0,4.0,0.9905966520309448,1
high14163.txt_q0,4.0,0.9999431371688843,1
middle375.txt_q3,4.0,0.9998877048492432,1
high14162.txt_q0,4.0,0.7257411479949951,1
high8126.txt_q3,4.0,0.992405116558075,1
high17360.txt_q3,4.0,0.9999990463256836,1
middle6876.txt_q0,4.0,0.9606760740280151,1
high9678.txt_q4,4.0,0.9997773766517639,1
high24110.txt_q0,4.0,0.8946567177772522,1
high9585.txt_q0,4.0,0.9999920129776001,1
high12739.txt_q0,4.0,0.9999977350234985,1
middle6923.txt_q1,4.0,0.9999940395355225,1
high9267.txt_q0,4.0,0.4047802686691284,1
high4150.txt_q3,4.0,0.999992847442627,1
high4895.txt_q1,4.0,0.9997826218605042,1
high7587.txt_q2,4.0,0.9999595880508423,1
high20941.txt_q0,4.0,0.9982635378837585,1
middle5647.txt_q4,4.0,0.9999997615814209,1
high6853.txt_q3,4.0,0.7531400322914124,1
high4940.txt_q0,4.0,0.9996998310089111,1
high10035.txt_q3,4.0,0.999885082244873,1
high24098.txt_q2,4.0,0.7417184710502625,1
high4017.txt_q3,4.0,0.9934172630310059,1
middle7358.txt_q4,4.0,0.005697840359061956,0
high18475.txt_q0,4.0,0.9999974966049194,1
high10440.txt_q0,4.0,0.9894313812255859,1
high11971.txt_q0,4.0,0.9998612403869629,1
high13927.txt_q2,4.0,0.9999996423721313,1
high1524.txt_q0,4.0,0.9999984502792358,1
high23008.txt_q1,4.0,0.97516268491745,1
high4502.txt_q4,4.0,0.9999454021453857,1
high1969.txt_q0,4.0,0.9998775720596313,1
high8528.txt_q1,4.0,0.9999439716339111,1
high7212.txt_q2,4.0,0.9909908771514893,1
high2481.txt_q0,4.0,1.0,1
high6066.txt_q0,4.0,0.9999847412109375,1
middle1758.txt_q4,4.0,0.99162358045578,1
middle494.txt_q0,4.0,0.9782521724700928,1
high624.txt_q1,4.0,0.2755816876888275,0
high10929.txt_q1,4.0,0.9998376369476318,1
middle3832.txt_q3,4.0,0.9979483485221863,1
middle6305.txt_q3,4.0,0.9999126195907593,1
high1061.txt_q0,4.0,0.9999290704727173,1
high739.txt_q1,4.0,0.9998705387115479,1
high23467.txt_q0,4.0,0.9913846254348755,1
high5496.txt_q0,4.0,0.9998644590377808,1
high22765.txt_q2,4.0,0.9999583959579468,1
high16665.txt_q0,4.0,0.9996441602706909,1
high18708.txt_q0,4.0,0.8845003247261047,1
high3561.txt_q1,4.0,0.9999990463256836,1
high12435.txt_q1,4.0,0.6088153123855591,1
high6046.txt_q2,4.0,0.9993009567260742,1
middle4272.txt_q3,4.0,0.99822598695755,1
high5503.txt_q4,4.0,0.9999969005584717,1
middle3838.txt_q2,4.0,0.9415877461433411,1
high6035.txt_q0,4.0,0.99969482421875,1
middle6101.txt_q4,4.0,0.005243764724582434,0
high1013.txt_q1,4.0,0.9554829597473145,1
high21007.txt_q0,4.0,0.999835729598999,1
high18800.txt_q3,4.0,0.9959470629692078,1
high13295.txt_q1,4.0,0.9116126894950867,1
middle3321.txt_q2,4.0,0.808833658695221,1
high20895.txt_q0,4.0,0.9914259910583496,1
high4131.txt_q1,4.0,0.9999992847442627,1
middle1022.txt_q1,4.0,0.9998607635498047,1
high7267.txt_q2,4.0,0.9868005514144897,1
high20717.txt_q3,4.0,0.9981749057769775,1
middle947.txt_q1,4.0,0.2953376770019531,0
high17000.txt_q1,4.0,0.9999998807907104,1
high16168.txt_q2,4.0,0.9899107813835144,1
high12323.txt_q0,4.0,0.9027091264724731,1
middle2570.txt_q4,4.0,0.9997596144676208,1
middle4655.txt_q0,4.0,0.9999833106994629,1
middle7003.txt_q1,4.0,0.9999995231628418,1
high6905.txt_q1,4.0,0.9931854009628296,1
high5858.txt_q3,4.0,1.0,1
high14152.txt_q0,4.0,0.999881386756897,1
high20156.txt_q2,4.0,0.9907627701759338,1
high15723.txt_q2,4.0,0.9976859092712402,1
middle4932.txt_q2,4.0,0.9999585151672363,1
middle17.txt_q3,4.0,0.9763626456260681,1
high21085.txt_q0,4.0,0.9998244643211365,1
high6811.txt_q1,4.0,0.9992783665657043,1
middle7467.txt_q3,4.0,0.9825330972671509,1
high3424.txt_q0,4.0,0.9883570075035095,1
high5953.txt_q1,4.0,0.9997609257698059,1
high15085.txt_q2,4.0,0.9989756345748901,1
middle6198.txt_q0,4.0,0.9842711091041565,1
middle2031.txt_q3,4.0,0.999860405921936,1
middle4600.txt_q0,4.0,0.9900909662246704,1
high4698.txt_q0,4.0,0.9995352029800415,1
high19245.txt_q0,4.0,0.999738872051239,1
middle6324.txt_q0,4.0,0.9999991655349731,1
middle6891.txt_q4,4.0,0.9986975193023682,1
high8958.txt_q0,4.0,0.9675187468528748,1
middle7647.txt_q3,4.0,1.0,1
high19085.txt_q2,4.0,0.9999997615814209,1
high23536.txt_q2,4.0,0.9998331069946289,1
middle95.txt_q1,4.0,1.0,1
high20870.txt_q0,4.0,0.9992960691452026,1
high19069.txt_q0,4.0,0.9968432188034058,1
high23171.txt_q2,4.0,0.9999868869781494,1
middle4790.txt_q4,4.0,0.9999986886978149,1
middle7748.txt_q4,4.0,0.6865914463996887,1
high20546.txt_q1,4.0,0.9975308775901794,1
high13658.txt_q0,4.0,0.9982140064239502,1
middle2943.txt_q0,4.0,0.9999995231628418,1
high18985.txt_q1,4.0,0.9997013211250305,1
high5054.txt_q1,4.0,0.9989008903503418,1
high5973.txt_q0,4.0,0.9999773502349854,1
high13526.txt_q3,4.0,0.9999743700027466,1
high19887.txt_q2,4.0,0.8949950933456421,1
middle1262.txt_q0,4.0,0.9914095997810364,1
high10435.txt_q0,4.0,0.999971866607666,1
middle6563.txt_q2,4.0,0.9999958276748657,1
high605.txt_q1,4.0,0.9999994039535522,1
high10743.txt_q1,4.0,0.6364327669143677,1
high8265.txt_q1,4.0,0.9999979734420776,1
middle5944.txt_q3,4.0,1.0,1
high13969.txt_q2,4.0,0.9996950626373291,1
middle7197.txt_q4,4.0,0.9999724626541138,1
high9151.txt_q0,4.0,0.9999911785125732,1
high20853.txt_q4,4.0,0.9901150465011597,1
high5249.txt_q2,4.0,0.9934629201889038,1
high81.txt_q3,4.0,0.9996308088302612,1
high1060.txt_q1,4.0,0.9999897480010986,1
high12043.txt_q2,4.0,0.9521925449371338,1
high4531.txt_q0,4.0,0.9999885559082031,1
high3810.txt_q0,4.0,0.9998373985290527,1
middle1327.txt_q1,4.0,0.9865484833717346,1
high13481.txt_q0,4.0,0.9999892711639404,1
middle3863.txt_q1,4.0,0.9622802734375,1
high15036.txt_q0,4.0,0.9647980332374573,1
high13047.txt_q1,4.0,0.9899105429649353,1
middle904.txt_q4,4.0,0.999995231628418,1
middle1290.txt_q3,4.0,0.9965318441390991,1
high1094.txt_q1,4.0,0.9987058639526367,1
high7442.txt_q3,4.0,0.9999994039535522,1
high22926.txt_q2,4.0,0.9992759823799133,1
high17749.txt_q0,4.0,0.999924898147583,1
middle498.txt_q0,4.0,0.8563246726989746,1
high11420.txt_q1,4.0,0.999853253364563,1
high1075.txt_q0,4.0,0.9998452663421631,1
high2876.txt_q0,4.0,0.946470320224762,1
high17513.txt_q1,4.0,0.9699941277503967,1
high14049.txt_q3,4.0,0.9999053478240967,1
high22548.txt_q1,4.0,0.9942434430122375,1
high10397.txt_q1,4.0,0.9997689127922058,1
high5470.txt_q1,4.0,0.9999204874038696,1
high15574.txt_q0,4.0,0.9999812841415405,1
high1094.txt_q2,4.0,0.9998894929885864,1
middle6883.txt_q0,4.0,0.999725878238678,1
middle7608.txt_q3,4.0,0.9907764792442322,1
high2555.txt_q2,4.0,0.9999997615814209,1
high1757.txt_q2,4.0,0.9968374967575073,1
high13653.txt_q1,4.0,0.9999984502792358,1
high2950.txt_q2,4.0,0.9942231774330139,1
middle2659.txt_q0,4.0,0.9999661445617676,1
high2893.txt_q2,4.0,0.9992650151252747,1
middle2116.txt_q1,4.0,0.9899030923843384,1
high1139.txt_q0,4.0,0.9934165477752686,1
high8874.txt_q3,4.0,0.9995662569999695,1
high22356.txt_q0,4.0,0.8626633286476135,1
high18253.txt_q1,4.0,0.9999523162841797,1
middle7415.txt_q4,4.0,0.9999639987945557,1
middle3763.txt_q0,4.0,0.9994358420372009,1
high16720.txt_q0,4.0,0.999980092048645,1
high5573.txt_q0,4.0,0.5478568077087402,1
middle1820.txt_q1,4.0,0.9999954700469971,1
middle3635.txt_q0,4.0,0.16489627957344055,0
middle4224.txt_q3,4.0,0.8177867531776428,1
high577.txt_q2,4.0,0.9995372295379639,1
middle8281.txt_q1,4.0,0.9999978542327881,1
high3348.txt_q3,4.0,0.999964714050293,1
high3862.txt_q1,4.0,0.9900992512702942,1
middle3606.txt_q0,4.0,0.9999419450759888,1
high15093.txt_q1,4.0,0.9577044248580933,1
high1597.txt_q2,4.0,1.0,1
high23712.txt_q0,4.0,0.9987168312072754,1
high24161.txt_q0,4.0,0.9999692440032959,1
high17624.txt_q1,4.0,0.9972670078277588,1
middle1561.txt_q0,4.0,0.8913080096244812,1
high10737.txt_q0,4.0,0.9775993824005127,1
high4524.txt_q0,4.0,0.5084463357925415,1
high13368.txt_q1,4.0,0.983892560005188,1
high9458.txt_q1,4.0,0.9990274906158447,1
middle3776.txt_q0,4.0,0.9999144077301025,1
middle6684.txt_q1,4.0,0.9990119934082031,1
high16738.txt_q0,4.0,0.9825997352600098,1
high5460.txt_q0,4.0,0.9990218877792358,1
high12637.txt_q1,4.0,0.9691749811172485,1
high24127.txt_q0,4.0,0.9876983761787415,1
high7231.txt_q0,4.0,0.9620126485824585,1
high24074.txt_q3,4.0,0.9882866740226746,1
middle7634.txt_q0,4.0,0.9999451637268066,1
high18926.txt_q3,4.0,0.9999942779541016,1
high3580.txt_q2,4.0,0.9980325102806091,1
middle1396.txt_q3,4.0,0.9999974966049194,1
high24155.txt_q1,4.0,0.9999983310699463,1
middle505.txt_q3,4.0,0.9999977350234985,1
high19106.txt_q0,4.0,0.9999849796295166,1
middle4815.txt_q2,4.0,0.9667101502418518,1
high11226.txt_q2,4.0,0.9999744892120361,1
high17421.txt_q0,4.0,0.9999998807907104,1
middle2206.txt_q0,4.0,0.3317485749721527,1
high9007.txt_q0,4.0,0.9991934895515442,1
high576.txt_q0,4.0,0.9700884222984314,1
high14689.txt_q1,4.0,0.9988719820976257,1
middle5540.txt_q2,4.0,0.9624443054199219,1
middle5542.txt_q3,4.0,0.9988958835601807,1
middle3914.txt_q2,4.0,0.9930003881454468,1
high4116.txt_q1,4.0,0.9978811144828796,1
high22329.txt_q0,4.0,0.9972187280654907,1
middle8017.txt_q2,4.0,0.9999878406524658,1
high11851.txt_q1,4.0,0.6661849021911621,1
high6020.txt_q0,4.0,0.999998927116394,1
high21649.txt_q2,4.0,0.8713654279708862,1
high12032.txt_q1,4.0,0.9970194697380066,1
middle3251.txt_q2,4.0,0.9221103191375732,1
high12678.txt_q1,4.0,0.9688432216644287,1
high7921.txt_q2,4.0,0.9853288531303406,1
high8947.txt_q0,4.0,0.9976229071617126,1
high17438.txt_q3,4.0,0.977031409740448,1
middle1747.txt_q0,4.0,1.0,1
high9057.txt_q0,4.0,0.9974715709686279,1
middle2976.txt_q2,4.0,0.9571198225021362,1
high7747.txt_q3,4.0,0.9978333115577698,1
high2157.txt_q3,4.0,0.8904144763946533,1
middle711.txt_q1,4.0,0.9999995231628418,1
high19193.txt_q2,4.0,0.9999998807907104,1
middle289.txt_q3,4.0,0.9999983310699463,1
middle6113.txt_q2,4.0,0.996988832950592,1
high12667.txt_q0,4.0,0.9990507960319519,1
high20339.txt_q0,4.0,0.9999849796295166,1
high2538.txt_q0,4.0,0.9620895385742188,1
high1470.txt_q2,4.0,0.8880427479743958,1
high18493.txt_q1,4.0,0.4107303023338318,0
high9299.txt_q2,4.0,0.999932050704956,1
middle3956.txt_q1,4.0,0.987855851650238,1
middle2665.txt_q1,4.0,0.6374556422233582,1
high19942.txt_q1,4.0,0.9988365769386292,1
middle4818.txt_q1,4.0,0.9999998807907104,1
middle6761.txt_q2,4.0,0.9999998807907104,1
middle166.txt_q0,4.0,0.9979707598686218,1
high13468.txt_q3,4.0,0.9997938275337219,1
high14259.txt_q2,4.0,0.25497907400131226,0
high4976.txt_q3,4.0,0.999910831451416,1
middle460.txt_q0,4.0,0.9996274709701538,1
middle5145.txt_q4,4.0,0.9993703961372375,1
high4276.txt_q0,4.0,0.9992024302482605,1
high7612.txt_q2,4.0,0.9987010955810547,1
high7194.txt_q0,4.0,0.9999992847442627,1
high11432.txt_q2,4.0,0.9999932050704956,1
middle5468.txt_q4,4.0,0.9999220371246338,1
high2184.txt_q2,4.0,0.999985933303833,1
middle5158.txt_q3,4.0,0.847998321056366,1
high1791.txt_q2,4.0,0.9999812841415405,1
middle5727.txt_q2,4.0,0.9999983310699463,1
middle4265.txt_q1,4.0,0.9999991655349731,1
high2961.txt_q1,4.0,0.9998456239700317,1
middle1940.txt_q2,4.0,0.25185033679008484,0
high7954.txt_q1,4.0,0.9999995231628418,1
high17574.txt_q1,4.0,0.9748563766479492,1
high24037.txt_q2,4.0,0.999994158744812,1
high19586.txt_q1,4.0,0.9555400609970093,1
middle7219.txt_q0,4.0,1.0,1
high11000.txt_q0,4.0,0.9953333735466003,1
middle6292.txt_q2,4.0,0.9988828301429749,1
high17471.txt_q2,4.0,0.9999771118164062,1
middle7362.txt_q1,4.0,0.40178507566452026,1
high18950.txt_q3,4.0,0.9999974966049194,1
middle6216.txt_q1,4.0,0.5540250539779663,1
middle6716.txt_q0,4.0,0.999882698059082,1
high15549.txt_q2,4.0,0.9999890327453613,1
high4632.txt_q1,4.0,0.9999995231628418,1
high736.txt_q2,4.0,0.2225417047739029,0
middle3169.txt_q4,4.0,0.9972296357154846,1
high15600.txt_q3,4.0,0.9986321330070496,1
high20701.txt_q0,4.0,0.9999998807907104,1
high21343.txt_q1,4.0,0.9968963861465454,1
middle3230.txt_q0,4.0,0.20997312664985657,0
high14641.txt_q1,4.0,0.9993059635162354,1
high15344.txt_q3,4.0,0.8962174654006958,1
high23220.txt_q1,4.0,0.9999927282333374,1
middle7111.txt_q0,4.0,1.0,1
high2299.txt_q0,4.0,1.0,1
middle3600.txt_q1,4.0,0.973744809627533,1
middle4671.txt_q3,4.0,0.7347033619880676,1
high19501.txt_q2,4.0,0.639680027961731,1
middle6573.txt_q0,4.0,0.2610078454017639,0
high5468.txt_q1,4.0,0.9979788661003113,1
middle3658.txt_q1,4.0,1.0,1
high772.txt_q1,4.0,0.9655229449272156,1
high5297.txt_q2,4.0,1.0,1
high23902.txt_q1,4.0,0.9999946355819702,1
middle7280.txt_q1,4.0,0.9981911778450012,1
high5624.txt_q2,4.0,0.9973775148391724,1
high6065.txt_q0,4.0,0.9975985884666443,1
high10034.txt_q0,4.0,0.9999759197235107,1
high3330.txt_q1,4.0,0.9976363182067871,1
high16454.txt_q0,4.0,0.9999946355819702,1
high20127.txt_q3,4.0,0.9976443648338318,1
high12071.txt_q1,4.0,0.05445948243141174,0
middle8284.txt_q2,4.0,0.9870949387550354,1
high17414.txt_q0,4.0,0.9999887943267822,1
high7529.txt_q1,4.0,0.9999967813491821,1
middle2911.txt_q2,4.0,1.0,1
middle6326.txt_q4,4.0,0.8010515570640564,1
high2577.txt_q0,4.0,0.8001234531402588,1
middle3167.txt_q3,4.0,0.9962977766990662,1
high2671.txt_q0,4.0,0.9971151351928711,1
middle3892.txt_q2,4.0,0.32627072930336,1
high4240.txt_q0,4.0,0.9998304843902588,1
middle3166.txt_q3,4.0,0.9999966621398926,1
middle4623.txt_q2,4.0,0.24802595376968384,0
high15456.txt_q3,4.0,0.8498545289039612,1
high7633.txt_q0,4.0,0.9999973773956299,1
high23622.txt_q2,4.0,0.9999477863311768,1
high13936.txt_q1,4.0,0.9988746047019958,1
high20645.txt_q1,4.0,0.9903215765953064,1
middle2270.txt_q1,4.0,0.9997231364250183,1
high9273.txt_q2,4.0,0.9999635219573975,1
high2574.txt_q1,4.0,0.9999955892562866,1
high7784.txt_q0,4.0,1.0,1
middle6333.txt_q1,4.0,0.9993368983268738,1
high23350.txt_q2,4.0,0.9999651908874512,1
high1465.txt_q3,4.0,0.831608772277832,1
high13178.txt_q0,4.0,0.9706695675849915,1
high21957.txt_q0,4.0,0.9964667558670044,1
high2889.txt_q3,4.0,0.9858661890029907,1
high18904.txt_q0,4.0,0.9999994039535522,1
high13236.txt_q3,4.0,0.9241445660591125,1
middle5487.txt_q2,4.0,0.9624311923980713,1
high488.txt_q1,4.0,0.9821382761001587,1
high17165.txt_q2,4.0,0.3757164776325226,0
high5236.txt_q3,4.0,0.9925152659416199,1
high14345.txt_q0,4.0,0.9994187355041504,1
high6613.txt_q2,4.0,0.9987583160400391,1
high9972.txt_q4,4.0,0.9999798536300659,1
middle5081.txt_q3,4.0,0.9999847412109375,1
high12263.txt_q1,4.0,0.9999973773956299,1
middle5305.txt_q0,4.0,0.9999995231628418,1
middle6943.txt_q3,4.0,0.4784916937351227,1
middle2609.txt_q1,4.0,0.9999996423721313,1
high4167.txt_q2,4.0,0.4665013253688812,1
high21008.txt_q2,4.0,0.9997115731239319,1
middle7635.txt_q4,4.0,0.9953601956367493,1
high3209.txt_q0,4.0,0.9999998807907104,1
high11546.txt_q3,4.0,0.9861348271369934,1
high11075.txt_q0,4.0,0.9996592998504639,1
high544.txt_q0,4.0,0.878508985042572,1
middle2820.txt_q0,4.0,0.9998107552528381,1
middle981.txt_q3,4.0,0.9999998807907104,1
high17553.txt_q0,4.0,0.987930417060852,1
high177.txt_q2,4.0,0.9869415163993835,1
high22668.txt_q0,4.0,0.9849600195884705,1
high10238.txt_q0,4.0,0.6404505372047424,1
middle3749.txt_q2,4.0,0.996217668056488,1
high12596.txt_q3,4.0,0.9996426105499268,1
high5030.txt_q0,4.0,0.9999911785125732,1
middle481.txt_q1,4.0,0.8977707028388977,1
middle4190.txt_q3,4.0,0.9999881982803345,1
middle7870.txt_q0,4.0,0.44219061732292175,1
high16338.txt_q3,4.0,0.9995023012161255,1
high3946.txt_q2,4.0,0.9614077806472778,1
high22375.txt_q2,4.0,0.9980950951576233,1
middle1671.txt_q2,4.0,1.0,1
middle8070.txt_q2,4.0,0.9999969005584717,1
high23674.txt_q2,4.0,0.1331937313079834,0
high16088.txt_q0,4.0,0.9489135146141052,1
high5187.txt_q2,4.0,0.9976118803024292,1
high18601.txt_q1,4.0,0.5875848531723022,1
high8086.txt_q2,4.0,0.999987006187439,1
high18598.txt_q0,4.0,0.9999808073043823,1
high22107.txt_q2,4.0,0.9999992847442627,1
high23073.txt_q1,4.0,0.9999891519546509,1
high21025.txt_q0,4.0,0.9979804158210754,1
high18755.txt_q3,4.0,0.999881386756897,1
high14348.txt_q0,4.0,0.9988552331924438,1
high19772.txt_q1,4.0,0.885897159576416,1
high23578.txt_q3,4.0,0.9999961853027344,1
high10807.txt_q3,4.0,0.9999706745147705,1
middle4437.txt_q4,4.0,0.999995231628418,1
high23003.txt_q1,4.0,0.9999244213104248,1
high18255.txt_q2,4.0,0.9999746084213257,1
high18737.txt_q0,4.0,0.9827848076820374,1
high3023.txt_q2,4.0,0.5087262392044067,1
middle815.txt_q4,4.0,0.724723756313324,1
middle4.txt_q0,4.0,0.9970141649246216,1
middle2488.txt_q0,4.0,0.9983583092689514,1
high10052.txt_q0,4.0,0.9999823570251465,1
high19590.txt_q2,4.0,0.9996379613876343,1
high13572.txt_q0,4.0,0.9943301677703857,1
high2640.txt_q0,4.0,0.9999328851699829,1
high1088.txt_q2,4.0,0.9999867677688599,1
high20332.txt_q2,4.0,0.9998775720596313,1
middle2301.txt_q2,4.0,0.9994407296180725,1
high3831.txt_q1,4.0,0.9990563988685608,1
high15505.txt_q4,4.0,0.9995347261428833,1
middle2697.txt_q0,4.0,0.9999996423721313,1
middle4163.txt_q2,4.0,0.9999887943267822,1
high12312.txt_q1,4.0,0.9994737505912781,1
high10757.txt_q1,4.0,0.9518593549728394,1
high6765.txt_q3,4.0,0.9797592759132385,1
high6114.txt_q1,4.0,0.9993128776550293,1
high21808.txt_q2,4.0,0.999997615814209,1
high3660.txt_q2,4.0,0.9990097284317017,1
high7108.txt_q2,4.0,0.9999990463256836,1
high11242.txt_q1,4.0,0.5175894498825073,1
high62.txt_q0,4.0,0.9814745187759399,1
high17697.txt_q0,4.0,0.9999263286590576,1
high14936.txt_q1,4.0,0.999998927116394,1
high23949.txt_q0,4.0,0.9999972581863403,1
middle8021.txt_q1,4.0,0.9997417330741882,1
middle6241.txt_q1,4.0,0.9991838335990906,1
high18409.txt_q0,4.0,0.9806725382804871,1
high1607.txt_q0,4.0,0.9999967813491821,1
high12958.txt_q0,4.0,0.9979996085166931,1
middle6925.txt_q1,4.0,0.9999598264694214,1
high14525.txt_q1,4.0,0.7528077363967896,1
high20160.txt_q4,4.0,0.925940990447998,1
high20902.txt_q1,4.0,0.9999929666519165,1
high6593.txt_q0,4.0,0.9998396635055542,1
high5518.txt_q0,4.0,0.9940604567527771,1
high14987.txt_q2,4.0,0.9999996423721313,1
high6821.txt_q1,4.0,0.4719269275665283,1
high8615.txt_q2,4.0,1.0,1
middle5827.txt_q1,4.0,1.0,1
high14773.txt_q1,4.0,0.9999581575393677,1
high15204.txt_q1,4.0,0.984904408454895,1
high22758.txt_q0,4.0,1.0,1
high6770.txt_q2,4.0,0.9999688863754272,1
middle2773.txt_q1,4.0,0.9999935626983643,1
middle7389.txt_q2,4.0,0.9999868869781494,1
high18062.txt_q2,4.0,0.9995511174201965,1
high21766.txt_q1,4.0,0.9978494644165039,1
middle3580.txt_q4,4.0,0.9947503209114075,1
high16507.txt_q0,4.0,0.8619307279586792,1
middle5019.txt_q0,4.0,0.9996999502182007,1
high2421.txt_q3,4.0,0.9873278737068176,1
high18464.txt_q2,4.0,0.9996433258056641,1
middle6354.txt_q0,4.0,0.9999985694885254,1
high8098.txt_q0,4.0,0.9989874958992004,1
high11416.txt_q2,4.0,0.9488794803619385,1
high14699.txt_q0,4.0,0.9999892711639404,1
high22372.txt_q1,4.0,0.9999932050704956,1
middle827.txt_q2,4.0,0.9997135996818542,1
middle7803.txt_q1,4.0,0.9999938011169434,1
high12.txt_q0,4.0,0.9981618523597717,1
middle433.txt_q2,4.0,0.9995187520980835,1
middle1067.txt_q2,4.0,0.9999831914901733,1
high5534.txt_q0,4.0,0.9999481439590454,1
middle1444.txt_q3,4.0,0.9975662231445312,1
high13484.txt_q2,4.0,0.9750744104385376,1
high9165.txt_q2,4.0,0.7377588152885437,1
high18067.txt_q0,4.0,1.0,1
high23267.txt_q1,4.0,0.850433349609375,1
middle4228.txt_q0,4.0,0.9785369634628296,1
high10638.txt_q1,4.0,0.9999996423721313,1
middle7521.txt_q1,4.0,0.9993919134140015,1
middle7125.txt_q1,4.0,0.9999479055404663,1
middle1826.txt_q4,4.0,0.999637246131897,1
high21491.txt_q0,4.0,1.0,1
middle3019.txt_q0,4.0,0.9999998807907104,1
high23167.txt_q1,4.0,0.9985985159873962,1
high16620.txt_q0,4.0,0.9999723434448242,1
high1306.txt_q3,4.0,0.9999966621398926,1
high950.txt_q2,4.0,0.998816967010498,1
high13189.txt_q3,4.0,0.999401330947876,1
high8733.txt_q2,4.0,0.9999998807907104,1
high9645.txt_q1,4.0,0.9999954700469971,1
middle6506.txt_q4,4.0,0.999718964099884,1
middle1443.txt_q4,4.0,0.9890222549438477,1
high13498.txt_q0,4.0,0.9997715353965759,1
high18908.txt_q1,4.0,0.9980233907699585,1
middle1219.txt_q1,4.0,0.9925165772438049,1
high23900.txt_q2,4.0,0.9999179840087891,1
high6481.txt_q1,4.0,0.999976396560669,1
high15665.txt_q2,4.0,0.9959536790847778,1
high1695.txt_q4,4.0,0.9981805086135864,1
high4007.txt_q0,4.0,0.9999775886535645,1
middle8018.txt_q4,4.0,0.9999961853027344,1
high12272.txt_q3,4.0,0.9285419583320618,1
middle4301.txt_q2,4.0,0.9992765784263611,1
middle4415.txt_q4,4.0,0.9999866485595703,1
middle1594.txt_q2,4.0,0.894074559211731,1
high12702.txt_q1,4.0,0.9999984502792358,1
high19417.txt_q1,4.0,0.9989128112792969,1
middle2969.txt_q2,4.0,0.9999215602874756,1
middle110.txt_q2,4.0,0.9999850988388062,1
middle1683.txt_q1,4.0,0.9998844861984253,1
middle6217.txt_q1,4.0,0.9999979734420776,1
high8519.txt_q4,4.0,0.9982818365097046,1
high15103.txt_q0,4.0,0.9999079704284668,1
high20426.txt_q0,4.0,0.9997895359992981,1
middle5067.txt_q3,4.0,0.9999260902404785,1
high13039.txt_q1,4.0,0.9999856948852539,1
middle8035.txt_q0,4.0,0.49422961473464966,0
high23489.txt_q3,4.0,0.9892501831054688,1
high6899.txt_q2,4.0,0.9999594688415527,1
high22484.txt_q2,4.0,0.9999994039535522,1
high16038.txt_q1,4.0,0.9989967942237854,1
high13619.txt_q1,4.0,0.9788016080856323,1
high13785.txt_q2,4.0,0.9999997615814209,1
high21640.txt_q0,4.0,0.9992333650588989,1
high8280.txt_q0,4.0,0.999993085861206,1
high5970.txt_q1,4.0,0.851643979549408,1
high3270.txt_q4,4.0,0.9999985694885254,1
high8744.txt_q3,4.0,0.9893971681594849,1
high12203.txt_q0,4.0,0.9999866485595703,1
high19069.txt_q1,4.0,0.9999527931213379,1
high19922.txt_q0,4.0,0.9995874762535095,1
high15142.txt_q0,4.0,0.9984756112098694,1
middle3900.txt_q0,4.0,0.9947068095207214,1
high2998.txt_q1,4.0,0.9999816417694092,1
high10882.txt_q1,4.0,0.9691267609596252,1
high9744.txt_q0,4.0,0.49938035011291504,1
high7657.txt_q0,4.0,0.9970237612724304,1
high7976.txt_q1,4.0,0.9999972581863403,1
high9440.txt_q4,4.0,0.9922971129417419,1
high18242.txt_q4,4.0,0.996727705001831,1
high11386.txt_q0,4.0,1.0,1
high13464.txt_q1,4.0,0.9999997615814209,1
middle3715.txt_q3,4.0,1.0,1
high13083.txt_q1,4.0,0.9996963739395142,1
high9861.txt_q2,4.0,0.9999998807907104,1
high12395.txt_q1,4.0,0.9936473965644836,1
high9544.txt_q1,4.0,1.0,1
high16654.txt_q0,4.0,0.9968783855438232,1
middle1765.txt_q1,4.0,0.9995658993721008,1
high10061.txt_q1,4.0,0.996353268623352,1
high18009.txt_q1,4.0,0.9892770051956177,1
high10663.txt_q1,4.0,0.9999462366104126,1
high8045.txt_q0,4.0,0.8770965933799744,1
high11843.txt_q3,4.0,0.9999986886978149,1
high12127.txt_q0,4.0,0.9999994039535522,1
high23023.txt_q0,4.0,0.9999499320983887,1
middle6582.txt_q2,4.0,0.9999343156814575,1
middle4315.txt_q3,4.0,0.9999998807907104,1
high24182.txt_q0,4.0,0.9998041987419128,1
high22459.txt_q2,4.0,0.9997794032096863,1
high12270.txt_q2,4.0,0.9926044940948486,1
high3674.txt_q1,4.0,0.9979391694068909,1
high15820.txt_q0,4.0,0.9999992847442627,1
middle6167.txt_q2,4.0,0.9998389482498169,1
high12472.txt_q1,4.0,0.9877433776855469,1
high21740.txt_q1,4.0,0.8732414245605469,1
middle6671.txt_q2,4.0,0.999014139175415,1
middle6492.txt_q2,4.0,1.0,1
middle6808.txt_q2,4.0,0.9991000890731812,1
middle4447.txt_q0,4.0,1.0,1
high1725.txt_q1,4.0,0.9999309778213501,1
high13746.txt_q2,4.0,0.9909895062446594,1
high16250.txt_q1,4.0,0.9999986886978149,1
middle7285.txt_q1,4.0,1.0,1
middle2697.txt_q1,4.0,0.9999947547912598,1
high5642.txt_q0,4.0,0.9997629523277283,1
middle4800.txt_q1,4.0,0.9999685287475586,1
high5063.txt_q2,4.0,0.999976396560669,1
high5337.txt_q2,4.0,0.9997929930686951,1
high1957.txt_q3,4.0,0.9969292283058167,1
high16012.txt_q0,4.0,0.9998028874397278,1
high4288.txt_q2,4.0,0.9976009726524353,1
high6575.txt_q2,4.0,0.9999998807907104,1
high4362.txt_q0,4.0,0.9991832375526428,1
high14241.txt_q3,4.0,0.9721190929412842,1
middle2474.txt_q3,4.0,0.998738706111908,1
middle7952.txt_q0,4.0,0.9998364448547363,1
high6654.txt_q0,4.0,0.9998410940170288,1
middle6514.txt_q0,4.0,0.9982843995094299,1
high12819.txt_q2,4.0,0.9730124473571777,1
high10880.txt_q2,4.0,0.3270934522151947,0
high15895.txt_q2,4.0,0.49822545051574707,1
high4682.txt_q2,4.0,0.9999996423721313,1
middle352.txt_q1,4.0,0.9999865293502808,1
high21208.txt_q0,4.0,0.9398844838142395,1
high3374.txt_q3,4.0,0.9865710139274597,1
middle2532.txt_q1,4.0,0.9997852444648743,1
high22500.txt_q1,4.0,0.9999974966049194,1
middle7695.txt_q0,4.0,0.9974038004875183,1
high6776.txt_q1,4.0,0.999992847442627,1
high612.txt_q0,4.0,0.9999951124191284,1
high23494.txt_q3,4.0,0.9999364614486694,1
high8785.txt_q0,4.0,0.9999812841415405,1
high223.txt_q2,4.0,0.9945143461227417,1
high15689.txt_q0,4.0,0.9998934268951416,1
high5158.txt_q1,4.0,0.9959937334060669,1
high13874.txt_q1,4.0,0.9999997615814209,1
middle7997.txt_q0,4.0,0.9903801679611206,1
high8469.txt_q2,4.0,0.9995586276054382,1
middle5808.txt_q2,4.0,0.9999986886978149,1
high2383.txt_q1,4.0,0.9998713731765747,1
middle5292.txt_q2,4.0,0.9999963045120239,1
middle3285.txt_q0,4.0,0.9999997615814209,1
high14449.txt_q3,4.0,0.9482706785202026,1
high7546.txt_q0,4.0,0.9982720613479614,1
high7265.txt_q2,4.0,0.9991322159767151,1
middle6656.txt_q2,4.0,0.9998824596405029,1
middle2819.txt_q1,4.0,0.3618139922618866,0
high14011.txt_q2,4.0,0.997623860836029,1
middle1038.txt_q3,4.0,0.7417389154434204,1
middle3688.txt_q1,4.0,1.0,1
middle949.txt_q3,4.0,0.9999998807907104,1
high17886.txt_q0,4.0,0.1494503766298294,0
high17558.txt_q0,4.0,0.999998927116394,1
high2925.txt_q0,4.0,0.9999998807907104,1
middle7385.txt_q3,4.0,1.0,1
high3200.txt_q2,4.0,0.9993478655815125,1
high23469.txt_q1,4.0,0.9896429777145386,1
middle3262.txt_q1,4.0,0.9981740713119507,1
middle1649.txt_q2,4.0,0.9951131939888,1
middle1282.txt_q0,4.0,0.9218981862068176,1
high14692.txt_q0,4.0,0.22128652036190033,0
high4381.txt_q1,4.0,0.999906063079834,1
high23588.txt_q2,4.0,0.9621684551239014,1
high21569.txt_q1,4.0,0.9108901619911194,1
high19318.txt_q3,4.0,0.9991412162780762,1
middle5385.txt_q1,4.0,0.9999867677688599,1
high16611.txt_q1,4.0,0.9999315738677979,1
middle1432.txt_q0,4.0,0.9998903274536133,1
high16999.txt_q1,4.0,0.9987150430679321,1
high9883.txt_q3,4.0,0.9781121015548706,1
middle3014.txt_q3,4.0,0.9999970197677612,1
high14471.txt_q0,4.0,0.6006157994270325,1
high21397.txt_q3,4.0,0.9999978542327881,1
high2557.txt_q3,4.0,0.999940037727356,1
middle2754.txt_q2,4.0,1.0,1
high16490.txt_q0,4.0,0.6855185031890869,1
middle2939.txt_q2,4.0,0.9999980926513672,1
middle152.txt_q3,4.0,0.8707392811775208,1
high9708.txt_q2,4.0,1.0,1
high19363.txt_q1,4.0,0.999988317489624,1
middle7184.txt_q3,4.0,0.9999995231628418,1
high17246.txt_q1,4.0,0.9943601489067078,1
high10293.txt_q1,4.0,0.27792972326278687,0
high9432.txt_q2,4.0,0.9999778270721436,1
high11316.txt_q0,4.0,0.9999986886978149,1
middle3719.txt_q1,4.0,1.0,1
high21405.txt_q1,4.0,1.0,1
high7201.txt_q3,4.0,0.9871820211410522,1
middle2659.txt_q3,4.0,0.008062245324254036,0
high11387.txt_q2,4.0,0.9881460666656494,1
high18628.txt_q1,4.0,0.9706120491027832,1
high6549.txt_q3,4.0,0.9173517823219299,1
high17602.txt_q3,4.0,0.9999794960021973,1
high22071.txt_q0,4.0,0.9999675750732422,1
high12816.txt_q3,4.0,0.9998854398727417,1
high21816.txt_q1,4.0,0.9997395873069763,1
high19070.txt_q0,4.0,0.979021430015564,1
high21231.txt_q0,4.0,0.9999964237213135,1
high23414.txt_q1,4.0,0.9957321286201477,1
high2755.txt_q0,4.0,0.9903634190559387,1
high14842.txt_q1,4.0,0.9997754693031311,1
high7349.txt_q0,4.0,0.9992859959602356,1
high7730.txt_q1,4.0,0.9999858140945435,1
high7249.txt_q2,4.0,0.9999995231628418,1
high6033.txt_q2,4.0,0.9999575614929199,1
high18856.txt_q1,4.0,0.7842199802398682,1
middle4411.txt_q3,4.0,0.9985713958740234,1
middle1418.txt_q1,4.0,0.9999849796295166,1
high18941.txt_q4,4.0,0.9999994039535522,1
high11952.txt_q1,4.0,0.7011263370513916,1
high1241.txt_q1,4.0,0.9987714886665344,1
high6254.txt_q2,4.0,0.9093314409255981,1
high21337.txt_q0,4.0,0.7321531772613525,1
high21167.txt_q1,4.0,0.6920592784881592,1
high12247.txt_q1,4.0,0.9982444047927856,1
high11063.txt_q0,4.0,0.9999082088470459,1
high14164.txt_q0,4.0,0.9977067708969116,1
high8203.txt_q1,4.0,0.9998383522033691,1
high330.txt_q0,4.0,0.9999996423721313,1
high21501.txt_q2,4.0,0.999798595905304,1
high8548.txt_q3,4.0,0.9992002844810486,1
high9914.txt_q2,4.0,0.9794492721557617,1
middle865.txt_q0,4.0,0.9967639446258545,1
middle3716.txt_q0,4.0,0.9999977350234985,1
middle7714.txt_q2,4.0,0.7671539783477783,1
middle6950.txt_q0,4.0,0.5168019533157349,1
high7315.txt_q0,4.0,0.9999802112579346,1
high8611.txt_q0,4.0,0.9999923706054688,1
high17889.txt_q1,4.0,0.8888590335845947,1
high11513.txt_q2,4.0,0.917338490486145,1
middle840.txt_q0,4.0,0.9988716244697571,1
high2521.txt_q3,4.0,0.9998911619186401,1
high8220.txt_q1,4.0,0.998790442943573,1
high17277.txt_q1,4.0,0.9998314380645752,1
high14149.txt_q1,4.0,0.9950098991394043,1
high7621.txt_q1,4.0,0.9996802806854248,1
middle3911.txt_q0,4.0,0.9999030828475952,1
high3918.txt_q1,4.0,0.999299168586731,1
middle2604.txt_q0,4.0,0.9638944864273071,1
middle2072.txt_q1,4.0,0.999599277973175,1
middle6431.txt_q3,4.0,0.9999983310699463,1
high13906.txt_q1,4.0,0.9999810457229614,1
high23221.txt_q1,4.0,0.5497869253158569,1
high14701.txt_q1,4.0,0.9999083280563354,1
middle4417.txt_q0,4.0,0.9999966621398926,1
middle4959.txt_q3,4.0,0.9894329905509949,1
middle2839.txt_q1,4.0,1.0,1
middle4661.txt_q2,4.0,0.21225130558013916,0
middle4771.txt_q2,4.0,0.9998835325241089,1
middle4861.txt_q0,4.0,0.9999974966049194,1
high1563.txt_q0,4.0,0.9940285682678223,1
high4872.txt_q1,4.0,0.9990710020065308,1
middle1464.txt_q4,4.0,0.9991592168807983,1
high14013.txt_q1,4.0,0.9999998807907104,1
middle6545.txt_q0,4.0,0.5613676309585571,1
high206.txt_q0,4.0,0.5488864779472351,1
high12047.txt_q0,4.0,0.9993346333503723,1
high18963.txt_q1,4.0,0.999936580657959,1
middle1493.txt_q1,4.0,0.9999997615814209,1
middle3950.txt_q2,4.0,0.9999994039535522,1
high7830.txt_q1,4.0,0.999950647354126,1
high17356.txt_q0,4.0,0.9999985694885254,1
high11818.txt_q1,4.0,0.9834100604057312,1
middle7750.txt_q0,4.0,0.8534058332443237,1
high16760.txt_q1,4.0,0.9999289512634277,1
high4992.txt_q1,4.0,0.858173668384552,1
middle6454.txt_q4,4.0,0.9947041869163513,1
high17673.txt_q1,4.0,0.9999997615814209,1
middle270.txt_q1,4.0,0.8576325178146362,1
high16295.txt_q1,4.0,0.9999761581420898,1
middle5640.txt_q0,4.0,0.9999994039535522,1
high3230.txt_q3,4.0,0.9994716048240662,1
high22894.txt_q0,4.0,0.9999997615814209,1
high18620.txt_q3,4.0,0.9964619278907776,1
high21917.txt_q0,4.0,0.9650301933288574,1
high520.txt_q2,4.0,0.9985265731811523,1
middle8245.txt_q1,4.0,0.7055582404136658,1
high23457.txt_q0,4.0,0.7569133043289185,1
high17622.txt_q0,4.0,0.998033344745636,1
middle5790.txt_q1,4.0,0.9948644042015076,1
middle2110.txt_q2,4.0,0.9918966889381409,1
high12955.txt_q3,4.0,0.999997615814209,1
high4591.txt_q3,4.0,0.998871386051178,1
high1299.txt_q1,4.0,0.874634325504303,1
high9247.txt_q0,4.0,1.0,1
middle6546.txt_q3,4.0,0.9629709124565125,1
middle4015.txt_q2,4.0,0.9999997615814209,1
high10123.txt_q1,4.0,0.999998927116394,1
high6984.txt_q3,4.0,0.9999998807907104,1
high14280.txt_q1,4.0,0.6457474231719971,1
high9948.txt_q1,4.0,0.37728506326675415,0
high23358.txt_q1,4.0,0.990801990032196,1
high23050.txt_q2,4.0,0.9961701035499573,1
middle4136.txt_q1,4.0,0.9999991655349731,1
high10016.txt_q3,4.0,0.9890754222869873,1
middle4264.txt_q2,4.0,0.9999417066574097,1
high11720.txt_q0,4.0,0.30925050377845764,1
high11301.txt_q0,4.0,0.9999967813491821,1
middle2482.txt_q0,4.0,0.9999018907546997,1
high13169.txt_q0,4.0,1.0,1
high8467.txt_q1,4.0,0.9999490976333618,1
high4555.txt_q1,4.0,0.6964746117591858,1
high3759.txt_q1,4.0,0.9997883439064026,1
middle3181.txt_q1,4.0,0.9999927282333374,1
high19652.txt_q1,4.0,0.6649376153945923,1
high21718.txt_q2,4.0,0.8329042196273804,1
high13594.txt_q2,4.0,0.3251895010471344,1
high21137.txt_q0,4.0,0.9959600567817688,1
high6922.txt_q2,4.0,0.9907397031784058,1
high8619.txt_q1,4.0,1.0,1
middle5685.txt_q0,4.0,0.9999980926513672,1
middle2392.txt_q1,4.0,0.9999992847442627,1
high7010.txt_q1,4.0,0.9966567754745483,1
middle5779.txt_q1,4.0,0.9813298583030701,1
middle3498.txt_q2,4.0,0.6697585582733154,1
high5734.txt_q2,4.0,0.20018132030963898,0
high16176.txt_q4,4.0,0.9786795377731323,1
high286.txt_q0,4.0,0.9908003211021423,1
high18472.txt_q0,4.0,0.9992462396621704,1
high10561.txt_q1,4.0,1.0,1
high1122.txt_q1,4.0,0.7268957495689392,1
high8047.txt_q2,4.0,0.9989961981773376,1
high1132.txt_q3,4.0,0.9999847412109375,1
high13633.txt_q1,4.0,0.9999922513961792,1
middle5268.txt_q2,4.0,0.9999655485153198,1
high10825.txt_q0,4.0,0.777564287185669,1
high20424.txt_q0,4.0,0.9998674392700195,1
middle6201.txt_q0,4.0,0.9949206709861755,1
high2508.txt_q0,4.0,0.9995719790458679,1
high2274.txt_q0,4.0,1.0,1
high4438.txt_q3,4.0,0.999677300453186,1
middle5420.txt_q2,4.0,0.9977578520774841,1
high11744.txt_q1,4.0,0.9995002746582031,1
high19666.txt_q3,4.0,0.9864619374275208,1
high9185.txt_q3,4.0,0.9962159991264343,1
high6623.txt_q0,4.0,0.9161113500595093,1
high4791.txt_q1,4.0,0.26744556427001953,0
high9493.txt_q1,4.0,0.9999909400939941,1
high2898.txt_q1,4.0,0.9999403953552246,1
middle4581.txt_q2,4.0,0.9999954700469971,1
high4616.txt_q1,4.0,0.9999998807907104,1
middle6599.txt_q0,4.0,0.9988652467727661,1
high7569.txt_q0,4.0,0.9999971389770508,1
middle2674.txt_q3,4.0,0.9922101497650146,1
high5532.txt_q3,4.0,0.9999998807907104,1
high11024.txt_q0,4.0,1.0,1
high11070.txt_q0,4.0,0.48828789591789246,0
high10244.txt_q2,4.0,0.9999922513961792,1
high15504.txt_q0,4.0,0.9999909400939941,1
high18969.txt_q1,4.0,0.9992992877960205,1
middle4153.txt_q0,4.0,0.9999998807907104,1
high10711.txt_q2,4.0,0.999923586845398,1
high19588.txt_q0,4.0,0.9999904632568359,1
high23390.txt_q0,4.0,0.9999775886535645,1
middle4630.txt_q2,4.0,0.9999709129333496,1
middle4451.txt_q0,4.0,0.9999830722808838,1
middle3149.txt_q1,4.0,1.0,1
middle944.txt_q1,4.0,0.9999970197677612,1
middle3757.txt_q2,4.0,0.9999998807907104,1
high19416.txt_q2,4.0,0.9997748732566833,1
high18049.txt_q0,4.0,0.9869663715362549,1
middle3812.txt_q0,4.0,0.7615469694137573,1
high4423.txt_q2,4.0,0.9999850988388062,1
high4738.txt_q1,4.0,0.9999825954437256,1
high22973.txt_q1,4.0,1.0,1
middle1781.txt_q4,4.0,0.9995642304420471,1
middle6455.txt_q0,4.0,0.8215958476066589,1
high8190.txt_q1,4.0,0.9860365390777588,1
middle5486.txt_q2,4.0,1.0,1
high21268.txt_q2,4.0,0.9999910593032837,1
middle5500.txt_q2,4.0,0.9983365535736084,1
middle8021.txt_q2,4.0,0.9232249855995178,1
high419.txt_q0,4.0,0.9970911741256714,1
high22511.txt_q1,4.0,0.998071014881134,1
high6732.txt_q1,4.0,0.9998717308044434,1
high13381.txt_q2,4.0,0.998608410358429,1
high13053.txt_q0,4.0,0.905634880065918,1
high24205.txt_q1,4.0,0.9999948740005493,1
high5548.txt_q1,4.0,0.9999372959136963,1
high10385.txt_q2,4.0,0.9999984502792358,1
middle354.txt_q3,4.0,0.9999953508377075,1
high2359.txt_q1,4.0,0.9999524354934692,1
high17410.txt_q0,4.0,0.9998505115509033,1
high3473.txt_q3,4.0,0.9999651908874512,1
middle4791.txt_q3,4.0,0.9891625642776489,1
high6386.txt_q0,4.0,0.9745634198188782,1
middle4406.txt_q3,4.0,0.9999719858169556,1
high17371.txt_q1,4.0,0.9999994039535522,1
high8752.txt_q0,4.0,0.985619306564331,1
middle7603.txt_q3,4.0,1.0,1
high12822.txt_q1,4.0,0.9995890259742737,1
high12354.txt_q2,4.0,0.9914618730545044,1
middle3122.txt_q3,4.0,0.999992847442627,1
middle6717.txt_q1,4.0,0.2649153769016266,0
middle6902.txt_q0,4.0,0.9228286147117615,1
high13523.txt_q1,4.0,0.9996417760848999,1
high14226.txt_q2,4.0,0.9991381168365479,1
high22296.txt_q0,4.0,0.9999977350234985,1
middle7951.txt_q1,4.0,0.9999476671218872,1
high9093.txt_q0,4.0,0.9999982118606567,1
middle7575.txt_q2,4.0,0.9958578944206238,1
high4300.txt_q0,4.0,0.9999998807907104,1
middle5781.txt_q0,4.0,0.9999995231628418,1
middle7567.txt_q0,4.0,0.999461829662323,1
high12222.txt_q1,4.0,0.9999902248382568,1
high9258.txt_q1,4.0,0.9999966621398926,1
high22105.txt_q1,4.0,0.9999878406524658,1
high3434.txt_q0,4.0,0.9996066689491272,1
high927.txt_q4,4.0,0.9956048727035522,1
middle5448.txt_q2,4.0,0.7250720262527466,1
high1570.txt_q3,4.0,0.999866247177124,1
high10754.txt_q0,4.0,0.9999591112136841,1
high6812.txt_q2,4.0,0.9999988079071045,1
high19302.txt_q1,4.0,0.9996201992034912,1
middle414.txt_q0,4.0,0.9937724471092224,1
high18292.txt_q3,4.0,0.999996542930603,1
high22372.txt_q2,4.0,0.9999842643737793,1
middle5150.txt_q3,4.0,0.9994887113571167,1
middle1000.txt_q1,4.0,0.9999997615814209,1
high11195.txt_q0,4.0,0.5603930950164795,1
high2140.txt_q0,4.0,0.9999887943267822,1
high5447.txt_q3,4.0,1.0,1
high14622.txt_q2,4.0,1.0,1
middle8284.txt_q4,4.0,0.9803712964057922,1
high4487.txt_q2,4.0,0.6822413206100464,1
high20304.txt_q0,4.0,0.9987510442733765,1
high8893.txt_q1,4.0,0.9999775886535645,1
middle7464.txt_q0,4.0,0.9999982118606567,1
middle5989.txt_q2,4.0,0.7964419722557068,1
high15872.txt_q1,4.0,0.999154806137085,1
middle7617.txt_q3,4.0,0.9556659460067749,1
middle500.txt_q2,4.0,0.9958375692367554,1
high6857.txt_q3,4.0,0.9988245368003845,1
middle6755.txt_q1,4.0,0.9999997615814209,1
high687.txt_q1,4.0,0.999442994594574,1
high13465.txt_q2,4.0,1.0,1
middle1714.txt_q1,4.0,0.9999514818191528,1
high3607.txt_q1,4.0,0.99221271276474,1
high7775.txt_q1,4.0,0.9995239973068237,1
middle6807.txt_q4,4.0,0.9659406542778015,1
high14010.txt_q2,4.0,0.9999992847442627,1
middle2342.txt_q2,4.0,0.9999852180480957,1
middle5021.txt_q1,4.0,0.9999111890792847,1
high22499.txt_q1,4.0,0.9999836683273315,1
high15494.txt_q4,4.0,0.9379035830497742,1
high9998.txt_q3,4.0,0.9996390342712402,1
high20222.txt_q0,4.0,0.9999632835388184,1
high10716.txt_q0,4.0,0.9999006986618042,1
high20439.txt_q0,4.0,0.9576518535614014,1
middle4767.txt_q3,4.0,0.99957674741745,1
high14925.txt_q1,4.0,0.3105800747871399,0
high11358.txt_q0,4.0,0.9980484247207642,1
high15837.txt_q3,4.0,0.9997264742851257,1
middle6448.txt_q1,4.0,0.9996874332427979,1
high19081.txt_q1,4.0,0.9999158382415771,1
high12874.txt_q2,4.0,0.9996976852416992,1
high16641.txt_q1,4.0,0.999351441860199,1
middle6232.txt_q0,4.0,0.9650829434394836,1
middle2855.txt_q0,4.0,0.9999693632125854,1
high17155.txt_q3,4.0,0.9945672750473022,1
high22798.txt_q2,4.0,0.9999922513961792,1
middle7865.txt_q2,4.0,0.9974105954170227,1
middle7236.txt_q0,4.0,0.9575154185295105,1
high15878.txt_q1,4.0,0.9998552799224854,1
middle5516.txt_q0,4.0,0.999852180480957,1
high4012.txt_q2,4.0,0.9999665021896362,1
high21767.txt_q2,4.0,0.9999980926513672,1
middle4559.txt_q0,4.0,0.9999892711639404,1
high9781.txt_q0,4.0,1.0,1
high15765.txt_q0,4.0,0.9999390840530396,1
high3728.txt_q0,4.0,0.9333093762397766,1
high8063.txt_q2,4.0,0.9996335506439209,1
middle7062.txt_q3,4.0,0.9999444484710693,1
high22687.txt_q0,4.0,0.9999418258666992,1
high21202.txt_q0,4.0,0.9929914474487305,1
high7734.txt_q0,4.0,0.9999920129776001,1
high13978.txt_q0,4.0,0.9999960660934448,1
high4329.txt_q3,4.0,0.9999775886535645,1
middle5491.txt_q3,4.0,0.999997615814209,1
high6880.txt_q2,4.0,0.9984762072563171,1
high2492.txt_q1,4.0,0.9999823570251465,1
high12422.txt_q1,4.0,0.9999746084213257,1
high14852.txt_q0,4.0,1.0,1
high8068.txt_q0,4.0,0.999988317489624,1
high19493.txt_q3,4.0,0.8215152621269226,1
middle5514.txt_q1,4.0,0.996737539768219,1
high10803.txt_q2,4.0,0.9905351996421814,1
middle6156.txt_q3,4.0,1.0,1
high14708.txt_q0,4.0,0.7975694537162781,1
high17172.txt_q1,4.0,0.9914039373397827,1
high17146.txt_q3,4.0,0.99928218126297,1
high20304.txt_q2,4.0,0.9999997615814209,1
high11023.txt_q0,4.0,0.9992005228996277,1
middle1095.txt_q4,4.0,0.5356461405754089,1
high6588.txt_q0,4.0,0.9999998807907104,1
high2779.txt_q3,4.0,0.3021252453327179,0
high10286.txt_q2,4.0,0.9998230338096619,1
high1166.txt_q1,4.0,0.9986472725868225,1
middle6989.txt_q3,4.0,1.0,1
high23781.txt_q3,4.0,0.9999635219573975,1
high9757.txt_q2,4.0,0.3107481300830841,0
middle2040.txt_q0,4.0,0.9999943971633911,1
high22644.txt_q0,4.0,0.9999972581863403,1
high813.txt_q0,4.0,0.9992424249649048,1
middle3227.txt_q0,4.0,0.32098227739334106,0
middle2456.txt_q2,4.0,0.9995195865631104,1
high2819.txt_q0,4.0,0.9999990463256836,1
middle3353.txt_q3,4.0,0.9998972415924072,1
high6647.txt_q0,4.0,0.3212336003780365,0
high20606.txt_q1,4.0,0.9934331178665161,1
high8211.txt_q1,4.0,0.010164142586290836,0
high3254.txt_q2,4.0,0.9964918494224548,1
high4217.txt_q4,4.0,0.9984084963798523,1
high12413.txt_q4,4.0,0.9140017032623291,1
high20448.txt_q2,4.0,0.9998878240585327,1
middle658.txt_q2,4.0,0.9643755555152893,1
middle941.txt_q0,4.0,0.8124687075614929,1
high7200.txt_q0,4.0,0.9990094900131226,1
high14127.txt_q0,4.0,0.9902409315109253,1
middle7335.txt_q2,4.0,0.9999070167541504,1
high6187.txt_q1,4.0,0.9999964237213135,1
high22113.txt_q0,4.0,0.9999037981033325,1
high14128.txt_q3,4.0,0.9993847608566284,1
high9183.txt_q3,4.0,0.999962329864502,1
high2246.txt_q2,4.0,0.9999996423721313,1
high12919.txt_q1,4.0,0.9844965934753418,1
high12499.txt_q3,4.0,0.9999897480010986,1
high16074.txt_q4,4.0,0.9985389709472656,1
high2155.txt_q0,4.0,0.9999977350234985,1
high10250.txt_q3,4.0,0.9907920360565186,1
high8795.txt_q2,4.0,0.03758225962519646,0
high23526.txt_q2,4.0,0.9999998807907104,1
high891.txt_q1,4.0,0.9999996423721313,1
high2134.txt_q2,4.0,0.9993619322776794,1
high2158.txt_q1,4.0,0.9999972581863403,1
high5813.txt_q3,4.0,0.9593416452407837,1
high23407.txt_q0,4.0,0.9999140501022339,1
high20298.txt_q2,4.0,0.9999797344207764,1
middle5306.txt_q2,4.0,0.9976003766059875,1
high22715.txt_q1,4.0,0.9998061060905457,1
middle4478.txt_q0,4.0,0.9798087477684021,1
high14940.txt_q1,4.0,0.9998977184295654,1
high3721.txt_q1,4.0,0.9999998807907104,1
middle6770.txt_q4,4.0,0.9946131110191345,1
high3255.txt_q3,4.0,0.9999847412109375,1
high11657.txt_q0,4.0,0.9999415874481201,1
high6875.txt_q2,4.0,0.9999998807907104,1
middle28.txt_q2,4.0,0.9999842643737793,1
middle1113.txt_q2,4.0,0.9979470372200012,1
high1095.txt_q2,4.0,0.9874461889266968,1
high2899.txt_q1,4.0,0.9975937008857727,1
high16456.txt_q3,4.0,0.693789541721344,1
high12649.txt_q0,4.0,0.9999980926513672,1
middle3123.txt_q3,4.0,0.9999997615814209,1
high6411.txt_q0,4.0,0.5368583798408508,1
high2120.txt_q4,4.0,0.0787544846534729,0
high13784.txt_q2,4.0,0.9877780079841614,1
middle4406.txt_q0,4.0,1.0,1
high10144.txt_q0,4.0,0.9981971383094788,1
middle4919.txt_q2,4.0,0.05261549726128578,0
middle4168.txt_q2,4.0,0.6968754529953003,1
middle5793.txt_q3,4.0,0.9952612519264221,1
middle5357.txt_q1,4.0,0.9996185302734375,1
high14593.txt_q3,4.0,0.999968409538269,1
middle2652.txt_q0,4.0,0.7168110013008118,1
high12396.txt_q0,4.0,0.4690087139606476,1
high18348.txt_q2,4.0,0.10871894657611847,0
middle639.txt_q2,4.0,0.9998117089271545,1
high4271.txt_q1,4.0,0.9997596144676208,1
high12928.txt_q3,4.0,0.9998728036880493,1
high6311.txt_q0,4.0,0.9999624490737915,1
middle2875.txt_q1,4.0,0.9997226595878601,1
high18561.txt_q0,4.0,0.9555845856666565,1
high3103.txt_q1,4.0,0.9974921941757202,1
middle5860.txt_q1,4.0,0.9999850988388062,1
high1257.txt_q1,4.0,0.9874211549758911,1
high5359.txt_q2,4.0,0.9999847412109375,1
middle6877.txt_q1,4.0,0.9999998807907104,1
high10551.txt_q0,4.0,0.9999978542327881,1
high9475.txt_q2,4.0,0.9767783880233765,1
high24080.txt_q2,4.0,0.879554271697998,1
middle5935.txt_q2,4.0,0.9998964071273804,1
high10004.txt_q1,4.0,0.9934133887290955,1
high22246.txt_q1,4.0,0.9992266893386841,1
high1986.txt_q0,4.0,0.999617338180542,1
high18455.txt_q0,4.0,0.997417688369751,1
high1020.txt_q0,4.0,0.9999945163726807,1
high13079.txt_q0,4.0,0.8952080607414246,1
high6203.txt_q0,4.0,1.0,1
high12606.txt_q1,4.0,0.9998658895492554,1
high23557.txt_q2,4.0,0.9909411072731018,1
middle4884.txt_q3,4.0,0.9999992847442627,1
high16561.txt_q1,4.0,0.9983980059623718,1
high15147.txt_q1,4.0,0.9997237324714661,1
high13850.txt_q0,4.0,0.9995245933532715,1
high5880.txt_q0,4.0,0.9997850060462952,1
high16836.txt_q2,4.0,0.9999828338623047,1
middle1057.txt_q1,4.0,0.9999998807907104,1
middle6578.txt_q2,4.0,0.995947539806366,1
high11293.txt_q1,4.0,0.9999963045120239,1
high18838.txt_q3,4.0,0.9871074557304382,1
high4108.txt_q1,4.0,0.9999998807907104,1
high4489.txt_q3,4.0,0.9999997615814209,1
high19310.txt_q0,4.0,1.0,1
high7679.txt_q0,4.0,0.9356222748756409,1
high21994.txt_q0,4.0,0.9456923604011536,1
high6906.txt_q1,4.0,0.9999861717224121,1
middle6745.txt_q2,4.0,0.999968409538269,1
middle1286.txt_q1,4.0,0.9997904896736145,1
high6732.txt_q2,4.0,0.014532195404171944,0
middle5211.txt_q2,4.0,0.9991866946220398,1
high16868.txt_q3,4.0,0.9301022291183472,1
high24241.txt_q0,4.0,0.9892411828041077,1
high23583.txt_q0,4.0,0.999909520149231,1
middle1096.txt_q2,4.0,0.9999990463256836,1
high4392.txt_q1,4.0,0.055441997945308685,0
high5546.txt_q2,4.0,0.9974055886268616,1
high17554.txt_q1,4.0,0.9999871253967285,1
high2349.txt_q3,4.0,0.9997180104255676,1
high23650.txt_q2,4.0,0.9850375056266785,1
middle584.txt_q4,4.0,0.9999954700469971,1
middle1545.txt_q4,4.0,0.999995231628418,1
high16571.txt_q1,4.0,0.8201496601104736,1
high16617.txt_q3,4.0,0.9805940985679626,1
middle5766.txt_q2,4.0,0.9999998807907104,1
high24199.txt_q1,4.0,0.9996134638786316,1
high21591.txt_q1,4.0,0.9949126243591309,1
high16592.txt_q2,4.0,0.9999419450759888,1
high1865.txt_q3,4.0,0.9999722242355347,1
high22511.txt_q4,4.0,0.9999793767929077,1
high5329.txt_q2,4.0,0.9998371601104736,1
high9610.txt_q4,4.0,0.5067781209945679,1
middle1832.txt_q1,4.0,0.9999927282333374,1
high18708.txt_q1,4.0,0.9836942553520203,1
high7553.txt_q3,4.0,0.9995629191398621,1
middle1093.txt_q3,4.0,0.9999622106552124,1
middle4678.txt_q1,4.0,0.9035319089889526,1
high1371.txt_q1,4.0,0.9995348453521729,1
middle3668.txt_q2,4.0,0.9845059514045715,1
high21925.txt_q2,4.0,0.713799774646759,1
middle8220.txt_q1,4.0,0.9991925358772278,1
high10730.txt_q2,4.0,0.9992827773094177,1
high5083.txt_q1,4.0,0.9652611613273621,1
high17438.txt_q2,4.0,0.9998822212219238,1
high23103.txt_q0,4.0,0.9999872446060181,1
high20797.txt_q0,4.0,0.9999947547912598,1
high13477.txt_q0,4.0,0.9995624423027039,1
middle7934.txt_q2,4.0,0.9987912774085999,1
high14086.txt_q0,4.0,0.999126136302948,1
middle277.txt_q1,4.0,0.9988941550254822,1
middle6949.txt_q3,4.0,0.9932323694229126,1
high17252.txt_q1,4.0,0.9996009469032288,1
high468.txt_q2,4.0,0.9999301433563232,1
high16806.txt_q0,4.0,0.9998455047607422,1
high1908.txt_q2,4.0,0.9999963045120239,1
high5856.txt_q0,4.0,0.9995545744895935,1
high18777.txt_q0,4.0,0.9924992918968201,1
middle8227.txt_q1,4.0,0.9731364846229553,1
middle7191.txt_q0,4.0,0.9997379183769226,1
high9240.txt_q1,4.0,0.999995231628418,1
high11140.txt_q1,4.0,0.9996151924133301,1
middle3348.txt_q0,4.0,1.0,1
high11207.txt_q2,4.0,0.9823725819587708,1
high12623.txt_q0,4.0,0.992882490158081,1
high20447.txt_q1,4.0,0.9909267425537109,1
high21889.txt_q2,4.0,0.9979802966117859,1
middle8095.txt_q2,4.0,0.9996769428253174,1
high13160.txt_q1,4.0,0.9999192953109741,1
high7962.txt_q1,4.0,0.9984694123268127,1
high11855.txt_q3,4.0,0.9824350476264954,1
middle608.txt_q3,4.0,0.9999912977218628,1
high4069.txt_q0,4.0,0.9982489347457886,1
high9283.txt_q1,4.0,0.9999860525131226,1
high2750.txt_q2,4.0,0.9998859167098999,1
middle5049.txt_q1,4.0,0.9999222755432129,1
high528.txt_q0,4.0,0.6395906805992126,1
high21837.txt_q0,4.0,0.999995231628418,1
high4794.txt_q1,4.0,0.981622040271759,1
high7229.txt_q2,4.0,0.9962930083274841,1
middle7538.txt_q2,4.0,0.9540151953697205,1
high20549.txt_q3,4.0,0.9997941851615906,1
high3101.txt_q0,4.0,0.9998838901519775,1
high9135.txt_q0,4.0,0.9997838139533997,1
high23349.txt_q0,4.0,0.9123359322547913,1
high11430.txt_q0,4.0,1.0,1
high8782.txt_q2,4.0,0.6844643950462341,1
high481.txt_q0,4.0,0.9999990463256836,1
high12814.txt_q0,4.0,0.8413110971450806,1
high23648.txt_q3,4.0,0.9997504353523254,1
high10547.txt_q0,4.0,0.6349027156829834,1
high14061.txt_q0,4.0,0.9998476505279541,1
high8595.txt_q0,4.0,0.9996269941329956,1
high17003.txt_q4,4.0,0.9709292054176331,1
high12786.txt_q0,4.0,0.9156217575073242,1
high4262.txt_q2,4.0,0.9318400025367737,1
high7868.txt_q3,4.0,0.9005396366119385,1
high8097.txt_q4,4.0,0.9937673807144165,1
high23831.txt_q1,4.0,0.9999986886978149,1
high9608.txt_q0,4.0,0.9999693632125854,1
high24174.txt_q0,4.0,0.9946367144584656,1
high4164.txt_q1,4.0,0.9996817111968994,1
high18170.txt_q0,4.0,0.32066237926483154,0
middle4766.txt_q0,4.0,0.999803364276886,1
high17362.txt_q1,4.0,0.9991969466209412,1
middle4327.txt_q0,4.0,0.9999979734420776,1
high22230.txt_q0,4.0,0.9677385091781616,1
high8750.txt_q1,4.0,0.9998252987861633,1
high16468.txt_q0,4.0,0.7951757311820984,1
middle6307.txt_q3,4.0,0.9965468049049377,1
middle4135.txt_q1,4.0,0.9965594410896301,1
high414.txt_q1,4.0,0.9837766289710999,1
high9857.txt_q0,4.0,0.9999195337295532,1
high9165.txt_q3,4.0,0.9999111890792847,1
middle7428.txt_q1,4.0,0.9999635219573975,1
high22920.txt_q0,4.0,0.9996720552444458,1
high15366.txt_q2,4.0,1.0,1
high10372.txt_q1,4.0,0.9781128764152527,1
middle5096.txt_q1,4.0,1.0,1
high21576.txt_q1,4.0,0.9999949932098389,1
high2888.txt_q1,4.0,0.9999750852584839,1
high7168.txt_q2,4.0,0.9999979734420776,1
high10700.txt_q0,4.0,0.9991123080253601,1
high172.txt_q2,4.0,0.9999994039535522,1
high4075.txt_q3,4.0,0.9999802112579346,1
high3040.txt_q2,4.0,0.9935094714164734,1
high7702.txt_q2,4.0,0.9995551705360413,1
high17101.txt_q3,4.0,0.9999434947967529,1
high8782.txt_q1,4.0,0.9681075215339661,1
high5470.txt_q2,4.0,0.9999995231628418,1
high16441.txt_q2,4.0,0.9997029900550842,1
high15211.txt_q2,4.0,0.9933261871337891,1
high12094.txt_q3,4.0,0.9999946355819702,1
high15908.txt_q0,4.0,0.9999977350234985,1
high8539.txt_q1,4.0,0.9997647404670715,1
middle2714.txt_q4,4.0,0.9999758005142212,1
high2889.txt_q0,4.0,0.9999741315841675,1
high18678.txt_q0,4.0,0.9992867112159729,1
high6974.txt_q1,4.0,0.999833345413208,1
high22534.txt_q0,4.0,0.9988784193992615,1
high10494.txt_q2,4.0,0.9990018010139465,1
high22823.txt_q3,4.0,0.9924375414848328,1
high5216.txt_q2,4.0,0.9950478672981262,1
middle7150.txt_q0,4.0,0.9997875094413757,1
middle4356.txt_q1,4.0,0.9999997615814209,1
middle202.txt_q2,4.0,0.9999805688858032,1
high18586.txt_q3,4.0,0.8732447028160095,1
high2190.txt_q0,4.0,0.9983782768249512,1
high21301.txt_q1,4.0,0.9849920272827148,1
middle2647.txt_q2,4.0,0.9996665716171265,1
middle3380.txt_q0,4.0,0.9999997615814209,1
high20939.txt_q1,4.0,0.9999659061431885,1
high12730.txt_q1,4.0,0.9971852898597717,1
high10101.txt_q1,4.0,0.9984003901481628,1
middle712.txt_q0,4.0,0.5227357149124146,1
high15518.txt_q0,4.0,0.9995843768119812,1
high9831.txt_q2,4.0,1.0,1
high23220.txt_q3,4.0,0.9927833080291748,1
high15202.txt_q2,4.0,0.8609121441841125,1
middle7686.txt_q2,4.0,0.9999953508377075,1
high13145.txt_q1,4.0,0.9999738931655884,1
middle5794.txt_q0,4.0,0.9076308012008667,1
high22869.txt_q0,4.0,0.9998557567596436,1
high20160.txt_q3,4.0,0.9987504482269287,1
high11505.txt_q2,4.0,0.9603843688964844,1
high5920.txt_q1,4.0,0.9998775720596313,1
middle297.txt_q1,4.0,0.2301599383354187,0
high23983.txt_q2,4.0,0.4875830411911011,0
middle4149.txt_q1,4.0,0.9999997615814209,1
high20892.txt_q0,4.0,0.9962612986564636,1
high16258.txt_q0,4.0,0.9922063946723938,1
high6658.txt_q0,4.0,0.9999997615814209,1
high16156.txt_q3,4.0,0.9996497631072998,1
middle3881.txt_q1,4.0,0.34524086117744446,0
high18854.txt_q3,4.0,0.8798214793205261,1
middle7756.txt_q0,4.0,0.9999617338180542,1
middle6681.txt_q4,4.0,1.0,1
middle5165.txt_q1,4.0,0.9999912977218628,1
high14181.txt_q2,4.0,0.9985047578811646,1
high6379.txt_q1,4.0,0.6467475891113281,1
high3308.txt_q1,4.0,0.998431384563446,1
high18950.txt_q0,4.0,0.9991825222969055,1
high2779.txt_q0,4.0,0.9511224627494812,1
high5399.txt_q2,4.0,0.9944676160812378,1
middle3031.txt_q2,4.0,0.9353955984115601,1
high15033.txt_q0,4.0,0.5575757026672363,1
middle6633.txt_q1,4.0,1.0,1
high7376.txt_q0,4.0,1.0,1
high7876.txt_q2,4.0,0.9999998807907104,1
high22063.txt_q2,4.0,0.9998937845230103,1
high21054.txt_q0,4.0,0.9998877048492432,1
middle4974.txt_q0,4.0,0.8299989104270935,1
high16768.txt_q0,4.0,0.9999997615814209,1
high11782.txt_q0,4.0,0.9141948223114014,1
middle4211.txt_q2,4.0,0.999855637550354,1
high14131.txt_q1,4.0,0.99935382604599,1
middle1093.txt_q4,4.0,0.989376425743103,1
high22831.txt_q2,4.0,0.9968410730361938,1
high17655.txt_q2,4.0,0.8800788521766663,1
high8268.txt_q3,4.0,0.9999186992645264,1
high12454.txt_q1,4.0,0.999843955039978,1
high870.txt_q0,4.0,0.9999579191207886,1
high16752.txt_q2,4.0,0.9996761083602905,1
high486.txt_q0,4.0,1.0,1
middle2336.txt_q0,4.0,0.9999998807907104,1
high5711.txt_q2,4.0,1.0,1
high22441.txt_q0,4.0,0.9996368885040283,1
high12370.txt_q4,4.0,0.9983575940132141,1
high7019.txt_q1,4.0,0.999950647354126,1
high11739.txt_q1,4.0,0.9573742747306824,1
high6052.txt_q0,4.0,0.9999799728393555,1
high17418.txt_q2,4.0,0.9999568462371826,1
middle3332.txt_q0,4.0,0.9881747961044312,1
high4515.txt_q1,4.0,0.999951958656311,1
high8827.txt_q0,4.0,1.0,1
high733.txt_q2,4.0,0.9995977282524109,1
middle7251.txt_q1,4.0,0.9492003917694092,1
high8439.txt_q0,4.0,1.0,1
middle3130.txt_q2,4.0,0.9999914169311523,1
high18965.txt_q2,4.0,0.88202303647995,1
middle7813.txt_q2,4.0,0.9972363114356995,1
middle6144.txt_q3,4.0,0.999998927116394,1
high2877.txt_q2,4.0,0.7439308762550354,1
high21432.txt_q1,4.0,0.9994274377822876,1
high22076.txt_q1,4.0,0.8361757397651672,1
high13069.txt_q1,4.0,0.9999992847442627,1
high22657.txt_q1,4.0,0.9999785423278809,1
middle1373.txt_q1,4.0,0.9999769926071167,1
middle5349.txt_q4,4.0,0.9968616962432861,1
high11585.txt_q1,4.0,0.9986956715583801,1
high10699.txt_q2,4.0,0.9998869895935059,1
high3752.txt_q1,4.0,0.9999449253082275,1
high8435.txt_q1,4.0,0.8847361207008362,1
middle5026.txt_q2,4.0,0.9932494163513184,1
high24048.txt_q1,4.0,0.9988356232643127,1
high20825.txt_q3,4.0,0.9999799728393555,1
high5799.txt_q0,4.0,0.9999874830245972,1
high11778.txt_q1,4.0,0.9999929666519165,1
high13525.txt_q2,4.0,0.49619412422180176,1
high12870.txt_q1,4.0,0.9999006986618042,1
high12006.txt_q3,4.0,0.9999978542327881,1
middle5000.txt_q1,4.0,1.0,1
middle3021.txt_q2,4.0,0.9200695157051086,1
high6951.txt_q3,4.0,0.9997050166130066,1
middle5062.txt_q1,4.0,0.9999991655349731,1
high15153.txt_q0,4.0,0.9994753003120422,1
high19577.txt_q0,4.0,0.7962249517440796,1
high17575.txt_q2,4.0,0.999992847442627,1
high14075.txt_q3,4.0,0.989538848400116,1
middle3009.txt_q1,4.0,0.9751072525978088,1
high14662.txt_q2,4.0,0.31083619594573975,0
high629.txt_q1,4.0,0.8396458625793457,1
high24067.txt_q0,4.0,0.9999861717224121,1
high1176.txt_q3,4.0,0.9588541984558105,1
high2381.txt_q3,4.0,0.9997302889823914,1
high13754.txt_q2,4.0,0.7951611876487732,1
middle2402.txt_q2,4.0,0.9999874830245972,1
high18243.txt_q0,4.0,0.9999969005584717,1
middle8018.txt_q0,4.0,0.9990304708480835,1
high12063.txt_q3,4.0,0.5115538239479065,1
high7090.txt_q0,4.0,0.9999960660934448,1
high6339.txt_q1,4.0,0.9999797344207764,1
middle6286.txt_q2,4.0,0.9999992847442627,1
middle3427.txt_q3,4.0,0.9999992847442627,1
high15307.txt_q2,4.0,0.9803975820541382,1
middle2365.txt_q1,4.0,0.9979795813560486,1
high22210.txt_q0,4.0,0.999187171459198,1
high17096.txt_q2,4.0,0.9999526739120483,1
middle5203.txt_q3,4.0,1.0,1
middle6522.txt_q2,4.0,0.9971833825111389,1
high16181.txt_q3,4.0,0.9999996423721313,1
high4355.txt_q0,4.0,0.5647655129432678,1
high22487.txt_q0,4.0,0.9510537385940552,1
middle584.txt_q2,4.0,1.0,1
high11331.txt_q3,4.0,0.9997004270553589,1
middle5512.txt_q1,4.0,0.9999768733978271,1
middle220.txt_q3,4.0,0.9983892440795898,1
middle6200.txt_q3,4.0,0.9999988079071045,1
high14397.txt_q3,4.0,0.9996292591094971,1
high1620.txt_q3,4.0,0.975644588470459,1
middle1207.txt_q0,4.0,0.9998217225074768,1
high23717.txt_q1,4.0,0.9947815537452698,1
high20702.txt_q2,4.0,0.9929201006889343,1
high8161.txt_q3,4.0,0.9999996423721313,1
high4709.txt_q3,4.0,0.9999111890792847,1
middle408.txt_q3,4.0,0.9991247057914734,1
high15549.txt_q1,4.0,0.8072313666343689,1
high21500.txt_q0,4.0,0.6445892453193665,1
middle5250.txt_q0,4.0,0.9844777584075928,1
high9405.txt_q2,4.0,0.9674340486526489,1
high13767.txt_q0,4.0,1.0,1
high5170.txt_q0,4.0,0.999150276184082,1
high3185.txt_q0,4.0,0.9999122619628906,1
middle3484.txt_q4,4.0,0.9999998807907104,1
high12486.txt_q1,4.0,0.9999598264694214,1
middle1214.txt_q1,4.0,0.9999998807907104,1
middle820.txt_q0,4.0,0.9990202188491821,1
high1948.txt_q2,4.0,0.9954681396484375,1
middle4305.txt_q1,4.0,0.9919764399528503,1
high3301.txt_q1,4.0,0.9989174604415894,1
middle7780.txt_q2,4.0,0.999993085861206,1
high20357.txt_q2,4.0,0.9995331764221191,1
high4197.txt_q0,4.0,0.9999464750289917,1
high17723.txt_q1,4.0,0.99940025806427,1
high19494.txt_q1,4.0,0.99974125623703,1
high21693.txt_q3,4.0,0.9999992847442627,1
middle1488.txt_q3,4.0,0.9999998807907104,1
high13783.txt_q2,4.0,0.9994164705276489,1
high6901.txt_q1,4.0,0.9989217519760132,1
high258.txt_q4,4.0,0.9949979782104492,1
high21761.txt_q0,4.0,0.9999985694885254,1
high22613.txt_q3,4.0,0.4986608922481537,0
high7345.txt_q1,4.0,0.9973142743110657,1
high12404.txt_q3,4.0,0.9999933242797852,1
high9535.txt_q3,4.0,0.9999456405639648,1
high5037.txt_q0,4.0,0.9999985694885254,1
middle6507.txt_q2,4.0,0.9999994039535522,1
high19353.txt_q1,4.0,0.999312162399292,1
middle1171.txt_q2,4.0,0.9999949932098389,1
middle7300.txt_q0,4.0,0.9979427456855774,1
middle5367.txt_q4,4.0,0.9894087314605713,1
middle2352.txt_q1,4.0,0.9837512373924255,1
high5311.txt_q2,4.0,0.9999841451644897,1
high8173.txt_q0,4.0,0.9732292294502258,1
high8779.txt_q2,4.0,0.6325575113296509,1
middle5777.txt_q3,4.0,1.0,1
middle6507.txt_q0,4.0,0.9998883008956909,1
middle5392.txt_q1,4.0,0.9999984502792358,1
high11545.txt_q1,4.0,0.9999979734420776,1
middle6496.txt_q1,4.0,0.9957286715507507,1
high16744.txt_q0,4.0,0.6880192756652832,1
high12800.txt_q0,4.0,0.9836677312850952,1
high14888.txt_q1,4.0,0.9917657971382141,1
middle1956.txt_q1,4.0,0.9999724626541138,1
middle2055.txt_q1,4.0,0.999933123588562,1
middle1679.txt_q2,4.0,0.999853253364563,1
high13806.txt_q1,4.0,0.9999998807907104,1
high7200.txt_q4,4.0,0.9974101185798645,1
high18621.txt_q2,4.0,0.9997355341911316,1
middle5368.txt_q1,4.0,0.998793363571167,1
high6278.txt_q0,4.0,0.9582321643829346,1
high14245.txt_q2,4.0,0.9958699345588684,1
high13307.txt_q2,4.0,0.9999998807907104,1
middle295.txt_q0,4.0,0.9999958276748657,1
high14249.txt_q2,4.0,0.9994165897369385,1
high18774.txt_q2,4.0,0.9999829530715942,1
high19587.txt_q0,4.0,0.999981164932251,1
high13575.txt_q1,4.0,0.9999998807907104,1
middle2469.txt_q0,4.0,0.9999637603759766,1
middle3968.txt_q0,4.0,0.9996914863586426,1
high16253.txt_q3,4.0,0.9999860525131226,1
middle3943.txt_q2,4.0,0.9999994039535522,1
high16669.txt_q2,4.0,0.9999829530715942,1
high5156.txt_q2,4.0,0.982711136341095,1
high11548.txt_q3,4.0,0.9999988079071045,1
high8389.txt_q1,4.0,0.9998304843902588,1
middle7386.txt_q3,4.0,0.9993359446525574,1
middle7967.txt_q2,4.0,0.9999994039535522,1
high3883.txt_q1,4.0,0.3790125846862793,0
middle1028.txt_q0,4.0,0.985292375087738,1
high2434.txt_q0,4.0,0.9999997615814209,1
high13174.txt_q3,4.0,1.0,1
high9763.txt_q1,4.0,0.9999997615814209,1
high18944.txt_q0,4.0,0.9999701976776123,1
middle2278.txt_q1,4.0,0.9995417594909668,1
high6628.txt_q0,4.0,0.9999994039535522,1
middle4191.txt_q3,4.0,0.9983314871788025,1
high2194.txt_q2,4.0,0.9719322323799133,1
high16266.txt_q3,4.0,0.9999978542327881,1
middle4619.txt_q0,4.0,0.18417243659496307,0
high15098.txt_q3,4.0,0.9974246025085449,1
high21559.txt_q0,4.0,0.9931991696357727,1
middle4524.txt_q0,4.0,0.9997044205665588,1
high19847.txt_q1,4.0,0.9988452196121216,1
high9721.txt_q0,4.0,0.9953966736793518,1
high24094.txt_q0,4.0,0.9927197694778442,1
middle4886.txt_q3,4.0,0.9976141452789307,1
middle5314.txt_q0,4.0,0.9980127811431885,1
high21331.txt_q2,4.0,0.999955415725708,1
high12603.txt_q2,4.0,0.9999748468399048,1
middle3232.txt_q2,4.0,0.45088475942611694,0
middle7010.txt_q1,4.0,0.9990501999855042,1
high19366.txt_q0,4.0,0.8392310738563538,1
high8344.txt_q3,4.0,0.996174693107605,1
high11142.txt_q2,4.0,0.9999990463256836,1
high19620.txt_q1,4.0,0.9669598937034607,1
high21434.txt_q1,4.0,0.9959632158279419,1
high16219.txt_q1,4.0,0.9284828901290894,1
high771.txt_q0,4.0,0.9998173117637634,1
middle5024.txt_q0,4.0,0.9998241066932678,1
high7498.txt_q1,4.0,0.9999114274978638,1
high20571.txt_q0,4.0,0.998066246509552,1
high3916.txt_q1,4.0,0.7755277752876282,1
high6916.txt_q1,4.0,0.9094339609146118,1
high8493.txt_q3,4.0,0.9999923706054688,1
high20117.txt_q2,4.0,0.9984727501869202,1
high15166.txt_q1,4.0,0.4100707173347473,0
high15263.txt_q1,4.0,0.856029748916626,1
high6452.txt_q2,4.0,0.9694874882698059,1
middle6172.txt_q0,4.0,0.999997615814209,1
high9949.txt_q2,4.0,0.9998502731323242,1
high1041.txt_q0,4.0,0.9999881982803345,1
middle3200.txt_q2,4.0,0.9999885559082031,1
high14649.txt_q0,4.0,1.0,1
high10270.txt_q0,4.0,0.9849079847335815,1
high17713.txt_q2,4.0,0.9999991655349731,1
high23616.txt_q1,4.0,0.6864588260650635,1
middle5094.txt_q1,4.0,0.9999887943267822,1
high3185.txt_q1,4.0,0.9995656609535217,1
high21552.txt_q2,4.0,0.9812570810317993,1
middle4041.txt_q1,4.0,0.9449276924133301,1
high9466.txt_q3,4.0,0.9852684140205383,1
high3733.txt_q1,4.0,0.9887520670890808,1
high13912.txt_q1,4.0,0.7776775360107422,1
high6134.txt_q0,4.0,0.9999630451202393,1
high22442.txt_q2,4.0,0.9999724626541138,1
high14125.txt_q1,4.0,0.9999837875366211,1
middle6027.txt_q0,4.0,0.9999972581863403,1
high8466.txt_q1,4.0,0.9122733473777771,1
high19015.txt_q0,4.0,0.9999521970748901,1
high10767.txt_q0,4.0,0.9992351531982422,1
high9357.txt_q1,4.0,0.9999908208847046,1
high17339.txt_q3,4.0,0.9999465942382812,1
high6517.txt_q0,4.0,0.9999959468841553,1
high3975.txt_q1,4.0,0.999977707862854,1
high4211.txt_q0,4.0,0.9999964237213135,1
high21478.txt_q1,4.0,0.9991456270217896,1
high24208.txt_q0,4.0,0.41674795746803284,1
high12362.txt_q3,4.0,0.9999110698699951,1
middle5713.txt_q1,4.0,0.5780592560768127,1
middle1446.txt_q3,4.0,1.0,1
middle5567.txt_q3,4.0,0.9999991655349731,1
high10690.txt_q2,4.0,0.9999970197677612,1
middle6050.txt_q0,4.0,0.996381402015686,1
high5795.txt_q1,4.0,0.23773853480815887,0
high18840.txt_q1,4.0,0.998562753200531,1
high18356.txt_q1,4.0,0.9970105886459351,1
high15055.txt_q2,4.0,0.999671459197998,1
middle4480.txt_q2,4.0,0.7413135170936584,1
high12240.txt_q0,4.0,0.9999959468841553,1
high12626.txt_q2,4.0,0.9999998807907104,1
high15056.txt_q1,4.0,0.9999665021896362,1
middle2646.txt_q3,4.0,0.999998927116394,1
high21994.txt_q3,4.0,0.9999219179153442,1
high20195.txt_q3,4.0,0.9963704347610474,1
middle7115.txt_q3,4.0,1.0,1
high20178.txt_q4,4.0,0.9899419546127319,1
high9271.txt_q4,4.0,0.9999895095825195,1
high23777.txt_q2,4.0,0.9999865293502808,1
high1367.txt_q2,4.0,0.996796190738678,1
high16932.txt_q4,4.0,0.9999865293502808,1
middle7488.txt_q3,4.0,0.8972650170326233,1
middle2781.txt_q2,4.0,0.3360256552696228,1
middle3035.txt_q1,4.0,1.0,1
high23706.txt_q0,4.0,0.9999873638153076,1
high15360.txt_q1,4.0,0.9999978542327881,1
middle1399.txt_q2,4.0,0.9999969005584717,1
high23910.txt_q0,4.0,0.08821173757314682,0
high15060.txt_q0,4.0,0.22477419674396515,0
high10059.txt_q1,4.0,0.9999997615814209,1
middle8096.txt_q1,4.0,0.9995505213737488,1
high11796.txt_q0,4.0,0.2456076592206955,0
high11893.txt_q2,4.0,0.0017859269864857197,0
high5892.txt_q0,4.0,0.8771462440490723,1
high5991.txt_q2,4.0,0.9339553117752075,1
high16687.txt_q3,4.0,0.43832793831825256,0
middle1311.txt_q1,4.0,0.9998737573623657,1
high1765.txt_q2,4.0,0.9999706745147705,1
high11498.txt_q3,4.0,0.9986534118652344,1
high10173.txt_q1,4.0,0.2931150197982788,1
high23644.txt_q2,4.0,0.9999819993972778,1
middle7796.txt_q1,4.0,0.9019731283187866,1
middle2751.txt_q0,4.0,0.9999954700469971,1
high23898.txt_q1,4.0,0.9999891519546509,1
middle4490.txt_q3,4.0,0.9999942779541016,1
high21299.txt_q0,4.0,0.996797502040863,1
high20.txt_q0,4.0,0.9999408721923828,1
high9172.txt_q2,4.0,0.9399837851524353,1
middle6061.txt_q1,4.0,0.11374811828136444,0
high13406.txt_q4,4.0,0.9950693845748901,1
middle5621.txt_q2,4.0,0.9499462842941284,1
middle1486.txt_q2,4.0,0.896215558052063,1
high7209.txt_q0,4.0,0.9999990463256836,1
high17635.txt_q1,4.0,0.9999301433563232,1
high8590.txt_q3,4.0,0.9999997615814209,1
high21597.txt_q2,4.0,0.9999912977218628,1
high21205.txt_q3,4.0,0.9999043941497803,1
high18234.txt_q0,4.0,0.9999998807907104,1
middle1826.txt_q1,4.0,0.9999994039535522,1
middle5905.txt_q2,4.0,0.9999995231628418,1
high9642.txt_q1,4.0,0.9999997615814209,1
high12888.txt_q1,4.0,0.9445862770080566,1
high10697.txt_q3,4.0,0.9994034767150879,1
high1471.txt_q1,4.0,0.9999692440032959,1
high2.txt_q0,4.0,0.9997463822364807,1
high12514.txt_q0,4.0,0.9999953508377075,1
middle1299.txt_q0,4.0,0.9750692844390869,1
middle268.txt_q2,4.0,1.0,1
high5835.txt_q2,4.0,0.9998107552528381,1
high15577.txt_q3,4.0,0.9896984696388245,1
high13550.txt_q2,4.0,0.9960814118385315,1
high5456.txt_q0,4.0,0.9982621073722839,1
high14656.txt_q1,4.0,0.9992473125457764,1
middle5706.txt_q0,4.0,0.9375738501548767,1
high22975.txt_q0,4.0,0.9999995231628418,1
high7211.txt_q0,4.0,0.9994427561759949,1
middle2753.txt_q1,4.0,0.9999967813491821,1
middle7873.txt_q3,4.0,0.6039234399795532,1
high1420.txt_q0,4.0,1.0,1
high20533.txt_q1,4.0,0.9964860677719116,1
middle6026.txt_q2,4.0,0.9999966621398926,1
middle1079.txt_q1,4.0,0.9997596144676208,1
high19535.txt_q2,4.0,0.9996219873428345,1
middle2007.txt_q3,4.0,0.9751274585723877,1
high12204.txt_q0,4.0,0.9999996423721313,1
middle2474.txt_q1,4.0,0.5826571583747864,1
middle593.txt_q1,4.0,0.9999905824661255,1
high17710.txt_q2,4.0,0.9983044862747192,1
high23987.txt_q0,4.0,0.9992539286613464,1
middle5786.txt_q1,4.0,0.9402433037757874,1
middle7176.txt_q0,4.0,0.9999992847442627,1
high20923.txt_q2,4.0,0.9986075758934021,1
high296.txt_q1,4.0,0.9999837875366211,1
high21585.txt_q0,4.0,0.9998250603675842,1
high13975.txt_q1,4.0,0.9999996423721313,1
middle4759.txt_q3,4.0,0.915507972240448,1
high11975.txt_q1,4.0,0.9990605711936951,1
high4571.txt_q2,4.0,0.9999957084655762,1
high8509.txt_q2,4.0,0.9777140021324158,1
high18206.txt_q0,4.0,0.49685436487197876,1
middle5867.txt_q3,4.0,0.9998824596405029,1
high18819.txt_q1,4.0,0.9999980926513672,1
middle7585.txt_q1,4.0,0.9953702092170715,1
high6617.txt_q0,4.0,0.9999959468841553,1
middle2479.txt_q3,4.0,0.9999531507492065,1
high22705.txt_q2,4.0,0.9875521659851074,1
high14129.txt_q2,4.0,0.8729332089424133,1
middle736.txt_q3,4.0,0.9999890327453613,1
high251.txt_q3,4.0,0.9992108345031738,1
high13633.txt_q0,4.0,0.9953049421310425,1
high16917.txt_q0,4.0,0.98829585313797,1
middle7504.txt_q3,4.0,0.9999982118606567,1
high8199.txt_q1,4.0,0.9990614056587219,1
high14998.txt_q1,4.0,0.9999755620956421,1
high3715.txt_q3,4.0,0.94133460521698,1
middle6334.txt_q1,4.0,0.99662846326828,1
high6770.txt_q1,4.0,0.9999995231628418,1
high15066.txt_q1,4.0,0.9979211688041687,1
high2465.txt_q1,4.0,0.9930309653282166,1
middle3100.txt_q3,4.0,0.9999997615814209,1
high22168.txt_q2,4.0,0.997474730014801,1
high2969.txt_q1,4.0,0.33461934328079224,0
high19355.txt_q1,4.0,0.9960720539093018,1
middle4744.txt_q2,4.0,0.9998345375061035,1
high22939.txt_q0,4.0,0.9952189326286316,1
middle2038.txt_q0,4.0,0.4338619112968445,0
middle6238.txt_q0,4.0,0.9990444779396057,1
high4252.txt_q1,4.0,0.9999711513519287,1
high6996.txt_q1,4.0,0.9970967769622803,1
high8666.txt_q3,4.0,0.9979764819145203,1
high21308.txt_q0,4.0,0.9996635913848877,1
middle6060.txt_q1,4.0,0.9999611377716064,1
high10417.txt_q0,4.0,0.945286214351654,1
high15408.txt_q0,4.0,0.9999960660934448,1
high13219.txt_q1,4.0,0.9998583793640137,1
high1054.txt_q2,4.0,0.9999984502792358,1
high23457.txt_q1,4.0,0.9999996423721313,1
high7585.txt_q3,4.0,0.9999991655349731,1
high15790.txt_q2,4.0,0.8160423636436462,1
high19954.txt_q2,4.0,0.9999783039093018,1
high17776.txt_q3,4.0,0.9994497895240784,1
high20473.txt_q0,4.0,0.9999879598617554,1
high13346.txt_q1,4.0,0.9999762773513794,1
high13491.txt_q3,4.0,0.9965764880180359,1
high11560.txt_q1,4.0,0.999961256980896,1
high7502.txt_q1,4.0,0.9999927282333374,1
high18475.txt_q3,4.0,0.9999994039535522,1
middle5216.txt_q2,4.0,0.9999798536300659,1
high7712.txt_q0,4.0,0.9999983310699463,1
high22898.txt_q0,4.0,0.9868724346160889,1
high22956.txt_q1,4.0,0.9993637204170227,1
middle1615.txt_q0,4.0,0.9999977350234985,1
middle1254.txt_q2,4.0,0.9835633039474487,1
high12821.txt_q0,4.0,0.9999997615814209,1
high23646.txt_q2,4.0,0.999995231628418,1
middle6174.txt_q1,4.0,0.23059669137001038,0
high13142.txt_q0,4.0,0.9999960660934448,1
high23615.txt_q0,4.0,0.9998941421508789,1
middle4685.txt_q0,4.0,0.870681881904602,1
high5087.txt_q0,4.0,0.7584052085876465,1
high10075.txt_q2,4.0,0.9998340606689453,1
middle4719.txt_q1,4.0,0.999230146408081,1
middle3268.txt_q0,4.0,0.9999743700027466,1
high20966.txt_q1,4.0,0.9993898868560791,1
high18960.txt_q1,4.0,0.6509104371070862,1
middle4017.txt_q0,4.0,0.9990555644035339,1
middle1591.txt_q2,4.0,0.9700196981430054,1
middle2215.txt_q2,4.0,0.9995474219322205,1
high23118.txt_q3,4.0,1.0,1
high6323.txt_q0,4.0,0.9618865847587585,1
high11119.txt_q3,4.0,0.999992847442627,1
high3334.txt_q2,4.0,0.9999699592590332,1
high23688.txt_q3,4.0,0.9999836683273315,1
high3092.txt_q1,4.0,0.554681122303009,1
high23048.txt_q2,4.0,0.8025552034378052,1
high20605.txt_q2,4.0,0.9999376535415649,1
middle5110.txt_q2,4.0,0.9998155236244202,1
high11369.txt_q3,4.0,0.9999843835830688,1
middle6717.txt_q0,4.0,0.9996459484100342,1
middle8144.txt_q2,4.0,0.9999994039535522,1
high2672.txt_q1,4.0,0.9328875541687012,1
high19796.txt_q0,4.0,0.9999418258666992,1
high12733.txt_q1,4.0,0.9998718500137329,1
high19493.txt_q0,4.0,0.9978565573692322,1
high23093.txt_q3,4.0,0.9669730067253113,1
high14271.txt_q0,4.0,0.9999992847442627,1
high19966.txt_q2,4.0,0.9897093176841736,1
high15151.txt_q1,4.0,0.9996168613433838,1
high9455.txt_q3,4.0,0.999127209186554,1
middle2332.txt_q0,4.0,0.9998846054077148,1
high19414.txt_q3,4.0,0.9999998807907104,1
middle5292.txt_q0,4.0,0.9272657632827759,1
middle8099.txt_q0,4.0,0.9991751313209534,1
middle3.txt_q3,4.0,0.9983202815055847,1
high7426.txt_q2,4.0,0.9996163845062256,1
high20913.txt_q2,4.0,0.999998927116394,1
high15757.txt_q2,4.0,0.9995636343955994,1
middle6738.txt_q0,4.0,0.9999978542327881,1
high1874.txt_q1,4.0,0.9999991655349731,1
high15747.txt_q1,4.0,0.9997054934501648,1
high1993.txt_q0,4.0,0.9981960654258728,1
middle8069.txt_q2,4.0,0.9967706203460693,1
middle5830.txt_q1,4.0,0.9998548030853271,1
high12311.txt_q0,4.0,0.9569528102874756,1
high1181.txt_q3,4.0,0.9990983009338379,1
middle6073.txt_q3,4.0,0.9997478127479553,1
high19105.txt_q0,4.0,0.9993083477020264,1
high20124.txt_q3,4.0,0.9995875954627991,1
high6388.txt_q0,4.0,0.9523730874061584,1
middle7364.txt_q3,4.0,0.9999735355377197,1
high15896.txt_q0,4.0,0.984396755695343,1
high21943.txt_q3,4.0,0.9976813793182373,1
high21700.txt_q1,4.0,0.999996542930603,1
high10983.txt_q3,4.0,0.963356077671051,1
high8616.txt_q1,4.0,0.9932906627655029,1
middle4499.txt_q4,4.0,0.9997932314872742,1
middle4071.txt_q2,4.0,0.8629330992698669,1
middle542.txt_q0,4.0,0.9999996423721313,1
high18270.txt_q3,4.0,0.9939383268356323,1
high21496.txt_q1,4.0,0.9999445676803589,1
middle7700.txt_q0,4.0,0.9999619722366333,1
high19322.txt_q0,4.0,0.8345754146575928,1
middle3558.txt_q0,4.0,0.9999921321868896,1
high12640.txt_q1,4.0,0.9478477239608765,1
high20338.txt_q0,4.0,0.9999996423721313,1
high10218.txt_q3,4.0,0.9988037347793579,1
high7469.txt_q3,4.0,0.6486952900886536,1
high16252.txt_q2,4.0,0.9999426603317261,1
middle1459.txt_q2,4.0,0.999922513961792,1
high9166.txt_q3,4.0,0.9787567257881165,1
high14616.txt_q1,4.0,0.9967928528785706,1
high15106.txt_q2,4.0,0.9998032450675964,1
high19394.txt_q1,4.0,0.9770878553390503,1
high22643.txt_q2,4.0,0.9989427924156189,1
high19132.txt_q1,4.0,0.9999998807907104,1
high19727.txt_q0,4.0,0.9999508857727051,1
middle1870.txt_q0,4.0,0.9999995231628418,1
high19875.txt_q0,4.0,0.9856497645378113,1
high10345.txt_q0,4.0,0.9926875829696655,1
high18290.txt_q2,4.0,0.4103902280330658,1
high3948.txt_q0,4.0,0.9999632835388184,1
middle7785.txt_q4,4.0,0.09290789812803268,0
middle4622.txt_q2,4.0,0.9999982118606567,1
high8954.txt_q0,4.0,0.9999995231628418,1
high17419.txt_q1,4.0,0.9851803779602051,1
high18352.txt_q0,4.0,0.9999967813491821,1
high14018.txt_q1,4.0,0.37048256397247314,0
middle3924.txt_q1,4.0,0.13087959587574005,0
middle4041.txt_q2,4.0,0.999998927116394,1
high6659.txt_q1,4.0,1.0,1
high19806.txt_q0,4.0,0.9999966621398926,1
middle3907.txt_q3,4.0,0.9794235825538635,1
middle2995.txt_q4,4.0,0.6287983655929565,1
high24224.txt_q2,4.0,0.9955874681472778,1
high21754.txt_q0,4.0,0.999733030796051,1
high15524.txt_q0,4.0,0.9999271631240845,1
high17522.txt_q2,4.0,0.999971866607666,1
high13776.txt_q2,4.0,0.9997105002403259,1
middle4319.txt_q3,4.0,0.9999984502792358,1
middle3131.txt_q1,4.0,0.994569718837738,1
high17362.txt_q0,4.0,0.9999674558639526,1
middle2448.txt_q2,4.0,0.9999980926513672,1
high4888.txt_q0,4.0,0.6866819858551025,1
middle3527.txt_q1,4.0,0.9999918937683105,1
high19199.txt_q1,4.0,0.999991774559021,1
high19071.txt_q3,4.0,0.9166618585586548,1
high5936.txt_q2,4.0,0.999342143535614,1
middle6239.txt_q0,4.0,0.9994420409202576,1
middle541.txt_q1,4.0,0.9999998807907104,1
high12651.txt_q2,4.0,0.9999899864196777,1
high22105.txt_q0,4.0,1.0,1
high7651.txt_q2,4.0,0.3153100907802582,0
high22741.txt_q0,4.0,0.999995231628418,1
high3437.txt_q1,4.0,0.9144516587257385,1
high6967.txt_q0,4.0,0.9983950257301331,1
high12186.txt_q0,4.0,0.3054453134536743,0
high20553.txt_q0,4.0,0.999900221824646,1
high6734.txt_q2,4.0,0.9997246861457825,1
high15220.txt_q1,4.0,0.999612033367157,1
high9275.txt_q1,4.0,0.9999969005584717,1
high2869.txt_q1,4.0,0.8504335880279541,1
high18889.txt_q0,4.0,0.9999948740005493,1
high18378.txt_q2,4.0,1.0,1
high12092.txt_q0,4.0,0.9999879598617554,1
high22140.txt_q0,4.0,0.9066063165664673,1
high24097.txt_q0,4.0,0.9899746775627136,1
high1008.txt_q2,4.0,0.9924503564834595,1
high17485.txt_q2,4.0,0.999847412109375,1
high13369.txt_q2,4.0,0.9999995231628418,1
high19703.txt_q2,4.0,0.9999650716781616,1
middle2339.txt_q2,4.0,1.0,1
middle7948.txt_q1,4.0,0.9989849925041199,1
high15824.txt_q2,4.0,0.9998155236244202,1
high20610.txt_q2,4.0,0.9957505464553833,1
middle947.txt_q3,4.0,0.9135512113571167,1
high1415.txt_q0,4.0,0.9991115927696228,1
high11239.txt_q1,4.0,0.9988351464271545,1
high11436.txt_q3,4.0,0.9999998807907104,1
