question_id,n_votes,consensus_status,consensus_option,llm_correct
high10024.txt_q0,3,consensus,B,1
high10024.txt_q1,3,consensus,A,1
high10024.txt_q2,3,consensus,D,1
high10042.txt_q0,3,consensus,C,1
high10042.txt_q1,3,consensus,A,1
high10042.txt_q2,3,consensus,D,1
high10042.txt_q3,3,consensus,A,1
high10042.txt_q4,3,consensus,B,1
high10060.txt_q0,3,consensus,A,1
high10060.txt_q1,3,consensus,A,1
high10060.txt_q2,3,consensus,D,1
high10112.txt_q0,3,consensus,B,1
high10112.txt_q1,3,consensus,A,1
high10112.txt_q2,3,consensus,B,1
high10146.txt_q0,3,consensus,D,1
high10146.txt_q1,3,consensus,C,0
high10146.txt_q2,3,consensus,A,1
high10154.txt_q0,3,consensus,B,1
high10154.txt_q1,3,consensus,A,1
high10154.txt_q2,3,consensus,D,0
high10160.txt_q0,3,consensus,C,1
high10160.txt_q1,3,consensus,D,1
high10160.txt_q2,3,consensus,B,1
high10177.txt_q0,3,consensus,B,1
high10177.txt_q1,3,consensus,C,1
high10177.txt_q2,3,consensus,A,1
high10179.txt_q0,3,consensus,A,1
high10179.txt_q1,3,consensus,C,1
high10179.txt_q2,3,consensus,A,1
high10179.txt_q3,3,consensus,A,0
high10187.txt_q0,3,consensus,C,1
high10187.txt_q1,3,consensus,A,1
high10187.txt_q2,3,consensus,D,1
high10215.txt_q0,3,consensus,B,1
high10215.txt_q1,3,consensus,B,1
high10215.txt_q2,3,consensus,D,1
high10229.txt_q0,3,consensus,C,1
high10229.txt_q1,3,consensus,B,1
high10229.txt_q2,3,consensus,B,0
high10255.txt_q0,3,consensus,B,1
high10255.txt_q1,3,consensus,C,1
high10255.txt_q2,3,consensus,D,1
high10261.txt_q0,3,consensus,D,1
high10261.txt_q1,3,consensus,A,1
high10261.txt_q2,3,consensus,C,1
high10261.txt_q3,3,consensus,C,1
high10261.txt_q4,3,consensus,B,1
high10272.txt_q0,3,consensus,D,1
high10272.txt_q1,3,consensus,A,1
high10272.txt_q2,3,consensus,C,1
high10316.txt_q0,3,consensus,C,0
high10316.txt_q1,3,consensus,A,1
high10316.txt_q2,3,consensus,D,1
high10316.txt_q3,3,consensus,C,1
high10355.txt_q0,3,consensus,A,1
high10355.txt_q1,3,consensus,D,1
high10429.txt_q0,3,consensus,B,1
high10429.txt_q1,3,consensus,B,1
high10429.txt_q2,3,consensus,D,1
high10429.txt_q3,3,consensus,C,1
high10449.txt_q0,3,consensus,A,1
high10449.txt_q1,3,consensus,C,1
high10449.txt_q2,3,consensus,D,1
high10449.txt_q3,3,consensus,A,1
high10467.txt_q0,3,consensus,B,1
high10467.txt_q1,3,consensus,B,1
high10467.txt_q2,3,consensus,A,1
high10467.txt_q3,3,consensus,D,1
high10479.txt_q0,3,consensus,C,1
high10479.txt_q1,3,consensus,B,1
high10479.txt_q2,3,consensus,D,1
high10479.txt_q3,3,consensus,D,1
high1048.txt_q0,3,consensus,D,1
high1048.txt_q1,3,consensus,B,1
high1048.txt_q2,3,consensus,B,1
high10490.txt_q0,3,consensus,B,1
high10504.txt_q0,3,consensus,B,1
high10504.txt_q1,3,consensus,C,1
high10504.txt_q2,3,consensus,D,1
high10504.txt_q3,3,consensus,B,1
high10532.txt_q0,3,consensus,C,1
high10532.txt_q1,3,consensus,D,1
high10532.txt_q2,3,consensus,B,0
high10570.txt_q0,3,consensus,C,1
high10570.txt_q1,3,consensus,B,1
high10570.txt_q2,3,consensus,D,1
high10570.txt_q3,3,consensus,D,1
high10570.txt_q4,3,consensus,A,1
high10579.txt_q0,3,consensus,C,1
high10579.txt_q1,3,consensus,B,1
high10579.txt_q2,3,consensus,C,1
high10579.txt_q3,3,consensus,A,1
high10643.txt_q0,3,consensus,C,1
high10643.txt_q1,3,consensus,A,1
high10643.txt_q2,3,consensus,B,1
high10643.txt_q3,3,consensus,C,1
high10666.txt_q0,3,consensus,B,1
high10666.txt_q1,3,consensus,C,1
high10666.txt_q2,3,consensus,D,1
high10668.txt_q0,3,consensus,D,1
high10668.txt_q1,3,consensus,D,1
high10668.txt_q2,3,consensus,B,1
high10677.txt_q0,3,consensus,A,1
high10677.txt_q1,3,consensus,B,1
high10677.txt_q2,3,consensus,C,1
high10677.txt_q3,3,consensus,A,1
high10677.txt_q4,3,consensus,B,1
high10687.txt_q0,3,consensus,C,1
high10687.txt_q1,3,consensus,A,1
high10687.txt_q2,3,consensus,B,1
high10687.txt_q3,3,consensus,B,1
high1069.txt_q0,3,consensus,C,1
high1069.txt_q1,3,consensus,A,1
high1069.txt_q2,3,consensus,B,1
high1069.txt_q3,3,consensus,B,1
high107.txt_q0,3,consensus,C,1
high107.txt_q1,3,consensus,B,1
high107.txt_q2,3,consensus,A,1
high10709.txt_q0,3,consensus,D,1
high10709.txt_q1,3,consensus,D,1
high10709.txt_q2,3,consensus,D,1
high10720.txt_q0,3,consensus,D,1
high10720.txt_q1,3,consensus,B,1
high10720.txt_q2,3,consensus,C,1
high10760.txt_q0,3,consensus,B,1
high10760.txt_q1,3,consensus,D,1
high10760.txt_q2,3,consensus,B,1
high10771.txt_q0,3,consensus,B,1
high10771.txt_q1,3,consensus,C,1
high10771.txt_q2,3,consensus,C,1
high10775.txt_q0,3,consensus,D,1
high10775.txt_q1,3,consensus,A,1
high10775.txt_q2,3,consensus,B,1
high10788.txt_q0,3,consensus,D,1
high10788.txt_q1,3,consensus,B,1
high10788.txt_q2,3,consensus,C,1
high1080.txt_q0,3,consensus,A,1
high1080.txt_q1,3,consensus,D,1
high1080.txt_q2,3,consensus,C,1
high1080.txt_q3,3,consensus,C,1
high1080.txt_q4,3,consensus,D,1
high1083.txt_q0,3,consensus,C,1
high1083.txt_q1,3,consensus,D,1
high1083.txt_q2,3,consensus,B,1
high10897.txt_q0,3,consensus,C,1
high10897.txt_q1,3,consensus,C,1
high10897.txt_q2,3,consensus,B,1
high1090.txt_q0,3,consensus,B,1
high1090.txt_q1,3,consensus,D,1
high1090.txt_q2,3,consensus,C,1
high10902.txt_q0,3,consensus,A,1
high10902.txt_q1,3,consensus,B,1
high10908.txt_q0,3,consensus,A,1
high10908.txt_q1,3,consensus,B,1
high10908.txt_q2,3,consensus,B,1
high10908.txt_q3,3,consensus,C,1
high10915.txt_q0,3,consensus,C,1
high10915.txt_q1,3,consensus,D,1
high10915.txt_q2,3,consensus,A,1
high10915.txt_q3,3,consensus,A,1
high10944.txt_q0,3,consensus,A,1
high10944.txt_q1,3,consensus,D,1
high10944.txt_q2,3,consensus,C,1
high10946.txt_q0,3,consensus,A,1
high10946.txt_q1,3,consensus,A,1
high10946.txt_q2,3,consensus,D,1
high11028.txt_q0,3,consensus,B,1
high11028.txt_q1,3,consensus,C,1
high11028.txt_q2,3,consensus,C,1
high11031.txt_q0,3,consensus,A,1
high11031.txt_q1,3,consensus,B,1
high11031.txt_q2,3,consensus,B,0
high11036.txt_q0,3,consensus,A,1
high11062.txt_q0,3,consensus,B,1
high11062.txt_q1,3,consensus,A,1
high11062.txt_q2,3,consensus,D,1
high11062.txt_q3,3,consensus,A,1
high11099.txt_q0,3,consensus,C,1
high11099.txt_q1,3,consensus,C,1
high11103.txt_q0,3,consensus,A,1
high11103.txt_q1,3,consensus,C,1
high11103.txt_q2,3,consensus,D,1
high11103.txt_q3,3,consensus,A,1
high11109.txt_q0,3,consensus,D,1
high11109.txt_q1,3,consensus,A,1
high11109.txt_q2,3,consensus,C,1
high1111.txt_q0,3,consensus,C,0
high1111.txt_q1,3,consensus,B,1
high1111.txt_q2,3,consensus,D,0
high1111.txt_q3,3,consensus,C,0
high11112.txt_q0,3,consensus,A,1
high11112.txt_q1,3,consensus,D,1
high11112.txt_q2,3,consensus,C,1
high11113.txt_q0,3,consensus,B,1
high11113.txt_q1,3,consensus,A,1
high11129.txt_q0,3,consensus,B,1
high11129.txt_q1,3,consensus,D,1
high11129.txt_q2,3,consensus,B,1
high11129.txt_q3,3,consensus,C,1
high11146.txt_q0,3,consensus,B,1
high11146.txt_q1,3,consensus,D,1
high11164.txt_q0,3,consensus,A,1
high11164.txt_q1,3,consensus,D,1
high11164.txt_q2,3,consensus,A,1
high11171.txt_q0,3,consensus,C,1
high11171.txt_q1,3,consensus,D,1
high11252.txt_q0,3,consensus,B,1
high11252.txt_q1,3,consensus,C,1
high11252.txt_q2,3,consensus,A,1
high11252.txt_q3,3,consensus,A,1
high11279.txt_q0,3,consensus,B,1
high11279.txt_q1,3,consensus,C,1
high11327.txt_q0,3,consensus,D,1
high11327.txt_q1,3,consensus,C,0
high11327.txt_q2,3,consensus,B,1
high11327.txt_q3,3,consensus,C,1
high11342.txt_q0,3,consensus,D,1
high11342.txt_q1,3,consensus,C,1
high11342.txt_q2,3,consensus,B,1
high11373.txt_q0,3,consensus,B,1
high11373.txt_q1,3,consensus,C,1
high11373.txt_q2,3,consensus,B,1
high11373.txt_q3,3,consensus,A,1
high11427.txt_q0,3,consensus,B,1
high11427.txt_q1,3,consensus,C,1
high11466.txt_q0,3,consensus,A,1
high11466.txt_q1,3,consensus,C,1
high11466.txt_q2,3,consensus,C,1
high1149.txt_q0,3,consensus,D,1
high11506.txt_q0,3,consensus,B,0
high11506.txt_q1,3,consensus,C,0
high11506.txt_q2,3,consensus,D,0
high11506.txt_q3,3,consensus,A,1
high11509.txt_q0,3,consensus,C,1
high11509.txt_q1,3,consensus,C,1
high11509.txt_q2,3,consensus,A,1
high11515.txt_q0,3,consensus,B,1
high11515.txt_q1,3,consensus,C,1
high11515.txt_q2,3,consensus,D,1
high11515.txt_q3,3,consensus,A,1
high11521.txt_q0,3,consensus,C,1
high11521.txt_q1,3,consensus,D,0
high11521.txt_q2,3,consensus,B,1
high11521.txt_q3,3,consensus,B,1
high11521.txt_q4,3,consensus,A,1
high11532.txt_q0,3,consensus,D,1
high11532.txt_q1,3,consensus,D,1
high11532.txt_q2,3,consensus,C,1
high11552.txt_q0,3,consensus,D,1
high11552.txt_q1,3,consensus,D,1
high11552.txt_q2,3,consensus,C,1
high11552.txt_q3,3,consensus,A,1
high11563.txt_q0,3,consensus,D,1
high11563.txt_q1,3,consensus,C,1
high11582.txt_q0,3,consensus,D,1
high11582.txt_q1,3,consensus,D,1
high11582.txt_q2,3,consensus,A,1
high11582.txt_q3,3,consensus,C,1
high11598.txt_q0,3,consensus,D,1
high11598.txt_q1,3,consensus,A,1
high11598.txt_q2,3,consensus,D,1
high11598.txt_q3,3,consensus,D,1
high11629.txt_q0,3,consensus,D,1
high11629.txt_q1,3,consensus,C,1
high11629.txt_q2,3,consensus,A,1
high11648.txt_q0,3,consensus,B,1
high11648.txt_q1,3,consensus,C,1
high11648.txt_q2,3,consensus,D,1
high11648.txt_q3,3,consensus,A,1
high11654.txt_q0,3,consensus,D,1
high11654.txt_q1,3,consensus,C,1
high11654.txt_q2,3,consensus,B,1
high11654.txt_q3,3,consensus,B,1
high11671.txt_q0,3,consensus,A,1
high11671.txt_q1,3,consensus,A,1
high11688.txt_q0,3,consensus,B,1
high11688.txt_q1,3,consensus,D,1
high11688.txt_q2,3,consensus,B,1
high11688.txt_q3,3,consensus,C,1
high11699.txt_q0,3,consensus,C,1
high11699.txt_q1,3,consensus,B,1
high11699.txt_q2,3,consensus,D,1
high11699.txt_q3,3,consensus,A,1
high11731.txt_q0,3,consensus,B,1
high11731.txt_q1,3,consensus,A,1
high11731.txt_q2,3,consensus,C,1
high11742.txt_q0,3,consensus,D,1
high11742.txt_q1,3,consensus,A,1
high11742.txt_q2,3,consensus,D,1
high11742.txt_q3,3,consensus,A,1
high11774.txt_q0,3,consensus,D,1
high11774.txt_q1,3,consensus,B,0
high11774.txt_q2,3,consensus,A,0
high11797.txt_q0,3,consensus,A,0
high11797.txt_q1,3,consensus,C,1
high11797.txt_q2,3,consensus,B,1
high11797.txt_q3,3,consensus,A,1
high11838.txt_q0,3,consensus,B,1
high11838.txt_q1,3,consensus,A,1
high11838.txt_q2,3,consensus,D,1
high11838.txt_q3,3,consensus,C,1
high11882.txt_q0,3,consensus,D,1
high11882.txt_q1,3,consensus,B,1
high11882.txt_q2,3,consensus,A,1
high11904.txt_q0,3,consensus,D,1
high11904.txt_q1,3,consensus,B,1
high11920.txt_q0,3,consensus,D,1
high11920.txt_q1,3,consensus,A,1
high11920.txt_q2,3,consensus,D,1
high11920.txt_q3,3,consensus,C,1
high11938.txt_q0,3,consensus,C,1
high11938.txt_q1,3,consensus,B,1
high11938.txt_q2,3,consensus,B,1
high11964.txt_q0,3,consensus,D,1
high11964.txt_q1,3,consensus,B,1
high11964.txt_q2,3,consensus,A,1
high11991.txt_q0,3,consensus,B,1
high11991.txt_q1,3,consensus,A,1
high11991.txt_q2,3,consensus,C,1
high12009.txt_q0,3,consensus,B,1
high12009.txt_q1,3,consensus,D,1
high12009.txt_q2,3,consensus,B,1
high12016.txt_q0,3,consensus,D,1
high12016.txt_q1,3,consensus,C,1
high12016.txt_q2,3,consensus,B,1
high12024.txt_q0,3,consensus,B,1
high12024.txt_q1,3,consensus,C,1
high12024.txt_q2,3,consensus,A,1
high12024.txt_q3,3,consensus,D,1
high12034.txt_q0,3,consensus,C,1
high12034.txt_q1,3,consensus,B,1
high12072.txt_q0,3,consensus,D,1
high12072.txt_q1,3,consensus,B,1
high12072.txt_q2,3,consensus,D,1
high12105.txt_q0,3,consensus,D,1
high12105.txt_q1,3,consensus,C,1
high12105.txt_q2,3,consensus,B,1
high12105.txt_q3,3,consensus,C,1
high12109.txt_q0,3,consensus,D,1
high12109.txt_q1,3,consensus,D,1
high12109.txt_q2,3,consensus,B,1
high12110.txt_q0,3,consensus,A,1
high12110.txt_q1,3,consensus,C,1
high12131.txt_q0,3,consensus,C,1
high12131.txt_q1,3,consensus,A,1
high12131.txt_q2,3,consensus,B,1
high12131.txt_q3,3,consensus,B,1
high12132.txt_q0,3,consensus,C,1
high12132.txt_q1,3,consensus,D,1
high12132.txt_q2,3,consensus,B,1
high12132.txt_q3,3,consensus,A,1
high12132.txt_q4,3,consensus,D,1
high12134.txt_q0,3,consensus,D,1
high12134.txt_q1,3,consensus,D,1
high12141.txt_q0,3,consensus,D,1
high12141.txt_q1,3,consensus,B,1
high12142.txt_q0,3,consensus,A,1
high12142.txt_q1,3,consensus,C,1
high12142.txt_q2,3,consensus,B,1
high12221.txt_q0,3,consensus,A,1
high12221.txt_q1,3,consensus,D,0
high12262.txt_q0,3,consensus,C,1
high12262.txt_q1,3,consensus,D,1
high12262.txt_q2,3,consensus,B,1
high1227.txt_q0,3,consensus,A,1
high1227.txt_q1,3,consensus,C,1
high1227.txt_q2,3,consensus,C,1
high1227.txt_q3,3,consensus,C,1
high12282.txt_q0,3,consensus,C,1
high12282.txt_q1,3,consensus,A,1
high12285.txt_q0,3,consensus,D,1
high12285.txt_q1,3,consensus,B,1
high12285.txt_q2,3,consensus,C,1
high12290.txt_q0,3,consensus,A,1
high12290.txt_q1,3,consensus,B,1
high12290.txt_q2,3,consensus,B,1
high12300.txt_q0,3,consensus,C,1
high12309.txt_q0,3,consensus,C,1
high12309.txt_q1,3,consensus,C,1
high12309.txt_q2,3,consensus,D,1
high12317.txt_q0,3,consensus,B,1
high12317.txt_q1,3,consensus,D,1
high12321.txt_q0,3,consensus,A,1
high12321.txt_q1,3,consensus,C,1
high12321.txt_q2,3,consensus,A,1
high12321.txt_q3,3,consensus,B,1
high12331.txt_q0,3,consensus,A,1
high12331.txt_q1,3,consensus,B,1
high12331.txt_q2,3,consensus,D,1
high12331.txt_q3,3,consensus,D,0
high12393.txt_q0,3,consensus,C,1
high12393.txt_q1,3,consensus,A,1
high12393.txt_q2,3,consensus,D,1
high12393.txt_q3,3,consensus,D,1
high12393.txt_q4,3,consensus,D,0
high12398.txt_q0,3,consensus,D,1
high12398.txt_q1,3,consensus,D,1
high12398.txt_q2,3,consensus,C,1
high12398.txt_q3,3,consensus,C,1
high12398.txt_q4,3,consensus,B,1
high1243.txt_q0,3,consensus,C,1
high1243.txt_q1,3,consensus,A,1
high1243.txt_q2,3,consensus,D,1
high12430.txt_q0,3,consensus,B,1
high12430.txt_q1,3,consensus,A,1
high12461.txt_q0,3,consensus,B,1
high12473.txt_q0,3,consensus,C,0
high12473.txt_q1,3,consensus,B,1
high12475.txt_q0,3,consensus,D,1
high12475.txt_q1,3,consensus,A,1
high12475.txt_q2,3,consensus,B,1
high12494.txt_q0,3,consensus,C,1
high12494.txt_q1,3,consensus,D,1
high12494.txt_q2,3,consensus,A,1
high12494.txt_q3,3,consensus,A,1
high12529.txt_q0,3,consensus,C,1
high12529.txt_q1,3,consensus,B,1
high12529.txt_q2,3,consensus,D,1
high12587.txt_q0,3,consensus,B,1
high12587.txt_q1,3,consensus,C,1
high12587.txt_q2,3,consensus,A,1
high12609.txt_q0,3,consensus,D,1
high12609.txt_q1,3,consensus,B,1
high12609.txt_q2,3,consensus,C,1
high12617.txt_q0,3,consensus,C,1
high12617.txt_q1,3,consensus,A,1
high12632.txt_q0,3,consensus,C,1
high12632.txt_q1,3,consensus,D,1
high12632.txt_q2,3,consensus,C,1
high12632.txt_q3,3,consensus,B,1
high12636.txt_q0,3,consensus,D,1
high12636.txt_q1,3,consensus,D,1
high12636.txt_q2,3,consensus,C,1
high12636.txt_q3,3,consensus,D,0
high1266.txt_q0,3,consensus,D,1
high1266.txt_q1,3,consensus,A,1
high1266.txt_q2,3,consensus,B,1
high1266.txt_q3,3,consensus,C,1
high1266.txt_q4,3,consensus,D,1
high12687.txt_q0,3,consensus,D,1
high12687.txt_q1,3,consensus,C,1
high12687.txt_q2,3,consensus,B,1
high12687.txt_q3,3,consensus,C,1
high12700.txt_q0,3,consensus,B,1
high12700.txt_q1,3,consensus,A,1
high12716.txt_q0,3,consensus,A,1
high12716.txt_q1,3,consensus,C,1
high12716.txt_q2,3,consensus,B,1
high12716.txt_q3,3,consensus,D,1
high1272.txt_q0,3,consensus,C,0
high1272.txt_q1,3,consensus,C,1
high1272.txt_q2,3,consensus,D,1
high12723.txt_q0,3,consensus,A,1
high12723.txt_q1,3,consensus,C,1
high12723.txt_q2,3,consensus,A,1
high12723.txt_q3,3,consensus,B,1
high12734.txt_q0,3,consensus,C,1
high12734.txt_q1,3,consensus,D,1
high12734.txt_q2,3,consensus,A,1
high12734.txt_q3,3,consensus,B,1
high12742.txt_q0,3,consensus,C,1
high12742.txt_q1,3,consensus,D,1
high12742.txt_q2,3,consensus,C,1
high12768.txt_q0,3,consensus,C,1
high12768.txt_q1,3,consensus,A,1
high12768.txt_q2,3,consensus,D,1
high12768.txt_q3,3,consensus,C,1
high12768.txt_q4,3,consensus,B,1
high12771.txt_q0,3,consensus,B,1
high1280.txt_q0,3,consensus,B,1
high1280.txt_q1,3,consensus,B,1
high1280.txt_q2,3,consensus,C,1
high1280.txt_q3,3,consensus,C,1
high1280.txt_q4,3,no_consensus,,0
high12818.txt_q0,3,consensus,C,1
high12818.txt_q1,3,consensus,D,1
high12818.txt_q2,3,consensus,A,1
high12818.txt_q3,3,consensus,C,1
high12824.txt_q0,3,consensus,C,1
high12824.txt_q1,3,consensus,C,1
high12824.txt_q2,3,consensus,D,1
high12824.txt_q3,3,consensus,C,1
high1283.txt_q0,3,consensus,C,1
high1283.txt_q1,3,consensus,D,1
high1283.txt_q2,3,consensus,B,1
high1283.txt_q3,3,consensus,C,1
high12832.txt_q0,3,consensus,C,1
high12832.txt_q1,3,consensus,A,1
high12832.txt_q2,3,consensus,B,1
high12897.txt_q0,3,consensus,B,1
high12897.txt_q1,3,consensus,D,1
high12897.txt_q2,3,consensus,C,1
high12906.txt_q0,3,consensus,B,1
high12906.txt_q1,3,consensus,C,1
high12941.txt_q0,3,consensus,B,1
high12941.txt_q1,3,consensus,A,1
high12941.txt_q2,3,consensus,B,1
high12941.txt_q3,3,consensus,C,1
high1296.txt_q0,3,consensus,B,1
high1296.txt_q1,3,consensus,C,1
high12998.txt_q0,3,consensus,B,1
high12998.txt_q1,3,consensus,D,1
high13043.txt_q0,3,consensus,C,1
high13043.txt_q1,3,consensus,C,1
high13043.txt_q2,3,consensus,D,1
high13043.txt_q3,3,consensus,B,1
high13095.txt_q0,3,consensus,C,1
high13095.txt_q1,3,consensus,D,1
high13095.txt_q2,3,consensus,B,1
high1310.txt_q0,3,consensus,D,1
high1310.txt_q1,3,consensus,D,1
high1310.txt_q2,3,consensus,C,1
high13140.txt_q0,3,consensus,D,1
high13140.txt_q1,3,consensus,C,1
high13140.txt_q2,3,consensus,D,1
high13140.txt_q3,3,consensus,C,1
high13143.txt_q0,3,consensus,D,1
high13143.txt_q1,3,consensus,A,1
high13143.txt_q2,3,consensus,B,1
high13165.txt_q0,3,consensus,D,1
high13165.txt_q1,3,consensus,D,0
high13165.txt_q2,3,consensus,A,1
high13165.txt_q3,3,consensus,A,1
high13171.txt_q0,3,consensus,D,1
high13171.txt_q1,3,consensus,A,1
high13171.txt_q2,3,consensus,C,1
high13171.txt_q3,3,consensus,B,1
high13199.txt_q0,3,consensus,D,1
high13199.txt_q1,3,consensus,C,1
high13199.txt_q2,3,consensus,D,1
high13199.txt_q3,3,consensus,A,1
high13208.txt_q0,3,consensus,D,1
high13208.txt_q1,3,consensus,A,1
high13208.txt_q2,3,consensus,D,1
high13220.txt_q0,3,consensus,B,1
high13220.txt_q1,3,consensus,B,1
high13238.txt_q0,3,consensus,B,1
high13238.txt_q1,3,consensus,B,1
high13238.txt_q2,3,consensus,D,1
high13238.txt_q3,3,consensus,A,1
high13250.txt_q0,3,consensus,D,1
high13250.txt_q1,3,consensus,B,1
high13250.txt_q2,3,consensus,A,1
high13251.txt_q0,3,consensus,C,1
high13251.txt_q1,3,consensus,D,1
high13251.txt_q2,3,consensus,A,1
high13273.txt_q0,3,consensus,B,1
high13273.txt_q1,3,consensus,D,1
high13273.txt_q2,3,consensus,A,1
high13279.txt_q0,3,consensus,B,1
high13279.txt_q1,3,consensus,D,1
high13279.txt_q2,3,consensus,C,1
high13279.txt_q3,3,consensus,A,1
high13284.txt_q0,3,consensus,D,1
high13284.txt_q1,3,consensus,C,1
high13314.txt_q0,3,consensus,B,1
high13314.txt_q1,3,consensus,C,1
high13314.txt_q2,3,consensus,C,1
high13319.txt_q0,3,consensus,A,1
high13319.txt_q1,3,consensus,B,1
high13342.txt_q0,3,consensus,C,1
high13342.txt_q1,3,consensus,B,1
high13342.txt_q2,3,consensus,D,1
high1335.txt_q0,3,consensus,D,1
high1335.txt_q1,3,consensus,C,1
high1335.txt_q2,3,consensus,A,1
high13366.txt_q0,3,consensus,A,1
high13366.txt_q1,3,consensus,D,1
high13366.txt_q2,3,consensus,C,1
high13366.txt_q3,3,consensus,B,1
high13366.txt_q4,3,consensus,B,1
high13393.txt_q0,3,consensus,B,1
high13393.txt_q1,3,consensus,D,1
high13393.txt_q2,3,consensus,C,1
high13393.txt_q3,3,consensus,A,1
high13393.txt_q4,3,consensus,C,1
high13398.txt_q0,3,consensus,C,1
high13398.txt_q1,3,consensus,B,0
high13398.txt_q2,3,consensus,A,1
high13398.txt_q3,3,consensus,B,1
high13424.txt_q0,3,consensus,C,1
high13424.txt_q1,3,consensus,D,1
high13434.txt_q0,3,consensus,D,1
high13434.txt_q1,3,consensus,A,1
high13458.txt_q0,3,consensus,C,1
high13458.txt_q1,3,consensus,D,1
high13458.txt_q2,3,consensus,B,1
high13470.txt_q0,3,consensus,B,1
high13470.txt_q1,3,consensus,B,1
high1350.txt_q0,3,consensus,A,1
high1350.txt_q1,3,consensus,D,1
high1350.txt_q2,3,consensus,B,1
high1350.txt_q3,3,consensus,B,1
high13545.txt_q0,3,consensus,D,1
high13545.txt_q1,3,consensus,A,1
high13577.txt_q0,3,consensus,B,1
high13577.txt_q1,3,consensus,A,1
high13577.txt_q2,3,consensus,A,1
high13577.txt_q3,3,consensus,D,1
high13588.txt_q0,3,consensus,C,1
high13588.txt_q1,3,consensus,C,1
high13588.txt_q2,3,consensus,D,1
high13597.txt_q0,3,consensus,C,1
high13597.txt_q1,3,consensus,B,1
high13597.txt_q2,3,consensus,A,1
high13618.txt_q0,3,consensus,A,1
high13618.txt_q1,3,consensus,B,1
high13618.txt_q2,3,consensus,C,1
high13618.txt_q3,3,consensus,D,1
high13618.txt_q4,3,consensus,C,1
high13683.txt_q0,3,consensus,C,1
high13683.txt_q1,3,consensus,D,1
high13702.txt_q0,3,consensus,D,1
high13702.txt_q1,3,consensus,D,1
high13702.txt_q2,3,consensus,A,1
high13704.txt_q0,3,consensus,B,1
high13704.txt_q1,3,consensus,D,1
high13704.txt_q2,3,consensus,A,1
high13716.txt_q0,3,consensus,C,1
high13716.txt_q1,3,consensus,A,1
high13716.txt_q2,3,consensus,D,1
high13716.txt_q3,3,consensus,B,1
high13761.txt_q0,3,consensus,D,1
high13761.txt_q1,3,consensus,B,1
high13781.txt_q0,3,consensus,B,1
high13781.txt_q1,3,consensus,D,1
high13781.txt_q2,3,consensus,C,1
high13814.txt_q0,3,consensus,B,0
high13814.txt_q1,3,consensus,C,1
high13814.txt_q2,3,consensus,D,1
high13838.txt_q0,3,consensus,A,1
high13838.txt_q1,3,consensus,C,1
high13838.txt_q2,3,consensus,D,1
high13894.txt_q0,3,consensus,B,1
high13894.txt_q1,3,consensus,C,1
high13894.txt_q2,3,consensus,D,1
high13909.txt_q0,3,consensus,B,1
high13909.txt_q1,3,consensus,D,1
high13909.txt_q2,3,consensus,A,1
high1391.txt_q0,3,consensus,A,1
high1391.txt_q1,3,consensus,C,1
high1391.txt_q2,3,consensus,D,1
high1391.txt_q3,3,consensus,D,1
high1399.txt_q0,3,consensus,B,1
high1399.txt_q1,3,consensus,C,1
high1399.txt_q2,3,consensus,C,1
high14001.txt_q0,3,consensus,B,1
high14001.txt_q1,3,consensus,B,0
high14001.txt_q2,3,consensus,D,1
high14004.txt_q0,3,consensus,C,1
high14004.txt_q1,3,consensus,A,1
high14004.txt_q2,3,consensus,D,1
high14070.txt_q0,3,consensus,C,1
high14073.txt_q0,3,consensus,D,1
high14073.txt_q1,3,consensus,B,1
high14073.txt_q2,3,consensus,C,1
high14073.txt_q3,3,consensus,D,1
high14085.txt_q0,3,consensus,D,1
high14085.txt_q1,3,consensus,B,1
high1410.txt_q0,3,consensus,C,1
high1410.txt_q1,3,consensus,C,1
high1410.txt_q2,3,consensus,B,1
high1410.txt_q3,3,consensus,D,1
high1411.txt_q0,3,consensus,B,1
high1411.txt_q1,3,consensus,D,1
high1411.txt_q2,3,consensus,A,1
high14136.txt_q0,3,consensus,C,1
high14136.txt_q1,3,consensus,D,1
high14136.txt_q2,3,consensus,A,1
high14136.txt_q3,3,consensus,B,1
high14144.txt_q0,3,consensus,D,1
high14144.txt_q1,3,consensus,C,1
high14144.txt_q2,3,consensus,B,1
high14144.txt_q3,3,consensus,D,1
high14165.txt_q0,3,consensus,D,1
high14165.txt_q1,3,consensus,A,1
high14165.txt_q2,3,consensus,C,0
high14197.txt_q0,3,consensus,D,1
high14197.txt_q1,3,consensus,C,1
high14197.txt_q2,3,consensus,B,1
high14235.txt_q0,3,consensus,B,1
high14235.txt_q1,3,consensus,C,1
high14235.txt_q2,3,consensus,B,1
high14235.txt_q3,3,consensus,B,1
high14272.txt_q0,3,consensus,B,1
high14272.txt_q1,3,consensus,D,1
high14272.txt_q2,3,consensus,B,1
high14340.txt_q0,3,consensus,C,1
high14340.txt_q1,3,consensus,B,1
high14340.txt_q2,3,consensus,D,1
high14350.txt_q0,3,consensus,C,1
high14350.txt_q1,3,consensus,B,1
high14350.txt_q2,3,consensus,D,1
high14350.txt_q3,3,consensus,C,1
high14366.txt_q0,3,consensus,C,1
high14366.txt_q1,3,consensus,D,1
high14369.txt_q0,3,consensus,B,1
high14384.txt_q0,3,consensus,B,1
high14384.txt_q1,3,consensus,A,1
high14384.txt_q2,3,consensus,D,1
high14410.txt_q0,3,consensus,A,1
high14410.txt_q1,3,consensus,B,1
high14410.txt_q2,3,consensus,C,1
high14416.txt_q0,3,consensus,C,1
high14416.txt_q1,3,consensus,D,1
high14416.txt_q2,3,consensus,D,1
high14416.txt_q3,3,consensus,B,1
high1443.txt_q0,3,consensus,D,1
high1443.txt_q1,3,consensus,B,1
high1443.txt_q2,3,consensus,D,1
high1443.txt_q3,3,consensus,C,1
high1443.txt_q4,3,consensus,C,0
high14441.txt_q0,3,consensus,B,1
high14441.txt_q1,3,consensus,B,1
high14441.txt_q2,3,consensus,C,1
high14448.txt_q0,3,consensus,B,1
high14448.txt_q1,3,consensus,A,1
high14448.txt_q2,3,consensus,C,1
high14500.txt_q0,3,consensus,D,1
high14500.txt_q1,3,consensus,D,1
high14500.txt_q2,3,consensus,C,1
high14518.txt_q0,3,consensus,B,1
high14518.txt_q1,3,consensus,A,1
high14518.txt_q2,3,consensus,C,1
high14518.txt_q3,3,consensus,D,1
high14520.txt_q0,3,consensus,C,1
high14520.txt_q1,3,consensus,D,1
high14520.txt_q2,3,consensus,B,1
high14529.txt_q0,3,consensus,B,1
high14529.txt_q1,3,consensus,D,1
high14529.txt_q2,3,consensus,D,1
high14547.txt_q0,3,consensus,D,1
high14547.txt_q1,3,consensus,B,1
high14573.txt_q0,3,consensus,B,1
high14573.txt_q1,3,consensus,C,1
high14573.txt_q2,3,consensus,C,1
high14573.txt_q3,3,consensus,C,0
high14584.txt_q0,3,consensus,B,1
high14584.txt_q1,3,consensus,A,0
high14584.txt_q2,3,consensus,C,1
high14600.txt_q0,3,consensus,D,0
high14600.txt_q1,3,consensus,D,1
high14600.txt_q2,3,consensus,A,1
high14600.txt_q3,3,consensus,A,0
high14600.txt_q4,3,consensus,C,1
high14659.txt_q0,3,consensus,C,1
high14659.txt_q1,3,consensus,C,1
high14746.txt_q0,3,consensus,B,1
high14746.txt_q1,3,consensus,C,1
high14746.txt_q2,3,consensus,D,1
high14768.txt_q0,3,consensus,B,1
high14768.txt_q1,3,consensus,A,1
high14768.txt_q2,3,consensus,D,1
high14781.txt_q0,3,consensus,C,1
high14781.txt_q1,3,consensus,C,1
high14781.txt_q2,3,consensus,B,1
high14792.txt_q0,3,consensus,C,1
high14792.txt_q1,3,consensus,C,1
high14792.txt_q2,3,consensus,D,1
high14807.txt_q0,3,consensus,C,1
high14807.txt_q1,3,consensus,A,1
high1481.txt_q0,3,consensus,A,1
high1481.txt_q1,3,consensus,D,1
high1481.txt_q2,3,consensus,A,0
high1481.txt_q3,3,consensus,D,1
high14818.txt_q0,3,consensus,A,1
high14818.txt_q1,3,consensus,C,1
high14818.txt_q2,3,consensus,B,1
high14841.txt_q0,3,consensus,D,1
high14841.txt_q1,3,consensus,A,0
high14841.txt_q2,3,consensus,A,1
high14855.txt_q0,3,consensus,A,1
high14855.txt_q1,3,consensus,D,1
high14855.txt_q2,3,consensus,B,1
high14855.txt_q3,3,consensus,A,1
high14873.txt_q0,3,consensus,B,1
high14873.txt_q1,3,consensus,D,1
high14873.txt_q2,3,consensus,A,1
high14886.txt_q0,3,consensus,B,1
high14886.txt_q1,3,consensus,C,1
high14886.txt_q2,3,consensus,D,1
high14886.txt_q3,3,consensus,C,1
high14903.txt_q0,3,consensus,A,1
high14903.txt_q1,3,consensus,A,1
high1491.txt_q0,3,consensus,C,1
high1491.txt_q1,3,consensus,D,1
high1491.txt_q2,3,consensus,C,1
high1491.txt_q3,3,consensus,A,1
high14910.txt_q0,3,consensus,D,1
high14910.txt_q1,3,consensus,B,1
high14910.txt_q2,3,consensus,A,1
high14933.txt_q0,3,consensus,D,1
high14933.txt_q1,3,consensus,C,1
high14933.txt_q2,3,consensus,D,1
high14948.txt_q0,3,consensus,B,1
high14948.txt_q1,3,consensus,D,1
high14948.txt_q2,3,consensus,A,1
high14962.txt_q0,3,consensus,B,1
high14962.txt_q1,3,consensus,C,1
high14962.txt_q2,3,consensus,D,1
high14989.txt_q0,3,consensus,A,1
high14989.txt_q1,3,consensus,D,1
high14989.txt_q2,3,consensus,B,1
high1500.txt_q0,3,consensus,B,1
high1500.txt_q1,3,consensus,B,0
high1500.txt_q2,3,consensus,B,1
high15012.txt_q0,3,consensus,C,1
high15012.txt_q1,3,consensus,B,1
high15012.txt_q2,3,consensus,B,1
high15018.txt_q0,3,consensus,D,1
high15018.txt_q1,3,consensus,B,1
high15028.txt_q0,3,consensus,D,1
high15028.txt_q1,3,consensus,C,1
high15028.txt_q2,3,consensus,A,1
high15042.txt_q0,3,consensus,D,1
high15042.txt_q1,3,consensus,C,1
high15042.txt_q2,3,consensus,A,1
high15054.txt_q0,3,consensus,B,1
high15054.txt_q1,3,consensus,D,1
high15054.txt_q2,3,consensus,A,1
high15088.txt_q0,3,consensus,C,1
high15088.txt_q1,3,consensus,B,0
high15104.txt_q0,3,consensus,C,1
high15104.txt_q1,3,consensus,D,1
high15104.txt_q2,3,consensus,D,1
high15104.txt_q3,3,consensus,B,1
high15131.txt_q0,3,consensus,C,1
high15131.txt_q1,3,consensus,B,1
high15131.txt_q2,3,consensus,C,1
high15182.txt_q0,3,consensus,A,1
high15182.txt_q1,3,consensus,C,1
high15182.txt_q2,3,consensus,A,1
high15182.txt_q3,3,consensus,B,1
high15194.txt_q0,3,consensus,B,1
high15194.txt_q1,3,consensus,B,0
high15194.txt_q2,3,consensus,D,1
high15194.txt_q3,3,consensus,D,1
high15208.txt_q0,3,consensus,B,1
high15208.txt_q1,3,consensus,C,1
high15224.txt_q0,3,consensus,C,1
high15224.txt_q1,3,consensus,D,1
high15224.txt_q2,3,consensus,A,1
high15231.txt_q0,3,consensus,B,1
high15231.txt_q1,3,consensus,A,1
high15240.txt_q0,3,consensus,C,1
high15240.txt_q1,3,consensus,B,1
high15240.txt_q2,3,consensus,A,1
high15297.txt_q0,3,consensus,D,0
high15297.txt_q1,3,consensus,B,1
high15297.txt_q2,3,consensus,D,1
high15297.txt_q3,3,consensus,D,1
high15327.txt_q0,3,consensus,B,1
high15327.txt_q1,3,consensus,D,1
high15327.txt_q2,3,consensus,A,1
high15329.txt_q0,3,consensus,D,1
high15329.txt_q1,3,consensus,B,1
high15329.txt_q2,3,consensus,D,1
high15329.txt_q3,3,consensus,A,1
high15329.txt_q4,3,consensus,C,1
high15347.txt_q0,3,consensus,C,1
high15347.txt_q1,3,consensus,A,1
high15347.txt_q2,3,consensus,A,1
high15404.txt_q0,3,consensus,B,1
high15404.txt_q1,3,consensus,C,1
high15404.txt_q2,3,consensus,D,1
high15409.txt_q0,3,consensus,D,1
high15409.txt_q1,3,consensus,B,0
high15409.txt_q2,3,consensus,B,1
high15418.txt_q0,3,consensus,D,1
high15418.txt_q1,3,consensus,C,1
high15418.txt_q2,3,consensus,C,1
high15418.txt_q3,3,consensus,A,1
high15432.txt_q0,3,consensus,D,1
high15432.txt_q1,3,consensus,A,1
high15432.txt_q2,3,consensus,D,0
high15432.txt_q3,3,consensus,C,1
high15443.txt_q0,3,consensus,C,1
high15443.txt_q1,3,consensus,B,1
high15443.txt_q2,3,consensus,C,1
high15443.txt_q3,3,consensus,A,1
high15443.txt_q4,3,consensus,D,1
high15447.txt_q0,3,consensus,B,1
high15447.txt_q1,3,consensus,B,1
high15447.txt_q2,3,consensus,C,1
high15447.txt_q3,3,consensus,A,1
high15447.txt_q4,3,consensus,D,1
high15454.txt_q0,3,consensus,D,1
high15454.txt_q1,3,consensus,B,1
high15454.txt_q2,3,consensus,D,1
high15454.txt_q3,3,consensus,B,1
high15454.txt_q4,3,consensus,C,1
high15510.txt_q0,3,consensus,D,1
high15510.txt_q1,3,consensus,D,1
high15510.txt_q2,3,consensus,C,1
high15510.txt_q3,3,consensus,A,1
high15511.txt_q0,3,consensus,C,1
high15511.txt_q1,3,consensus,A,1
high15511.txt_q2,3,consensus,C,1
high15511.txt_q3,3,consensus,D,1
high15544.txt_q0,3,consensus,A,1
high15544.txt_q1,3,consensus,A,1
high15544.txt_q2,3,consensus,B,1
high15572.txt_q0,3,consensus,C,1
high15572.txt_q1,3,consensus,C,1
high15572.txt_q2,3,consensus,B,1
high15572.txt_q3,3,consensus,D,1
high15586.txt_q0,3,consensus,B,1
high15586.txt_q1,3,consensus,C,1
high15586.txt_q2,3,consensus,D,1
high15586.txt_q3,3,consensus,C,1
high15608.txt_q0,3,consensus,D,1
high15608.txt_q1,3,consensus,A,1
high15608.txt_q2,3,consensus,B,1
high15610.txt_q0,3,consensus,B,1
high15610.txt_q1,3,consensus,D,1
high15610.txt_q2,3,consensus,D,1
high15616.txt_q0,3,consensus,B,1
high15616.txt_q1,3,consensus,A,1
high15616.txt_q2,3,consensus,B,1
high15616.txt_q3,3,consensus,C,1
high15625.txt_q0,3,consensus,D,1
high15625.txt_q1,3,consensus,C,1
high15625.txt_q2,3,consensus,A,1
high15625.txt_q3,3,consensus,B,1
high15661.txt_q0,3,consensus,D,1
high15661.txt_q1,3,consensus,C,1
high15661.txt_q2,3,consensus,B,1
high15661.txt_q3,3,consensus,A,1
high15668.txt_q0,3,consensus,D,1
high15668.txt_q1,3,consensus,C,1
high15668.txt_q2,3,consensus,B,1
high15675.txt_q0,3,consensus,A,1
high15675.txt_q1,3,consensus,D,1
high15675.txt_q2,3,consensus,C,1
high1571.txt_q0,3,consensus,A,1
high1571.txt_q1,3,consensus,C,1
high1571.txt_q2,3,consensus,C,1
high15885.txt_q0,3,consensus,A,1
high15885.txt_q1,3,consensus,C,1
high15909.txt_q0,3,consensus,B,1
high15909.txt_q1,3,consensus,A,1
high15909.txt_q2,3,consensus,A,1
high15938.txt_q0,3,consensus,C,1
high15938.txt_q1,3,consensus,D,1
high15938.txt_q2,3,consensus,C,1
high15938.txt_q3,3,consensus,B,1
high15943.txt_q0,3,consensus,D,1
high15943.txt_q1,3,consensus,C,1
high15943.txt_q2,3,consensus,B,1
high16035.txt_q0,3,consensus,B,1
high16035.txt_q1,3,consensus,A,1
high16035.txt_q2,3,consensus,B,1
high16053.txt_q0,3,consensus,B,1
high16053.txt_q1,3,consensus,C,1
high16053.txt_q2,3,consensus,D,1
high16053.txt_q3,3,consensus,C,1
high16053.txt_q4,3,consensus,A,1
high16082.txt_q0,3,consensus,D,1
high16082.txt_q1,3,consensus,B,1
high16082.txt_q2,3,consensus,B,1
high16082.txt_q3,3,consensus,C,1
high16116.txt_q0,3,consensus,B,1
high16116.txt_q1,3,consensus,C,1
high16116.txt_q2,3,consensus,B,1
high16124.txt_q0,3,consensus,D,1
high16124.txt_q1,3,consensus,B,1
high16126.txt_q0,3,consensus,B,1
high16126.txt_q1,3,consensus,D,1
high16126.txt_q2,3,consensus,A,1
high16138.txt_q0,3,consensus,B,1
high16138.txt_q1,3,consensus,A,1
high16148.txt_q0,3,consensus,C,1
high16148.txt_q1,3,consensus,A,1
high16148.txt_q2,3,consensus,B,1
high16148.txt_q3,3,consensus,C,1
high16221.txt_q0,3,consensus,C,1
high16221.txt_q1,3,consensus,D,1
high16221.txt_q2,3,consensus,C,1
high16221.txt_q3,3,consensus,B,1
high16221.txt_q4,3,consensus,A,1
high16230.txt_q0,3,consensus,C,1
high16230.txt_q1,3,consensus,D,1
high16230.txt_q2,3,consensus,B,1
high16230.txt_q3,3,consensus,A,1
high16235.txt_q0,3,consensus,C,1
high16235.txt_q1,3,consensus,B,1
high16235.txt_q2,3,consensus,C,1
high16235.txt_q3,3,consensus,D,1
high16262.txt_q0,3,consensus,B,1
high16262.txt_q1,3,consensus,A,1
high16262.txt_q2,3,consensus,C,1
high16262.txt_q3,3,consensus,D,1
high16262.txt_q4,3,consensus,C,1
high16288.txt_q0,3,consensus,A,1
high16288.txt_q1,3,consensus,C,1
high16288.txt_q2,3,consensus,D,1
high16288.txt_q3,3,consensus,C,1
high16317.txt_q0,3,consensus,B,1
high16317.txt_q1,3,consensus,B,1
high16317.txt_q2,3,consensus,C,1
high16317.txt_q3,3,consensus,D,1
high16317.txt_q4,3,consensus,D,1
high16317.txt_q5,3,consensus,C,1
high16321.txt_q0,3,consensus,D,1
high16321.txt_q1,3,consensus,D,0
high16321.txt_q2,3,consensus,D,1
high16321.txt_q3,3,consensus,D,1
high16321.txt_q4,3,consensus,D,0
high16341.txt_q0,3,consensus,C,1
high16341.txt_q1,3,consensus,A,1
high1640.txt_q0,3,consensus,C,1
high1640.txt_q1,3,consensus,D,1
high1640.txt_q2,3,consensus,C,1
high1640.txt_q3,3,consensus,D,1
high16400.txt_q0,3,consensus,D,1
high16400.txt_q1,3,consensus,D,1
high1643.txt_q0,3,consensus,A,1
high1643.txt_q1,3,consensus,B,1
high1643.txt_q2,3,consensus,B,1
high1643.txt_q3,3,consensus,C,1
high16467.txt_q0,3,consensus,C,1
high16467.txt_q1,3,consensus,A,1
high16467.txt_q2,3,consensus,D,1
high16485.txt_q0,3,consensus,D,1
high16485.txt_q1,3,consensus,C,1
high16485.txt_q2,3,consensus,B,1
high1651.txt_q0,3,consensus,B,1
high1651.txt_q1,3,consensus,C,1
high16543.txt_q0,3,consensus,C,1
high16543.txt_q1,3,consensus,C,1
high16543.txt_q2,3,consensus,D,1
high16543.txt_q3,3,consensus,A,1
high16577.txt_q0,3,consensus,D,1
high16577.txt_q1,3,consensus,A,1
high16577.txt_q2,3,consensus,C,1
high16577.txt_q3,3,consensus,B,1
high16577.txt_q4,3,consensus,B,0
high16596.txt_q0,3,consensus,C,1
high16596.txt_q1,3,consensus,D,1
high16596.txt_q2,3,consensus,A,1
high16599.txt_q0,3,consensus,D,1
high16599.txt_q1,3,consensus,C,1
high16599.txt_q2,3,consensus,A,1
high16599.txt_q3,3,consensus,D,1
high16610.txt_q0,3,consensus,C,1
high16610.txt_q1,3,consensus,A,1
high16610.txt_q2,3,consensus,D,1
high16636.txt_q0,3,consensus,D,1
high16636.txt_q1,3,consensus,A,1
high16636.txt_q2,3,consensus,D,1
high16636.txt_q3,3,consensus,C,1
high16645.txt_q0,3,consensus,B,1
high16645.txt_q1,3,consensus,D,1
high16715.txt_q0,3,consensus,B,0
high16715.txt_q1,3,consensus,C,1
high16715.txt_q2,3,consensus,D,1
high16715.txt_q3,3,consensus,A,1
high16728.txt_q0,3,consensus,B,1
high16728.txt_q1,3,consensus,D,1
high16728.txt_q2,3,consensus,D,1
high16728.txt_q3,3,consensus,D,1
high16728.txt_q4,3,consensus,B,1
high16769.txt_q0,3,consensus,C,1
high16769.txt_q1,3,consensus,A,1
high16769.txt_q2,3,consensus,D,1
high16769.txt_q3,3,consensus,D,1
high16853.txt_q0,3,consensus,B,1
high16853.txt_q1,3,consensus,D,1
high16853.txt_q2,3,consensus,A,1
high16853.txt_q3,3,consensus,D,0
high16853.txt_q4,3,consensus,D,1
high16854.txt_q0,3,consensus,C,1
high16854.txt_q1,3,consensus,A,1
high16854.txt_q2,3,consensus,B,1
high16854.txt_q3,3,consensus,A,1
high16880.txt_q0,3,consensus,B,1
high16880.txt_q1,3,consensus,A,1
high16880.txt_q2,3,consensus,D,1
high16899.txt_q0,3,consensus,B,1
high16899.txt_q1,3,consensus,D,1
high16899.txt_q2,3,consensus,C,1
high169.txt_q0,3,consensus,A,1
high169.txt_q1,3,consensus,B,1
high169.txt_q2,3,consensus,C,1
high169.txt_q3,3,consensus,B,0
high16943.txt_q0,3,consensus,D,1
high16943.txt_q1,3,consensus,C,1
high16943.txt_q2,3,consensus,B,1
high16943.txt_q3,3,consensus,A,1
high16945.txt_q0,3,consensus,A,1
high16945.txt_q1,3,consensus,B,1
high16945.txt_q2,3,consensus,C,1
high16976.txt_q0,3,consensus,D,1
high16976.txt_q1,3,consensus,B,1
high16976.txt_q2,3,consensus,C,1
high16986.txt_q0,3,consensus,D,1
high16986.txt_q1,3,consensus,C,1
high16986.txt_q2,3,consensus,B,1
high17056.txt_q0,3,consensus,D,1
high17056.txt_q1,3,consensus,C,1
high17056.txt_q2,3,consensus,B,1
high17056.txt_q3,3,consensus,A,1
high17064.txt_q0,3,consensus,A,1
high17064.txt_q1,3,consensus,A,1
high17064.txt_q2,3,consensus,C,1
high17064.txt_q3,3,consensus,C,1
high17078.txt_q0,3,consensus,C,1
high17078.txt_q1,3,consensus,A,1
high17078.txt_q2,3,consensus,A,0
high17102.txt_q0,3,consensus,D,1
high17102.txt_q1,3,consensus,A,1
high17102.txt_q2,3,consensus,A,1
high17102.txt_q3,3,consensus,D,1
high17137.txt_q0,3,consensus,C,1
high17137.txt_q1,3,consensus,D,1
high17137.txt_q2,3,consensus,A,1
high17137.txt_q3,3,consensus,B,1
high1717.txt_q0,3,consensus,B,1
high1717.txt_q1,3,consensus,C,1
high1717.txt_q2,3,consensus,B,1
high1717.txt_q3,3,no_consensus,,0
high17182.txt_q0,3,consensus,D,1
high17182.txt_q1,3,consensus,A,1
high17182.txt_q2,3,consensus,C,1
high17182.txt_q3,3,consensus,B,1
high17182.txt_q4,3,consensus,A,1
high17193.txt_q0,3,consensus,C,1
high17193.txt_q1,3,consensus,B,1
high17193.txt_q2,3,consensus,B,0
high17211.txt_q0,3,consensus,B,1
high17211.txt_q1,3,consensus,D,1
high17211.txt_q2,3,consensus,D,1
high17211.txt_q3,3,consensus,C,1
high17238.txt_q0,3,consensus,B,1
high17238.txt_q1,3,consensus,C,1
high17238.txt_q2,3,consensus,B,1
high17238.txt_q3,3,consensus,D,1
high17238.txt_q4,3,consensus,D,1
high17265.txt_q0,3,consensus,C,1
high17265.txt_q1,3,consensus,A,1
high17265.txt_q2,3,consensus,D,1
high17265.txt_q3,3,consensus,A,1
high17269.txt_q0,3,consensus,B,1
high17269.txt_q1,3,consensus,C,1
high17269.txt_q2,3,consensus,A,1
high17269.txt_q3,3,consensus,B,1
high1727.txt_q0,3,consensus,B,1
high1727.txt_q1,3,consensus,B,1
high1727.txt_q2,3,consensus,A,1
high1729.txt_q0,3,consensus,A,1
high1729.txt_q1,3,consensus,B,1
high1729.txt_q2,3,consensus,D,1
high17296.txt_q0,3,consensus,A,1
high17296.txt_q1,3,consensus,D,1
high17296.txt_q2,3,consensus,B,1
high17296.txt_q3,3,consensus,D,1
high17311.txt_q0,3,consensus,C,1
high17311.txt_q1,3,consensus,B,1
high17311.txt_q2,3,consensus,D,1
high17317.txt_q0,3,consensus,D,1
high17317.txt_q1,3,consensus,D,1
high17317.txt_q2,3,consensus,B,1
high17317.txt_q3,3,consensus,B,1
high1735.txt_q0,3,consensus,D,1
high1735.txt_q1,3,consensus,B,1
high1735.txt_q2,3,consensus,C,1
high1735.txt_q3,3,consensus,D,1
high17377.txt_q0,3,consensus,C,1
high17377.txt_q1,3,consensus,A,1
high17377.txt_q2,3,consensus,D,1
high17377.txt_q3,3,consensus,C,1
high17417.txt_q0,3,consensus,B,1
high17417.txt_q1,3,consensus,A,1
high17417.txt_q2,3,consensus,A,1
high17431.txt_q0,3,consensus,D,1
high17431.txt_q1,3,consensus,D,1
high17431.txt_q2,3,consensus,B,1
high17442.txt_q0,3,consensus,C,1
high17442.txt_q1,3,consensus,B,1
high17442.txt_q2,3,consensus,A,1
high17442.txt_q3,3,consensus,B,1
high17467.txt_q0,3,consensus,D,1
high17467.txt_q1,3,consensus,D,1
high17467.txt_q2,3,consensus,D,1
high17504.txt_q0,3,consensus,D,1
high17504.txt_q1,3,consensus,D,1
high17504.txt_q2,3,consensus,D,1
high17547.txt_q0,3,consensus,A,1
high17547.txt_q1,3,consensus,A,1
high17547.txt_q2,3,consensus,A,0
high17568.txt_q0,3,consensus,D,1
high17568.txt_q1,3,consensus,C,1
high17568.txt_q2,3,consensus,C,1
high17588.txt_q0,3,consensus,C,1
high17588.txt_q1,3,consensus,D,1
high17588.txt_q2,3,consensus,B,1
high17619.txt_q0,3,consensus,A,1
high17619.txt_q1,3,consensus,B,1
high17619.txt_q2,3,consensus,C,1
high17627.txt_q0,3,consensus,D,1
high17627.txt_q1,3,consensus,B,1
high17627.txt_q2,3,consensus,C,1
high17627.txt_q3,3,consensus,A,1
high17664.txt_q0,3,consensus,B,1
high17664.txt_q1,3,consensus,A,1
high17664.txt_q2,3,no_consensus,,0
high17664.txt_q3,3,consensus,C,1
high17687.txt_q0,3,consensus,B,1
high17687.txt_q1,3,consensus,D,1
high17687.txt_q2,3,consensus,D,1
high17704.txt_q0,3,consensus,C,1
high17704.txt_q1,3,consensus,C,1
high17704.txt_q2,3,consensus,D,1
high17704.txt_q3,3,consensus,B,1
high17704.txt_q4,3,consensus,A,1
high17712.txt_q0,3,consensus,C,1
high17755.txt_q0,3,consensus,A,1
high17755.txt_q1,3,consensus,A,1
high17755.txt_q2,3,consensus,C,1
high17755.txt_q3,3,consensus,D,1
high17764.txt_q0,3,consensus,D,1
high17764.txt_q1,3,consensus,A,1
high17764.txt_q2,3,consensus,B,1
high17771.txt_q0,3,consensus,C,1
high17771.txt_q1,3,consensus,A,1
high17778.txt_q0,3,consensus,B,1
high17778.txt_q1,3,consensus,D,1
high17778.txt_q2,3,consensus,B,1
high17778.txt_q3,3,consensus,A,1
high17805.txt_q0,3,consensus,D,1
high17805.txt_q1,3,consensus,B,1
high17810.txt_q0,3,consensus,B,1
high17810.txt_q1,3,consensus,A,1
high17810.txt_q2,3,consensus,B,1
high17810.txt_q3,3,consensus,A,1
high17840.txt_q0,3,consensus,B,1
high17840.txt_q1,3,consensus,C,1
high17854.txt_q0,3,consensus,D,1
high17854.txt_q1,3,consensus,C,1
high17854.txt_q2,3,consensus,B,1
high17854.txt_q3,3,consensus,A,1
high17860.txt_q0,3,consensus,A,1
high17860.txt_q1,3,consensus,A,1
high17860.txt_q2,3,consensus,D,1
high17860.txt_q3,3,consensus,A,0
high17862.txt_q0,3,consensus,B,1
high17862.txt_q1,3,consensus,A,1
high17862.txt_q2,3,consensus,D,1
high17862.txt_q3,3,consensus,C,1
high17929.txt_q0,3,consensus,D,1
high17929.txt_q1,3,consensus,C,1
high17933.txt_q0,3,consensus,D,1
high17933.txt_q1,3,consensus,A,1
high17933.txt_q2,3,consensus,A,1
high17933.txt_q3,3,consensus,B,1
high17948.txt_q0,3,consensus,B,1
high17948.txt_q1,3,consensus,A,1
high17995.txt_q0,3,consensus,A,1
high17995.txt_q1,3,consensus,B,1
high17995.txt_q2,3,consensus,C,1
high17995.txt_q3,3,consensus,A,0
high18012.txt_q0,3,consensus,A,1
high18012.txt_q1,3,consensus,D,1
high18012.txt_q2,3,consensus,C,1
high18013.txt_q0,3,consensus,B,1
high18013.txt_q1,3,consensus,C,1
high18013.txt_q2,3,consensus,D,1
high18013.txt_q3,3,consensus,A,1
high18046.txt_q0,3,consensus,D,1
high18046.txt_q1,3,consensus,C,1
high18046.txt_q2,3,consensus,D,0
high18046.txt_q3,3,consensus,A,0
high18056.txt_q0,3,consensus,B,1
high18056.txt_q1,3,consensus,B,1
high18056.txt_q2,3,consensus,C,1
high18056.txt_q3,3,consensus,A,1
high18060.txt_q0,3,consensus,C,1
high18060.txt_q1,3,consensus,A,1
high18060.txt_q2,3,consensus,D,1
high18060.txt_q3,3,consensus,B,1
high18060.txt_q4,3,consensus,A,1
high18107.txt_q0,3,consensus,B,1
high18107.txt_q1,3,consensus,A,1
high18107.txt_q2,3,consensus,C,1
high18156.txt_q0,3,consensus,B,1
high18156.txt_q1,3,consensus,D,1
high18156.txt_q2,3,consensus,A,1
high18156.txt_q3,3,consensus,C,1
high18156.txt_q4,3,consensus,D,1
high18178.txt_q0,3,consensus,A,1
high18178.txt_q1,3,consensus,D,1
high18178.txt_q2,3,consensus,A,1
high18178.txt_q3,3,consensus,B,1
high18178.txt_q4,3,consensus,C,1
high18210.txt_q0,3,consensus,C,1
high18210.txt_q1,3,consensus,C,1
high18210.txt_q2,3,no_consensus,,0
high18262.txt_q0,3,consensus,D,1
high18262.txt_q1,3,consensus,D,1
high18262.txt_q2,3,consensus,A,1
high18262.txt_q3,3,consensus,B,1
high18288.txt_q0,3,consensus,C,1
high18288.txt_q1,3,consensus,A,1
high18288.txt_q2,3,consensus,C,1
high18298.txt_q0,3,consensus,C,1
high18298.txt_q1,3,consensus,D,1
high18298.txt_q2,3,consensus,B,1
high18298.txt_q3,3,consensus,A,1
high1833.txt_q0,3,consensus,A,1
high1833.txt_q1,3,consensus,B,1
high1833.txt_q2,3,consensus,A,1
high1833.txt_q3,3,consensus,D,1
high18335.txt_q0,3,consensus,B,1
high18335.txt_q1,3,consensus,A,1
high18335.txt_q2,3,consensus,C,0
high18335.txt_q3,3,consensus,C,1
high1834.txt_q0,3,consensus,B,1
high1834.txt_q1,3,consensus,C,1
high1834.txt_q2,3,consensus,D,1
high18361.txt_q0,3,consensus,C,1
high18361.txt_q1,3,consensus,B,0
high18361.txt_q2,3,consensus,B,1
high18361.txt_q3,3,consensus,D,1
high18392.txt_q0,3,consensus,A,0
high18392.txt_q1,3,consensus,B,1
high18392.txt_q2,3,consensus,C,1
high18414.txt_q0,3,consensus,B,1
high18414.txt_q1,3,consensus,A,1
high18414.txt_q2,3,consensus,D,1
high18419.txt_q0,3,consensus,A,1
high18419.txt_q1,3,consensus,B,1
high18419.txt_q2,3,consensus,C,1
high18433.txt_q0,3,consensus,C,1
high18465.txt_q0,3,consensus,D,1
high18465.txt_q1,3,consensus,C,1
high18465.txt_q2,3,consensus,D,1
high18465.txt_q3,3,consensus,A,1
high18503.txt_q0,3,consensus,C,1
high18503.txt_q1,3,consensus,A,1
high18503.txt_q2,3,consensus,B,1
high18542.txt_q0,3,consensus,B,1
high18542.txt_q1,3,consensus,C,1
high18542.txt_q2,3,consensus,C,1
high18542.txt_q3,3,consensus,C,0
high18555.txt_q0,3,consensus,B,1
high18555.txt_q1,3,consensus,C,1
high18555.txt_q2,3,consensus,C,0
high18555.txt_q3,3,consensus,A,1
high18555.txt_q4,3,consensus,C,1
high18574.txt_q0,3,consensus,B,1
high18574.txt_q1,3,consensus,A,1
high18574.txt_q2,3,consensus,D,1
high18574.txt_q3,3,consensus,C,1
high18615.txt_q0,3,consensus,C,1
high18615.txt_q1,3,consensus,D,1
high18615.txt_q2,3,consensus,C,1
high18617.txt_q0,3,consensus,D,1
high18617.txt_q1,3,consensus,B,1
high18617.txt_q2,3,consensus,C,1
high18639.txt_q0,3,consensus,A,1
high18639.txt_q1,3,consensus,C,1
high18639.txt_q2,3,consensus,B,1
high18639.txt_q3,3,consensus,C,0
high18644.txt_q0,3,consensus,C,1
high18644.txt_q1,3,consensus,A,1
high18644.txt_q2,3,consensus,B,1
high18654.txt_q0,3,consensus,A,1
high18654.txt_q1,3,consensus,B,1
high18654.txt_q2,3,consensus,B,1
high18660.txt_q0,3,consensus,B,1
high18660.txt_q1,3,consensus,D,1
high18660.txt_q2,3,consensus,C,1
high18665.txt_q0,3,consensus,D,1
high18665.txt_q1,3,consensus,B,1
high18665.txt_q2,3,consensus,B,1
high18674.txt_q0,3,consensus,D,1
high18674.txt_q1,3,consensus,C,1
high18674.txt_q2,3,consensus,D,1
high18699.txt_q0,3,consensus,D,1
high18699.txt_q1,3,consensus,D,1
high18699.txt_q2,3,consensus,A,1
high18699.txt_q3,3,consensus,C,1
high18711.txt_q0,3,consensus,A,1
high18711.txt_q1,3,consensus,A,0
high18718.txt_q0,3,consensus,D,1
high18718.txt_q1,3,consensus,D,1
high18718.txt_q2,3,consensus,B,1
high18736.txt_q0,3,consensus,A,1
high18736.txt_q1,3,consensus,B,1
high18736.txt_q2,3,consensus,D,0
high18745.txt_q0,3,consensus,A,1
high18745.txt_q1,3,consensus,C,1
high18745.txt_q2,3,consensus,B,1
high18756.txt_q0,3,consensus,D,1
high18756.txt_q1,3,consensus,C,1
high18756.txt_q2,3,consensus,C,1
high18758.txt_q0,3,consensus,B,1
high18758.txt_q1,3,consensus,D,1
high18758.txt_q2,3,consensus,A,1
high18758.txt_q3,3,consensus,B,1
high18763.txt_q0,3,consensus,A,1
high18763.txt_q1,3,consensus,A,1
high18763.txt_q2,3,consensus,C,1
high18782.txt_q0,3,consensus,B,1
high18782.txt_q1,3,consensus,A,1
high18782.txt_q2,3,consensus,C,1
high18782.txt_q3,3,consensus,C,1
high18798.txt_q0,3,consensus,D,1
high18798.txt_q1,3,consensus,D,1
high18798.txt_q2,3,consensus,A,1
high18810.txt_q0,3,consensus,A,1
high18813.txt_q0,3,consensus,B,1
high18813.txt_q1,3,consensus,A,1
high18813.txt_q2,3,consensus,C,1
high18823.txt_q0,3,consensus,C,1
high18823.txt_q1,3,consensus,A,1
high18823.txt_q2,3,consensus,B,1
high18823.txt_q3,3,consensus,D,1
high18845.txt_q0,3,consensus,B,1
high18845.txt_q1,3,consensus,B,1
high18845.txt_q2,3,consensus,A,1
high18845.txt_q3,3,consensus,C,1
high18847.txt_q0,3,consensus,C,1
high18847.txt_q1,3,consensus,C,1
high18847.txt_q2,3,consensus,A,1
high1885.txt_q0,3,consensus,A,1
high1885.txt_q1,3,consensus,C,1
high1885.txt_q2,3,consensus,C,1
high18865.txt_q0,3,consensus,A,1
high18865.txt_q1,3,consensus,D,1
high18867.txt_q0,3,consensus,B,1
high18867.txt_q1,3,consensus,B,1
high18867.txt_q2,3,consensus,B,1
high18890.txt_q0,3,consensus,D,1
high18890.txt_q1,3,consensus,A,1
high18890.txt_q2,3,consensus,B,1
high18892.txt_q0,3,consensus,D,1
high18892.txt_q1,3,consensus,A,1
high18892.txt_q2,3,consensus,A,1
high18894.txt_q0,3,consensus,D,1
high18894.txt_q1,3,consensus,C,1
high18894.txt_q2,3,consensus,B,1
high18939.txt_q0,3,consensus,A,1
high18939.txt_q1,3,consensus,A,1
high18953.txt_q0,3,consensus,D,1
high18953.txt_q1,3,consensus,C,1
high18971.txt_q0,3,consensus,C,1
high18971.txt_q1,3,consensus,C,1
high18971.txt_q2,3,consensus,B,1
high18971.txt_q3,3,consensus,A,1
high18972.txt_q0,3,consensus,A,0
high18972.txt_q1,3,consensus,D,1
high18973.txt_q0,3,consensus,B,1
high18973.txt_q1,3,consensus,C,1
high18973.txt_q2,3,consensus,C,1
high1898.txt_q0,3,consensus,A,0
high1898.txt_q1,3,consensus,A,1
high1898.txt_q2,3,consensus,D,1
high1898.txt_q3,3,consensus,D,1
high18999.txt_q0,3,consensus,C,1
high18999.txt_q1,3,consensus,B,1
high18999.txt_q2,3,consensus,D,1
high18999.txt_q3,3,consensus,B,1
high19003.txt_q0,3,consensus,B,1
high19003.txt_q1,3,consensus,C,1
high19003.txt_q2,3,consensus,D,1
high19003.txt_q3,3,consensus,D,1
high19010.txt_q0,3,consensus,C,1
high19010.txt_q1,3,consensus,C,1
high19010.txt_q2,3,consensus,C,1
high19018.txt_q0,3,consensus,B,1
high19018.txt_q1,3,consensus,C,1
high19018.txt_q2,3,consensus,A,1
high19018.txt_q3,3,consensus,D,1
high19032.txt_q0,3,consensus,B,0
high19032.txt_q1,3,consensus,C,1
high19032.txt_q2,3,consensus,D,1
high19091.txt_q0,3,consensus,C,1
high19091.txt_q1,3,consensus,A,1
high19091.txt_q2,3,consensus,C,1
high19096.txt_q0,3,consensus,D,1
high19103.txt_q0,3,consensus,C,1
high19103.txt_q1,3,consensus,D,1
high19103.txt_q2,3,consensus,D,1
high19103.txt_q3,3,consensus,B,1
high19160.txt_q0,3,consensus,B,1
high19160.txt_q1,3,consensus,A,1
high19160.txt_q2,3,consensus,C,1
high19183.txt_q0,3,consensus,A,1
high19183.txt_q1,3,consensus,C,1
high19183.txt_q2,3,consensus,B,1
high19183.txt_q3,3,consensus,C,1
high19195.txt_q0,3,consensus,D,1
high19195.txt_q1,3,consensus,C,1
high19195.txt_q2,3,consensus,B,1
high19201.txt_q0,3,consensus,B,1
high19201.txt_q1,3,consensus,B,1
high19201.txt_q2,3,consensus,C,1
high19201.txt_q3,3,consensus,A,1
high19201.txt_q4,3,consensus,C,1
high19218.txt_q0,3,consensus,C,1
high19218.txt_q1,3,consensus,D,1
high19218.txt_q2,3,consensus,C,1
high19218.txt_q3,3,consensus,B,1
high19235.txt_q0,3,consensus,D,1
high19235.txt_q1,3,consensus,C,1
high19235.txt_q2,3,consensus,A,1
high19235.txt_q3,3,consensus,D,1
high19243.txt_q0,3,consensus,D,1
high19243.txt_q1,3,consensus,D,1
high19243.txt_q2,3,consensus,B,1
high19244.txt_q0,3,consensus,D,1
high19244.txt_q1,3,consensus,C,1
high19244.txt_q2,3,consensus,A,1
high19279.txt_q0,3,consensus,B,1
high19279.txt_q1,3,consensus,A,1
high19279.txt_q2,3,consensus,C,1
high19286.txt_q0,3,consensus,D,1
high19286.txt_q1,3,consensus,D,1
high19286.txt_q2,3,consensus,C,1
high19295.txt_q0,3,consensus,C,1
high19295.txt_q1,3,consensus,B,1
high19295.txt_q2,3,consensus,D,1
high19295.txt_q3,3,consensus,B,1
high19295.txt_q4,3,consensus,A,1
high19331.txt_q0,3,consensus,C,1
high19331.txt_q1,3,consensus,D,1
high19331.txt_q2,3,consensus,D,1
high19332.txt_q0,3,consensus,A,1
high19332.txt_q1,3,consensus,D,1
high19332.txt_q2,3,consensus,D,1
high19332.txt_q3,3,consensus,C,1
high19344.txt_q0,3,consensus,A,0
high19344.txt_q1,3,consensus,B,1
high19344.txt_q2,3,consensus,C,1
high19349.txt_q0,3,consensus,A,1
high19349.txt_q1,3,consensus,B,1
high19349.txt_q2,3,consensus,C,1
high19349.txt_q3,3,consensus,B,1
high19376.txt_q0,3,consensus,B,1
high19403.txt_q0,3,consensus,C,1
high19403.txt_q1,3,consensus,D,1
high19424.txt_q0,3,consensus,C,1
high19440.txt_q0,3,consensus,C,1
high19440.txt_q1,3,consensus,A,1
high19457.txt_q0,3,consensus,D,1
high19457.txt_q1,3,consensus,C,1
high19457.txt_q2,3,consensus,B,1
high19457.txt_q3,3,consensus,A,1
high1951.txt_q0,3,consensus,B,1
high1951.txt_q1,3,consensus,B,1
high1951.txt_q2,3,consensus,C,1
high19511.txt_q0,3,consensus,C,1
high19511.txt_q1,3,consensus,A,1
high19511.txt_q2,3,consensus,B,1
high19544.txt_q0,3,consensus,C,1
high19544.txt_q1,3,consensus,A,1
high19544.txt_q2,3,consensus,C,1
high19572.txt_q0,3,consensus,B,1
high19572.txt_q1,3,consensus,C,1
high19572.txt_q2,3,consensus,A,1
high19572.txt_q3,3,consensus,D,1
high19613.txt_q0,3,consensus,B,1
high19613.txt_q1,3,consensus,C,1
high19613.txt_q2,3,consensus,D,1
high19613.txt_q3,3,consensus,B,1
high19651.txt_q0,3,consensus,B,1
high19651.txt_q1,3,no_consensus,,0
high19651.txt_q2,3,consensus,A,1
high19692.txt_q0,3,consensus,A,1
high19692.txt_q1,3,consensus,B,1
high19692.txt_q2,3,consensus,A,1
high19751.txt_q0,3,consensus,B,1
high19751.txt_q1,3,consensus,C,1
high19751.txt_q2,3,consensus,B,1
high19763.txt_q0,3,consensus,B,1
high19763.txt_q1,3,consensus,C,1
high19763.txt_q2,3,consensus,D,1
high19778.txt_q0,3,consensus,B,1
high19778.txt_q1,3,consensus,C,1
high19789.txt_q0,3,consensus,C,1
high19789.txt_q1,3,consensus,A,1
high19789.txt_q2,3,consensus,D,1
high19789.txt_q3,3,consensus,B,1
high19814.txt_q0,3,consensus,D,1
high19814.txt_q1,3,consensus,C,1
high19814.txt_q2,3,consensus,B,1
high19814.txt_q3,3,consensus,A,1
high19814.txt_q4,3,consensus,D,1
high19831.txt_q0,3,consensus,B,1
high19831.txt_q1,3,consensus,D,1
high19831.txt_q2,3,consensus,C,1
high19831.txt_q3,3,consensus,A,1
high19840.txt_q0,3,consensus,B,0
high19840.txt_q1,3,consensus,D,1
high19840.txt_q2,3,consensus,B,1
high19855.txt_q0,3,consensus,B,1
high19855.txt_q1,3,consensus,C,1
high19855.txt_q2,3,consensus,B,1
high19855.txt_q3,3,consensus,A,1
high19902.txt_q0,3,consensus,D,1
high19902.txt_q1,3,consensus,D,1
high19902.txt_q2,3,consensus,A,1
high19902.txt_q3,3,consensus,B,1
high19906.txt_q0,3,consensus,A,1
high19906.txt_q1,3,consensus,A,1
high19906.txt_q2,3,consensus,D,1
high19911.txt_q0,3,consensus,C,1
high19911.txt_q1,3,consensus,D,1
high19911.txt_q2,3,consensus,B,1
high19926.txt_q0,3,consensus,B,0
high19980.txt_q0,3,consensus,B,1
high19980.txt_q1,3,consensus,A,1
high19980.txt_q2,3,consensus,C,1
high19980.txt_q3,3,consensus,A,1
high19991.txt_q0,3,consensus,D,1
high19991.txt_q1,3,consensus,C,1
high19991.txt_q2,3,consensus,B,1
high19991.txt_q3,3,consensus,D,1
high19991.txt_q4,3,consensus,A,1
high19992.txt_q0,3,consensus,D,1
high19992.txt_q1,3,consensus,D,1
high19992.txt_q2,3,consensus,A,1
high19992.txt_q3,3,consensus,B,1
high2000.txt_q0,3,consensus,B,1
high2000.txt_q1,3,consensus,A,1
high2000.txt_q2,3,consensus,C,1
high20006.txt_q0,3,consensus,B,1
high20006.txt_q1,3,consensus,D,1
high20006.txt_q2,3,consensus,A,1
high20006.txt_q3,3,consensus,A,1
high20008.txt_q0,3,consensus,B,1
high20008.txt_q1,3,consensus,A,1
high20008.txt_q2,3,consensus,C,1
high20008.txt_q3,3,consensus,D,1
high20008.txt_q4,3,consensus,C,1
high20135.txt_q0,3,consensus,B,0
high20135.txt_q1,3,consensus,B,1
high20182.txt_q0,3,consensus,D,1
high20182.txt_q1,3,consensus,A,1
high20182.txt_q2,3,consensus,B,1
high202.txt_q0,3,consensus,C,1
high202.txt_q1,3,consensus,B,1
high202.txt_q2,3,consensus,C,1
high202.txt_q3,3,consensus,D,1
high20202.txt_q0,3,consensus,C,0
high20202.txt_q1,3,consensus,C,1
high20202.txt_q2,3,consensus,D,1
high20209.txt_q0,3,consensus,B,1
high20209.txt_q1,3,consensus,A,1
high20209.txt_q2,3,consensus,D,1
high20209.txt_q3,3,consensus,A,1
high20219.txt_q0,3,consensus,A,1
high20219.txt_q1,3,consensus,A,0
high20219.txt_q2,3,consensus,D,1
high20219.txt_q3,3,consensus,A,1
high20234.txt_q0,3,consensus,A,1
high20234.txt_q1,3,consensus,B,1
high20288.txt_q0,3,consensus,D,1
high20288.txt_q1,3,consensus,B,1
high20301.txt_q0,3,consensus,B,1
high20301.txt_q1,3,consensus,D,1
high20301.txt_q2,3,consensus,A,1
high20301.txt_q3,3,consensus,D,1
high20302.txt_q0,3,consensus,B,1
high20302.txt_q1,3,consensus,D,1
high20302.txt_q2,3,consensus,A,1
high20302.txt_q3,3,consensus,C,1
high20319.txt_q0,3,consensus,A,1
high20319.txt_q1,3,consensus,D,1
high20319.txt_q2,3,consensus,B,1
high20319.txt_q3,3,consensus,A,1
high20319.txt_q4,3,consensus,B,1
high2034.txt_q0,3,consensus,D,0
high2034.txt_q1,3,consensus,A,0
high2034.txt_q2,3,consensus,B,0
high2034.txt_q3,3,consensus,B,0
high20369.txt_q0,3,consensus,B,1
high20369.txt_q1,3,consensus,A,1
high20369.txt_q2,3,consensus,D,1
high20369.txt_q3,3,consensus,C,1
high20369.txt_q4,3,consensus,A,1
high20373.txt_q0,3,consensus,A,1
high20373.txt_q1,3,consensus,A,1
high20373.txt_q2,3,consensus,B,1
high20375.txt_q0,3,consensus,B,1
high20375.txt_q1,3,consensus,C,1
high20375.txt_q2,3,consensus,B,1
high20375.txt_q3,3,consensus,D,1
high20449.txt_q0,3,consensus,D,1
high20449.txt_q1,3,consensus,B,1
high20449.txt_q2,3,consensus,C,1
high20449.txt_q3,3,consensus,A,1
high20469.txt_q0,3,consensus,D,1
high20469.txt_q1,3,consensus,A,0
high20469.txt_q2,3,consensus,D,1
high20469.txt_q3,3,consensus,A,1
high20488.txt_q0,3,consensus,B,1
high20488.txt_q1,3,consensus,D,1
high20488.txt_q2,3,consensus,A,1
high20504.txt_q0,3,consensus,B,1
high20504.txt_q1,3,consensus,D,1
high20504.txt_q2,3,consensus,C,1
high20504.txt_q3,3,consensus,C,1
high20516.txt_q0,3,consensus,C,1
high20516.txt_q1,3,consensus,D,1
high20516.txt_q2,3,consensus,B,1
high20537.txt_q0,3,consensus,C,0
high20537.txt_q1,3,consensus,B,1
high20537.txt_q2,3,consensus,C,1
high2054.txt_q0,3,consensus,C,1
high2054.txt_q1,3,consensus,B,1
high2054.txt_q2,3,consensus,A,1
high2054.txt_q3,3,consensus,A,1
high2054.txt_q4,3,consensus,A,1
high20555.txt_q0,3,consensus,B,1
high20555.txt_q1,3,consensus,D,1
high20555.txt_q2,3,consensus,A,1
high20555.txt_q3,3,consensus,D,1
high20564.txt_q0,3,consensus,D,1
high20564.txt_q1,3,consensus,B,1
high20564.txt_q2,3,consensus,C,1
high2057.txt_q0,3,consensus,A,1
high2057.txt_q1,3,consensus,D,1
high2057.txt_q2,3,consensus,C,1
high2057.txt_q3,3,consensus,B,1
high2057.txt_q4,3,consensus,C,1
high20574.txt_q0,3,consensus,B,0
high20574.txt_q1,3,consensus,A,0
high20574.txt_q2,3,consensus,D,0
high20574.txt_q3,3,consensus,C,0
high20574.txt_q4,3,consensus,A,0
high20583.txt_q0,3,consensus,D,1
high20583.txt_q1,3,consensus,C,1
high20583.txt_q2,3,consensus,D,0
high20583.txt_q3,3,consensus,D,1
high20604.txt_q0,3,consensus,B,1
high20604.txt_q1,3,consensus,C,1
high20604.txt_q2,3,consensus,D,1
high20604.txt_q3,3,consensus,C,1
high20607.txt_q0,3,consensus,D,1
high20607.txt_q1,3,consensus,B,1
high20607.txt_q2,3,consensus,A,1
high20607.txt_q3,3,consensus,C,1
high2064.txt_q0,3,consensus,A,1
high2064.txt_q1,3,consensus,C,1
high2064.txt_q2,3,consensus,B,1
high2064.txt_q3,3,consensus,D,1
high20651.txt_q0,3,consensus,D,1
high20651.txt_q1,3,consensus,A,1
high20651.txt_q2,3,consensus,C,1
high20651.txt_q3,3,consensus,B,1
high2067.txt_q0,3,consensus,A,1
high2067.txt_q1,3,consensus,C,1
high2067.txt_q2,3,consensus,D,1
high20675.txt_q0,3,consensus,A,1
high20675.txt_q1,3,consensus,B,1
high20675.txt_q2,3,consensus,D,1
high20675.txt_q3,3,consensus,C,1
high20675.txt_q4,3,consensus,D,1
high20686.txt_q0,3,consensus,D,0
high20686.txt_q1,3,consensus,D,1
high20686.txt_q2,3,consensus,A,1
high20686.txt_q3,3,consensus,C,1
high20686.txt_q4,3,consensus,A,1
high20709.txt_q0,3,consensus,B,1
high20709.txt_q1,3,consensus,A,1
high20820.txt_q0,3,consensus,A,1
high20820.txt_q1,3,consensus,B,1
high20888.txt_q0,3,consensus,C,1
high20888.txt_q1,3,consensus,B,1
high20888.txt_q2,3,consensus,D,1
high2094.txt_q0,3,consensus,A,1
high2094.txt_q1,3,consensus,D,1
high2094.txt_q2,3,consensus,C,1
high20943.txt_q0,3,consensus,A,1
high20943.txt_q1,3,consensus,B,1
high20963.txt_q0,3,consensus,C,1
high20963.txt_q1,3,consensus,B,1
high20963.txt_q2,3,consensus,C,1
high20980.txt_q0,3,consensus,D,1
high20980.txt_q1,3,consensus,C,1
high20980.txt_q2,3,consensus,A,1
high21029.txt_q0,3,consensus,B,1
high21029.txt_q1,3,consensus,D,1
high21029.txt_q2,3,consensus,C,1
high21029.txt_q3,3,consensus,A,1
high21041.txt_q0,3,consensus,C,0
high21041.txt_q1,3,consensus,D,1
high21041.txt_q2,3,consensus,B,1
high21041.txt_q3,3,consensus,C,1
high21117.txt_q0,3,consensus,D,1
high21117.txt_q1,3,consensus,B,1
high21117.txt_q2,3,consensus,C,1
high21119.txt_q0,3,consensus,B,0
high21119.txt_q1,3,consensus,B,1
high21119.txt_q2,3,consensus,D,1
high21119.txt_q3,3,consensus,D,1
high21142.txt_q0,3,consensus,C,1
high21142.txt_q1,3,consensus,D,1
high21148.txt_q0,3,consensus,C,1
high21148.txt_q1,3,consensus,D,1
high21148.txt_q2,3,consensus,A,1
high21148.txt_q3,3,consensus,A,1
high21158.txt_q0,3,consensus,C,0
high21158.txt_q1,3,consensus,B,1
high21158.txt_q2,3,consensus,B,0
high21158.txt_q3,3,consensus,B,0
high21158.txt_q4,3,consensus,C,1
high21158.txt_q5,3,consensus,D,1
high21171.txt_q0,3,consensus,B,1
high21171.txt_q1,3,consensus,C,1
high21171.txt_q2,3,consensus,A,1
high21171.txt_q3,3,consensus,B,1
high21171.txt_q4,3,consensus,B,1
high21229.txt_q0,3,consensus,B,1
high21229.txt_q1,3,consensus,B,1
high21229.txt_q2,3,consensus,A,1
high21240.txt_q0,3,consensus,D,1
high21240.txt_q1,3,consensus,B,1
high21240.txt_q2,3,consensus,C,1
high21240.txt_q3,3,consensus,C,1
high21264.txt_q0,3,consensus,B,1
high21264.txt_q1,3,consensus,D,1
high21264.txt_q2,3,consensus,C,1
high21359.txt_q0,3,consensus,C,1
high21359.txt_q1,3,consensus,C,1
high21359.txt_q2,3,consensus,D,1
high21364.txt_q0,3,consensus,D,1
high21364.txt_q1,3,consensus,D,1
high21364.txt_q2,3,consensus,B,1
high21438.txt_q0,3,consensus,A,1
high21438.txt_q1,3,consensus,A,1
high21438.txt_q2,3,consensus,B,1
high21455.txt_q0,3,consensus,B,1
high21455.txt_q1,3,consensus,D,1
high21455.txt_q2,3,consensus,D,1
high21456.txt_q0,3,consensus,B,1
high21456.txt_q1,3,no_consensus,,0
high21456.txt_q2,3,consensus,C,1
high21456.txt_q3,3,consensus,D,1
high21484.txt_q0,3,consensus,D,1
high21484.txt_q1,3,consensus,B,1
high21484.txt_q2,3,consensus,B,1
high21484.txt_q3,3,consensus,D,1
high21509.txt_q0,3,consensus,B,1
high21509.txt_q1,3,consensus,A,1
high21509.txt_q2,3,consensus,C,1
high21509.txt_q3,3,consensus,B,1
high21533.txt_q0,3,consensus,B,1
high21533.txt_q1,3,consensus,B,1
high21533.txt_q2,3,consensus,D,1
high21540.txt_q0,3,consensus,C,1
high21540.txt_q1,3,consensus,D,1
high21540.txt_q2,3,consensus,A,1
high21540.txt_q3,3,consensus,C,1
high21603.txt_q0,3,consensus,B,1
high21603.txt_q1,3,consensus,D,1
high21603.txt_q2,3,consensus,D,1
high21603.txt_q3,3,consensus,A,1
high21603.txt_q4,3,consensus,C,1
high21620.txt_q0,3,consensus,B,1
high21620.txt_q1,3,consensus,B,1
high21620.txt_q2,3,consensus,D,1
high21620.txt_q3,3,consensus,A,1
high21681.txt_q0,3,consensus,D,1
high21681.txt_q1,3,consensus,C,1
high21681.txt_q2,3,consensus,A,1
high21699.txt_q0,3,consensus,B,1
high21699.txt_q1,3,consensus,D,1
high21699.txt_q2,3,consensus,D,1
high21699.txt_q3,3,consensus,C,1
high21703.txt_q0,3,consensus,A,1
high21703.txt_q1,3,consensus,C,1
high21703.txt_q2,3,consensus,A,1
high21735.txt_q0,3,consensus,D,1
high21735.txt_q1,3,consensus,C,1
high21735.txt_q2,3,consensus,C,1
high2176.txt_q0,3,consensus,A,1
high2176.txt_q1,3,consensus,D,1
high2176.txt_q2,3,consensus,B,1
high2176.txt_q3,3,consensus,B,1
high2176.txt_q4,3,consensus,C,1
high21769.txt_q0,3,consensus,D,1
high21769.txt_q1,3,consensus,B,1
high21769.txt_q2,3,consensus,A,1
high21769.txt_q3,3,consensus,A,1
high21774.txt_q0,3,consensus,A,1
high21774.txt_q1,3,consensus,A,1
high21774.txt_q2,3,consensus,C,1
high21782.txt_q0,3,consensus,B,1
high21782.txt_q1,3,consensus,A,1
high21782.txt_q2,3,consensus,C,1
high21824.txt_q0,3,consensus,A,1
high21824.txt_q1,3,consensus,C,1
high21824.txt_q2,3,consensus,C,1
high21824.txt_q3,3,consensus,B,1
high21838.txt_q0,3,consensus,D,1
high21838.txt_q1,3,consensus,D,1
high21838.txt_q2,3,consensus,B,1
high2186.txt_q0,3,consensus,B,1
high2186.txt_q1,3,consensus,A,1
high2186.txt_q2,3,consensus,D,1
high2186.txt_q3,3,consensus,B,1
high2186.txt_q4,3,consensus,A,1
high21866.txt_q0,3,consensus,B,1
high21866.txt_q1,3,consensus,D,1
high21905.txt_q0,3,consensus,B,1
high21905.txt_q1,3,consensus,C,1
high21905.txt_q2,3,consensus,A,1
high21905.txt_q3,3,consensus,B,1
high21905.txt_q4,3,consensus,D,0
high21936.txt_q0,3,consensus,B,1
high21936.txt_q1,3,consensus,C,1
high21936.txt_q2,3,consensus,D,1
high21936.txt_q3,3,consensus,C,1
high21958.txt_q0,3,consensus,D,1
high21958.txt_q1,3,consensus,A,0
high21958.txt_q2,3,consensus,C,1
high22017.txt_q0,3,consensus,B,1
high22017.txt_q1,3,consensus,B,1
high22017.txt_q2,3,consensus,C,1
high22018.txt_q0,3,consensus,D,1
high22018.txt_q1,3,consensus,C,1
high22018.txt_q2,3,consensus,D,1
high22028.txt_q0,3,consensus,B,1
high22028.txt_q1,3,consensus,C,1
high22028.txt_q2,3,consensus,D,1
high22046.txt_q0,3,consensus,D,1
high22046.txt_q1,3,consensus,B,1
high22059.txt_q0,3,consensus,D,1
high22059.txt_q1,3,consensus,B,1
high22059.txt_q2,3,consensus,C,1
high22059.txt_q3,3,consensus,D,1
high22062.txt_q0,3,consensus,B,1
high22062.txt_q1,3,consensus,A,1
high22062.txt_q2,3,consensus,A,1
high22062.txt_q3,3,consensus,C,1
high22062.txt_q4,3,consensus,D,1
high22065.txt_q0,3,consensus,B,1
high22065.txt_q1,3,consensus,A,1
high22067.txt_q0,3,consensus,C,1
high22067.txt_q1,3,consensus,B,1
high22067.txt_q2,3,consensus,A,1
high22067.txt_q3,3,consensus,C,0
high22077.txt_q0,3,consensus,D,1
high22077.txt_q1,3,consensus,D,1
high22077.txt_q2,3,consensus,C,1
high2210.txt_q0,3,consensus,A,1
high2210.txt_q1,3,consensus,B,1
high2210.txt_q2,3,consensus,A,1
high22262.txt_q0,3,consensus,B,1
high22262.txt_q1,3,consensus,D,0
high22309.txt_q0,3,consensus,C,1
high22309.txt_q1,3,consensus,A,1
high22309.txt_q2,3,consensus,D,1
high22309.txt_q3,3,consensus,B,0
high22311.txt_q0,3,consensus,C,1
high22311.txt_q1,3,consensus,D,1
high22311.txt_q2,3,consensus,A,1
high22311.txt_q3,3,consensus,B,1
high22344.txt_q0,3,consensus,C,1
high22344.txt_q1,3,consensus,C,1
high22344.txt_q2,3,consensus,A,1
high2235.txt_q0,3,consensus,D,0
high2235.txt_q1,3,consensus,B,1
high2235.txt_q2,3,consensus,C,1
high2235.txt_q3,3,consensus,D,1
high22365.txt_q0,3,consensus,C,1
high22365.txt_q1,3,consensus,B,1
high22365.txt_q2,3,consensus,D,1
high22365.txt_q3,3,consensus,A,1
high22379.txt_q0,3,consensus,B,1
high22379.txt_q1,3,consensus,C,1
high22379.txt_q2,3,consensus,A,1
high22379.txt_q3,3,consensus,D,1
high22379.txt_q4,3,consensus,B,1
high22398.txt_q0,3,consensus,D,1
high22398.txt_q1,3,consensus,A,1
high22398.txt_q2,3,consensus,C,1
high22398.txt_q3,3,consensus,D,1
high22398.txt_q4,3,consensus,C,1
high22434.txt_q0,3,consensus,B,1
high22434.txt_q1,3,consensus,C,1
high2244.txt_q0,3,consensus,A,1
high2244.txt_q1,3,consensus,B,1
high2244.txt_q2,3,consensus,C,1
high22463.txt_q0,3,consensus,A,1
high22463.txt_q1,3,consensus,D,1
high22463.txt_q2,3,consensus,D,1
high22463.txt_q3,3,consensus,B,1
high2247.txt_q0,3,consensus,B,1
high2247.txt_q1,3,consensus,B,1
high2247.txt_q2,3,consensus,C,1
high2247.txt_q3,3,consensus,C,1
high22470.txt_q0,3,consensus,A,1
high22470.txt_q1,3,consensus,B,1
high22470.txt_q2,3,consensus,D,1
high22470.txt_q3,3,consensus,B,1
high22475.txt_q0,3,consensus,C,1
high22475.txt_q1,3,consensus,A,1
high22475.txt_q2,3,consensus,C,1
high22543.txt_q0,3,consensus,B,1
high22543.txt_q1,3,consensus,D,1
high22543.txt_q2,3,consensus,A,1
high22543.txt_q3,3,consensus,B,1
high22571.txt_q0,3,consensus,A,0
high22571.txt_q1,3,consensus,B,1
high22576.txt_q0,3,consensus,B,1
high22576.txt_q1,3,consensus,A,1
high22576.txt_q2,3,consensus,B,1
high22608.txt_q0,3,consensus,C,1
high22608.txt_q1,3,consensus,B,1
high22608.txt_q2,3,consensus,B,1
high22615.txt_q0,3,consensus,B,0
high22615.txt_q1,3,consensus,B,1
high22615.txt_q2,3,consensus,D,1
high22654.txt_q0,3,consensus,D,1
high22654.txt_q1,3,consensus,D,1
high22654.txt_q2,3,consensus,C,1
high22654.txt_q3,3,consensus,A,1
high22666.txt_q0,3,consensus,B,1
high22666.txt_q1,3,consensus,B,1
high22666.txt_q2,3,consensus,C,1
high22666.txt_q3,3,consensus,C,1
high2273.txt_q0,3,consensus,C,1
high2273.txt_q1,3,consensus,B,1
high2273.txt_q2,3,consensus,A,0
high22764.txt_q0,3,consensus,B,1
high22764.txt_q1,3,consensus,D,1
high22764.txt_q2,3,consensus,B,1
high22764.txt_q3,3,consensus,C,1
high22764.txt_q4,3,consensus,A,1
high22783.txt_q0,3,consensus,A,1
high22783.txt_q1,3,consensus,C,1
high22783.txt_q2,3,consensus,D,1
high22807.txt_q0,3,consensus,A,1
high22807.txt_q1,3,consensus,C,1
high22807.txt_q2,3,consensus,C,1
high22807.txt_q3,3,consensus,B,1
high22807.txt_q4,3,consensus,D,1
high22839.txt_q0,3,consensus,A,1
high22839.txt_q1,3,consensus,D,1
high22839.txt_q2,3,consensus,C,1
high22861.txt_q0,3,consensus,B,1
high22861.txt_q1,3,consensus,A,1
high22861.txt_q2,3,consensus,B,1
high22976.txt_q0,3,consensus,B,1
high22976.txt_q1,3,consensus,A,1
high22976.txt_q2,3,consensus,C,1
high22976.txt_q3,3,consensus,B,1
high2298.txt_q0,3,consensus,B,1
high2298.txt_q1,3,consensus,D,1
high2298.txt_q2,3,consensus,A,1
high22990.txt_q0,3,consensus,D,1
high22990.txt_q1,3,consensus,B,1
high22990.txt_q2,3,consensus,A,0
high22990.txt_q3,3,consensus,C,1
high23039.txt_q0,3,consensus,D,1
high23039.txt_q1,3,consensus,B,1
high23039.txt_q2,3,consensus,D,1
high23039.txt_q3,3,consensus,B,1
high23070.txt_q0,3,consensus,D,1
high23070.txt_q1,3,consensus,A,1
high23070.txt_q2,3,consensus,B,1
high23108.txt_q0,3,consensus,C,1
high23108.txt_q1,3,consensus,D,1
high23108.txt_q2,3,consensus,A,1
high23119.txt_q0,3,consensus,B,1
high23119.txt_q1,3,consensus,D,1
high23119.txt_q2,3,consensus,C,1
high23119.txt_q3,3,consensus,A,1
high23127.txt_q0,3,consensus,B,1
high23127.txt_q1,3,consensus,B,1
high23127.txt_q2,3,consensus,C,1
high23166.txt_q0,3,consensus,C,1
high23196.txt_q0,3,consensus,B,0
high23196.txt_q1,3,consensus,A,1
high23196.txt_q2,3,consensus,B,1
high23196.txt_q3,3,consensus,D,1
high23196.txt_q4,3,consensus,C,1
high23206.txt_q0,3,consensus,B,1
high23206.txt_q1,3,consensus,C,0
high23206.txt_q2,3,consensus,D,1
high23206.txt_q3,3,consensus,C,1
high23335.txt_q0,3,consensus,D,1
high23335.txt_q1,3,consensus,D,1
high23335.txt_q2,3,consensus,B,1
high23335.txt_q3,3,consensus,C,1
high23340.txt_q0,3,consensus,A,1
high23340.txt_q1,3,consensus,B,1
high23340.txt_q2,3,consensus,C,1
high23340.txt_q3,3,consensus,D,1
high23356.txt_q0,3,consensus,B,1
high23356.txt_q1,3,consensus,A,1
high23356.txt_q2,3,consensus,B,1
high23356.txt_q3,3,consensus,D,0
high23383.txt_q0,3,consensus,C,1
high23383.txt_q1,3,consensus,B,1
high23383.txt_q2,3,consensus,D,1
high23383.txt_q3,3,consensus,D,1
high23383.txt_q4,3,consensus,B,1
high23388.txt_q0,3,consensus,A,1
high23388.txt_q1,3,consensus,C,1
high23388.txt_q2,3,consensus,C,1
high23426.txt_q0,3,consensus,B,1
high23426.txt_q1,3,consensus,A,0
high23432.txt_q0,3,consensus,C,1
high23432.txt_q1,3,consensus,D,1
high23480.txt_q0,3,consensus,D,1
high23480.txt_q1,3,consensus,D,1
high23480.txt_q2,3,consensus,C,1
high23481.txt_q0,3,consensus,C,1
high23481.txt_q1,3,consensus,A,1
high2351.txt_q0,3,consensus,A,1
high2351.txt_q1,3,consensus,C,1
high2351.txt_q2,3,consensus,B,1
high23535.txt_q0,3,consensus,C,1
high23535.txt_q1,3,consensus,D,1
high23535.txt_q2,3,consensus,B,1
high23559.txt_q0,3,consensus,C,1
high23559.txt_q1,3,consensus,B,0
high23559.txt_q2,3,consensus,D,1
high23609.txt_q0,3,consensus,D,1
high23609.txt_q1,3,consensus,D,1
high23609.txt_q2,3,consensus,C,1
high23609.txt_q3,3,consensus,A,1
high23619.txt_q0,3,consensus,D,1
high23619.txt_q1,3,consensus,C,1
high23619.txt_q2,3,consensus,B,1
high23625.txt_q0,3,consensus,B,1
high23625.txt_q1,3,consensus,C,1
high23625.txt_q2,3,consensus,A,1
high23658.txt_q0,3,consensus,C,1
high23658.txt_q1,3,consensus,A,1
high23658.txt_q2,3,consensus,B,1
high23658.txt_q3,3,consensus,C,1
high23666.txt_q0,3,consensus,C,1
high23666.txt_q1,3,consensus,A,0
high23713.txt_q0,3,consensus,C,1
high23713.txt_q1,3,consensus,B,1
high23713.txt_q2,3,consensus,D,0
high23713.txt_q3,3,consensus,D,1
high23718.txt_q0,3,consensus,C,1
high23718.txt_q1,3,consensus,D,1
high23718.txt_q2,3,consensus,A,0
high23718.txt_q3,3,consensus,A,1
high23728.txt_q0,3,consensus,C,1
high23728.txt_q1,3,consensus,D,1
high23728.txt_q2,3,consensus,A,1
high23729.txt_q0,3,consensus,C,0
high23729.txt_q1,3,consensus,D,0
high23729.txt_q2,3,consensus,A,1
high23729.txt_q3,3,consensus,B,1
high23742.txt_q0,3,consensus,B,1
high23742.txt_q1,3,consensus,C,1
high23742.txt_q2,3,consensus,A,1
high23742.txt_q3,3,consensus,D,1
high23742.txt_q4,3,consensus,C,1
high2378.txt_q0,3,consensus,C,0
high2378.txt_q1,3,consensus,C,1
high2378.txt_q2,3,consensus,A,0
high2378.txt_q3,3,consensus,C,1
high23787.txt_q0,3,consensus,B,1
high23787.txt_q1,3,consensus,B,1
high23787.txt_q2,3,consensus,C,1
high23787.txt_q3,3,consensus,D,1
high23787.txt_q4,3,consensus,C,1
high23794.txt_q0,3,consensus,C,0
high23794.txt_q1,3,consensus,A,1
high23794.txt_q2,3,consensus,D,1
high23794.txt_q3,3,consensus,B,1
high23801.txt_q0,3,consensus,B,1
high23801.txt_q1,3,consensus,A,1
high23801.txt_q2,3,consensus,A,1
high23801.txt_q3,3,consensus,B,1
high23807.txt_q0,3,consensus,C,1
high23807.txt_q1,3,consensus,B,1
high23807.txt_q2,3,consensus,D,1
high23807.txt_q3,3,consensus,A,0
high23827.txt_q0,3,consensus,D,1
high23827.txt_q1,3,consensus,B,1
high23827.txt_q2,3,consensus,C,1
high23827.txt_q3,3,consensus,A,1
high23828.txt_q0,3,consensus,A,1
high23828.txt_q1,3,consensus,D,1
high23828.txt_q2,3,consensus,A,1
high23865.txt_q0,3,consensus,A,1
high23865.txt_q1,3,consensus,D,1
high23865.txt_q2,3,consensus,B,1
high23880.txt_q0,3,consensus,A,1
high23880.txt_q1,3,consensus,B,1
high23880.txt_q2,3,consensus,C,1
high23889.txt_q0,3,consensus,C,0
high23889.txt_q1,3,consensus,C,1
high23889.txt_q2,3,consensus,C,0
high2390.txt_q0,3,consensus,C,1
high2390.txt_q1,3,consensus,A,1
high2390.txt_q2,3,consensus,B,1
high23992.txt_q0,3,consensus,A,1
high23992.txt_q1,3,consensus,B,1
high2402.txt_q0,3,consensus,A,1
high2402.txt_q1,3,consensus,B,1
high2402.txt_q2,3,consensus,D,1
high2402.txt_q3,3,consensus,C,1
high24079.txt_q0,3,consensus,D,1
high24079.txt_q1,3,consensus,A,1
high24172.txt_q0,3,consensus,C,1
high24172.txt_q1,3,consensus,B,1
high24172.txt_q2,3,consensus,C,1
high24198.txt_q0,3,consensus,C,1
high24198.txt_q1,3,consensus,B,1
high242.txt_q0,3,consensus,C,1
high242.txt_q1,3,consensus,D,1
high242.txt_q2,3,consensus,A,1
high242.txt_q3,3,consensus,B,1
high24223.txt_q0,3,consensus,C,1
high24223.txt_q1,3,consensus,C,1
high24223.txt_q2,3,consensus,C,1
high24223.txt_q3,3,consensus,B,1
high2423.txt_q0,3,consensus,D,1
high2423.txt_q1,3,consensus,D,1
high2423.txt_q2,3,consensus,C,1
high2423.txt_q3,3,consensus,D,1
high24231.txt_q0,3,consensus,C,1
high24231.txt_q1,3,consensus,C,1
high24231.txt_q2,3,consensus,D,1
high24231.txt_q3,3,consensus,A,1
high24231.txt_q4,3,consensus,B,1
high24267.txt_q0,3,consensus,C,1
high24267.txt_q1,3,consensus,D,1
high24267.txt_q2,3,consensus,C,1
high2446.txt_q0,3,consensus,C,1
high2446.txt_q1,3,consensus,D,1
high2446.txt_q2,3,consensus,B,1
high2446.txt_q3,3,consensus,B,1
high247.txt_q0,3,consensus,A,1
high247.txt_q1,3,consensus,D,1
high247.txt_q2,3,consensus,C,1
high247.txt_q3,3,consensus,D,1
high2529.txt_q0,3,consensus,C,1
high2529.txt_q1,3,consensus,A,1
high2529.txt_q2,3,consensus,D,1
high2529.txt_q3,3,consensus,C,1
high2630.txt_q0,3,consensus,B,1
high2630.txt_q1,3,consensus,D,1
high2630.txt_q2,3,consensus,A,1
high2650.txt_q0,3,consensus,D,1
high2650.txt_q1,3,consensus,C,1
high2650.txt_q2,3,consensus,B,1
high2650.txt_q3,3,consensus,C,1
high2661.txt_q0,3,consensus,C,1
high2661.txt_q1,3,consensus,A,0
high2661.txt_q2,3,consensus,C,1
high2661.txt_q3,3,consensus,D,1
high2693.txt_q0,3,consensus,A,1
high2693.txt_q1,3,consensus,C,1
high2697.txt_q0,3,consensus,D,1
high2697.txt_q1,3,consensus,A,1
high2697.txt_q2,3,consensus,A,1
high2697.txt_q3,3,consensus,C,1
high2711.txt_q0,3,consensus,B,1
high2711.txt_q1,3,consensus,B,1
high2711.txt_q2,3,consensus,A,1
high2760.txt_q0,3,consensus,B,1
high2760.txt_q1,3,consensus,D,1
high2760.txt_q2,3,consensus,B,1
high2775.txt_q0,3,consensus,C,1
high2775.txt_q1,3,consensus,A,1
high2775.txt_q2,3,consensus,C,1
high2775.txt_q3,3,consensus,D,1
high2786.txt_q0,3,consensus,C,1
high2786.txt_q1,3,consensus,B,1
high2786.txt_q2,3,consensus,D,1
high2786.txt_q3,3,consensus,B,1
high2800.txt_q0,3,consensus,D,1
high2800.txt_q1,3,consensus,A,1
high2800.txt_q2,3,consensus,A,1
high2800.txt_q3,3,consensus,D,1
high2816.txt_q0,3,consensus,B,1
high2816.txt_q1,3,no_consensus,,0
high2816.txt_q2,3,consensus,A,1
high2816.txt_q3,3,consensus,D,1
high2820.txt_q0,3,consensus,D,1
high2820.txt_q1,3,consensus,A,1
high2820.txt_q2,3,consensus,A,1
high2820.txt_q3,3,consensus,C,1
high2825.txt_q0,3,consensus,C,1
high2825.txt_q1,3,consensus,C,1
high2825.txt_q2,3,consensus,D,1
high2836.txt_q0,3,consensus,C,1
high2836.txt_q1,3,consensus,B,1
high2836.txt_q2,3,consensus,D,1
high2836.txt_q3,3,consensus,D,0
high2844.txt_q0,3,consensus,B,1
high2855.txt_q0,3,consensus,D,1
high2855.txt_q1,3,consensus,A,1
high2855.txt_q2,3,consensus,C,1
high2855.txt_q3,3,consensus,B,1
high2860.txt_q0,3,consensus,A,1
high2860.txt_q1,3,consensus,C,1
high2860.txt_q2,3,consensus,B,1
high2860.txt_q3,3,consensus,A,1
high2864.txt_q0,3,consensus,B,1
high2864.txt_q1,3,consensus,A,1
high2864.txt_q2,3,consensus,A,1
high2864.txt_q3,3,consensus,C,1
high2900.txt_q0,3,consensus,B,1
high2900.txt_q1,3,consensus,C,1
high2900.txt_q2,3,consensus,D,1
high2900.txt_q3,3,consensus,A,1
high2901.txt_q0,3,consensus,D,1
high2901.txt_q1,3,consensus,A,1
high2901.txt_q2,3,consensus,A,1
high2940.txt_q0,3,consensus,C,1
high2940.txt_q1,3,consensus,C,1
high2940.txt_q2,3,consensus,A,1
high2940.txt_q3,3,consensus,D,0
high2940.txt_q4,3,consensus,B,1
high2966.txt_q0,3,consensus,A,1
high2966.txt_q1,3,consensus,C,1
high2966.txt_q2,3,consensus,A,1
high2966.txt_q3,3,consensus,D,1
high2966.txt_q4,3,consensus,B,1
high3000.txt_q0,3,consensus,D,1
high3000.txt_q1,3,consensus,A,1
high3000.txt_q2,3,consensus,A,1
high3000.txt_q3,3,consensus,C,1
high3026.txt_q0,3,consensus,D,1
high3026.txt_q1,3,consensus,A,1
high3037.txt_q0,3,consensus,A,1
high3037.txt_q1,3,consensus,B,1
high3037.txt_q2,3,consensus,D,1
high3037.txt_q3,3,consensus,C,1
high3037.txt_q4,3,consensus,A,1
high3049.txt_q0,3,consensus,D,1
high3049.txt_q1,3,consensus,C,1
high3049.txt_q2,3,consensus,A,1
high306.txt_q0,3,consensus,D,1
high306.txt_q1,3,consensus,B,1
high306.txt_q2,3,consensus,A,1
high306.txt_q3,3,consensus,D,1
high3083.txt_q0,3,consensus,B,1
high3083.txt_q1,3,consensus,D,1
high3083.txt_q2,3,consensus,C,1
high3083.txt_q3,3,consensus,C,1
high309.txt_q0,3,consensus,B,1
high309.txt_q1,3,consensus,D,1
high309.txt_q2,3,consensus,C,0
high309.txt_q3,3,consensus,A,1
high310.txt_q0,3,consensus,C,1
high310.txt_q1,3,consensus,C,1
high310.txt_q2,3,consensus,A,1
high310.txt_q3,3,consensus,B,1
high3144.txt_q0,3,consensus,A,1
high3144.txt_q1,3,consensus,C,1
high3144.txt_q2,3,consensus,A,1
high3144.txt_q3,3,consensus,D,1
high3152.txt_q0,3,consensus,C,0
high3152.txt_q1,3,consensus,C,1
high3152.txt_q2,3,consensus,B,1
high3163.txt_q0,3,consensus,B,1
high3163.txt_q1,3,consensus,D,1
high3163.txt_q2,3,consensus,B,0
high3163.txt_q3,3,consensus,D,0
high318.txt_q0,3,consensus,A,1
high318.txt_q1,3,consensus,D,1
high3189.txt_q0,3,consensus,A,0
high3189.txt_q1,3,consensus,C,1
high3189.txt_q2,3,consensus,C,0
high3262.txt_q0,3,consensus,D,1
high3262.txt_q1,3,consensus,A,1
high3275.txt_q0,3,consensus,D,1
high3275.txt_q1,3,consensus,A,1
high3326.txt_q0,3,consensus,C,1
high3326.txt_q1,3,consensus,D,1
high3411.txt_q0,3,consensus,C,1
high3411.txt_q1,3,consensus,D,1
high3411.txt_q2,3,consensus,A,1
high346.txt_q0,3,consensus,C,1
high346.txt_q1,3,consensus,D,1
high346.txt_q2,3,consensus,A,1
high346.txt_q3,3,consensus,A,1
high3462.txt_q0,3,consensus,C,1
high3462.txt_q1,3,consensus,B,1
high3471.txt_q0,3,consensus,D,1
high3471.txt_q1,3,consensus,C,1
high3499.txt_q0,3,consensus,B,1
high3499.txt_q1,3,consensus,D,1
high3499.txt_q2,3,consensus,C,1
high3499.txt_q3,3,consensus,A,1
high3499.txt_q4,3,consensus,A,1
high3507.txt_q0,3,consensus,C,1
high3507.txt_q1,3,consensus,C,1
high3507.txt_q2,3,consensus,C,1
high3513.txt_q0,3,consensus,D,0
high3513.txt_q1,3,consensus,A,1
high3527.txt_q0,3,consensus,A,1
high3527.txt_q1,3,consensus,C,1
high3527.txt_q2,3,consensus,D,1
high3527.txt_q3,3,consensus,A,1
high3527.txt_q4,3,consensus,B,1
high353.txt_q0,3,consensus,B,1
high353.txt_q1,3,consensus,D,0
high353.txt_q2,3,consensus,C,1
high3538.txt_q0,3,consensus,B,1
high3538.txt_q1,3,consensus,C,1
high3538.txt_q2,3,consensus,C,1
high3547.txt_q0,3,consensus,A,1
high3547.txt_q1,3,consensus,B,1
high3547.txt_q2,3,consensus,D,1
high3547.txt_q3,3,consensus,B,1
high3560.txt_q0,3,consensus,B,1
high3560.txt_q1,3,consensus,A,1
high3560.txt_q2,3,consensus,B,1
high3560.txt_q3,3,consensus,A,1
high3575.txt_q0,3,consensus,B,1
high3575.txt_q1,3,consensus,C,1
high3575.txt_q2,3,consensus,C,1
high3575.txt_q3,3,consensus,D,1
high3624.txt_q0,3,consensus,A,1
high3624.txt_q1,3,consensus,C,1
high3624.txt_q2,3,consensus,A,1
high3720.txt_q0,3,consensus,B,1
high3720.txt_q1,3,consensus,C,1
high3720.txt_q2,3,consensus,D,1
high3765.txt_q0,3,consensus,C,1
high3765.txt_q1,3,consensus,D,1
high3765.txt_q2,3,consensus,C,1
high3765.txt_q3,3,consensus,A,1
high3783.txt_q0,3,consensus,A,1
high3783.txt_q1,3,consensus,D,1
high3783.txt_q2,3,consensus,A,1
high3790.txt_q0,3,consensus,B,1
high3790.txt_q1,3,consensus,C,1
high3790.txt_q2,3,consensus,D,1
high3790.txt_q3,3,consensus,C,1
high380.txt_q0,3,consensus,B,1
high380.txt_q1,3,consensus,C,1
high380.txt_q2,3,consensus,B,1
high380.txt_q3,3,consensus,A,1
high3808.txt_q0,3,consensus,D,1
high3808.txt_q1,3,consensus,A,1
high3808.txt_q2,3,consensus,B,1
high3808.txt_q3,3,consensus,C,1
high3879.txt_q0,3,consensus,A,1
high3879.txt_q1,3,consensus,A,1
high3879.txt_q2,3,consensus,D,1
high3879.txt_q3,3,consensus,A,1
high394.txt_q0,3,consensus,B,1
high394.txt_q1,3,consensus,C,1
high394.txt_q2,3,consensus,A,1
high3974.txt_q0,3,consensus,D,1
high3974.txt_q1,3,consensus,C,1
high3974.txt_q2,3,consensus,B,1
high4005.txt_q0,3,consensus,D,1
high4005.txt_q1,3,consensus,B,1
high4050.txt_q0,3,consensus,A,1
high4050.txt_q1,3,consensus,B,1
high4095.txt_q0,3,consensus,D,1
high4095.txt_q1,3,consensus,D,0
high4095.txt_q2,3,consensus,B,1
high4095.txt_q3,3,consensus,C,1
high4107.txt_q0,3,consensus,A,1
high4107.txt_q1,3,consensus,B,1
high4107.txt_q2,3,consensus,C,1
high4107.txt_q3,3,consensus,D,1
high417.txt_q0,3,consensus,B,1
high417.txt_q1,3,consensus,B,1
high417.txt_q2,3,consensus,A,1
high4204.txt_q0,3,consensus,C,1
high4204.txt_q1,3,consensus,D,1
high4204.txt_q2,3,consensus,B,1
high4204.txt_q3,3,consensus,C,1
high4281.txt_q0,3,consensus,A,1
high4281.txt_q1,3,consensus,C,0
high4301.txt_q0,3,consensus,A,1
high4301.txt_q1,3,consensus,D,1
high4301.txt_q2,3,consensus,C,1
high4301.txt_q3,3,consensus,C,1
high4334.txt_q0,3,consensus,A,1
high4334.txt_q1,3,consensus,B,1
high4334.txt_q2,3,consensus,A,0
high4334.txt_q3,3,consensus,B,0
high4369.txt_q0,3,consensus,B,1
high4369.txt_q1,3,consensus,B,1
high4369.txt_q2,3,consensus,C,1
high4369.txt_q3,3,consensus,D,1
high4372.txt_q0,3,consensus,C,1
high4372.txt_q1,3,consensus,D,1
high4372.txt_q2,3,consensus,B,1
high4500.txt_q0,3,consensus,C,1
high4500.txt_q1,3,consensus,B,1
high4500.txt_q2,3,consensus,B,1
high4500.txt_q3,3,consensus,A,1
high4505.txt_q0,3,consensus,D,1
high4505.txt_q1,3,consensus,C,1
high4505.txt_q2,3,consensus,B,1
high4505.txt_q3,3,consensus,C,1
high4520.txt_q0,3,consensus,B,1
high4520.txt_q1,3,consensus,A,1
high4520.txt_q2,3,consensus,C,1
high4520.txt_q3,3,consensus,D,1
high4567.txt_q0,3,consensus,A,1
high4567.txt_q1,3,consensus,B,1
high4567.txt_q2,3,consensus,D,1
high4567.txt_q3,3,consensus,B,0
high4568.txt_q0,3,consensus,A,1
high4568.txt_q1,3,consensus,B,1
high4568.txt_q2,3,consensus,B,1
high4568.txt_q3,3,consensus,D,1
high4613.txt_q0,3,consensus,B,1
high4613.txt_q1,3,consensus,A,1
high4613.txt_q2,3,consensus,B,1
high4613.txt_q3,3,consensus,C,1
high4619.txt_q0,3,consensus,C,0
high4619.txt_q1,3,consensus,A,1
high4619.txt_q2,3,consensus,A,0
high4619.txt_q3,3,consensus,A,1
high4625.txt_q0,3,consensus,B,1
high4625.txt_q1,3,consensus,C,1
high4625.txt_q2,3,consensus,D,1
high4625.txt_q3,3,consensus,A,1
high4625.txt_q4,3,consensus,D,1
high4646.txt_q0,3,consensus,B,1
high4646.txt_q1,3,consensus,D,1
high4646.txt_q2,3,consensus,D,1
high4646.txt_q3,3,consensus,A,1
high4656.txt_q0,3,consensus,A,1
high4656.txt_q1,3,consensus,B,1
high4656.txt_q2,3,consensus,C,1
high4657.txt_q0,3,consensus,D,1
high4657.txt_q1,3,consensus,B,1
high4674.txt_q0,3,consensus,D,1
high4674.txt_q1,3,consensus,B,1
high4699.txt_q0,3,consensus,C,1
high4699.txt_q1,3,consensus,D,1
high4699.txt_q2,3,consensus,C,1
high4701.txt_q0,3,consensus,B,1
high4701.txt_q1,3,consensus,A,1
high4701.txt_q2,3,consensus,C,1
high4701.txt_q3,3,consensus,D,1
high4716.txt_q0,3,consensus,C,1
high4716.txt_q1,3,consensus,D,1
high4716.txt_q2,3,consensus,B,1
high4716.txt_q3,3,consensus,B,1
high4749.txt_q0,3,consensus,C,1
high4749.txt_q1,3,consensus,B,1
high4749.txt_q2,3,consensus,D,1
high4756.txt_q0,3,consensus,D,1
high4756.txt_q1,3,consensus,C,1
high4756.txt_q2,3,consensus,C,0
high4767.txt_q0,3,consensus,C,1
high4767.txt_q1,3,consensus,A,1
high4767.txt_q2,3,consensus,A,0
high4767.txt_q3,3,consensus,B,1
high4779.txt_q0,3,consensus,B,1
high4779.txt_q1,3,consensus,A,1
high4779.txt_q2,3,consensus,B,1
high4783.txt_q0,3,consensus,B,1
high4783.txt_q1,3,consensus,D,1
high4783.txt_q2,3,consensus,C,1
high4783.txt_q3,3,consensus,D,1
high4808.txt_q0,3,consensus,A,1
high4808.txt_q1,3,consensus,D,1
high4808.txt_q2,3,consensus,B,1
high4821.txt_q0,3,consensus,A,1
high4821.txt_q1,3,consensus,D,1
high4821.txt_q2,3,consensus,D,0
high4821.txt_q3,3,consensus,C,1
high4829.txt_q0,3,consensus,B,1
high4829.txt_q1,3,consensus,C,1
high4829.txt_q2,3,consensus,D,1
high4837.txt_q0,3,consensus,D,0
high4837.txt_q1,3,consensus,A,1
high4837.txt_q2,3,consensus,A,0
high4839.txt_q0,3,consensus,A,1
high4839.txt_q1,3,consensus,B,1
high4839.txt_q2,3,consensus,C,1
high4839.txt_q3,3,consensus,A,1
high4889.txt_q0,3,consensus,B,1
high4889.txt_q1,3,consensus,C,1
high4889.txt_q2,3,consensus,A,1
high4889.txt_q3,3,consensus,A,1
high4915.txt_q0,3,consensus,B,1
high4915.txt_q1,3,consensus,A,1
high4915.txt_q2,3,consensus,D,0
high4931.txt_q0,3,consensus,D,1
high4931.txt_q1,3,consensus,C,1
high4931.txt_q2,3,consensus,A,1
high4951.txt_q0,3,consensus,C,1
high4951.txt_q1,3,consensus,A,1
high4955.txt_q0,3,consensus,A,1
high4955.txt_q1,3,consensus,B,1
high4955.txt_q2,3,consensus,D,1
high4955.txt_q3,3,consensus,C,1
high4957.txt_q0,3,consensus,C,1
high4957.txt_q1,3,consensus,B,0
high4957.txt_q2,3,consensus,D,1
high4964.txt_q0,3,consensus,C,1
high4964.txt_q1,3,consensus,D,1
high4964.txt_q2,3,consensus,B,1
high4964.txt_q3,3,consensus,B,1
high4968.txt_q0,3,consensus,C,1
high4968.txt_q1,3,consensus,C,1
high4968.txt_q2,3,consensus,B,1
high4986.txt_q0,3,consensus,A,1
high4986.txt_q1,3,consensus,C,1
high4986.txt_q2,3,consensus,B,1
high4986.txt_q3,3,consensus,B,1
high4986.txt_q4,3,consensus,C,1
high5004.txt_q0,3,consensus,C,1
high5004.txt_q1,3,consensus,B,1
high5004.txt_q2,3,consensus,C,0
high5060.txt_q0,3,consensus,C,1
high5060.txt_q1,3,consensus,A,1
high5060.txt_q2,3,consensus,C,1
high5086.txt_q0,3,consensus,B,1
high5086.txt_q1,3,consensus,B,1
high5086.txt_q2,3,consensus,A,1
high5102.txt_q0,3,consensus,C,1
high5102.txt_q1,3,consensus,A,1
high5102.txt_q2,3,consensus,B,1
high5102.txt_q3,3,consensus,A,1
high5123.txt_q0,3,consensus,D,1
high5123.txt_q1,3,consensus,B,1
high5123.txt_q2,3,consensus,D,0
high5198.txt_q0,3,consensus,C,1
high5198.txt_q1,3,consensus,B,1
high5198.txt_q2,3,consensus,A,1
high5202.txt_q0,3,consensus,B,0
high5202.txt_q1,3,consensus,A,1
high5202.txt_q2,3,consensus,B,1
high5202.txt_q3,3,consensus,D,1
high5222.txt_q0,3,consensus,B,1
high5222.txt_q1,3,consensus,C,1
high5222.txt_q2,3,consensus,B,1
high5246.txt_q0,3,consensus,C,1
high5246.txt_q1,3,consensus,B,1
high5246.txt_q2,3,consensus,D,1
high5246.txt_q3,3,consensus,A,1
high5246.txt_q4,3,consensus,C,1
high5252.txt_q0,3,consensus,B,1
high5252.txt_q1,3,consensus,C,1
high5252.txt_q2,3,no_consensus,,0
high5252.txt_q3,3,consensus,C,1
high5262.txt_q0,3,consensus,A,1
high5262.txt_q1,3,consensus,D,1
high5262.txt_q2,3,consensus,B,1
high5262.txt_q3,3,consensus,D,1
high5262.txt_q4,3,consensus,C,1
high5270.txt_q0,3,consensus,D,1
high5270.txt_q1,3,consensus,D,1
high5270.txt_q2,3,consensus,C,1
high5272.txt_q0,3,consensus,A,1
high5272.txt_q1,3,consensus,C,1
high5272.txt_q2,3,consensus,D,1
high5272.txt_q3,3,consensus,B,1
high5285.txt_q0,3,consensus,B,1
high5285.txt_q1,3,consensus,C,1
high5285.txt_q2,3,consensus,A,1
high5285.txt_q3,3,consensus,B,1
high5299.txt_q0,3,consensus,C,1
high5299.txt_q1,3,consensus,B,1
high5299.txt_q2,3,consensus,B,1
high5300.txt_q0,3,consensus,A,1
high5300.txt_q1,3,consensus,D,1
high5300.txt_q2,3,consensus,C,1
high5300.txt_q3,3,consensus,A,1
high5302.txt_q0,3,consensus,C,1
high5302.txt_q1,3,consensus,B,1
high5302.txt_q2,3,consensus,D,1
high5308.txt_q0,3,consensus,C,1
high5308.txt_q1,3,consensus,A,1
high5308.txt_q2,3,consensus,B,1
high5308.txt_q3,3,consensus,B,1
high5361.txt_q0,3,consensus,D,1
high5361.txt_q1,3,consensus,B,1
high5361.txt_q2,3,consensus,A,1
high5381.txt_q0,3,consensus,B,0
high5381.txt_q1,3,consensus,D,1
high5389.txt_q0,3,consensus,C,0
high5400.txt_q0,3,consensus,C,1
high5400.txt_q1,3,consensus,D,1
high5400.txt_q2,3,consensus,B,1
high5402.txt_q0,3,consensus,A,1
high5402.txt_q1,3,consensus,D,1
high5418.txt_q0,3,consensus,B,1
high5418.txt_q1,3,consensus,A,1
high5436.txt_q0,3,consensus,C,1
high5436.txt_q1,3,consensus,C,1
high5436.txt_q2,3,consensus,D,1
high5436.txt_q3,3,consensus,A,1
high5480.txt_q0,3,consensus,B,1
high5480.txt_q1,3,consensus,D,1
high5480.txt_q2,3,consensus,C,1
high554.txt_q0,3,consensus,B,1
high554.txt_q1,3,consensus,A,1
high554.txt_q2,3,consensus,D,1
high554.txt_q3,3,consensus,C,0
high5540.txt_q0,3,consensus,B,1
high5540.txt_q1,3,consensus,B,1
high5540.txt_q2,3,consensus,C,1
high5562.txt_q0,3,consensus,A,1
high5562.txt_q1,3,consensus,D,1
high5562.txt_q2,3,consensus,A,1
high5574.txt_q0,3,consensus,B,1
high5574.txt_q1,3,consensus,C,1
high5574.txt_q2,3,consensus,D,1
high5625.txt_q0,3,consensus,A,1
high5625.txt_q1,3,consensus,D,1
high5625.txt_q2,3,consensus,A,1
high5625.txt_q3,3,consensus,B,1
high5653.txt_q0,3,consensus,A,1
high5653.txt_q1,3,consensus,D,1
high5653.txt_q2,3,consensus,B,1
high5687.txt_q0,3,consensus,A,1
high5687.txt_q1,3,consensus,C,1
high5687.txt_q2,3,consensus,C,1
high5687.txt_q3,3,consensus,B,1
high5687.txt_q4,3,consensus,A,1
high5733.txt_q0,3,consensus,D,1
high5733.txt_q1,3,consensus,A,1
high5733.txt_q2,3,consensus,A,0
high5733.txt_q3,3,consensus,B,1
high5733.txt_q4,3,consensus,D,1
high5756.txt_q0,3,consensus,C,1
high5780.txt_q0,3,consensus,B,0
high5780.txt_q1,3,consensus,B,1
high5780.txt_q2,3,consensus,A,1
high5780.txt_q3,3,consensus,D,1
high5784.txt_q0,3,consensus,B,1
high5784.txt_q1,3,consensus,A,1
high5784.txt_q2,3,consensus,D,1
high5784.txt_q3,3,consensus,C,1
high5791.txt_q0,3,consensus,A,1
high5791.txt_q1,3,consensus,D,1
high5791.txt_q2,3,consensus,C,1
high5804.txt_q0,3,consensus,B,1
high5804.txt_q1,3,consensus,D,1
high5804.txt_q2,3,consensus,D,0
high5808.txt_q0,3,consensus,D,1
high5808.txt_q1,3,consensus,C,1
high5808.txt_q2,3,consensus,B,1
high5837.txt_q0,3,consensus,D,1
high5837.txt_q1,3,consensus,C,1
high5837.txt_q2,3,consensus,C,1
high5837.txt_q3,3,consensus,B,1
high5870.txt_q0,3,consensus,B,1
high5870.txt_q1,3,consensus,D,1
high5870.txt_q2,3,consensus,C,1
high5874.txt_q0,3,consensus,B,1
high5874.txt_q1,3,consensus,A,1
high5874.txt_q2,3,consensus,D,1
high5874.txt_q3,3,consensus,B,1
high5887.txt_q0,3,consensus,C,1
high5887.txt_q1,3,consensus,A,1
high5887.txt_q2,3,consensus,D,1
high5887.txt_q3,3,consensus,B,1
high5941.txt_q0,3,consensus,A,1
high5941.txt_q1,3,consensus,B,1
high5941.txt_q2,3,consensus,D,1
high5941.txt_q3,3,consensus,C,1
high597.txt_q0,3,consensus,C,1
high597.txt_q1,3,consensus,B,0
high597.txt_q2,3,consensus,D,1
high598.txt_q0,3,consensus,C,1
high598.txt_q1,3,consensus,A,1
high598.txt_q2,3,consensus,D,1
high598.txt_q3,3,consensus,D,1
high6008.txt_q0,3,consensus,D,1
high6008.txt_q1,3,consensus,C,1
high6008.txt_q2,3,consensus,B,1
high6008.txt_q3,3,consensus,A,1
high6008.txt_q4,3,consensus,A,1
high6009.txt_q0,3,consensus,A,1
high6009.txt_q1,3,consensus,D,1
high6009.txt_q2,3,consensus,B,1
high6009.txt_q3,3,consensus,C,1
high6015.txt_q0,3,consensus,A,1
high6015.txt_q1,3,consensus,D,1
high6044.txt_q0,3,consensus,B,1
high6044.txt_q1,3,consensus,C,1
high6044.txt_q2,3,consensus,C,1
high6044.txt_q3,3,consensus,B,1
high6053.txt_q0,3,consensus,C,1
high6053.txt_q1,3,consensus,C,1
high6053.txt_q2,3,consensus,D,1
high6053.txt_q3,3,consensus,A,1
high6064.txt_q0,3,consensus,D,1
high6064.txt_q1,3,consensus,A,1
high6064.txt_q2,3,consensus,D,1
high6064.txt_q3,3,consensus,C,1
high6064.txt_q4,3,consensus,B,1
high6087.txt_q0,3,consensus,A,1
high6087.txt_q1,3,consensus,B,1
high6087.txt_q2,3,consensus,A,1
high6152.txt_q0,3,consensus,D,1
high6152.txt_q1,3,consensus,C,1
high6175.txt_q0,3,consensus,B,0
high6175.txt_q1,3,consensus,C,1
high6175.txt_q2,3,consensus,C,1
high6182.txt_q0,3,consensus,C,1
high6182.txt_q1,3,consensus,A,0
high6182.txt_q2,3,consensus,D,0
high6248.txt_q0,3,consensus,C,1
high6248.txt_q1,3,consensus,D,1
high6248.txt_q2,3,consensus,B,1
high6249.txt_q0,3,consensus,A,1
high6249.txt_q1,3,consensus,C,1
high6249.txt_q2,3,consensus,B,1
high6260.txt_q0,3,consensus,A,1
high6260.txt_q1,3,consensus,D,1
high6260.txt_q2,3,consensus,A,1
high6260.txt_q3,3,consensus,B,1
high6274.txt_q0,3,consensus,B,1
high6274.txt_q1,3,consensus,C,1
high6298.txt_q0,3,consensus,B,1
high6298.txt_q1,3,consensus,A,1
high6298.txt_q2,3,consensus,D,1
high63.txt_q0,3,consensus,B,1
high63.txt_q1,3,consensus,D,1
high63.txt_q2,3,consensus,A,1
high63.txt_q3,3,consensus,B,1
high6313.txt_q0,3,consensus,A,1
high6313.txt_q1,3,consensus,D,1
high6313.txt_q2,3,consensus,C,1
high6313.txt_q3,3,consensus,C,1
high6326.txt_q0,3,consensus,C,1
high6326.txt_q1,3,consensus,D,1
high6326.txt_q2,3,consensus,B,1
high6331.txt_q0,3,consensus,B,1
high6331.txt_q1,3,consensus,D,1
high6331.txt_q2,3,consensus,B,1
high6348.txt_q0,3,consensus,C,1
high6348.txt_q1,3,consensus,D,1
high6348.txt_q2,3,consensus,B,1
high6348.txt_q3,3,consensus,C,1
high6352.txt_q0,3,consensus,B,1
high6352.txt_q1,3,consensus,D,1
high6352.txt_q2,3,consensus,D,1
high6352.txt_q3,3,consensus,A,1
high6372.txt_q0,3,consensus,A,1
high6384.txt_q0,3,consensus,C,1
high6384.txt_q1,3,consensus,B,1
high6384.txt_q2,3,consensus,C,1
high6396.txt_q0,3,consensus,B,1
high6396.txt_q1,3,consensus,C,1
high6396.txt_q2,3,consensus,D,1
high6396.txt_q3,3,consensus,D,1
high6397.txt_q0,3,consensus,D,0
high6397.txt_q1,3,consensus,C,1
high6397.txt_q2,3,consensus,B,1
high6426.txt_q0,3,consensus,B,1
high6426.txt_q1,3,consensus,B,1
high6426.txt_q2,3,consensus,D,1
high6429.txt_q0,3,consensus,B,1
high6447.txt_q0,3,consensus,B,1
high6447.txt_q1,3,consensus,C,1
high6447.txt_q2,3,consensus,D,1
high6473.txt_q0,3,consensus,D,1
high6473.txt_q1,3,consensus,D,1
high6473.txt_q2,3,consensus,B,1
high6473.txt_q3,3,consensus,C,1
high6488.txt_q0,3,consensus,A,1
high6488.txt_q1,3,consensus,B,1
high6488.txt_q2,3,consensus,B,1
high6488.txt_q3,3,consensus,C,1
high6527.txt_q0,3,consensus,A,1
high6527.txt_q1,3,consensus,D,1
high6527.txt_q2,3,consensus,C,1
high6551.txt_q0,3,consensus,A,1
high6551.txt_q1,3,consensus,D,1
high6551.txt_q2,3,consensus,C,1
high6551.txt_q3,3,consensus,D,1
high6553.txt_q0,3,consensus,C,1
high6553.txt_q1,3,consensus,A,1
high6553.txt_q2,3,consensus,D,1
high6553.txt_q3,3,consensus,A,0
high657.txt_q0,3,consensus,A,0
high657.txt_q1,3,consensus,D,1
high657.txt_q2,3,consensus,C,1
high6574.txt_q0,3,consensus,A,1
high6574.txt_q1,3,consensus,C,1
high6574.txt_q2,3,consensus,D,1
high6587.txt_q0,3,consensus,D,1
high6587.txt_q1,3,consensus,D,1
high6607.txt_q0,3,consensus,A,1
high6607.txt_q1,3,consensus,D,1
high6607.txt_q2,3,consensus,C,1
high6607.txt_q3,3,consensus,A,1
high6608.txt_q0,3,consensus,D,1
high6608.txt_q1,3,consensus,B,1
high6608.txt_q2,3,consensus,C,1
high6608.txt_q3,3,consensus,B,1
high6612.txt_q0,3,consensus,C,1
high6612.txt_q1,3,consensus,A,1
high6612.txt_q2,3,consensus,B,1
high6612.txt_q3,3,consensus,C,1
high6614.txt_q0,3,consensus,D,1
high6614.txt_q1,3,consensus,D,1
high6649.txt_q0,3,consensus,C,1
high6649.txt_q1,3,consensus,A,1
high6649.txt_q2,3,consensus,C,1
high667.txt_q0,3,consensus,A,1
high667.txt_q1,3,consensus,B,1
high667.txt_q2,3,consensus,B,1
high6683.txt_q0,3,consensus,A,1
high6683.txt_q1,3,consensus,A,1
high6683.txt_q2,3,consensus,B,1
high6702.txt_q0,3,consensus,A,1
high6702.txt_q1,3,consensus,C,1
high6702.txt_q2,3,consensus,D,1
high6702.txt_q3,3,consensus,C,1
high674.txt_q0,3,consensus,D,1
high674.txt_q1,3,consensus,B,1
high674.txt_q2,3,consensus,C,1
high6751.txt_q0,3,consensus,C,1
high6751.txt_q1,3,consensus,C,1
high6751.txt_q2,3,consensus,A,1
high6763.txt_q0,3,consensus,A,1
high6763.txt_q1,3,consensus,D,1
high6763.txt_q2,3,consensus,C,1
high6763.txt_q3,3,consensus,B,1
high677.txt_q0,3,consensus,A,1
high677.txt_q1,3,consensus,D,1
high677.txt_q2,3,consensus,C,1
high677.txt_q3,3,consensus,D,1
high6775.txt_q0,3,consensus,C,1
high6775.txt_q1,3,consensus,B,1
high6775.txt_q2,3,consensus,D,1
high6775.txt_q3,3,consensus,D,1
high6801.txt_q0,3,consensus,C,1
high6801.txt_q1,3,consensus,D,1
high6814.txt_q0,3,consensus,C,1
high6814.txt_q1,3,consensus,A,1
high6814.txt_q2,3,consensus,B,0
high6814.txt_q3,3,consensus,C,1
high6838.txt_q0,3,consensus,B,1
high6855.txt_q0,3,consensus,B,1
high6855.txt_q1,3,consensus,A,1
high6855.txt_q2,3,consensus,A,1
high6855.txt_q3,3,consensus,B,1
high6903.txt_q0,3,consensus,D,1
high6903.txt_q1,3,consensus,B,1
high6903.txt_q2,3,consensus,C,1
high6915.txt_q0,3,consensus,D,1
high6915.txt_q1,3,consensus,D,1
high6915.txt_q2,3,consensus,D,1
high6915.txt_q3,3,consensus,A,1
high6964.txt_q0,3,consensus,B,1
high6964.txt_q1,3,consensus,D,1
high6964.txt_q2,3,consensus,A,1
high6973.txt_q0,3,consensus,D,1
high6973.txt_q1,3,consensus,A,1
high6973.txt_q2,3,consensus,A,1
high6973.txt_q3,3,consensus,B,1
high7006.txt_q0,3,consensus,B,1
high7006.txt_q1,3,consensus,D,1
high7006.txt_q2,3,consensus,D,1
high7037.txt_q0,3,consensus,B,1
high7037.txt_q1,3,consensus,A,1
high7056.txt_q0,3,consensus,A,1
high7056.txt_q1,3,consensus,B,1
high7056.txt_q2,3,consensus,C,1
high7056.txt_q3,3,consensus,A,1
high7083.txt_q0,3,consensus,C,1
high7083.txt_q1,3,consensus,D,1
high7083.txt_q2,3,consensus,A,1
high7085.txt_q0,3,consensus,C,1
high7085.txt_q1,3,consensus,D,1
high7085.txt_q2,3,consensus,B,1
high7101.txt_q0,3,consensus,A,1
high7101.txt_q1,3,consensus,C,1
high7101.txt_q2,3,consensus,A,1
high7190.txt_q0,3,consensus,C,1
high7190.txt_q1,3,consensus,A,1
high7190.txt_q2,3,consensus,D,1
high7190.txt_q3,3,consensus,B,1
high7197.txt_q0,3,consensus,B,1
high7197.txt_q1,3,consensus,D,1
high7197.txt_q2,3,consensus,C,1
high721.txt_q0,3,consensus,D,1
high721.txt_q1,3,consensus,C,1
high721.txt_q2,3,consensus,B,1
high7218.txt_q0,3,consensus,C,1
high7218.txt_q1,3,consensus,B,1
high7218.txt_q2,3,consensus,A,1
high7252.txt_q0,3,consensus,D,1
high7252.txt_q1,3,consensus,B,1
high7252.txt_q2,3,consensus,A,1
high7271.txt_q0,3,consensus,A,1
high7300.txt_q0,3,consensus,C,1
high7300.txt_q1,3,consensus,B,1
high7300.txt_q2,3,consensus,A,1
high7363.txt_q0,3,consensus,D,1
high7363.txt_q1,3,consensus,C,0
high7363.txt_q2,3,consensus,A,1
high7363.txt_q3,3,consensus,C,1
high7418.txt_q0,3,consensus,C,1
high7418.txt_q1,3,consensus,B,1
high7418.txt_q2,3,consensus,D,1
high7445.txt_q0,3,consensus,D,1
high7445.txt_q1,3,consensus,B,1
high7445.txt_q2,3,consensus,A,1
high7445.txt_q3,3,consensus,C,1
high7451.txt_q0,3,consensus,B,1
high7451.txt_q1,3,consensus,D,1
high7451.txt_q2,3,consensus,D,1
high7451.txt_q3,3,consensus,C,1
high7462.txt_q0,3,consensus,A,1
high7462.txt_q1,3,consensus,C,0
high7462.txt_q2,3,consensus,B,1
high7462.txt_q3,3,consensus,B,0
high7463.txt_q0,3,consensus,B,1
high7463.txt_q1,3,consensus,C,1
high7463.txt_q2,3,consensus,C,1
high7481.txt_q0,3,consensus,B,1
high7481.txt_q1,3,consensus,C,1
high7481.txt_q2,3,consensus,D,1
high7481.txt_q3,3,consensus,D,1
high7487.txt_q0,3,consensus,D,1
high7487.txt_q1,3,consensus,A,1
high7487.txt_q2,3,consensus,C,1
high7487.txt_q3,3,consensus,C,0
high7487.txt_q4,3,consensus,A,1
high7491.txt_q0,3,consensus,C,1
high7491.txt_q1,3,consensus,B,1
high7491.txt_q2,3,consensus,A,1
high7491.txt_q3,3,consensus,B,1
high7495.txt_q0,3,consensus,A,1
high7495.txt_q1,3,consensus,D,1
high7495.txt_q2,3,consensus,C,1
high75.txt_q0,3,consensus,C,1
high75.txt_q1,3,consensus,B,1
high75.txt_q2,3,consensus,A,1
high7514.txt_q0,3,consensus,B,1
high7514.txt_q1,3,consensus,D,1
high7514.txt_q2,3,consensus,D,1
high7524.txt_q0,3,no_consensus,,0
high7524.txt_q1,3,consensus,A,1
high7524.txt_q2,3,consensus,B,1
high7574.txt_q0,3,consensus,A,1
high7574.txt_q1,3,consensus,C,1
high7574.txt_q2,3,consensus,B,0
high7588.txt_q0,3,consensus,A,1
high7588.txt_q1,3,consensus,B,1
high7588.txt_q2,3,consensus,B,1
high7588.txt_q3,3,consensus,D,1
high7588.txt_q4,3,consensus,C,1
high760.txt_q0,3,consensus,A,1
high760.txt_q1,3,consensus,C,1
high760.txt_q2,3,consensus,C,1
high760.txt_q3,3,consensus,B,1
high763.txt_q0,3,consensus,C,1
high763.txt_q1,3,consensus,B,1
high763.txt_q2,3,consensus,C,1
high763.txt_q3,3,consensus,A,1
high7637.txt_q0,3,consensus,C,0
high7637.txt_q1,3,consensus,C,1
high7639.txt_q0,3,consensus,D,1
high7639.txt_q1,3,consensus,A,1
high7648.txt_q0,3,consensus,D,1
high7648.txt_q1,3,consensus,C,1
high7648.txt_q2,3,consensus,D,1
high7648.txt_q3,3,consensus,B,1
high7652.txt_q0,3,consensus,A,1
high7652.txt_q1,3,consensus,B,1
high7652.txt_q2,3,consensus,A,1
high7652.txt_q3,3,consensus,D,1
high7652.txt_q4,3,consensus,C,1
high7705.txt_q0,3,consensus,A,1
high7705.txt_q1,3,consensus,B,1
high7705.txt_q2,3,consensus,C,1
high7705.txt_q3,3,consensus,C,1
high7724.txt_q0,3,consensus,C,1
high7724.txt_q1,3,consensus,B,1
high7724.txt_q2,3,consensus,C,1
high7733.txt_q0,3,consensus,B,1
high7733.txt_q1,3,consensus,A,1
high7745.txt_q0,3,consensus,C,1
high7745.txt_q1,3,consensus,A,1
high7745.txt_q2,3,consensus,C,1
high7752.txt_q0,3,consensus,A,0
high7752.txt_q1,3,consensus,A,1
high7752.txt_q2,3,consensus,D,0
high7752.txt_q3,3,consensus,C,1
high7780.txt_q0,3,consensus,A,1
high7780.txt_q1,3,consensus,C,1
high7780.txt_q2,3,consensus,A,0
high7780.txt_q3,3,consensus,C,1
high7786.txt_q0,3,consensus,C,1
high7786.txt_q1,3,consensus,B,1
high7786.txt_q2,3,consensus,C,1
high7786.txt_q3,3,consensus,B,1
high7803.txt_q0,3,consensus,B,1
high7803.txt_q1,3,consensus,A,1
high7803.txt_q2,3,consensus,B,1
high7803.txt_q3,3,consensus,A,1
high7805.txt_q0,3,consensus,D,1
high7805.txt_q1,3,consensus,A,1
high7805.txt_q2,3,consensus,B,1
high7811.txt_q0,3,consensus,C,1
high7811.txt_q1,3,consensus,D,1
high7811.txt_q2,3,consensus,A,1
high7811.txt_q3,3,consensus,A,1
high782.txt_q0,3,consensus,B,1
high782.txt_q1,3,consensus,A,1
high782.txt_q2,3,consensus,B,1
high782.txt_q3,3,consensus,D,1
high782.txt_q4,3,no_consensus,,0
high7822.txt_q0,3,consensus,C,1
high7822.txt_q1,3,consensus,B,1
high7822.txt_q2,3,consensus,D,1
high7822.txt_q3,3,consensus,B,1
high7827.txt_q0,3,consensus,A,1
high7827.txt_q1,3,consensus,B,1
high7827.txt_q2,3,consensus,C,1
high7827.txt_q3,3,consensus,B,1
high7852.txt_q0,3,consensus,D,1
high7852.txt_q1,3,consensus,B,1
high7852.txt_q2,3,consensus,D,1
high7890.txt_q0,3,consensus,A,1
high7890.txt_q1,3,consensus,C,1
high7896.txt_q0,3,consensus,C,1
high7896.txt_q1,3,consensus,B,1
high7896.txt_q2,3,consensus,D,1
high7944.txt_q0,3,consensus,A,1
high7944.txt_q1,3,consensus,D,1
high7944.txt_q2,3,consensus,C,1
high7944.txt_q3,3,consensus,B,1
high7998.txt_q0,3,consensus,C,1
high7998.txt_q1,3,consensus,B,1
high7998.txt_q2,3,consensus,C,1
high8046.txt_q0,3,consensus,B,1
high8046.txt_q1,3,consensus,D,1
high8046.txt_q2,3,consensus,A,1
high8060.txt_q0,3,consensus,A,1
high8060.txt_q1,3,consensus,B,1
high8060.txt_q2,3,consensus,C,1
high8060.txt_q3,3,consensus,B,1
high8110.txt_q0,3,consensus,B,1
high8110.txt_q1,3,consensus,D,1
high8110.txt_q2,3,consensus,A,1
high8114.txt_q0,3,consensus,B,1
high8114.txt_q1,3,consensus,A,1
high8114.txt_q2,3,consensus,B,1
high8114.txt_q3,3,consensus,A,1
high8132.txt_q0,3,consensus,D,1
high8132.txt_q1,3,consensus,B,1
high8132.txt_q2,3,consensus,A,1
high8132.txt_q3,3,consensus,A,1
high8145.txt_q0,3,consensus,C,1
high8145.txt_q1,3,consensus,D,1
high8145.txt_q2,3,consensus,D,1
high8145.txt_q3,3,consensus,A,1
high8162.txt_q0,3,consensus,A,1
high8162.txt_q1,3,consensus,C,1
high8162.txt_q2,3,consensus,B,1
high818.txt_q0,3,consensus,B,1
high818.txt_q1,3,consensus,D,1
high818.txt_q2,3,consensus,A,1
high8191.txt_q0,3,consensus,B,1
high8191.txt_q1,3,consensus,C,1
high8191.txt_q2,3,consensus,B,0
high8191.txt_q3,3,consensus,C,0
high8209.txt_q0,3,consensus,A,1
high8209.txt_q1,3,consensus,B,1
high8209.txt_q2,3,consensus,C,1
high8209.txt_q3,3,consensus,A,1
high8217.txt_q0,3,consensus,D,1
high8217.txt_q1,3,consensus,B,1
high8217.txt_q2,3,consensus,D,1
high8217.txt_q3,3,consensus,C,1
high8217.txt_q4,3,consensus,A,1
high8238.txt_q0,3,consensus,D,1
high8238.txt_q1,3,consensus,C,1
high8238.txt_q2,3,consensus,B,1
high8238.txt_q3,3,consensus,D,1
high8282.txt_q0,3,consensus,D,1
high8282.txt_q1,3,consensus,D,1
high8282.txt_q2,3,consensus,B,1
high8345.txt_q0,3,consensus,C,1
high8345.txt_q1,3,consensus,D,1
high8345.txt_q2,3,consensus,A,1
high8345.txt_q3,3,consensus,B,1
high8385.txt_q0,3,consensus,A,1
high8385.txt_q1,3,consensus,D,1
high8385.txt_q2,3,consensus,D,1
high8385.txt_q3,3,consensus,D,1
high839.txt_q0,3,consensus,D,1
high839.txt_q1,3,consensus,D,1
high839.txt_q2,3,consensus,B,1
high839.txt_q3,3,consensus,A,1
high839.txt_q4,3,consensus,C,1
high8395.txt_q0,3,consensus,D,1
high8395.txt_q1,3,consensus,B,1
high8395.txt_q2,3,consensus,C,1
high8406.txt_q0,3,consensus,D,1
high8406.txt_q1,3,consensus,C,0
high8406.txt_q2,3,consensus,B,1
high8422.txt_q0,3,consensus,C,1
high8422.txt_q1,3,consensus,A,1
high8422.txt_q2,3,consensus,D,1
high8453.txt_q0,3,consensus,B,1
high8453.txt_q1,3,consensus,C,1
high8453.txt_q2,3,consensus,C,1
high8453.txt_q3,3,consensus,B,1
high8453.txt_q4,3,consensus,A,1
high8462.txt_q0,3,consensus,A,1
high8462.txt_q1,3,consensus,D,1
high8462.txt_q2,3,consensus,C,1
high8462.txt_q3,3,consensus,D,1
high8482.txt_q0,3,consensus,D,1
high8482.txt_q1,3,consensus,D,1
high8482.txt_q2,3,consensus,A,1
high8508.txt_q0,3,consensus,D,1
high8508.txt_q1,3,consensus,A,1
high8508.txt_q2,3,consensus,B,1
high8508.txt_q3,3,consensus,C,1
high8508.txt_q4,3,consensus,D,1
high8512.txt_q0,3,no_consensus,,0
high8512.txt_q1,3,consensus,D,1
high8512.txt_q2,3,consensus,D,1
high8512.txt_q3,3,consensus,C,1
high8527.txt_q0,3,consensus,C,1
high8527.txt_q1,3,consensus,B,1
high8527.txt_q2,3,consensus,B,1
high8527.txt_q3,3,consensus,A,1
high8561.txt_q0,3,consensus,C,1
high8561.txt_q1,3,consensus,D,1
high8561.txt_q2,3,consensus,C,0
high8602.txt_q0,3,consensus,B,1
high8602.txt_q1,3,consensus,D,1
high8602.txt_q2,3,consensus,D,1
high8614.txt_q0,3,consensus,A,1
high8614.txt_q1,3,consensus,B,1
high8614.txt_q2,3,no_consensus,,0
high8614.txt_q3,3,consensus,A,1
high8623.txt_q0,3,consensus,D,1
high8623.txt_q1,3,consensus,C,1
high8623.txt_q2,3,consensus,C,1
high8623.txt_q3,3,consensus,C,1
high8623.txt_q4,3,consensus,B,1
high8635.txt_q0,3,consensus,A,1
high8635.txt_q1,3,consensus,C,1
high8635.txt_q2,3,consensus,B,1
high8635.txt_q3,3,consensus,D,1
high8670.txt_q0,3,consensus,D,1
high8670.txt_q1,3,consensus,A,1
high8670.txt_q2,3,consensus,B,1
high8670.txt_q3,3,consensus,C,1
high8686.txt_q0,3,consensus,A,1
high8686.txt_q1,3,consensus,C,1
high8708.txt_q0,3,consensus,C,1
high8708.txt_q1,3,consensus,D,1
high8708.txt_q2,3,consensus,A,1
high8708.txt_q3,3,consensus,D,1
high8736.txt_q0,3,consensus,D,1
high8736.txt_q1,3,consensus,A,1
high8736.txt_q2,3,consensus,B,1
high8736.txt_q3,3,consensus,B,1
high8736.txt_q4,3,consensus,C,1
high8747.txt_q0,3,consensus,D,1
high8747.txt_q1,3,consensus,A,1
high8747.txt_q2,3,consensus,C,1
high8789.txt_q0,3,consensus,C,1
high8789.txt_q1,3,consensus,B,1
high8789.txt_q2,3,consensus,C,1
high8789.txt_q3,3,consensus,A,1
high8800.txt_q0,3,consensus,C,1
high8800.txt_q1,3,consensus,A,1
high8811.txt_q0,3,consensus,A,1
high8811.txt_q1,3,consensus,D,1
high8811.txt_q2,3,consensus,B,1
high8811.txt_q3,3,consensus,D,1
high8811.txt_q4,3,consensus,C,1
high8826.txt_q0,3,consensus,D,1
high8826.txt_q1,3,consensus,B,1
high8826.txt_q2,3,consensus,C,1
high883.txt_q0,3,consensus,C,1
high883.txt_q1,3,consensus,B,1
high883.txt_q2,3,consensus,B,1
high883.txt_q3,3,consensus,A,1
high884.txt_q0,3,consensus,C,1
high884.txt_q1,3,consensus,C,1
high884.txt_q2,3,consensus,A,1
high8862.txt_q0,3,consensus,B,1
high8862.txt_q1,3,consensus,A,1
high8862.txt_q2,3,consensus,D,1
high8862.txt_q3,3,consensus,A,1
high8881.txt_q0,3,consensus,C,0
high8881.txt_q1,3,consensus,D,1
high8881.txt_q2,3,consensus,B,1
high8881.txt_q3,3,consensus,C,1
high8918.txt_q0,3,consensus,C,1
high8918.txt_q1,3,consensus,A,1
high8919.txt_q0,3,consensus,B,1
high8919.txt_q1,3,consensus,D,1
high8935.txt_q0,3,consensus,A,0
high8935.txt_q1,3,consensus,B,1
high8935.txt_q2,3,consensus,C,1
high8935.txt_q3,3,consensus,D,1
high8935.txt_q4,3,consensus,A,1
high8982.txt_q0,3,consensus,B,1
high8982.txt_q1,3,consensus,B,1
high8982.txt_q2,3,consensus,A,1
high8985.txt_q0,3,consensus,C,1
high8985.txt_q1,3,consensus,D,1
high8985.txt_q2,3,consensus,B,1
high8985.txt_q3,3,consensus,A,1
high9002.txt_q0,3,consensus,B,1
high9002.txt_q1,3,consensus,A,1
high9002.txt_q2,3,consensus,C,1
high9002.txt_q3,3,consensus,B,1
high9003.txt_q0,3,consensus,B,1
high9003.txt_q1,3,consensus,C,1
high9003.txt_q2,3,consensus,D,1
high9027.txt_q0,3,consensus,B,1
high9027.txt_q1,3,consensus,C,1
high9027.txt_q2,3,consensus,D,1
high9027.txt_q3,3,consensus,B,1
high9027.txt_q4,3,consensus,A,1
high9067.txt_q0,3,consensus,C,1
high9067.txt_q1,3,consensus,B,1
high9067.txt_q2,3,consensus,A,1
high9071.txt_q0,3,consensus,D,1
high9071.txt_q1,3,consensus,D,1
high9071.txt_q2,3,consensus,B,1
high9071.txt_q3,3,consensus,C,1
high9071.txt_q4,3,consensus,C,1
high9117.txt_q0,3,consensus,B,1
high9117.txt_q1,3,consensus,C,1
high9117.txt_q2,3,consensus,C,1
high9117.txt_q3,3,consensus,C,0
high9118.txt_q0,3,consensus,B,1
high9118.txt_q1,3,consensus,B,1
high9138.txt_q0,3,consensus,A,1
high9138.txt_q1,3,consensus,C,1
high9138.txt_q2,3,consensus,D,1
high9168.txt_q0,3,consensus,D,1
high9168.txt_q1,3,consensus,B,1
high9168.txt_q2,3,consensus,B,1
high9187.txt_q0,3,consensus,C,1
high9187.txt_q1,3,consensus,B,1
high9187.txt_q2,3,consensus,C,1
high9266.txt_q0,3,consensus,B,1
high9266.txt_q1,3,consensus,C,1
high9272.txt_q0,3,consensus,C,1
high9272.txt_q1,3,consensus,C,1
high9272.txt_q2,3,consensus,B,1
high9272.txt_q3,3,consensus,A,1
high9349.txt_q0,3,consensus,C,1
high9349.txt_q1,3,consensus,A,1
high9349.txt_q2,3,consensus,A,1
high9349.txt_q3,3,consensus,A,1
high9351.txt_q0,3,consensus,A,1
high9351.txt_q1,3,consensus,C,1
high9351.txt_q2,3,consensus,C,1
high9351.txt_q3,3,consensus,B,1
high939.txt_q0,3,consensus,B,1
high939.txt_q1,3,consensus,A,1
high9395.txt_q0,3,consensus,C,1
high9395.txt_q1,3,consensus,A,1
high9395.txt_q2,3,consensus,C,1
high9399.txt_q0,3,consensus,D,1
high9399.txt_q1,3,no_consensus,,0
high9399.txt_q2,3,consensus,D,1
high9407.txt_q0,3,consensus,C,1
high9407.txt_q1,3,consensus,D,1
high9408.txt_q0,3,consensus,C,1
high9408.txt_q1,3,consensus,D,1
high9408.txt_q2,3,consensus,B,1
high9417.txt_q0,3,consensus,D,1
high9417.txt_q1,3,consensus,B,1
high9417.txt_q2,3,consensus,D,1
high9417.txt_q3,3,consensus,C,1
high9444.txt_q0,3,consensus,C,1
high9444.txt_q1,3,consensus,A,1
high9444.txt_q2,3,consensus,A,1
high9444.txt_q3,3,consensus,B,1
high9463.txt_q0,3,consensus,C,1
high9463.txt_q1,3,consensus,D,1
high9463.txt_q2,3,consensus,A,1
high9481.txt_q0,3,consensus,D,1
high9481.txt_q1,3,consensus,C,1
high9481.txt_q2,3,consensus,B,1
high9494.txt_q0,3,consensus,C,1
high9516.txt_q0,3,consensus,D,1
high9516.txt_q1,3,consensus,B,1
high9516.txt_q2,3,consensus,C,1
high9516.txt_q3,3,consensus,A,1
high952.txt_q0,3,consensus,D,1
high952.txt_q1,3,consensus,B,1
high952.txt_q2,3,consensus,A,1
high9543.txt_q0,3,consensus,A,1
high9543.txt_q1,3,consensus,C,1
high9579.txt_q0,3,consensus,C,1
high9579.txt_q1,3,consensus,A,1
high9616.txt_q0,3,consensus,D,1
high9616.txt_q1,3,consensus,D,1
high9616.txt_q2,3,consensus,C,1
high9625.txt_q0,3,consensus,B,1
high9625.txt_q1,3,consensus,A,0
high9625.txt_q2,3,consensus,C,1
high9627.txt_q0,3,consensus,B,1
high9627.txt_q1,3,consensus,C,1
high9709.txt_q0,3,consensus,B,1
high9709.txt_q1,3,consensus,B,1
high9709.txt_q2,3,consensus,C,1
high9737.txt_q0,3,consensus,C,1
high9737.txt_q1,3,consensus,C,1
high9737.txt_q2,3,consensus,A,1
high9750.txt_q0,3,consensus,D,0
high9750.txt_q1,3,consensus,D,1
high9779.txt_q0,3,consensus,C,1
high9779.txt_q1,3,consensus,C,1
high9779.txt_q2,3,consensus,D,1
high9779.txt_q3,3,consensus,C,1
high9805.txt_q0,3,consensus,C,1
high9805.txt_q1,3,consensus,A,1
high9805.txt_q2,3,consensus,B,1
high9805.txt_q3,3,consensus,D,1
high981.txt_q0,3,consensus,C,1
high981.txt_q1,3,consensus,B,1
high9813.txt_q0,3,consensus,B,1
high9813.txt_q1,3,consensus,D,1
high9813.txt_q2,3,consensus,B,1
high9828.txt_q0,3,consensus,D,1
high9828.txt_q1,3,consensus,C,1
high9828.txt_q2,3,consensus,D,1
high9828.txt_q3,3,consensus,A,1
high9841.txt_q0,3,consensus,B,1
high9841.txt_q1,3,consensus,D,1
high9841.txt_q2,3,consensus,A,1
high9841.txt_q3,3,consensus,D,1
high9864.txt_q0,3,consensus,A,1
high9864.txt_q1,3,consensus,B,1
high9864.txt_q2,3,consensus,D,1
high9897.txt_q0,3,consensus,B,1
high9897.txt_q1,3,consensus,C,1
high9897.txt_q2,3,consensus,B,1
high9957.txt_q0,3,consensus,A,1
high9957.txt_q1,3,consensus,D,1
high9957.txt_q2,3,consensus,C,1
high9957.txt_q3,3,consensus,B,1
high9979.txt_q0,3,consensus,B,0
high9979.txt_q1,3,consensus,B,0
high9987.txt_q0,3,consensus,D,1
high9987.txt_q1,3,consensus,B,1
high9987.txt_q2,3,consensus,C,1
middle1011.txt_q0,3,consensus,C,1
middle1011.txt_q1,3,consensus,D,1
middle1011.txt_q2,3,consensus,C,1
middle1011.txt_q3,3,consensus,A,1
middle1011.txt_q4,3,consensus,C,1
middle1030.txt_q0,3,consensus,C,1
middle1030.txt_q1,3,consensus,D,1
middle1030.txt_q2,3,consensus,C,1
middle1030.txt_q3,3,consensus,C,1
middle1031.txt_q0,3,consensus,C,1
middle1031.txt_q1,3,consensus,D,1
middle1031.txt_q2,3,consensus,B,1
middle1031.txt_q3,3,consensus,B,1
middle1031.txt_q4,3,consensus,D,1
middle1035.txt_q0,3,consensus,D,1
middle1035.txt_q1,3,consensus,D,0
middle1035.txt_q2,3,consensus,A,1
middle1035.txt_q3,3,consensus,A,1
middle1035.txt_q4,3,consensus,C,1
middle1045.txt_q0,3,consensus,C,1
middle1045.txt_q1,3,consensus,C,1
middle1045.txt_q2,3,consensus,D,1
middle1061.txt_q0,3,consensus,B,1
middle1061.txt_q1,3,consensus,D,1
middle1071.txt_q0,3,consensus,B,1
middle1071.txt_q1,3,consensus,C,1
middle1071.txt_q2,3,consensus,A,1
middle1071.txt_q3,3,consensus,B,1
middle1081.txt_q0,3,consensus,A,1
middle1081.txt_q1,3,consensus,D,1
middle1097.txt_q0,3,consensus,B,1
middle1097.txt_q1,3,consensus,C,1
middle1097.txt_q2,3,consensus,A,0
middle1097.txt_q3,3,consensus,C,1
middle1097.txt_q4,3,consensus,B,1
middle1129.txt_q0,3,consensus,A,1
middle1129.txt_q1,3,consensus,C,1
middle1129.txt_q2,3,consensus,D,1
middle1132.txt_q0,3,consensus,C,1
middle1132.txt_q1,3,consensus,C,1
middle1132.txt_q2,3,consensus,D,1
middle1132.txt_q3,3,consensus,D,1
middle1132.txt_q4,3,consensus,B,1
middle1137.txt_q0,3,consensus,A,1
middle1137.txt_q1,3,consensus,D,1
middle1137.txt_q2,3,consensus,C,1
middle1137.txt_q3,3,consensus,B,1
middle1137.txt_q4,3,consensus,A,1
middle1148.txt_q0,3,consensus,C,1
middle1148.txt_q1,3,consensus,B,1
middle1148.txt_q2,3,consensus,B,1
middle1155.txt_q0,3,consensus,B,1
middle1155.txt_q1,3,consensus,D,1
middle1155.txt_q2,3,consensus,B,0
middle1155.txt_q3,3,consensus,A,1
middle1160.txt_q0,3,consensus,D,1
middle1160.txt_q1,3,consensus,C,1
middle1160.txt_q2,3,consensus,B,1
middle1160.txt_q3,3,consensus,C,1
middle1163.txt_q0,3,consensus,A,1
middle1163.txt_q1,3,consensus,B,1
middle1163.txt_q2,3,consensus,D,1
middle1163.txt_q3,3,consensus,C,1
middle1187.txt_q0,3,consensus,B,1
middle1187.txt_q1,3,consensus,B,1
middle1187.txt_q2,3,consensus,C,1
middle1187.txt_q3,3,consensus,B,0
middle1187.txt_q4,3,consensus,C,1
middle1263.txt_q0,3,consensus,B,1
middle1263.txt_q1,3,consensus,D,1
middle1263.txt_q2,3,consensus,B,1
middle1263.txt_q3,3,consensus,C,1
middle1292.txt_q0,3,consensus,A,1
middle1292.txt_q1,3,consensus,C,1
middle1292.txt_q2,3,consensus,D,1
middle1292.txt_q3,3,consensus,A,1
middle1292.txt_q4,3,consensus,B,1
middle13.txt_q0,3,consensus,A,1
middle13.txt_q1,3,consensus,C,1
middle13.txt_q2,3,consensus,A,1
middle13.txt_q3,3,consensus,D,1
middle13.txt_q4,3,consensus,B,1
middle1302.txt_q0,3,consensus,B,1
middle1302.txt_q1,3,consensus,D,0
middle1302.txt_q2,3,consensus,B,1
middle1381.txt_q0,3,consensus,D,1
middle1381.txt_q1,3,consensus,B,1
middle1381.txt_q2,3,consensus,A,1
middle1381.txt_q3,3,consensus,D,1
middle1386.txt_q0,3,consensus,C,1
middle1386.txt_q1,3,consensus,D,1
middle1386.txt_q2,3,consensus,A,1
middle1386.txt_q3,3,consensus,D,1
middle1386.txt_q4,3,consensus,B,1
middle1388.txt_q0,3,consensus,D,1
middle1388.txt_q1,3,consensus,C,1
middle1388.txt_q2,3,consensus,A,1
middle1388.txt_q3,3,consensus,B,1
middle1390.txt_q0,3,consensus,A,1
middle1390.txt_q1,3,consensus,A,1
middle1390.txt_q2,3,consensus,D,1
middle1390.txt_q3,3,consensus,C,1
middle1417.txt_q0,3,consensus,B,1
middle1417.txt_q1,3,consensus,A,1
middle1417.txt_q2,3,consensus,B,1
middle1417.txt_q3,3,consensus,B,1
middle1422.txt_q0,3,consensus,C,1
middle1422.txt_q1,3,consensus,B,1
middle1422.txt_q2,3,consensus,D,1
middle1422.txt_q3,3,consensus,A,1
middle1422.txt_q4,3,consensus,C,1
middle1427.txt_q0,3,consensus,A,1
middle1427.txt_q1,3,consensus,D,1
middle1427.txt_q2,3,consensus,C,1
middle1427.txt_q3,3,consensus,B,1
middle1438.txt_q0,3,consensus,B,1
middle1438.txt_q1,3,consensus,A,1
middle1438.txt_q2,3,consensus,D,1
middle1438.txt_q3,3,consensus,B,1
middle1438.txt_q4,3,consensus,D,1
middle1455.txt_q0,3,consensus,D,1
middle1455.txt_q1,3,consensus,C,1
middle1455.txt_q2,3,consensus,B,1
middle1455.txt_q3,3,consensus,A,1
middle1455.txt_q4,3,consensus,C,1
middle1463.txt_q0,3,consensus,A,1
middle1463.txt_q1,3,consensus,A,1
middle1463.txt_q2,3,consensus,B,1
middle1463.txt_q3,3,consensus,C,1
middle1463.txt_q4,3,consensus,D,1
middle148.txt_q0,3,consensus,C,1
middle148.txt_q1,3,consensus,C,1
middle148.txt_q2,3,consensus,C,1
middle148.txt_q3,3,consensus,B,1
middle148.txt_q4,3,consensus,B,1
middle1554.txt_q0,3,consensus,D,1
middle1554.txt_q1,3,consensus,C,1
middle1554.txt_q2,3,consensus,B,1
middle1554.txt_q3,3,consensus,D,1
middle1554.txt_q4,3,consensus,A,1
middle157.txt_q0,3,consensus,B,1
middle157.txt_q1,3,consensus,C,1
middle157.txt_q2,3,consensus,B,1
middle157.txt_q3,3,consensus,D,1
middle157.txt_q4,3,consensus,A,1
middle1584.txt_q0,3,consensus,C,1
middle1584.txt_q1,3,consensus,B,1
middle1584.txt_q2,3,consensus,A,1
middle1584.txt_q3,3,consensus,B,1
middle1593.txt_q0,3,consensus,A,1
middle1593.txt_q1,3,consensus,C,1
middle1593.txt_q2,3,consensus,B,1
middle1593.txt_q3,3,consensus,D,1
middle1593.txt_q4,3,consensus,C,1
middle163.txt_q0,3,consensus,D,1
middle163.txt_q1,3,consensus,C,1
middle163.txt_q2,3,consensus,A,1
middle163.txt_q3,3,consensus,B,1
middle163.txt_q4,3,consensus,C,0
middle1638.txt_q0,3,consensus,A,1
middle1638.txt_q1,3,consensus,C,1
middle1638.txt_q2,3,consensus,B,1
middle1638.txt_q3,3,consensus,D,1
middle1638.txt_q4,3,consensus,C,1
middle1641.txt_q0,3,consensus,C,1
middle1641.txt_q1,3,consensus,A,1
middle1641.txt_q2,3,consensus,B,1
middle1641.txt_q3,3,consensus,D,1
middle1642.txt_q0,3,consensus,B,1
middle1642.txt_q1,3,consensus,B,1
middle1642.txt_q2,3,consensus,C,1
middle1642.txt_q3,3,consensus,D,1
middle1650.txt_q0,3,consensus,D,1
middle1650.txt_q1,3,consensus,D,1
middle1650.txt_q2,3,consensus,D,1
middle168.txt_q0,3,consensus,A,1
middle168.txt_q1,3,consensus,A,1
middle1688.txt_q0,3,consensus,C,1
middle1688.txt_q1,3,consensus,B,1
middle1688.txt_q2,3,consensus,D,1
middle1689.txt_q0,3,consensus,A,1
middle1689.txt_q1,3,consensus,C,1
middle1689.txt_q2,3,consensus,C,1
middle1689.txt_q3,3,consensus,A,1
middle1700.txt_q0,3,consensus,C,1
middle1700.txt_q1,3,consensus,A,1
middle1734.txt_q0,3,consensus,A,1
middle1734.txt_q1,3,consensus,B,1
middle1734.txt_q2,3,consensus,C,1
middle175.txt_q0,3,consensus,A,1
middle175.txt_q1,3,consensus,B,1
middle175.txt_q2,3,consensus,B,1
middle1793.txt_q0,3,consensus,D,1
middle1793.txt_q1,3,consensus,C,1
middle1793.txt_q2,3,consensus,B,1
middle1793.txt_q3,3,consensus,C,1
middle1793.txt_q4,3,consensus,C,0
middle1813.txt_q0,3,consensus,C,1
middle1813.txt_q1,3,consensus,B,1
middle1813.txt_q2,3,consensus,B,1
middle1813.txt_q3,3,consensus,A,1
middle1839.txt_q0,3,consensus,D,1
middle1839.txt_q1,3,consensus,B,1
middle1839.txt_q2,3,consensus,D,1
middle1839.txt_q3,3,consensus,D,1
middle1839.txt_q4,3,consensus,A,1
middle1865.txt_q0,3,consensus,C,0
middle1865.txt_q1,3,consensus,A,1
middle1865.txt_q2,3,consensus,D,1
middle1865.txt_q3,3,consensus,D,1
middle1865.txt_q4,3,consensus,B,1
middle1874.txt_q0,3,consensus,B,1
middle1874.txt_q1,3,consensus,B,1
middle1874.txt_q2,3,consensus,B,1
middle1874.txt_q3,3,consensus,C,1
middle1874.txt_q4,3,consensus,A,1
middle1916.txt_q0,3,consensus,A,1
middle1916.txt_q1,3,consensus,B,1
middle1916.txt_q2,3,consensus,C,1
middle1916.txt_q3,3,consensus,D,1
middle1916.txt_q4,3,consensus,A,1
middle1957.txt_q0,3,consensus,A,1
middle1957.txt_q1,3,consensus,B,1
middle1957.txt_q2,3,consensus,C,1
middle1957.txt_q3,3,consensus,D,1
middle1957.txt_q4,3,consensus,D,1
middle1978.txt_q0,3,consensus,B,1
middle1978.txt_q1,3,consensus,D,1
middle1978.txt_q2,3,consensus,B,1
middle1978.txt_q3,3,consensus,A,1
middle1989.txt_q0,3,consensus,B,1
middle1989.txt_q1,3,consensus,A,1
middle1990.txt_q0,3,consensus,C,1
middle1990.txt_q1,3,consensus,D,1
middle1990.txt_q2,3,consensus,D,1
middle1990.txt_q3,3,consensus,B,1
middle2047.txt_q0,3,consensus,B,1
middle2047.txt_q1,3,consensus,D,1
middle205.txt_q0,3,consensus,A,1
middle2067.txt_q0,3,consensus,C,1
middle2074.txt_q0,3,consensus,A,1
middle2074.txt_q1,3,consensus,C,1
middle2074.txt_q2,3,consensus,D,1
middle2079.txt_q0,3,consensus,C,1
middle2079.txt_q1,3,consensus,B,1
middle2079.txt_q2,3,consensus,D,1
middle2080.txt_q0,3,consensus,B,1
middle2080.txt_q1,3,consensus,A,1
middle2080.txt_q2,3,consensus,D,1
middle2080.txt_q3,3,consensus,A,1
middle2098.txt_q0,3,consensus,A,1
middle2098.txt_q1,3,consensus,C,1
middle2098.txt_q2,3,consensus,D,1
middle2118.txt_q0,3,consensus,B,1
middle2118.txt_q1,3,consensus,D,1
middle2118.txt_q2,3,consensus,D,1
middle2118.txt_q3,3,consensus,A,1
middle2119.txt_q0,3,consensus,C,1
middle2119.txt_q1,3,consensus,D,1
middle2165.txt_q0,3,consensus,D,1
middle2165.txt_q1,3,consensus,D,1
middle2165.txt_q2,3,consensus,C,1
middle2165.txt_q3,3,consensus,B,1
middle2165.txt_q4,3,consensus,A,1
middle217.txt_q0,3,consensus,D,1
middle217.txt_q1,3,consensus,D,1
middle217.txt_q2,3,consensus,C,1
middle217.txt_q3,3,consensus,B,1
middle2199.txt_q0,3,consensus,D,1
middle2199.txt_q1,3,consensus,C,1
middle2199.txt_q2,3,consensus,C,1
middle2199.txt_q3,3,consensus,A,1
middle2289.txt_q0,3,consensus,B,1
middle2289.txt_q1,3,consensus,C,1
middle2289.txt_q2,3,consensus,A,1
middle2289.txt_q3,3,consensus,D,1
middle2289.txt_q4,3,consensus,D,1
middle2305.txt_q0,3,consensus,D,1
middle2305.txt_q1,3,consensus,D,1
middle2305.txt_q2,3,consensus,C,1
middle2305.txt_q3,3,consensus,A,1
middle2305.txt_q4,3,consensus,D,1
middle2333.txt_q0,3,consensus,B,1
middle2333.txt_q1,3,consensus,C,1
middle2333.txt_q2,3,consensus,C,1
middle2333.txt_q3,3,consensus,D,1
middle2356.txt_q0,3,consensus,A,1
middle2356.txt_q1,3,consensus,C,1
middle2407.txt_q0,3,consensus,D,1
middle2407.txt_q1,3,consensus,A,1
middle2407.txt_q2,3,consensus,D,1
middle2407.txt_q3,3,consensus,D,1
middle2407.txt_q4,3,consensus,B,1
middle2414.txt_q0,3,consensus,C,1
middle2414.txt_q1,3,consensus,B,1
middle2414.txt_q2,3,consensus,B,1
middle2414.txt_q3,3,consensus,C,1
middle2439.txt_q0,3,consensus,D,1
middle2439.txt_q1,3,consensus,C,1
middle2439.txt_q2,3,consensus,D,1
middle2439.txt_q3,3,consensus,B,1
middle2446.txt_q0,3,consensus,A,1
middle2446.txt_q1,3,consensus,B,1
middle2446.txt_q2,3,consensus,B,0
middle2446.txt_q3,3,consensus,C,1
middle2462.txt_q0,3,consensus,C,1
middle2462.txt_q1,3,consensus,B,1
middle2462.txt_q2,3,consensus,B,1
middle2462.txt_q3,3,consensus,C,1
middle2462.txt_q4,3,consensus,C,1
middle2473.txt_q0,3,consensus,B,1
middle2473.txt_q1,3,consensus,C,1
middle2473.txt_q2,3,consensus,D,1
middle2473.txt_q3,3,consensus,A,1
middle2473.txt_q4,3,consensus,D,1
middle2489.txt_q0,3,consensus,A,1
middle2489.txt_q1,3,consensus,B,1
middle2489.txt_q2,3,consensus,C,1
middle2489.txt_q3,3,consensus,C,1
middle2489.txt_q4,3,consensus,D,1
middle2507.txt_q0,3,consensus,B,1
middle2507.txt_q1,3,consensus,D,1
middle2507.txt_q2,3,consensus,B,0
middle2507.txt_q3,3,consensus,B,1
middle2564.txt_q0,3,consensus,C,1
middle2564.txt_q1,3,consensus,C,1
middle2564.txt_q2,3,consensus,D,1
middle2564.txt_q3,3,consensus,B,1
middle2572.txt_q0,3,consensus,B,1
middle2572.txt_q1,3,consensus,D,1
middle2572.txt_q2,3,consensus,C,1
middle2572.txt_q3,3,consensus,B,1
middle2578.txt_q0,3,consensus,C,1
middle2578.txt_q1,3,consensus,D,1
middle2578.txt_q2,3,consensus,B,1
middle2578.txt_q3,3,consensus,C,0
middle2578.txt_q4,3,consensus,C,1
middle2612.txt_q0,3,consensus,B,1
middle2612.txt_q1,3,consensus,C,1
middle2612.txt_q2,2,consensus,D,1
middle2612.txt_q3,3,consensus,A,1
middle2624.txt_q0,3,consensus,D,1
middle2624.txt_q1,3,consensus,D,1
middle2624.txt_q2,3,consensus,C,1
middle2624.txt_q3,3,consensus,B,1
middle2662.txt_q0,3,consensus,D,1
middle2663.txt_q0,3,consensus,A,1
middle2663.txt_q1,3,consensus,D,1
middle2663.txt_q2,3,consensus,C,1
middle2679.txt_q0,3,consensus,D,1
middle2679.txt_q1,3,consensus,B,1
middle2679.txt_q2,3,consensus,D,1
middle2679.txt_q3,3,consensus,D,1
middle2703.txt_q0,3,consensus,C,1
middle2703.txt_q1,3,consensus,C,1
middle2703.txt_q2,3,consensus,C,1
middle2722.txt_q0,3,consensus,D,1
middle2750.txt_q0,3,consensus,A,1
middle2750.txt_q1,3,consensus,C,1
middle2750.txt_q2,3,consensus,D,1
middle2750.txt_q3,3,consensus,A,1
middle2750.txt_q4,3,consensus,B,1
middle2756.txt_q0,3,consensus,C,1
middle2756.txt_q1,3,consensus,B,1
middle2756.txt_q2,3,consensus,A,1
middle2768.txt_q0,3,consensus,C,1
middle2768.txt_q1,3,consensus,C,1
middle2768.txt_q2,3,consensus,A,1
middle2768.txt_q3,3,consensus,B,1
middle2774.txt_q0,3,consensus,B,1
middle2774.txt_q1,3,consensus,C,1
middle2774.txt_q2,3,consensus,D,1
middle2774.txt_q3,3,consensus,D,1
middle2774.txt_q4,3,consensus,A,1
middle2841.txt_q0,3,consensus,A,1
middle2841.txt_q1,3,consensus,A,1
middle2841.txt_q2,3,consensus,B,1
middle2841.txt_q3,3,consensus,B,1
middle2887.txt_q0,3,consensus,D,1
middle2887.txt_q1,3,consensus,C,1
middle2887.txt_q2,3,consensus,A,0
middle2887.txt_q3,3,consensus,C,0
middle2887.txt_q4,3,consensus,C,1
middle2899.txt_q0,3,consensus,B,1
middle2899.txt_q1,3,consensus,C,1
middle2899.txt_q2,3,consensus,D,1
middle291.txt_q0,3,consensus,D,0
middle291.txt_q1,3,consensus,D,1
middle291.txt_q2,3,consensus,A,1
middle291.txt_q3,3,consensus,C,1
middle291.txt_q4,2,consensus,B,1
middle2910.txt_q0,3,consensus,A,1
middle2910.txt_q1,3,consensus,B,1
middle2910.txt_q2,3,consensus,C,1
middle2910.txt_q3,3,consensus,D,1
middle2927.txt_q0,3,consensus,B,1
middle2927.txt_q1,3,consensus,C,1
middle2927.txt_q2,3,consensus,D,1
middle2927.txt_q3,3,consensus,A,1
middle2927.txt_q4,3,consensus,D,1
middle2930.txt_q0,3,consensus,C,1
middle2930.txt_q1,3,consensus,D,1
middle2946.txt_q0,3,consensus,B,1
middle2946.txt_q1,3,consensus,C,1
middle2946.txt_q2,3,consensus,A,1
middle2946.txt_q3,3,consensus,C,1
middle2955.txt_q0,3,consensus,B,1
middle299.txt_q0,3,consensus,D,1
middle299.txt_q1,3,consensus,A,1
middle299.txt_q2,3,consensus,C,1
middle299.txt_q3,3,consensus,D,1
middle299.txt_q4,3,consensus,C,1
middle2994.txt_q0,3,consensus,A,1
middle2994.txt_q1,3,consensus,B,1
middle2994.txt_q2,3,consensus,C,1
middle2994.txt_q3,3,consensus,D,1
middle3016.txt_q0,3,consensus,B,1
middle3016.txt_q1,3,consensus,D,1
middle3016.txt_q2,3,consensus,A,1
middle3016.txt_q3,3,consensus,B,1
middle3028.txt_q0,3,consensus,D,1
middle3028.txt_q1,3,consensus,A,1
middle3028.txt_q2,3,consensus,C,1
middle3028.txt_q3,3,consensus,D,1
middle3028.txt_q4,3,consensus,A,1
middle3052.txt_q0,3,consensus,C,1
middle3052.txt_q1,3,consensus,B,1
middle3052.txt_q2,3,consensus,A,1
middle3088.txt_q0,3,consensus,A,1
middle3088.txt_q1,3,consensus,C,1
middle3089.txt_q0,3,consensus,A,1
middle3089.txt_q1,3,consensus,B,1
middle3089.txt_q2,3,consensus,C,1
middle3103.txt_q0,3,consensus,B,1
middle3103.txt_q1,3,consensus,B,1
middle3103.txt_q2,3,consensus,C,1
middle3103.txt_q3,3,consensus,A,1
middle3120.txt_q0,3,consensus,A,1
middle3120.txt_q1,3,consensus,B,1
middle3120.txt_q2,3,consensus,C,1
middle3120.txt_q3,3,consensus,D,1
middle3263.txt_q0,3,consensus,A,1
middle3263.txt_q1,3,consensus,D,1
middle3263.txt_q2,3,consensus,C,1
middle3263.txt_q3,3,consensus,B,1
middle3263.txt_q4,3,consensus,D,1
middle3334.txt_q0,3,consensus,B,1
middle3334.txt_q1,3,consensus,D,1
middle3334.txt_q2,3,consensus,D,0
middle3334.txt_q3,3,consensus,A,1
middle3349.txt_q0,3,consensus,A,1
middle3349.txt_q1,3,consensus,B,1
middle3349.txt_q2,3,consensus,D,1
middle3349.txt_q3,3,consensus,B,1
middle3349.txt_q4,3,consensus,A,1
middle3372.txt_q0,3,consensus,A,1
middle3372.txt_q1,3,consensus,B,1
middle3372.txt_q2,3,consensus,D,1
middle3372.txt_q3,3,consensus,A,1
middle3376.txt_q0,3,consensus,D,1
middle3376.txt_q1,3,consensus,C,1
middle3376.txt_q2,3,consensus,C,1
middle34.txt_q0,3,consensus,D,0
middle34.txt_q1,3,consensus,B,0
middle34.txt_q2,3,consensus,A,1
middle34.txt_q3,3,consensus,D,1
middle3409.txt_q0,3,consensus,D,1
middle3409.txt_q1,3,consensus,C,1
middle3409.txt_q2,3,consensus,A,1
middle3429.txt_q0,3,consensus,D,1
middle3429.txt_q1,3,consensus,A,1
middle3429.txt_q2,3,consensus,C,1
middle3429.txt_q3,3,consensus,A,1
middle3429.txt_q4,3,consensus,B,1
middle344.txt_q0,3,consensus,C,1
middle344.txt_q1,3,consensus,D,1
middle344.txt_q2,3,consensus,A,1
middle344.txt_q3,3,consensus,B,1
middle344.txt_q4,3,consensus,A,1
middle3476.txt_q0,3,consensus,D,1
middle3476.txt_q1,3,consensus,B,1
middle3476.txt_q2,3,consensus,A,1
middle3476.txt_q3,3,consensus,D,1
middle3476.txt_q4,3,consensus,C,1
middle3508.txt_q0,3,consensus,B,1
middle3508.txt_q1,3,consensus,C,1
middle3508.txt_q2,3,consensus,C,1
middle3551.txt_q0,3,consensus,B,1
middle3551.txt_q1,3,consensus,A,1
middle3551.txt_q2,3,consensus,A,1
middle3551.txt_q3,3,consensus,C,1
middle3554.txt_q0,3,consensus,B,1
middle3554.txt_q1,3,consensus,C,1
middle3554.txt_q2,3,consensus,B,1
middle3554.txt_q3,3,consensus,D,1
middle3554.txt_q4,3,consensus,B,1
middle3561.txt_q0,3,consensus,B,1
middle3561.txt_q1,3,consensus,D,1
middle3561.txt_q2,3,consensus,A,1
middle3561.txt_q3,3,consensus,B,1
middle3578.txt_q0,3,consensus,B,1
middle3578.txt_q1,3,consensus,D,1
middle3578.txt_q2,3,consensus,B,1
middle3578.txt_q3,3,consensus,A,1
middle3578.txt_q4,3,consensus,C,1
middle3594.txt_q0,3,consensus,B,1
middle3594.txt_q1,3,consensus,C,1
middle3625.txt_q0,3,consensus,B,1
middle3625.txt_q1,3,consensus,D,0
middle3625.txt_q2,3,consensus,B,0
middle3625.txt_q3,3,consensus,A,1
middle3626.txt_q0,3,consensus,A,1
middle3626.txt_q1,3,consensus,B,1
middle3626.txt_q2,3,consensus,D,1
middle3630.txt_q0,3,consensus,B,1
middle3630.txt_q1,3,consensus,C,1
middle3630.txt_q2,3,consensus,A,1
middle3630.txt_q3,3,consensus,D,1
middle364.txt_q0,3,consensus,B,1
middle364.txt_q1,3,consensus,C,1
middle364.txt_q2,3,consensus,B,1
middle364.txt_q3,3,consensus,B,1
middle3647.txt_q0,3,consensus,A,1
middle3647.txt_q1,3,consensus,B,1
middle3647.txt_q2,3,consensus,C,1
middle3647.txt_q3,3,consensus,A,1
middle3647.txt_q4,3,consensus,D,1
middle3661.txt_q0,3,consensus,B,1
middle3661.txt_q1,3,consensus,B,1
middle3661.txt_q2,3,consensus,D,1
middle3661.txt_q3,3,consensus,A,1
middle3661.txt_q4,3,consensus,C,1
middle3670.txt_q0,3,consensus,C,1
middle3670.txt_q1,3,consensus,D,1
middle3670.txt_q2,3,consensus,A,1
middle3670.txt_q3,3,consensus,B,1
middle3670.txt_q4,3,consensus,D,1
middle3720.txt_q0,3,consensus,B,1
middle3720.txt_q1,3,consensus,B,1
middle3720.txt_q2,3,consensus,B,1
middle3720.txt_q3,3,consensus,A,1
middle3720.txt_q4,3,consensus,D,1
middle3728.txt_q0,3,consensus,D,1
middle3728.txt_q1,3,consensus,C,1
middle3728.txt_q2,3,consensus,B,1
middle3728.txt_q3,3,consensus,A,1
middle3751.txt_q0,3,consensus,C,1
middle3751.txt_q1,3,consensus,C,1
middle3751.txt_q2,3,consensus,A,1
middle3751.txt_q3,3,consensus,D,1
middle3751.txt_q4,3,consensus,A,1
middle3753.txt_q0,3,consensus,B,1
middle3753.txt_q1,3,consensus,A,1
middle3753.txt_q2,3,consensus,A,1
middle3753.txt_q3,3,consensus,B,1
middle3775.txt_q0,3,consensus,C,1
middle3775.txt_q1,3,consensus,B,1
middle3775.txt_q2,3,consensus,B,0
middle3775.txt_q3,3,consensus,A,1
middle3775.txt_q4,3,consensus,D,1
middle3779.txt_q0,3,consensus,C,1
middle3779.txt_q1,3,consensus,B,1
middle3779.txt_q2,3,consensus,D,1
middle3779.txt_q3,3,consensus,A,1
middle3828.txt_q0,3,consensus,B,1
middle3828.txt_q1,3,consensus,B,1
middle3828.txt_q2,3,consensus,C,1
middle3828.txt_q3,3,consensus,D,1
middle3828.txt_q4,3,consensus,D,1
middle3841.txt_q0,3,consensus,D,0
middle3841.txt_q1,3,consensus,C,1
middle3841.txt_q2,3,consensus,D,1
middle388.txt_q0,3,consensus,A,1
middle388.txt_q1,3,consensus,C,1
middle388.txt_q2,3,consensus,C,1
middle388.txt_q3,3,consensus,B,1
middle3887.txt_q0,3,consensus,D,1
middle3887.txt_q1,3,consensus,C,1
middle3891.txt_q0,3,consensus,A,1
middle3891.txt_q1,3,consensus,D,1
middle3891.txt_q2,3,consensus,B,1
middle3891.txt_q3,3,consensus,A,1
middle3891.txt_q4,3,consensus,D,1
middle3994.txt_q0,3,consensus,C,1
middle3994.txt_q1,3,consensus,B,1
middle3994.txt_q2,3,consensus,D,1
middle3994.txt_q3,3,consensus,C,1
middle3994.txt_q4,3,consensus,B,1
middle401.txt_q0,3,consensus,A,1
middle401.txt_q1,3,consensus,A,1
middle401.txt_q2,3,consensus,A,1
middle401.txt_q3,3,consensus,C,1
middle4032.txt_q0,3,consensus,B,0
middle4032.txt_q1,3,consensus,C,1
middle4032.txt_q2,3,consensus,A,1
middle4032.txt_q3,3,consensus,A,1
middle4052.txt_q0,3,consensus,A,1
middle4052.txt_q1,3,consensus,B,1
middle4052.txt_q2,3,consensus,C,1
middle4068.txt_q0,3,consensus,D,1
middle4068.txt_q1,3,consensus,C,1
middle4068.txt_q2,3,consensus,C,1
middle4068.txt_q3,3,consensus,D,1
middle4074.txt_q0,3,consensus,C,1
middle4074.txt_q1,3,consensus,A,1
middle4074.txt_q2,3,consensus,D,1
middle4084.txt_q0,3,consensus,D,1
middle4084.txt_q1,3,consensus,D,1
middle4084.txt_q2,3,consensus,C,1
middle4084.txt_q3,3,consensus,C,1
middle4088.txt_q0,3,consensus,B,1
middle4088.txt_q1,3,consensus,A,1
middle4088.txt_q2,3,consensus,C,1
middle4088.txt_q3,3,consensus,D,1
middle4132.txt_q0,3,consensus,B,1
middle4132.txt_q1,3,consensus,D,1
middle4132.txt_q2,3,consensus,A,1
middle4132.txt_q3,3,consensus,A,1
middle4167.txt_q0,3,consensus,A,1
middle4167.txt_q1,3,consensus,B,1
middle4167.txt_q2,3,consensus,B,1
middle4167.txt_q3,3,consensus,C,1
middle4167.txt_q4,3,consensus,A,1
middle4178.txt_q0,3,consensus,D,1
middle4178.txt_q1,3,consensus,B,1
middle4182.txt_q0,3,consensus,A,1
middle4182.txt_q1,3,consensus,A,1
middle4182.txt_q2,3,consensus,C,1
middle4183.txt_q0,3,consensus,B,1
middle4183.txt_q1,3,consensus,A,1
middle4183.txt_q2,3,consensus,D,1
middle4183.txt_q3,3,consensus,A,1
middle4233.txt_q0,3,consensus,B,1
middle4233.txt_q1,3,consensus,C,1
middle4233.txt_q2,3,consensus,C,1
middle4233.txt_q3,3,consensus,B,1
middle4233.txt_q4,3,consensus,D,1
middle4237.txt_q0,3,consensus,B,1
middle4237.txt_q1,3,consensus,C,1
middle4237.txt_q2,3,consensus,D,1
middle4237.txt_q3,3,consensus,B,1
middle4237.txt_q4,3,consensus,A,1
middle4240.txt_q0,3,consensus,A,1
middle4240.txt_q1,3,consensus,C,1
middle4240.txt_q2,3,consensus,D,1
middle4240.txt_q3,3,consensus,C,1
middle4240.txt_q4,3,consensus,B,1
middle4266.txt_q0,3,consensus,C,1
middle4266.txt_q1,3,consensus,C,1
middle4266.txt_q2,3,consensus,A,1
middle4287.txt_q0,3,consensus,B,1
middle4287.txt_q1,3,consensus,D,1
middle4287.txt_q2,3,consensus,C,1
middle4287.txt_q3,3,consensus,C,1
middle4287.txt_q4,3,consensus,C,0
middle4307.txt_q0,3,consensus,A,1
middle4307.txt_q1,3,consensus,B,1
middle4307.txt_q2,3,consensus,D,1
middle435.txt_q0,3,consensus,B,1
middle435.txt_q1,3,consensus,C,1
middle435.txt_q2,3,consensus,C,0
middle435.txt_q3,3,consensus,D,1
middle4375.txt_q0,3,consensus,C,1
middle4375.txt_q1,3,consensus,B,1
middle4375.txt_q2,3,consensus,D,1
middle4394.txt_q0,3,consensus,B,1
middle4394.txt_q1,3,consensus,D,1
middle4394.txt_q2,3,consensus,C,1
middle4394.txt_q3,3,consensus,A,1
middle4460.txt_q0,3,consensus,B,1
middle4460.txt_q1,3,consensus,B,1
middle4460.txt_q2,3,consensus,C,1
middle4460.txt_q3,3,consensus,B,0
middle4492.txt_q0,3,consensus,D,1
middle4492.txt_q1,3,consensus,D,0
middle4492.txt_q2,3,consensus,D,1
middle4520.txt_q0,3,consensus,B,1
middle4520.txt_q1,3,consensus,C,1
middle4520.txt_q2,3,consensus,D,1
middle4520.txt_q3,3,consensus,A,1
middle4525.txt_q0,3,consensus,C,1
middle4525.txt_q1,3,consensus,C,1
middle4525.txt_q2,3,consensus,D,1
middle4525.txt_q3,3,consensus,A,1
middle4527.txt_q0,3,consensus,B,1
middle4527.txt_q1,3,consensus,A,1
middle4527.txt_q2,3,consensus,B,1
middle4527.txt_q3,3,consensus,D,1
middle4527.txt_q4,3,consensus,B,1
middle4542.txt_q0,3,consensus,A,1
middle4542.txt_q1,2,consensus,B,1
middle4542.txt_q2,3,consensus,D,1
middle4542.txt_q3,3,consensus,C,1
middle4542.txt_q4,3,consensus,B,1
middle4574.txt_q0,3,consensus,D,1
middle4574.txt_q1,3,consensus,D,0
middle4574.txt_q2,3,consensus,B,1
middle4576.txt_q0,3,consensus,D,1
middle4576.txt_q1,3,consensus,B,1
middle4576.txt_q2,3,consensus,C,1
middle4576.txt_q3,3,consensus,C,0
middle4584.txt_q0,3,consensus,D,1
middle4584.txt_q1,3,consensus,D,1
middle4584.txt_q2,3,consensus,C,1
middle4584.txt_q3,3,consensus,A,1
middle4591.txt_q0,3,consensus,C,1
middle4591.txt_q1,3,consensus,B,1
middle4591.txt_q2,3,consensus,C,1
middle4591.txt_q3,3,consensus,B,1
middle4669.txt_q0,3,consensus,B,1
middle4669.txt_q1,3,consensus,C,1
middle4669.txt_q2,3,consensus,B,1
middle4669.txt_q3,3,consensus,C,1
middle4669.txt_q4,3,consensus,B,1
middle4676.txt_q0,3,consensus,D,1
middle4676.txt_q1,3,consensus,B,1
middle4676.txt_q2,3,consensus,C,1
middle4690.txt_q0,3,consensus,B,1
middle4690.txt_q1,3,consensus,C,1
middle4690.txt_q2,3,consensus,D,1
middle4690.txt_q3,3,consensus,D,1
middle4690.txt_q4,3,consensus,A,1
middle4704.txt_q0,3,consensus,C,1
middle4704.txt_q1,3,consensus,B,1
middle4704.txt_q2,3,consensus,A,1
middle4704.txt_q3,3,consensus,D,1
middle4704.txt_q4,3,consensus,A,1
middle4715.txt_q0,3,consensus,B,1
middle4715.txt_q1,3,consensus,C,1
middle4715.txt_q2,3,consensus,A,1
middle4715.txt_q3,3,consensus,D,1
middle4717.txt_q0,3,consensus,A,1
middle4717.txt_q1,3,consensus,B,1
middle4717.txt_q2,3,consensus,B,1
middle4717.txt_q3,3,consensus,D,1
middle4825.txt_q0,3,consensus,B,1
middle4825.txt_q1,3,consensus,C,0
middle4825.txt_q2,3,consensus,A,1
middle4825.txt_q3,3,consensus,C,1
middle4864.txt_q0,3,consensus,D,1
middle4864.txt_q1,3,consensus,B,1
middle4864.txt_q2,3,consensus,C,1
middle487.txt_q0,3,consensus,C,1
middle487.txt_q1,3,consensus,A,1
middle487.txt_q2,3,consensus,B,1
middle487.txt_q3,3,consensus,D,1
middle4896.txt_q0,3,consensus,B,1
middle4896.txt_q1,3,consensus,D,1
middle4896.txt_q2,3,consensus,D,1
middle4896.txt_q3,3,consensus,B,1
middle4899.txt_q0,3,consensus,B,1
middle4899.txt_q1,3,consensus,A,1
middle4899.txt_q2,3,consensus,B,1
middle4899.txt_q3,3,consensus,C,0
middle4899.txt_q4,3,consensus,C,1
middle490.txt_q0,3,consensus,A,1
middle490.txt_q1,3,consensus,B,1
middle490.txt_q2,3,consensus,B,1
middle490.txt_q3,3,consensus,D,1
middle495.txt_q0,3,consensus,B,1
middle495.txt_q1,3,consensus,C,1
middle495.txt_q2,3,consensus,A,1
middle4966.txt_q0,3,consensus,C,1
middle4966.txt_q1,3,consensus,B,1
middle4966.txt_q2,3,consensus,D,1
middle4966.txt_q3,3,consensus,A,1
middle4988.txt_q0,3,consensus,D,1
middle4988.txt_q1,3,consensus,C,1
middle4988.txt_q2,3,consensus,B,1
middle4988.txt_q3,3,consensus,B,1
middle5018.txt_q0,3,consensus,B,1
middle5018.txt_q1,3,consensus,C,1
middle5064.txt_q0,3,consensus,C,1
middle5064.txt_q1,3,consensus,B,1
middle5064.txt_q2,3,consensus,C,1
middle5069.txt_q0,3,consensus,B,1
middle5069.txt_q1,3,consensus,D,1
middle5069.txt_q2,3,consensus,B,1
middle5069.txt_q3,3,consensus,B,1
middle511.txt_q0,3,consensus,C,1
middle511.txt_q1,3,consensus,B,1
middle511.txt_q2,3,consensus,D,1
middle5123.txt_q0,3,consensus,B,1
middle5123.txt_q1,3,consensus,C,1
middle5123.txt_q2,3,consensus,C,1
middle5123.txt_q3,3,consensus,B,1
middle5123.txt_q4,3,consensus,A,1
middle5148.txt_q0,3,consensus,B,1
middle5148.txt_q1,3,consensus,D,1
middle5148.txt_q2,3,consensus,A,1
middle5148.txt_q3,3,consensus,A,1
middle5154.txt_q0,3,consensus,C,1
middle5154.txt_q1,3,consensus,D,1
middle5154.txt_q2,3,consensus,B,1
middle5154.txt_q3,3,consensus,C,1
middle516.txt_q0,3,consensus,B,1
middle516.txt_q1,3,consensus,C,1
middle516.txt_q2,3,consensus,C,1
middle516.txt_q3,3,consensus,A,1
middle5162.txt_q0,3,consensus,C,1
middle5162.txt_q1,3,consensus,A,1
middle5162.txt_q2,3,consensus,C,1
middle5162.txt_q3,3,consensus,A,1
middle5162.txt_q4,3,consensus,B,1
middle5205.txt_q0,3,consensus,C,1
middle5205.txt_q1,3,consensus,A,1
middle5205.txt_q2,3,consensus,D,1
middle5208.txt_q0,3,consensus,D,1
middle5208.txt_q1,3,consensus,C,1
middle5208.txt_q2,3,consensus,D,1
middle5208.txt_q3,3,consensus,B,1
middle5208.txt_q4,3,consensus,C,1
middle5210.txt_q0,3,consensus,C,1
middle5210.txt_q1,3,consensus,A,1
middle5210.txt_q2,3,consensus,A,1
middle5210.txt_q3,3,consensus,B,1
middle5210.txt_q4,3,consensus,D,1
middle5226.txt_q0,3,consensus,A,1
middle5226.txt_q1,3,consensus,D,1
middle5226.txt_q2,3,consensus,B,1
middle5226.txt_q3,3,consensus,D,1
middle5230.txt_q0,3,consensus,D,1
middle5230.txt_q1,3,consensus,B,1
middle5230.txt_q2,3,consensus,B,1
middle5230.txt_q3,3,consensus,C,1
middle5230.txt_q4,3,consensus,A,1
middle5294.txt_q0,3,consensus,B,1
middle5294.txt_q1,3,consensus,C,1
middle5294.txt_q2,3,consensus,A,1
middle5296.txt_q0,3,consensus,A,1
middle5296.txt_q1,3,consensus,B,1
middle5296.txt_q2,3,consensus,D,1
middle5300.txt_q0,3,consensus,A,1
middle5300.txt_q1,3,consensus,C,1
middle5300.txt_q2,3,consensus,D,1
middle5310.txt_q0,3,consensus,B,1
middle5310.txt_q1,3,consensus,C,1
middle5310.txt_q2,3,consensus,A,1
middle5310.txt_q3,3,consensus,C,1
middle5325.txt_q0,3,consensus,A,1
middle5325.txt_q1,3,consensus,B,1
middle5325.txt_q2,3,consensus,D,1
middle5325.txt_q3,3,consensus,B,0
middle5325.txt_q4,3,consensus,D,1
middle5339.txt_q0,3,consensus,D,0
middle5339.txt_q1,3,consensus,D,1
middle5339.txt_q2,3,consensus,D,1
middle5339.txt_q3,3,consensus,B,1
middle534.txt_q0,3,consensus,C,1
middle534.txt_q1,3,consensus,B,1
middle534.txt_q2,3,consensus,D,1
middle5366.txt_q0,3,consensus,C,1
middle5366.txt_q1,3,consensus,D,1
middle5366.txt_q2,3,consensus,B,1
middle5380.txt_q0,3,consensus,B,1
middle5380.txt_q1,3,consensus,A,1
middle5390.txt_q0,3,consensus,C,1
middle5390.txt_q1,3,consensus,C,1
middle5390.txt_q2,3,consensus,C,1
middle5396.txt_q0,3,consensus,B,1
middle5396.txt_q1,3,consensus,D,1
middle5396.txt_q2,3,consensus,B,1
middle5396.txt_q3,3,consensus,A,1
middle5396.txt_q4,3,consensus,A,1
middle5426.txt_q0,3,consensus,B,1
middle5426.txt_q1,3,consensus,D,1
middle5426.txt_q2,3,consensus,B,1
middle5450.txt_q0,3,consensus,C,1
middle5450.txt_q1,3,consensus,B,1
middle5450.txt_q2,3,consensus,A,1
middle5450.txt_q3,3,consensus,D,1
middle5450.txt_q4,3,consensus,D,1
middle5477.txt_q0,3,consensus,B,1
middle5477.txt_q1,3,consensus,A,1
middle5477.txt_q2,3,consensus,C,1
middle5477.txt_q3,3,consensus,A,1
middle5483.txt_q0,3,consensus,C,1
middle5483.txt_q1,3,consensus,A,1
middle5483.txt_q2,3,consensus,D,1
middle5525.txt_q0,3,consensus,B,1
middle5525.txt_q1,3,consensus,A,1
middle5525.txt_q2,3,consensus,D,1
middle5525.txt_q3,3,consensus,B,1
middle5525.txt_q4,3,consensus,C,1
middle5544.txt_q0,3,consensus,A,1
middle5544.txt_q1,3,consensus,C,1
middle5544.txt_q2,3,consensus,C,1
middle5625.txt_q0,3,consensus,C,1
middle5625.txt_q1,3,consensus,C,0
middle5671.txt_q0,3,consensus,A,1
middle5671.txt_q1,3,consensus,B,1
middle5671.txt_q2,3,consensus,C,1
middle5711.txt_q0,3,consensus,B,1
middle5711.txt_q1,3,consensus,C,1
middle5711.txt_q2,3,consensus,D,1
middle5711.txt_q3,3,consensus,C,1
middle5739.txt_q0,3,consensus,C,1
middle5739.txt_q1,3,consensus,C,1
middle5739.txt_q2,3,consensus,B,1
middle5739.txt_q3,3,consensus,C,1
middle5739.txt_q4,3,consensus,C,1
middle5761.txt_q0,3,consensus,B,1
middle5761.txt_q1,3,consensus,D,1
middle5761.txt_q2,3,consensus,A,1
middle577.txt_q0,3,consensus,B,1
middle577.txt_q1,3,consensus,D,1
middle577.txt_q2,3,consensus,A,1
middle5776.txt_q0,3,consensus,B,1
middle5776.txt_q1,3,consensus,C,0
middle5776.txt_q2,3,consensus,A,1
middle5776.txt_q3,3,consensus,D,1
middle5785.txt_q0,3,consensus,A,1
middle5785.txt_q1,3,consensus,D,1
middle5785.txt_q2,3,consensus,B,1
middle5785.txt_q3,3,consensus,C,1
middle5869.txt_q0,3,consensus,D,1
middle5869.txt_q1,3,consensus,C,1
middle5869.txt_q2,3,consensus,D,1
middle5975.txt_q0,3,consensus,D,1
middle5975.txt_q1,3,consensus,D,1
middle5975.txt_q2,3,consensus,B,1
middle6000.txt_q0,3,consensus,D,1
middle6000.txt_q1,3,consensus,A,1
middle6000.txt_q2,3,consensus,B,1
middle6000.txt_q3,3,consensus,C,1
middle6000.txt_q4,3,consensus,A,1
middle6023.txt_q0,3,consensus,B,1
middle6023.txt_q1,3,consensus,A,1
middle6023.txt_q2,3,consensus,C,1
middle6023.txt_q3,3,consensus,C,1
middle6062.txt_q0,3,consensus,C,1
middle6062.txt_q1,3,consensus,B,1
middle6062.txt_q2,3,consensus,A,1
middle6062.txt_q3,3,consensus,D,1
middle6062.txt_q4,3,consensus,B,1
middle6065.txt_q0,3,consensus,A,1
middle6065.txt_q1,3,consensus,B,1
middle6065.txt_q2,3,consensus,D,1
middle6065.txt_q3,3,consensus,C,1
middle6068.txt_q0,3,consensus,D,1
middle6068.txt_q1,3,consensus,B,1
middle6068.txt_q2,3,consensus,A,1
middle6068.txt_q3,3,consensus,C,1
middle6068.txt_q4,3,consensus,A,1
middle6107.txt_q0,3,consensus,C,1
middle6107.txt_q1,3,consensus,A,1
middle6107.txt_q2,3,consensus,B,1
middle6107.txt_q3,3,consensus,D,1
middle611.txt_q0,3,consensus,B,1
middle611.txt_q1,3,consensus,C,1
middle611.txt_q2,3,consensus,D,1
middle6118.txt_q0,3,consensus,B,1
middle6118.txt_q1,3,consensus,B,1
middle6120.txt_q0,3,consensus,D,1
middle6120.txt_q1,3,consensus,D,1
middle6120.txt_q2,3,consensus,A,1
middle6128.txt_q0,3,consensus,D,1
middle6128.txt_q1,3,consensus,D,1
middle6187.txt_q0,3,consensus,B,0
middle6187.txt_q1,3,consensus,C,0
middle6187.txt_q2,3,consensus,A,1
middle6187.txt_q3,3,consensus,B,1
middle6187.txt_q4,3,consensus,A,1
middle6190.txt_q0,3,consensus,C,1
middle6190.txt_q1,3,consensus,A,1
middle6190.txt_q2,3,consensus,D,0
middle6190.txt_q3,3,consensus,D,1
middle6190.txt_q4,3,consensus,A,1
middle6244.txt_q0,3,consensus,B,1
middle625.txt_q0,3,consensus,C,1
middle625.txt_q1,3,consensus,D,1
middle625.txt_q2,3,consensus,C,1
middle6261.txt_q0,3,consensus,C,1
middle6261.txt_q1,3,consensus,D,1
middle6261.txt_q2,3,consensus,B,0
middle6261.txt_q3,3,consensus,B,1
middle6275.txt_q0,3,consensus,C,1
middle6275.txt_q1,3,consensus,D,1
middle6275.txt_q2,3,consensus,B,1
middle6279.txt_q0,3,consensus,B,1
middle6279.txt_q1,3,consensus,D,1
middle6279.txt_q2,3,consensus,A,1
middle6279.txt_q3,3,consensus,B,1
middle6322.txt_q0,3,consensus,A,1
middle6322.txt_q1,3,consensus,C,1
middle6322.txt_q2,3,consensus,D,1
middle6322.txt_q3,3,consensus,C,1
middle6322.txt_q4,3,consensus,B,1
middle635.txt_q0,3,consensus,B,1
middle635.txt_q1,3,consensus,D,1
middle635.txt_q2,3,consensus,C,1
middle6373.txt_q0,3,consensus,D,1
middle6373.txt_q1,3,consensus,C,1
middle6373.txt_q2,3,consensus,D,1
middle6373.txt_q3,3,consensus,C,1
middle6373.txt_q4,3,consensus,B,1
middle6374.txt_q0,3,consensus,C,1
middle6374.txt_q1,3,consensus,A,0
middle6374.txt_q2,3,consensus,B,0
middle6374.txt_q3,3,consensus,A,1
middle6374.txt_q4,3,consensus,C,1
middle6382.txt_q0,3,consensus,D,0
middle6382.txt_q1,3,consensus,C,1
middle6394.txt_q0,3,consensus,A,1
middle6394.txt_q1,3,consensus,C,1
middle6394.txt_q2,3,consensus,D,1
middle6407.txt_q0,3,consensus,A,1
middle6407.txt_q1,3,consensus,C,1
middle6407.txt_q2,3,consensus,A,1
middle6407.txt_q3,3,consensus,C,1
middle6409.txt_q0,3,consensus,D,1
middle6409.txt_q1,3,consensus,A,1
middle6409.txt_q2,3,consensus,D,1
middle6409.txt_q3,3,consensus,C,1
middle641.txt_q0,3,consensus,C,1
middle641.txt_q1,3,consensus,C,1
middle6413.txt_q0,3,consensus,D,1
middle6413.txt_q1,3,consensus,A,1
middle6413.txt_q2,3,consensus,C,1
middle6413.txt_q3,3,consensus,D,1
middle6413.txt_q4,3,consensus,C,1
middle6456.txt_q0,3,consensus,D,1
middle6456.txt_q1,3,consensus,D,1
middle6456.txt_q2,3,consensus,C,1
middle6471.txt_q0,3,consensus,B,1
middle6510.txt_q0,3,consensus,A,1
middle6510.txt_q1,3,consensus,B,1
middle6510.txt_q2,3,consensus,D,1
middle6510.txt_q3,3,consensus,C,1
middle6510.txt_q4,3,consensus,B,1
middle6526.txt_q0,3,consensus,B,1
middle6526.txt_q1,3,consensus,B,1
middle6526.txt_q2,3,consensus,A,1
middle6526.txt_q3,3,consensus,B,1
middle6526.txt_q4,3,consensus,A,1
middle6552.txt_q0,3,consensus,D,1
middle6552.txt_q1,3,consensus,C,1
middle6565.txt_q0,3,consensus,D,1
middle6565.txt_q1,3,consensus,D,1
middle6565.txt_q2,3,consensus,B,1
middle6611.txt_q0,3,consensus,C,1
middle6611.txt_q1,3,consensus,D,1
middle6611.txt_q2,3,consensus,C,1
middle6630.txt_q0,3,consensus,D,1
middle6630.txt_q1,3,consensus,B,1
middle6630.txt_q2,3,consensus,A,1
middle6630.txt_q3,3,consensus,C,1
middle6637.txt_q0,3,consensus,D,1
middle6637.txt_q1,3,consensus,D,0
middle6637.txt_q2,3,consensus,C,1
middle6682.txt_q0,3,consensus,D,1
middle6682.txt_q1,3,consensus,C,1
middle6682.txt_q2,3,consensus,A,1
middle669.txt_q0,3,consensus,C,1
middle669.txt_q1,3,consensus,D,1
middle669.txt_q2,3,consensus,B,1
middle669.txt_q3,3,consensus,A,1
middle6704.txt_q0,3,consensus,B,1
middle6704.txt_q1,3,consensus,A,1
middle6704.txt_q2,3,consensus,A,1
middle6704.txt_q3,3,consensus,C,1
middle6704.txt_q4,3,consensus,A,1
middle6708.txt_q0,3,consensus,D,1
middle6708.txt_q1,3,consensus,C,1
middle6708.txt_q2,3,consensus,A,1
middle6708.txt_q3,3,consensus,B,1
middle6749.txt_q0,3,consensus,D,1
middle6749.txt_q1,3,consensus,A,1
middle676.txt_q0,3,consensus,D,1
middle676.txt_q1,3,consensus,B,1
middle676.txt_q2,3,consensus,B,1
middle676.txt_q3,3,consensus,C,1
middle6838.txt_q0,3,consensus,B,1
middle6838.txt_q1,3,consensus,C,1
middle6838.txt_q2,3,consensus,D,1
middle6863.txt_q0,3,consensus,C,1
middle6863.txt_q1,3,consensus,B,1
middle6863.txt_q2,3,consensus,B,1
middle6863.txt_q3,3,consensus,C,1
middle6875.txt_q0,3,consensus,B,0
middle6875.txt_q1,3,consensus,C,1
middle6875.txt_q2,3,consensus,D,1
middle6875.txt_q3,3,consensus,B,1
middle6916.txt_q0,3,consensus,B,1
middle6916.txt_q1,3,consensus,A,1
middle6916.txt_q2,3,consensus,D,1
middle6921.txt_q0,3,consensus,A,1
middle6921.txt_q1,3,consensus,C,1
middle6921.txt_q2,3,consensus,A,1
middle6921.txt_q3,3,consensus,B,1
middle6921.txt_q4,3,consensus,D,1
middle6928.txt_q0,3,consensus,B,1
middle6928.txt_q1,3,consensus,D,1
middle6928.txt_q2,3,consensus,C,1
middle6939.txt_q0,3,consensus,D,1
middle6939.txt_q1,3,consensus,D,1
middle6939.txt_q2,3,consensus,C,1
middle6948.txt_q0,3,consensus,A,1
middle6948.txt_q1,3,consensus,C,1
middle6948.txt_q2,3,consensus,C,1
middle6948.txt_q3,3,consensus,B,1
middle6975.txt_q0,3,consensus,C,1
middle6975.txt_q1,3,consensus,D,1
middle6975.txt_q2,3,consensus,B,1
middle6975.txt_q3,3,consensus,A,1
middle6975.txt_q4,3,consensus,B,1
middle6992.txt_q0,3,consensus,C,1
middle6992.txt_q1,3,consensus,B,1
middle6992.txt_q2,3,consensus,C,1
middle6992.txt_q3,3,consensus,D,1
middle6993.txt_q0,3,consensus,A,1
middle6993.txt_q1,3,consensus,B,1
middle6993.txt_q2,3,consensus,D,1
middle6993.txt_q3,3,consensus,D,1
middle6993.txt_q4,3,consensus,C,1
middle7012.txt_q0,3,consensus,D,1
middle7012.txt_q1,3,consensus,B,1
middle7012.txt_q2,3,consensus,A,1
middle705.txt_q0,3,consensus,A,1
middle705.txt_q1,3,consensus,B,1
middle705.txt_q2,3,consensus,D,1
middle705.txt_q3,3,consensus,C,1
middle7059.txt_q0,3,consensus,D,1
middle7059.txt_q1,3,consensus,C,1
middle7059.txt_q2,3,consensus,C,1
middle7059.txt_q3,3,consensus,A,1
middle7059.txt_q4,3,consensus,C,1
middle7063.txt_q0,3,consensus,C,1
middle7063.txt_q1,3,consensus,C,1
middle7063.txt_q2,3,consensus,C,1
middle7079.txt_q0,3,consensus,B,1
middle7079.txt_q1,3,consensus,C,1
middle7079.txt_q2,3,consensus,D,1
middle7079.txt_q3,3,consensus,D,1
middle7088.txt_q0,3,consensus,B,1
middle7088.txt_q1,3,consensus,C,1
middle7088.txt_q2,3,consensus,D,1
middle7088.txt_q3,3,consensus,D,1
middle7093.txt_q0,3,consensus,C,1
middle7093.txt_q1,3,consensus,D,1
middle7093.txt_q2,3,consensus,B,1
middle7094.txt_q0,3,consensus,C,1
middle7094.txt_q1,3,consensus,A,1
middle7094.txt_q2,3,consensus,C,0
middle7094.txt_q3,3,consensus,B,1
middle7097.txt_q0,3,consensus,D,1
middle7097.txt_q1,3,consensus,D,1
middle7097.txt_q2,3,consensus,A,1
middle7160.txt_q0,3,consensus,C,1
middle7160.txt_q1,3,consensus,B,1
middle7160.txt_q2,3,consensus,A,1
middle7160.txt_q3,3,consensus,C,1
middle7160.txt_q4,3,consensus,A,1
middle7169.txt_q0,3,consensus,B,1
middle7169.txt_q1,3,consensus,D,1
middle7169.txt_q2,3,consensus,A,1
middle7169.txt_q3,3,consensus,A,1
middle7188.txt_q0,3,consensus,C,1
middle7188.txt_q1,3,consensus,A,1
middle7188.txt_q2,3,consensus,B,1
middle7193.txt_q0,3,consensus,A,1
middle7193.txt_q1,3,consensus,D,1
middle7193.txt_q2,3,consensus,A,1
middle7193.txt_q3,3,consensus,D,1
middle7196.txt_q0,3,consensus,A,1
middle7196.txt_q1,3,consensus,B,1
middle7196.txt_q2,3,consensus,B,1
middle7196.txt_q3,3,consensus,D,1
middle7196.txt_q4,3,consensus,C,1
middle7209.txt_q0,3,consensus,D,1
middle7209.txt_q1,3,consensus,C,1
middle7209.txt_q2,3,consensus,D,1
middle7209.txt_q3,3,consensus,A,1
middle7209.txt_q4,3,consensus,B,1
middle721.txt_q0,3,consensus,D,1
middle721.txt_q1,3,consensus,A,1
middle721.txt_q2,3,consensus,D,1
middle721.txt_q3,3,consensus,B,1
middle7210.txt_q0,3,consensus,C,1
middle7210.txt_q1,3,consensus,C,1
middle7210.txt_q2,3,consensus,B,1
middle7210.txt_q3,3,consensus,D,1
middle7210.txt_q4,3,consensus,A,1
middle7234.txt_q0,3,consensus,C,1
middle7234.txt_q1,3,consensus,A,1
middle7234.txt_q2,3,consensus,B,1
middle7234.txt_q3,3,consensus,C,1
middle728.txt_q0,3,consensus,C,1
middle728.txt_q1,3,consensus,A,1
middle728.txt_q2,3,consensus,B,1
middle7284.txt_q0,3,consensus,A,1
middle7284.txt_q1,3,consensus,C,1
middle7284.txt_q2,3,consensus,B,1
middle7284.txt_q3,3,consensus,B,1
middle7284.txt_q4,3,consensus,D,1
middle73.txt_q0,3,consensus,D,1
middle73.txt_q1,3,consensus,B,1
middle7301.txt_q0,3,consensus,D,1
middle7301.txt_q1,3,consensus,B,1
middle7301.txt_q2,3,consensus,A,1
middle7301.txt_q3,3,consensus,B,1
middle7301.txt_q4,3,consensus,D,1
middle7320.txt_q0,3,consensus,B,1
middle7320.txt_q1,3,consensus,A,1
middle7320.txt_q2,3,consensus,D,1
middle7320.txt_q3,3,consensus,C,1
middle7351.txt_q0,3,consensus,C,1
middle7351.txt_q1,3,consensus,A,1
middle7351.txt_q2,3,consensus,D,1
middle7351.txt_q3,3,consensus,B,1
middle7433.txt_q0,3,consensus,B,1
middle7433.txt_q1,3,consensus,D,1
middle7433.txt_q2,3,no_consensus,,0
middle7443.txt_q0,3,consensus,C,1
middle7443.txt_q1,3,consensus,C,1
middle7443.txt_q2,3,consensus,D,1
middle7444.txt_q0,3,consensus,B,1
middle7444.txt_q1,3,consensus,B,1
middle7444.txt_q2,3,consensus,D,1
middle7444.txt_q3,3,consensus,A,1
middle746.txt_q0,3,consensus,C,1
middle746.txt_q1,3,consensus,A,1
middle746.txt_q2,3,consensus,D,1
middle746.txt_q3,3,consensus,B,1
middle7475.txt_q0,3,consensus,B,1
middle7475.txt_q1,3,consensus,D,1
middle7475.txt_q2,3,consensus,A,1
middle7475.txt_q3,3,consensus,A,1
middle7497.txt_q0,3,consensus,A,1
middle7497.txt_q1,3,consensus,A,1
middle7497.txt_q2,3,consensus,B,1
middle7513.txt_q0,3,consensus,D,1
middle7513.txt_q1,3,consensus,B,1
middle7513.txt_q2,3,consensus,A,1
middle7513.txt_q3,3,consensus,C,1
middle7513.txt_q4,3,consensus,D,1
middle7574.txt_q0,3,consensus,D,1
middle7574.txt_q1,3,consensus,A,1
middle7574.txt_q2,3,consensus,D,1
middle7574.txt_q3,3,consensus,A,1
middle758.txt_q0,3,consensus,A,1
middle758.txt_q1,3,consensus,A,1
middle758.txt_q2,3,consensus,D,1
middle7599.txt_q0,3,consensus,C,1
middle7599.txt_q1,3,consensus,D,1
middle7599.txt_q2,3,consensus,B,1
middle7599.txt_q3,3,consensus,C,1
middle7599.txt_q4,3,consensus,A,1
middle7646.txt_q0,3,consensus,B,1
middle7646.txt_q1,3,consensus,C,1
middle7646.txt_q2,3,consensus,D,1
middle7646.txt_q3,3,consensus,A,1
middle7646.txt_q4,3,consensus,A,1
middle7672.txt_q0,3,consensus,D,1
middle7672.txt_q1,3,consensus,D,1
middle7672.txt_q2,3,consensus,B,1
middle7672.txt_q3,3,consensus,C,1
middle7672.txt_q4,3,consensus,B,1
middle7673.txt_q0,3,consensus,C,1
middle7673.txt_q1,3,consensus,D,1
middle7673.txt_q2,3,consensus,D,1
middle7673.txt_q3,3,consensus,A,1
middle770.txt_q0,3,consensus,A,1
middle770.txt_q1,3,consensus,D,1
middle770.txt_q2,3,consensus,B,1
middle770.txt_q3,3,consensus,C,1
middle770.txt_q4,3,consensus,D,1
middle7703.txt_q0,3,consensus,C,1
middle7703.txt_q1,3,consensus,A,1
middle7703.txt_q2,3,consensus,B,1
middle7722.txt_q0,3,consensus,B,1
middle7722.txt_q1,3,consensus,C,1
middle7722.txt_q2,3,consensus,B,1
middle7722.txt_q3,3,consensus,C,1
middle7722.txt_q4,3,consensus,B,1
middle7729.txt_q0,3,consensus,B,1
middle7729.txt_q1,3,consensus,D,1
middle7729.txt_q2,3,consensus,C,1
middle7740.txt_q0,3,consensus,A,1
middle7740.txt_q1,3,consensus,B,1
middle7740.txt_q2,3,consensus,C,1
middle7752.txt_q0,3,consensus,A,1
middle7752.txt_q1,3,consensus,B,1
middle7752.txt_q2,3,consensus,A,1
middle7752.txt_q3,3,consensus,D,1
middle7779.txt_q0,3,consensus,C,1
middle7779.txt_q1,3,consensus,C,1
middle7779.txt_q2,3,consensus,B,1
middle7779.txt_q3,3,consensus,C,1
middle7779.txt_q4,3,consensus,B,1
middle7798.txt_q0,3,consensus,B,1
middle7798.txt_q1,3,consensus,D,1
middle7808.txt_q0,3,consensus,C,1
middle7808.txt_q1,3,consensus,A,1
middle7808.txt_q2,3,consensus,D,1
middle7834.txt_q0,3,consensus,B,1
middle7834.txt_q1,3,consensus,B,1
middle7834.txt_q2,3,consensus,C,1
middle7834.txt_q3,3,consensus,D,1
middle7834.txt_q4,3,consensus,A,1
middle7845.txt_q0,3,consensus,A,1
middle7845.txt_q1,3,consensus,C,1
middle7845.txt_q2,3,consensus,C,1
middle7875.txt_q0,3,consensus,C,1
middle7875.txt_q1,3,consensus,A,1
middle7875.txt_q2,3,consensus,B,1
middle7875.txt_q3,3,consensus,A,1
middle7890.txt_q0,3,consensus,C,1
middle7890.txt_q1,3,consensus,A,1
middle7923.txt_q0,3,consensus,B,1
middle7923.txt_q1,3,consensus,A,1
middle7923.txt_q2,3,consensus,C,1
middle7961.txt_q0,3,consensus,C,1
middle7961.txt_q1,3,consensus,B,1
middle7961.txt_q2,3,consensus,D,1
middle7998.txt_q0,3,consensus,A,1
middle7998.txt_q1,3,consensus,C,1
middle7998.txt_q2,3,consensus,B,1
middle8038.txt_q0,3,consensus,A,1
middle8038.txt_q1,3,consensus,D,1
middle8038.txt_q2,3,consensus,C,1
middle8038.txt_q3,3,consensus,B,1
middle8038.txt_q4,3,consensus,C,1
middle8049.txt_q0,3,consensus,D,1
middle8049.txt_q1,3,consensus,C,1
middle8049.txt_q2,3,consensus,B,1
middle8073.txt_q0,3,consensus,B,1
middle8073.txt_q1,3,consensus,A,1
middle8073.txt_q2,3,consensus,B,1
middle8073.txt_q3,3,consensus,D,1
middle8073.txt_q4,3,consensus,A,1
middle8111.txt_q0,3,consensus,B,1
middle8111.txt_q1,3,consensus,C,1
middle8111.txt_q2,3,consensus,C,1
middle8111.txt_q3,3,consensus,A,1
middle8111.txt_q4,3,consensus,C,1
middle8154.txt_q0,3,consensus,B,1
middle8154.txt_q1,3,consensus,C,1
middle8154.txt_q2,3,consensus,D,1
middle8154.txt_q3,3,consensus,A,1
middle8154.txt_q4,3,consensus,D,1
middle8160.txt_q0,3,consensus,C,1
middle8160.txt_q1,3,consensus,A,1
middle8160.txt_q2,3,consensus,C,1
middle8160.txt_q3,3,consensus,B,1
middle8161.txt_q0,3,consensus,A,1
middle8161.txt_q1,3,consensus,D,1
middle8161.txt_q2,3,consensus,C,1
middle8161.txt_q3,3,consensus,B,1
middle8161.txt_q4,3,consensus,A,1
middle8201.txt_q0,3,consensus,B,1
middle8201.txt_q1,3,consensus,A,1
middle8201.txt_q2,3,consensus,C,1
middle8238.txt_q0,3,consensus,B,1
middle8238.txt_q1,3,consensus,B,1
middle8248.txt_q0,3,consensus,B,1
middle8248.txt_q1,3,consensus,A,1
middle8248.txt_q2,3,consensus,D,1
middle8248.txt_q3,3,consensus,C,1
middle8248.txt_q4,3,consensus,B,1
middle8280.txt_q0,3,consensus,A,1
middle8280.txt_q1,3,consensus,C,1
middle8280.txt_q2,3,consensus,A,1
middle8280.txt_q3,3,consensus,C,1
middle8280.txt_q4,3,consensus,C,1
middle8280.txt_q5,3,consensus,B,1
middle84.txt_q0,3,consensus,B,1
middle84.txt_q1,3,consensus,A,1
middle84.txt_q2,3,consensus,B,1
middle84.txt_q3,3,consensus,A,1
middle84.txt_q4,3,consensus,D,1
middle849.txt_q0,3,consensus,D,1
middle849.txt_q1,3,consensus,B,1
middle849.txt_q2,3,consensus,D,1
middle849.txt_q3,3,consensus,C,1
middle849.txt_q4,3,consensus,B,1
middle859.txt_q0,3,consensus,D,1
middle859.txt_q1,3,consensus,A,1
middle859.txt_q2,3,consensus,B,1
middle859.txt_q3,3,consensus,C,1
middle859.txt_q4,3,consensus,A,1
middle886.txt_q0,3,consensus,A,1
middle886.txt_q1,3,consensus,D,1
middle886.txt_q2,3,consensus,C,1
middle897.txt_q0,3,consensus,D,1
middle897.txt_q1,3,consensus,D,1
middle897.txt_q2,3,consensus,D,0
middle897.txt_q3,3,consensus,D,1
middle897.txt_q4,3,consensus,B,1
middle909.txt_q0,3,consensus,C,1
middle909.txt_q1,3,consensus,C,1
middle909.txt_q2,3,consensus,A,1
middle909.txt_q3,3,consensus,D,1
middle909.txt_q4,3,consensus,C,1
middle927.txt_q0,3,consensus,C,1
middle927.txt_q1,3,consensus,A,1
middle927.txt_q2,3,consensus,A,0
middle927.txt_q3,3,consensus,A,0
middle928.txt_q0,3,consensus,A,1
middle928.txt_q1,3,consensus,B,1
middle928.txt_q2,3,consensus,B,1
middle928.txt_q3,3,consensus,C,1
middle928.txt_q4,3,consensus,D,1
middle93.txt_q0,3,consensus,B,1
middle93.txt_q1,3,consensus,A,1
middle93.txt_q2,3,consensus,D,1
middle93.txt_q3,3,consensus,C,1
middle93.txt_q4,3,consensus,B,0
middle938.txt_q0,3,consensus,B,1
middle938.txt_q1,3,consensus,C,1
middle938.txt_q2,3,consensus,A,1
middle938.txt_q3,3,consensus,B,1
middle940.txt_q0,3,consensus,A,1
middle940.txt_q1,3,consensus,B,1
middle940.txt_q2,3,consensus,D,1
middle940.txt_q3,3,consensus,C,1
middle940.txt_q4,3,consensus,A,1
middle940.txt_q5,3,consensus,B,1
middle946.txt_q0,3,consensus,B,1
middle946.txt_q1,3,consensus,C,1
middle946.txt_q2,3,consensus,A,1
middle946.txt_q3,3,consensus,D,1
middle956.txt_q0,3,consensus,C,1
middle956.txt_q1,3,consensus,C,1
middle956.txt_q2,3,consensus,D,1
middle956.txt_q3,3,consensus,C,1
middle97.txt_q0,3,consensus,D,1
middle97.txt_q1,3,consensus,B,1
middle991.txt_q0,3,consensus,D,1
middle991.txt_q1,3,consensus,A,1
middle991.txt_q2,3,consensus,B,1
middle991.txt_q3,3,consensus,B,1
middle992.txt_q0,3,consensus,D,1
middle992.txt_q1,3,consensus,B,1
middle992.txt_q2,3,consensus,C,1
middle992.txt_q3,3,consensus,C,1
