question_id,n_attempts,n_students,n_correct,empirical_correctness,empirical_difficulty,eb_correctness,eb_difficulty,posterior_lower_95,posterior_upper_95,irt_item_difficulty,irt_se,irt_ci_lower,irt_ci_upper
0,2812,2812,1247,0.44345661450924606,0.556543385490754,0.4436636525255536,0.5563363474744464,0.5379703683475714,0.5746266699405491,0.29564267,0.04374285,0.20990668,0.38137865
1,14,14,8,0.5714285714285714,0.4285714285714286,0.5459673564960495,0.45403264350395045,0.2613191751513262,0.6542666024837824,0.23829542,0.5986601,-0.9350784,1.4116693
2,2313,2313,891,0.3852140077821012,0.6147859922178989,0.3856956566101224,0.6143043433898776,0.5944196177190431,0.6340025789470409,0.5755465,0.05089397,0.47579432,0.6752987
3,2672,2672,2161,0.8087574850299402,0.19124251497005984,0.8077252563705505,0.19227474362944952,0.17758039409107196,0.20740390271964204,-1.62354,0.046347037,-1.7143803,-1.5326998
4,1704,1704,684,0.4014084507042254,0.5985915492957746,0.4019745849491785,0.5980254150508215,0.574709827088978,0.6211242181882772,0.55871004,0.05774368,0.44553244,0.67188764
5,833,833,159,0.1908763505402161,0.8091236494597839,0.19432164664642174,0.8056783533535783,0.778296856456254,0.8316849120516593,1.8047155,0.11306241,1.5831132,2.0263178
6,1718,1718,908,0.5285215366705471,0.47147846332945287,0.5284078309656731,0.4715921690343269,0.44809078284372306,0.495155870743633,-0.11786091,0.053820558,-0.22334921,-0.01237262
7,89,89,31,0.34831460674157305,0.651685393258427,0.36315573115605265,0.6368442688439473,0.5397897943432333,0.728616482524004,0.92814016,0.26623565,0.4063183,1.449962
8,2327,2327,912,0.3919209282337774,0.6080790717662226,0.3923733498743608,0.6076266501256392,0.5877456181831923,0.6273331389296137,0.52302426,0.050453298,0.4241358,0.6219127
9,834,834,303,0.36330935251798563,0.6366906474820144,0.3648742120132794,0.6351257879867206,0.6023575711043895,0.667286823312024,0.74300456,0.08534551,0.57572734,0.9102818
10,1572,1572,632,0.4020356234096692,0.5979643765903309,0.40264538048943554,0.5973546195105645,0.5730757730728668,0.6214001902172079,0.53735054,0.060180712,0.41939634,0.65530473
11,2171,2171,995,0.45831414094887146,0.5416858590511285,0.45851952400813123,0.5414804759918688,0.5205355566478903,0.5623533105389364,0.21357839,0.049596332,0.116369575,0.3107872
12,1701,1701,679,0.3991769547325103,0.6008230452674896,0.3997560540986223,0.6002439459013778,0.5769266510380993,0.6233391607914892,0.6077826,0.058038514,0.4940271,0.72153807
13,1259,1259,877,0.6965845909451946,0.30341540905480535,0.6952138126177098,0.30478618738229024,0.2797585605380143,0.33039700888423273,-0.89076626,0.061652582,-1.0116054,-0.7699272
14,1697,1697,1134,0.6682380671773719,0.3317619328226281,0.6673716236179429,0.3326283763820571,0.3104677993479058,0.3551606117648276,-0.78308773,0.05312638,-0.88721544,-0.67896
15,4,4,2,0.5,0.5,0.5049562100648483,0.49504378993515175,0.24029939752014506,0.7512123539887281,0.14193279,1.120422,-2.0540946,2.33796
16,2300,2300,1342,0.5834782608695652,0.4165217391304348,0.5831748522008261,0.4168251477991739,0.3967903976683349,0.4369963640067449,-0.41838428,0.045835543,-0.508222,-0.3285466
17,848,848,364,0.42924528301886794,0.570754716981132,0.4300788128808705,0.5699211871191294,0.5366511696098364,0.6028821425818394,0.4098505,0.08057173,0.2519299,0.5677711
18,2173,2173,690,0.3175333640128854,0.6824666359871145,0.318330481704298,0.681669518295702,0.6619739381981866,0.7010496883927757,0.94441855,0.056409307,0.8338563,1.0549808
19,2692,2692,1711,0.6355869242199108,0.3644130757800892,0.6351505487520543,0.36484945124794566,0.3467954187111376,0.3830930456259677,-0.5949048,0.042142212,-0.6775035,-0.51230603
20,1707,1707,1082,0.6338605741066198,0.3661394258933802,0.6331829701196571,0.3668170298803429,0.3441726885855978,0.3897553908311058,-0.5247685,0.05267417,-0.62800986,-0.4215271
21,137,137,56,0.40875912408759124,0.5912408759124088,0.4149328416139198,0.5850671583860803,0.5044846219875982,0.6634442323097047,0.43232507,0.20575261,0.029049933,0.8356002
22,2797,2797,1730,0.618519842688595,0.38148015731140505,0.6181555980733952,0.38184440192660485,0.36395327082497886,0.3998950570326293,-0.5468787,0.041283958,-0.6277953,-0.46596214
23,579,579,260,0.44905008635578586,0.5509499136442142,0.44995588763711,0.5500441123628901,0.5097268669271149,0.5900389789183664,0.4302758,0.09674665,0.24065235,0.6198993
24,2391,2391,1481,0.6194061062317022,0.3805938937682978,0.6189768601588957,0.38102313984110425,0.36169445215579654,0.4005396325097943,-0.56742465,0.044844925,-0.6553207,-0.4795286
25,2410,2410,1956,0.8116182572614108,0.1883817427385892,0.8104633868750588,0.1895366131249412,0.17416762955600462,0.20539178130930003,-1.6600989,0.048809417,-1.7557653,-1.5644325
26,1505,1505,795,0.5282392026578073,0.4717607973421927,0.5281112126942181,0.4718887873057819,0.44679129748734203,0.49705661674142876,-0.17939693,0.057202604,-0.29151404,-0.06727982
27,2329,2329,1052,0.45169600686990125,0.5483039931300988,0.45191348123741826,0.5480865187625817,0.5278811211388502,0.5682139985745662,0.2711981,0.048182603,0.1767602,0.365636
28,90,90,44,0.4888888888888889,0.5111111111111111,0.49057524248964507,0.509424757510355,0.4115620401498117,0.6069272559160285,0.22615924,0.23683843,-0.23804408,0.6903626
29,1730,1730,1066,0.6161849710982659,0.38381502890173413,0.6156095767866903,0.38439042321330974,0.3616638841482773,0.4073688117708131,-0.54120755,0.05268621,-0.64447254,-0.43794256
30,2813,2813,1428,0.507643085673658,0.492356914326342,0.5076413750981709,0.49235862490182913,0.47392353605173065,0.5108039720814184,0.0403205,0.042467427,-0.042915657,0.12355666
31,2256,2256,1516,0.6719858156028369,0.3280141843971631,0.6713180127299414,0.3286819872700586,0.3094875873504863,0.34816292714605024,-0.82177067,0.046249982,-0.91242063,-0.7311207
32,70,70,27,0.38571428571428573,0.6142857142857143,0.3997828836768494,0.6002171163231507,0.49090605053675884,0.7047305474181599,0.5646679,0.2879745,0.00023782253,1.1290979
33,4,4,1,0.25,0.75,0.42905552527195495,0.570944474728045,0.3079884163148766,0.8135262068245878,1.4462377,1.3811089,-1.2607359,4.153211
34,2332,2332,1145,0.49099485420240135,0.5090051457975986,0.49105803693443845,0.5089419630655616,0.48869056271611155,0.5291788927035175,0.05152847,0.047073476,-0.040735543,0.14379248
35,186,186,96,0.5161290322580645,0.4838709677419355,0.5157053765439134,0.48429462345608665,0.4145905325818222,0.5543036613154627,-0.06775877,0.16442901,-0.39003962,0.2545221
36,827,827,337,0.407496977025393,0.592503022974607,0.4085900784302093,0.5914099215697908,0.5579129415530393,0.624492710271248,0.51700157,0.0823448,0.35560575,0.6783974
37,2274,2274,1377,0.6055408970976254,0.3944591029023746,0.6051453729463614,0.3948546270536386,0.37489766595507934,0.4149860657251372,-0.4827958,0.046105176,-0.57316196,-0.39242965
38,2482,2482,1231,0.4959709911361805,0.5040290088638195,0.4960120421353932,0.5039879578646068,0.48435682400420366,0.5236130266443308,0.0752486,0.04549456,-0.013920739,0.16441794
39,2607,2607,1189,0.45607978519370923,0.5439202148062907,0.45625877607841425,0.5437412239215857,0.5246286869959274,0.5627904156708696,0.35999912,0.04506578,0.2716702,0.44832805
40,2599,2599,910,0.3501346671796845,0.6498653328203154,0.35068690379248785,0.6493130962075122,0.6308965799402166,0.6675127190998267,0.7260916,0.04960111,0.62887347,0.8233098
41,628,628,210,0.3343949044585987,0.6656050955414012,0.3368820447144485,0.6631179552855515,0.6259774071975375,0.6992885771392585,0.9313601,0.10313881,0.72920805,1.1335123
42,166,166,60,0.3614457831325301,0.6385542168674698,0.36907557154285153,0.6309244284571485,0.5583493324046694,0.700667425828126,0.66621864,0.19476922,0.28447098,1.0479662
44,2169,2169,707,0.3259566620562471,0.6740433379437529,0.3267197621752255,0.6732802378247744,0.6534399735693996,0.6928191042387606,1.0053674,0.055545337,0.89649856,1.1142362
45,2644,2644,1128,0.4266263237518911,0.573373676248109,0.4269046733765021,0.5730953266234979,0.5542271732060904,0.5918591012336508,0.3960534,0.0458421,0.3062029,0.48590392
46,2554,2554,674,0.2638997650743931,0.7361002349256069,0.2647703823951003,0.7352296176048997,0.7179804916315449,0.7521310554596284,1.2505826,0.056008283,1.1408063,1.3603588
47,2884,2884,1716,0.59500693481276,0.40499306518724,0.5947282096798054,0.40527179032019456,0.3874489942917545,0.42321863495045564,-0.31801215,0.040810917,-0.39800155,-0.23802274
48,851,851,325,0.381903642773208,0.618096357226792,0.3832392381352453,0.6167607618647547,0.5840413364204229,0.6489658939789366,0.6472683,0.083639234,0.48333538,0.8112012
49,2607,2607,1181,0.45301112389719983,0.5469888761028001,0.4532008767947491,0.5467991232052509,0.5276950250041499,0.5658354478490437,0.37486684,0.04515148,0.28636995,0.46336374
50,2907,2907,1711,0.5885792913656691,0.4114207086343309,0.5883229877342111,0.4116770122657889,0.39387691277995696,0.4295918603993909,-0.35339496,0.040758625,-0.43328187,-0.27350804
51,1737,1737,919,0.5290731145653426,0.47092688543465744,0.5289577478698942,0.47104225213010575,0.4476708786964927,0.4944764561821615,-0.11966276,0.053501014,-0.22452475,-0.014800772
52,2393,2393,984,0.411199331383201,0.588800668616799,0.4115656888024455,0.5884343111975545,0.5686909721867466,0.6080381724018953,0.47844228,0.048962884,0.38247502,0.57440954
53,2332,2332,1105,0.47384219554030876,0.5261578044596913,0.47397259988184154,0.5260274001181584,0.5057863950723709,0.54622628523075,0.09956439,0.04731394,0.006829068,0.19229971
54,2165,2165,917,0.4235565819861432,0.5764434180138568,0.4239092102154998,0.5760907897845002,0.5552591475372779,0.5967898367828645,0.3919805,0.05100019,0.29202014,0.49194086
55,1487,1487,646,0.4344317417619368,0.5655682582380632,0.4348774748242456,0.5651225251757543,0.5399325608523637,0.5901475805037351,0.27476126,0.06048437,0.1562119,0.3933106
56,2614,2614,1350,0.5164498852333589,0.4835501147666411,0.5164172412391264,0.48358275876087364,0.46447617104802486,0.5027130581696385,0.07059334,0.04365201,-0.014964595,0.15615128
57,104,104,40,0.38461538461538464,0.6153846153846154,0.3945465906780741,0.6054534093219259,0.5142201208577644,0.693155408964033,0.71331537,0.2408907,0.2411696,1.1854612
58,78,78,33,0.4230769230769231,0.5769230769230769,0.431922067396327,0.568077932603673,0.46347074862597504,0.6697249954022216,0.48536673,0.26996684,-0.043768257,1.0145017
59,2555,2555,2076,0.8125244618395303,0.1874755381604697,0.8114316549515217,0.1885683450484783,0.17366360824301696,0.2039332050594389,-1.6714716,0.047573518,-1.7647157,-1.5782275
60,192,192,78,0.40625,0.59375,0.41085029739739687,0.5891497026026031,0.5205685783991956,0.656051548585284,0.52132803,0.17145658,0.18527314,0.8573829
61,78,78,18,0.23076923076923078,0.7692307692307692,0.2598546079109468,0.7401453920890533,0.6437263451200146,0.8261327030492467,1.1232506,0.33643135,0.46384513,1.7826561
62,869,869,390,0.4487917146144994,0.5512082853855006,0.4494010923482517,0.5505989076517483,0.5176167781949281,0.5833627303379693,0.33319497,0.07862817,0.17908376,0.48730618
63,1178,1178,364,0.3089983022071307,0.6910016977928692,0.31052946683043686,0.6894705331695632,0.6628644017906129,0.7154720055474248,1.0962808,0.07691768,0.9455222,1.2470394
64,2195,2195,1688,0.7690205011389522,0.23097949886104785,0.7679302998601628,0.2320697001398372,0.21468314478945383,0.24991677121667788,-1.2479839,0.049031477,-1.3440857,-1.1518822
65,2855,2855,2373,0.8311733800350263,0.16882661996497372,0.8301352961136047,0.1698647038863953,0.15633548002411268,0.1838305919558898,-1.804932,0.04617313,-1.8954313,-1.7144327
66,1709,1709,885,0.5178466939730837,0.4821533060269163,0.5177893966762293,0.48221060332377075,0.45861295057104956,0.5058474833862019,0.0017014444,0.053657386,-0.10346703,0.10686992
67,367,367,135,0.3678474114441417,0.6321525885558583,0.3712442692969567,0.6287557307030434,0.579379764430143,0.6768348223303374,0.7153538,0.12977721,0.46099046,0.96971714
68,85,85,24,0.2823529411764706,0.7176470588235294,0.30425081482058275,0.6957491851794173,0.5996509664586953,0.7839728980567421,0.7915201,0.2944325,0.21443242,1.3686078
69,2627,2627,1380,0.525314046440807,0.47468595355919296,0.5252507120357245,0.4747492879642755,0.455710225789143,0.49382464030722384,-0.14031583,0.043549124,-0.22567213,-0.054959543
70,873,873,261,0.29896907216494845,0.7010309278350515,0.3011339256200578,0.6988660743799422,0.6681932322067466,0.7286848578534468,1.1237884,0.091117635,0.9451978,1.3023789
71,2549,2549,1014,0.39780306002353866,0.6021969399764613,0.3981951234737507,0.6018048765262494,0.5827652432462754,0.6206937358906721,0.5043369,0.04770155,0.41084185,0.59783196
72,2113,2113,1130,0.5347846663511595,0.4652153336488405,0.5346650463553789,0.4653349536446211,0.4441512668103489,0.4865805278909423,-0.2413652,0.048258957,-0.33595276,-0.14677763
73,170,170,100,0.5882352941176471,0.4117647058823529,0.5840814244709448,0.4159185755290552,0.3449290153853859,0.48868646677260763,-0.44028708,0.16847095,-0.77049017,-0.11008403
74,833,833,405,0.48619447779111646,0.5138055222088835,0.48642241830708244,0.5135775816929176,0.4798190775431438,0.5472750015179377,0.14318228,0.07783346,-0.0093713105,0.29573587
75,2616,2616,1547,0.5913608562691132,0.40863914373088683,0.5910664197432097,0.4089335802567903,0.39019773116656387,0.42780085741210994,-0.41732118,0.04284907,-0.50130534,-0.333337
76,2322,2322,1170,0.5038759689922481,0.49612403100775193,0.5038887248648595,0.49611127513514053,0.47582429034831586,0.5164045800123769,0.017138138,0.046917517,-0.0748202,0.109096475
77,579,579,196,0.3385146804835924,0.6614853195164077,0.3411447551575605,0.6588552448424395,0.6200782919547745,0.6966089204653028,1.0011542,0.10659359,0.7922307,1.2100776
78,1704,1704,1156,0.6784037558685446,0.3215962441314554,0.6774864090338442,0.32251359096615584,0.30058508363130554,0.3448346055452618,-0.7515005,0.05303508,-0.85544926,-0.6475517
79,1732,1732,584,0.3371824480369515,0.6628175519630485,0.33807791675584237,0.6619220832441577,0.6395357811488525,0.6839560551652617,0.8440403,0.061496537,0.72350705,0.9645735
80,2638,2638,1857,0.703942380591357,0.29605761940864295,0.7032601833719762,0.29673981662802384,0.2794882538937443,0.31428228354941457,-1.0035397,0.04309048,-1.0879971,-0.91908234
81,115,115,58,0.5043478260869565,0.4956521739130435,0.5045524309458841,0.4954475690541159,0.4080808631335058,0.5829532286970666,-0.077703506,0.21039069,-0.49006927,0.33466226
82,2471,2471,1554,0.6288951841359773,0.37110481586402266,0.6284446800223185,0.37155531997768154,0.35264161589239573,0.3906652337923051,-0.5829421,0.044062145,-0.66930395,-0.49658033
83,2905,2905,1552,0.5342512908777969,0.4657487091222031,0.5341658599106037,0.4658341400893963,0.4477497094176949,0.48396298940757965,-0.02509278,0.041220482,-0.105884925,0.055699363
85,1615,1615,701,0.4340557275541796,0.5659442724458204,0.4344684568724747,0.5655315431275253,0.5413589642578502,0.589551255659167,0.36769694,0.058058817,0.25390166,0.48149222
86,2185,2185,1654,0.7569794050343249,0.24302059496567507,0.7559345859077584,0.24406541409224158,0.2263207383297412,0.26225199503955077,-1.3222138,0.048822686,-1.4179063,-1.2265213
87,1548,1548,443,0.28617571059431524,0.7138242894056848,0.2874775297312431,0.7125224702687569,0.6897961203054098,0.7347317542082934,1.0522958,0.06916167,0.9167389,1.1878526
88,2286,2286,1199,0.5244969378827646,0.47550306211723536,0.524427460168715,0.475572539831285,0.4551679546324212,0.49601744809201076,-0.13689882,0.046759143,-0.22854674,-0.045250893
89,2948,2948,2078,0.7048846675712347,0.2951153324287653,0.7042710613354973,0.29572893866450267,0.27941562855522495,0.31230395256569965,-0.88631773,0.04083834,-0.96636087,-0.8062746
90,2477,2477,1431,0.5777149777957207,0.4222850222042793,0.5774544390357853,0.4225455609642147,0.40319338329679655,0.44201577169065,-0.31939808,0.044297405,-0.40622097,-0.23257516
91,2857,2857,1335,0.4672733636681834,0.5327266363318166,0.46740090966616005,0.53259909033384,0.5143161542343027,0.5508389349414455,0.23530461,0.042987265,0.15104957,0.31955963
92,2322,2322,1184,0.5099052540913006,0.4900947459086994,0.5098942797156105,0.4901057202843895,0.4698269762242384,0.5104005448701567,-0.08368635,0.046401355,-0.17463301,0.0072603077
93,2290,2290,522,0.2279475982532751,0.772052401746725,0.22906165423863217,0.7709383457613679,0.7535444890087021,0.7878857585775756,1.442623,0.06285429,1.3194286,1.5658175
94,1318,1318,336,0.2549317147192716,0.7450682852807284,0.2566751376418129,0.7433248623581872,0.7194922140279492,0.7664629214068956,1.3071188,0.07810736,1.1540284,1.4602091
95,1311,1311,504,0.38443935926773454,0.6155606407322655,0.3852919585916281,0.6147080414083719,0.5883059951105264,0.6407808904075797,0.5883371,0.06657426,0.4578516,0.71882266
96,81,81,32,0.3950617283950617,0.6049382716049383,0.40646308920385754,0.5935369107961425,0.49100668792440705,0.6921356052580545,0.64397913,0.2706275,0.11354923,1.174409
97,1271,1271,741,0.5830055074744296,0.4169944925255704,0.5824616083039503,0.41753839169604967,0.3906612178215876,0.4446596159489731,-0.3204387,0.061528012,-0.4410336,-0.19984381
98,174,174,81,0.46551724137931033,0.5344827586206897,0.46760094030333593,0.5323990596966641,0.46008914672483847,0.604038669414928,0.123753965,0.17393997,-0.21716839,0.46467632
99,136,136,63,0.4632352941176471,0.5367647058823529,0.4660086269531232,0.5339913730468768,0.452799818390786,0.6142955455962181,0.16505718,0.1987039,-0.22440246,0.5545168
100,99,99,66,0.6666666666666666,0.33333333333333337,0.6531341023030041,0.34686589769699594,0.2604717768645901,0.4386242222098806,-0.96981895,0.21669067,-1.3945327,-0.5451052
101,2587,2587,1132,0.4375724777734828,0.5624275222265172,0.4378182539954704,0.5621817460045295,0.5430577682775852,0.58121497970515,0.3196538,0.04589933,0.22969112,0.4096165
102,179,179,80,0.44692737430167595,0.553072625698324,0.449862118886307,0.550137881113693,0.4788234785416864,0.6204425609774751,0.22429724,0.1734541,-0.11567281,0.5642673
103,2389,2389,1381,0.5780661364587694,0.42193386354123064,0.5777946938533628,0.4222053061466372,0.4025049786253767,0.4420285355302276,-0.36358812,0.04509046,-0.45196542,-0.27521083
104,89,89,20,0.2247191011235955,0.7752808988764045,0.2511110407055168,0.7488889592944832,0.6590272352792164,0.8291507191087761,1.6673428,0.32167345,1.0368629,2.2978227
105,1703,1703,946,0.5554903112155021,0.4445096887844979,0.5552310905439384,0.4447689094560616,0.42130138009377993,0.46835865519613307,-0.14420095,0.05323878,-0.24854895,-0.03985294
106,2112,2112,1148,0.5435606060606061,0.4564393939393939,0.5434029694736311,0.4565970305263689,0.43544528461223697,0.47782630014490124,-0.06418729,0.04820139,-0.15866202,0.030287437
107,78,78,29,0.3717948717948718,0.6282051282051282,0.3860374115335589,0.613962588466441,0.5101430456022068,0.7128274937671732,0.30844223,0.2770582,-0.2345919,0.8514764
108,6,6,2,0.3333333333333333,0.6666666666666667,0.4384056343381861,0.5615943656618139,0.31599355473315716,0.7918231774549063,0.8729316,1.0078665,-1.1024867,2.84835
109,111,111,50,0.45045045045045046,0.5495495495495495,0.45477681441627377,0.5452231855837262,0.4560102772005339,0.6330098150328174,0.15934524,0.22074622,-0.27331737,0.5920079
110,1155,1155,315,0.2727272727272727,0.7272727272727273,0.2745745474696404,0.7254254525303596,0.6994393658383123,0.7506779399090214,1.2916952,0.0818297,1.131309,1.4520814
111,2610,2610,1775,0.6800766283524904,0.3199233716475096,0.6794707411970993,0.32052925880290073,0.30279177289870196,0.3385263489851671,-0.87665176,0.04303398,-0.96099836,-0.7923052
112,104,104,36,0.34615384615384615,0.6538461538461539,0.3592031309718378,0.6407968690281622,0.5506276108693378,0.7262517911495397,0.92106175,0.2498306,0.43139377,1.4107298
113,11,11,5,0.45454545454545453,0.5454545454545454,0.47845358254570397,0.5215464174542961,0.3092190665555685,0.7298247519269778,0.24377689,0.69978523,-1.1278021,1.615356
114,104,104,50,0.4807692307692308,0.5192307692307692,0.48290523994366497,0.517094760056335,0.42532291794411603,0.6082940866567145,0.22379027,0.22585133,-0.21887834,0.6664589
115,104,104,44,0.4230769230769231,0.5769230769230769,0.42989005038431044,0.5701099496156896,0.47830648635709405,0.6595654975837224,0.51366687,0.2337744,0.055469036,0.9718647
116,2122,2122,1130,0.532516493873704,0.46748350612629597,0.5324071439470839,0.4675928560529161,0.44644539971694,0.4887979244434475,-0.010982186,0.048242986,-0.10553844,0.08357407
117,10,10,3,0.3,0.7,0.3991035145240064,0.6008964854759936,0.37999570138898764,0.8018641063957292,1.8457929,0.86115164,0.15793562,3.5336502
118,2488,2488,1290,0.5184887459807074,0.4815112540192926,0.5184469636932663,0.48155303630673374,0.46197523731512213,0.501158822925744,-0.032283902,0.04498933,-0.12046299,0.055895187
119,2465,2465,1117,0.45314401622718053,0.5468559837728195,0.453344166775793,0.5466558332242071,0.5270100642892581,0.566230158214992,0.2810939,0.046790626,0.18938427,0.3728035
120,2143,2143,784,0.36584227718152124,0.6341577228184787,0.3664445565713265,0.6335554434286734,0.6130882389021355,0.6537875377957878,0.68850875,0.053970348,0.58272684,0.79429066
121,167,167,60,0.3592814371257485,0.6407185628742516,0.3669806356124103,0.6330193643875897,0.5607149844278334,0.7024626763342574,0.67586744,0.19452824,0.29459208,1.0571427
122,2146,2146,1407,0.6556383970177073,0.3443616029822927,0.6550061045193689,0.3449938954806311,0.32506766610147886,0.36519261570983974,-0.74560726,0.047410134,-0.83853114,-0.6526834
123,2144,2144,951,0.4435634328358209,0.5564365671641791,0.44383424705131913,0.5561657529486809,0.5351377273736784,0.5770949497606934,0.29207507,0.05052121,0.19305348,0.39109665
124,1260,1260,480,0.38095238095238093,0.6190476190476191,0.38186444880851267,0.6181355511914873,0.5912455524079638,0.6446728924147707,0.6622453,0.06921302,0.5265877,0.7979028
125,1274,1274,694,0.5447409733124019,0.4552590266875981,0.5444719493863487,0.4555280506136513,0.42835985793911724,0.48282755371562713,-0.14538756,0.06143049,-0.26579133,-0.024983793
126,83,83,21,0.25301204819277107,0.7469879518072289,0.27830565103028737,0.7216943489697126,0.6264361627943349,0.8078427383592225,0.97178054,0.31254032,0.3592015,1.5843596
127,109,109,47,0.43119266055045874,0.5688073394495412,0.4370874182214709,0.5629125817785291,0.47301413173274587,0.6507933003466209,0.48392266,0.22637405,0.04022953,0.92761576
128,78,78,22,0.28205128205128205,0.717948717948718,0.30573926377371485,0.6942607362262851,0.5941810089270879,0.7858983595779283,0.7977687,0.30900452,0.19211984,1.4034176
129,2258,2258,1083,0.4796279893711249,0.5203720106288752,0.4797392353410109,0.5202607646589892,0.4996857577267969,0.540801913540096,0.0743476,0.048078403,-0.019886069,0.16858128
130,1583,1583,551,0.34807327858496523,0.6519267214150348,0.34898978786159446,0.6510102121384056,0.6274287286020792,0.6742323573236625,0.818776,0.063192315,0.69491905,0.942633
131,113,113,52,0.46017699115044247,0.5398230088495575,0.46370208860693524,0.5362979113930648,0.4478244665569612,0.6236453070637332,0.12021983,0.21708563,-0.30526802,0.5457077
132,851,851,330,0.38777908343125733,0.6122209165687427,0.38905200803757095,0.610947991962429,0.5781505246498487,0.6432567683468262,0.7035342,0.08327329,0.54031855,0.8667498
133,2296,2296,1513,0.6589721254355401,0.34102787456445993,0.6583677078451966,0.3416322921548034,0.3224085282240007,0.36111634025489336,-0.77504003,0.04579606,-0.86480033,-0.6852797
134,2670,2670,1720,0.6441947565543071,0.35580524344569286,0.6437253193865862,0.35627468061341383,0.33824746197446387,0.3745051431656563,-0.66178715,0.042407405,-0.74490565,-0.57866865
135,1250,1250,559,0.4472,0.5528,0.44763659099808595,0.552363409001914,0.5248351671879337,0.5797340926912904,0.3186902,0.06508633,0.19112101,0.4462594
136,71,71,26,0.36619718309859156,0.6338028169014085,0.3823238137229124,0.6176761862770876,0.5094923459845979,0.720297219400819,0.6578183,0.289994,0.089430034,1.2262065
137,1288,1288,805,0.625,0.375,0.6241661955805856,0.3758338044194144,0.3496729834866329,0.40235728394015857,-0.5218787,0.06085181,-0.64114827,-0.40260917
138,2497,2497,1771,0.7092511013215859,0.29074889867841414,0.708511087745749,0.291488912254251,0.273860003087953,0.30943302958223695,-0.99961424,0.044474307,-1.0867839,-0.9124446
139,6,6,2,0.3333333333333333,0.6666666666666667,0.4384056343381861,0.5615943656618139,0.31599355473315716,0.7918231774549063,0.8729316,1.0078665,-1.1024867,2.84835
140,167,167,68,0.40718562874251496,0.592814371257485,0.41239000089082767,0.5876099991091723,0.5142753922886821,0.6590600927666368,0.42648497,0.18610924,0.061710835,0.7912591
141,86,86,39,0.45348837209302323,0.5465116279069768,0.45865829512925915,0.5413417048707408,0.4411605388950044,0.639876367106339,-0.08997935,0.24527907,-0.57072634,0.39076763
142,2457,2457,668,0.2718762718762719,0.728123728123728,0.2727514568123113,0.7272485431876887,0.7095020431898431,0.7446459395473422,1.2629557,0.056879494,1.1514719,1.3744395
143,2882,2882,2050,0.7113115891741846,0.2886884108258154,0.7106635797178574,0.28933642028214257,0.27295002141275293,0.3059988735090009,-0.98533785,0.041503664,-1.0666851,-0.9039907
144,139,139,67,0.48201438848920863,0.5179856115107914,0.48356875624438483,0.5164312437556151,0.43614412290332394,0.5962980934283075,0.08693333,0.19455504,-0.29439455,0.46826124
145,2241,2241,1071,0.4779116465863454,0.5220883534136547,0.4780307314209297,0.5219692685790702,0.5013182163892518,0.5425833302402585,0.12873694,0.04821291,0.034239642,0.22323424
146,1426,1426,323,0.226507713884993,0.773492286115007,0.22830165587401985,0.7716983441259802,0.7496370047071436,0.793042478686476,1.4893912,0.07984601,1.332893,1.6458894
147,2255,2255,1340,0.5942350332594235,0.4057649667405765,0.5938820047632755,0.40611799523672454,0.38597424258896584,0.4264188426153479,-0.45294902,0.046229903,-0.5435596,-0.36233842
148,2459,2459,933,0.3794225294835299,0.6205774705164702,0.3798972163790158,0.6201027836209843,0.6008682118232425,0.6391529964047634,0.65250206,0.049678434,0.5551323,0.7498718
149,104,104,34,0.3269230769230769,0.6730769230769231,0.3415314011187196,0.6584685988812804,0.5690250737003674,0.7426064369394834,1.0289562,0.25512606,0.5289091,1.5290033
150,2465,2465,1390,0.563894523326572,0.436105476673428,0.5636839720342777,0.43631602796572233,0.41682924044402625,0.45590033448442857,-0.2646217,0.044476174,-0.35179502,-0.17744839
151,487,487,240,0.4928131416837782,0.5071868583162218,0.49307764275588406,0.5069223572441159,0.4629684037883548,0.5508234480428595,0.124825895,0.10245828,-0.075992346,0.32564414
152,1491,1491,520,0.3487592219986586,0.6512407780013414,0.34972774203416745,0.6502722579658325,0.6259626856906829,0.6742023182446826,0.8284664,0.065581165,0.69992733,0.9570055
153,4,4,3,0.75,0.25,0.5808568948577416,0.4191431051422584,0.17879560518236504,0.6827075485589631,-1.1586305,1.1449274,-3.402688,1.0854272
154,2311,2311,1818,0.7866724361748161,0.21332756382518392,0.7855669364269164,0.21443306357308356,0.197972205965263,0.23136020686013647,-1.5345386,0.048426848,-1.6294552,-1.439622
155,1675,1675,276,0.1647761194029851,0.8352238805970149,0.16664113637613134,0.8333588636238687,0.8151968131189454,0.8507710883494131,2.0230913,0.086108886,1.8543179,2.1918647
156,591,591,286,0.48392554991539766,0.5160744500846024,0.4842800856034633,0.5157199143965367,0.4757356537540405,0.5556049334841825,0.2552551,0.093743056,0.071518704,0.4389915
157,1734,1734,1211,0.6983852364475202,0.30161476355247985,0.6973785056432515,0.30262149435674845,0.2812799644497457,0.3243920073772901,-0.9643109,0.053240925,-1.0686631,-0.85995865
158,2208,2208,885,0.4008152173913043,0.5991847826086957,0.4012551150227976,0.5987448849772024,0.5782648777160713,0.6190561577519156,0.50709975,0.051246602,0.4066564,0.6075431
159,2136,2136,787,0.3684456928838951,0.6315543071161049,0.36903880254483945,0.6309611974551605,0.6104326363201729,0.6512584629196129,0.6738838,0.05393027,0.56818044,0.77958715
160,2237,2237,1350,0.6034868126955745,0.39651318730442553,0.6030931637588494,0.39690683624115064,0.376767204085239,0.417220358621462,-0.47887918,0.046362445,-0.5697496,-0.38800877
161,2547,2547,844,0.331370239497448,0.668629760502552,0.33200106306732446,0.6679989369326755,0.6496236277362654,0.6861252459106515,0.85389113,0.05103759,0.75385743,0.95392483
162,1572,1572,610,0.3880407124681934,0.6119592875318066,0.3887316780555583,0.6112683219444417,0.5871191160106952,0.6351509135234077,0.6075388,0.0609172,0.48814112,0.7269365
163,630,630,476,0.7555555555555555,0.24444444444444446,0.7519893150934087,0.24801068490659128,0.21532137356523284,0.2821935278937151,-1.1255041,0.09084162,-1.3035537,-0.9474546
164,115,115,82,0.7130434782608696,0.28695652173913044,0.6978278761786335,0.3021721238213665,0.22492676997609018,0.3854531008220492,-1.1148211,0.20648171,-1.5195253,-0.7101169
165,2294,2294,1284,0.5597210113339146,0.4402789886660854,0.5595114535256615,0.44048854647433855,0.42026899979969234,0.4608059889185775,-0.31812677,0.045914784,-0.40811974,-0.2281338
166,104,104,36,0.34615384615384615,0.6538461538461539,0.3592031309718378,0.6407968690281622,0.5506276108693378,0.7262517911495397,0.92106175,0.24983057,0.43139383,1.4107296
167,1601,1601,674,0.42098688319800126,0.5790131168019987,0.42147767006187475,0.5785223299381252,0.5543217449451703,0.6025381524004941,0.45264572,0.058728587,0.33753768,0.56775373
168,206,206,144,0.6990291262135923,0.30097087378640774,0.6908459500608328,0.3091540499391672,0.2493060006649903,0.37236242107037376,-0.86494875,0.15186699,-1.162608,-0.5672895
169,2302,2302,603,0.2619461337966985,0.7380538662033015,0.2629194349637331,0.7370805650362668,0.7189451983916477,0.7548272997595382,1.2160097,0.05892746,1.1005119,1.3315076
170,1541,1541,972,0.6307592472420506,0.36924075275794943,0.6300274382554002,0.3699725617445998,0.34610907924884593,0.3941538375794482,-0.5516045,0.055508655,-0.66040146,-0.44280756
171,2116,2116,1079,0.5099243856332704,0.49007561436672964,0.5099122648789062,0.4900877351210938,0.4688499358588911,0.5113432057515142,0.09878178,0.04876372,0.0032048896,0.19435868
172,616,616,186,0.30194805194805197,0.698051948051948,0.3049591240958333,0.6950408759041666,0.6584056501205301,0.7304941279037845,1.109535,0.10864284,0.896595,1.322475
173,137,137,49,0.35766423357664234,0.6423357664233577,0.3670450724940585,0.6329549275059415,0.5534881962832536,0.708974973126193,0.69987535,0.21573134,0.2770419,1.1227088
174,1018,1018,386,0.3791748526522593,0.6208251473477406,0.3803176790608349,0.6196823209391651,0.58979455619894,0.6491286345003162,0.73334515,0.07651861,0.58336866,0.88332164
175,10,10,3,0.3,0.7,0.3991035145240064,0.6008964854759936,0.37999570138898764,0.8018641063957292,0.9672705,0.8442868,-0.6875317,2.6220727
176,1199,1199,693,0.5779816513761468,0.42201834862385323,0.577443491192101,0.42255650880789897,0.39484098035922566,0.4505148958351364,-0.2537118,0.06306536,-0.3773199,-0.13010368
177,2545,2545,1220,0.4793713163064833,0.5206286836935168,0.47947098413938716,0.5205290158606128,0.5011448663613204,0.5398827139496643,0.1023529,0.04511526,0.01392699,0.19077882
178,2903,2903,2491,0.8580778504994833,0.14192214950051674,0.8569721114797706,0.1430278885202294,0.13054927609958122,0.15597086751671663,-1.9853796,0.04823026,-2.079911,-1.8908483
179,78,78,22,0.28205128205128205,0.717948717948718,0.30573926377371485,0.6942607362262851,0.5941810089270879,0.7858983595779283,0.79776883,0.30900455,0.1921199,1.4034178
180,80,80,20,0.25,0.75,0.27645442770386564,0.7235455722961344,0.6267999196444185,0.8107966216229232,1.0091763,0.32034215,0.38130563,1.6370468
181,574,574,183,0.31881533101045295,0.6811846689895471,0.32177788575987126,0.6782221142401288,0.639777537130639,0.715508836831553,1.0061446,0.10964609,0.7912383,1.221051
182,2245,2245,585,0.26057906458797325,0.7394209354120267,0.2615825413961349,0.7384174586038651,0.7200806317778088,0.7563535798278284,1.2036109,0.05986844,1.0862688,1.320953
183,2596,2596,1196,0.46070878274268107,0.539291217257319,0.4608722266226409,0.5391277733773592,0.5199635071102942,0.5582351363047324,0.19571018,0.045200307,0.10711758,0.28430277
184,2472,2472,1531,0.6193365695792881,0.38066343042071193,0.6189215937360527,0.3810784062639473,0.3620655518639393,0.4002728501099453,-0.5249108,0.044131547,-0.61140865,-0.43841296
185,2715,2715,1826,0.6725598526703499,0.3274401473296501,0.6720026354434186,0.32799736455658135,0.31049191576596336,0.3457420255516177,-0.8113723,0.0421834,-0.89405173,-0.7286928
186,2318,2318,866,0.37359792924935287,0.6264020707506471,0.37412434074837014,0.6258756592516299,0.6061193039485824,0.6454270871448078,0.63685596,0.05139351,0.5361247,0.7375872
187,2184,2184,1075,0.49221611721611724,0.5077838827838828,0.4922784545162458,0.5077215454837543,0.4867983795495968,0.5286313724396057,0.057528883,0.048598748,-0.037724666,0.15278244
188,189,189,75,0.3968253968253968,0.6031746031746033,0.40193167440444955,0.5980683255955505,0.5291187937030188,0.6651426325274887,0.5653318,0.17434253,0.22362044,0.9070432
189,178,178,64,0.3595505617977528,0.6404494382022472,0.3667840977746441,0.6332159022253558,0.5630985384755904,0.7006363847158741,0.6558449,0.18732572,0.2886865,1.0230033
190,2582,2582,1673,0.6479473276529821,0.35205267234701787,0.6474486602223595,0.3525513397776405,0.3342688318980842,0.3710494380282503,-0.7001418,0.043091718,-0.78460157,-0.615682
191,869,869,300,0.34522439585730724,0.6547756041426928,0.3469158376407748,0.6530841623592252,0.621299288766046,0.6842085812563803,0.8406794,0.08586133,0.6723912,1.0089676
192,80,80,22,0.275,0.725,0.29888221009681687,0.7011177899031831,0.6026622690755805,0.7910296398620367,0.8539674,0.30773827,0.25080037,1.4571345
193,2315,2315,1249,0.5395248380129589,0.4604751619870411,0.5393969017912565,0.46060309820874346,0.4403771353191237,0.4808932831085371,-0.15546721,0.046342544,-0.24629861,-0.06463582
194,1324,1324,608,0.459214501510574,0.540785498489426,0.45954417322555374,0.5404558267744463,0.5136611358809899,0.5671355456140239,0.23272738,0.06260285,0.11002579,0.35542896
195,2554,2554,1912,0.7486296006264683,0.25137039937353167,0.7477650846885842,0.25223491531141584,0.23561047210513397,0.2692255733587009,-1.2629656,0.04478872,-1.3507514,-1.1751797
196,1509,1509,856,0.5672630881378397,0.43273691186216034,0.5668995940183015,0.4331004059816985,0.4082706872193099,0.4580970787535217,-0.24334049,0.056535877,-0.35415083,-0.13253017
197,2166,2166,753,0.3476454293628809,0.6523545706371191,0.34831809650421686,0.6516819034957831,0.631534700513126,0.6715649109488419,0.76804054,0.054653447,0.6609198,0.8751613
198,326,326,159,0.48773006134969327,0.5122699386503067,0.4882607591032464,0.5117392408967536,0.4582729369827542,0.5650728295233107,0.066831514,0.12593481,-0.18000072,0.31366375
199,2966,2966,2300,0.7754551584625758,0.22454484153742416,0.774627632978297,0.22537236702170305,0.2105378370796639,0.24055660223079367,-1.3708214,0.042584147,-1.4542863,-1.2873564
200,1245,1245,801,0.6433734939759036,0.3566265060240964,0.6423766880365139,0.35762331196348607,0.3313277340403522,0.3843489925171002,-0.6138333,0.061377324,-0.7341329,-0.49353376
201,2128,2128,852,0.40037593984962405,0.599624060150376,0.4008341898523458,0.5991658101476542,0.5783079051178106,0.6198479181956285,0.62907994,0.05202749,0.52710605,0.7310538
202,2231,2231,1735,0.7776781712236666,0.22232182877633344,0.7765700303455066,0.22342996965449335,0.20642132411511538,0.24090633949947837,-1.5033036,0.048928358,-1.5992032,-1.4074041
203,855,855,403,0.47134502923976607,0.5286549707602339,0.4717248263134657,0.5282751736865343,0.4949576517011469,0.561468726933325,0.21521077,0.07735345,0.06359801,0.36682352
204,1908,1908,818,0.42872117400419285,0.5712788259958071,0.42909635611819336,0.5709036438818067,0.5486866586979802,0.5929805095142182,0.394136,0.053574283,0.28913042,0.4991416
205,425,425,192,0.45176470588235296,0.548235294117647,0.45293442477863644,0.5470655752213636,0.5001148197433445,0.5936055852695429,0.3200178,0.11221609,0.10007426,0.53996134
207,2155,2155,1173,0.5443155452436195,0.45568445475638053,0.5441578401418151,0.4558421598581849,0.4349045331567467,0.47685709141618693,-0.08180937,0.04756192,-0.17503074,0.011411995
208,78,78,19,0.24358974358974358,0.7564102564102564,0.2713257718766388,0.7286742281233611,0.6312245719519618,0.81618923043528,1.5150207,0.33696702,0.8545654,2.175476
209,2723,2723,1947,0.7150201983106867,0.28497980168931325,0.7143220235461273,0.2856779764538727,0.2688927990294414,0.30276034604198065,-1.0423106,0.042667843,-1.1259396,-0.95868164
210,2460,2460,923,0.3752032520325203,0.6247967479674796,0.3756934249317391,0.6243065750682609,0.6051144837930199,0.6433079318484954,0.6740865,0.049871244,0.5763389,0.77183414
211,2259,2259,1557,0.6892430278884463,0.31075697211155373,0.6885063002482924,0.3114936997517076,0.2925991059056501,0.330703163700254,-0.9329413,0.04647703,-1.0240363,-0.84184635
212,2352,2352,869,0.36947278911564624,0.6305272108843538,0.3700076500644421,0.629992349935558,0.6104200459649822,0.6493560720175532,0.60294616,0.050752603,0.5034711,0.70242125
213,2361,2361,1416,0.5997458703939009,0.4002541296060991,0.5993872973598854,0.4006127026401146,0.38097058124758243,0.4204136930004636,-0.48942742,0.045162342,-0.5779456,-0.40090922
214,2895,2895,1241,0.4286701208981002,0.5713298791018998,0.4289179565834786,0.5710820434165214,0.5530401026497662,0.589031253158885,0.48576596,0.04365391,0.4002043,0.5713276
215,830,830,321,0.38674698795180723,0.6132530120481927,0.3880630513589904,0.6119369486410096,0.5787423342740341,0.6446261773033877,0.62219787,0.08366517,0.45821413,0.78618157
216,2217,2217,1289,0.5814163283716735,0.41858367162832655,0.5811101057021428,0.41888989429785717,0.3984705574391323,0.4394472713662134,-0.26065424,0.046439677,-0.35167602,-0.16963246
217,2139,2139,864,0.40392706872370265,0.5960729312762973,0.4043678049055566,0.5956321950944434,0.5748013891164276,0.616294336399885,0.4896602,0.05214585,0.38745433,0.5918661
218,1607,1607,454,0.28251400124455506,0.7174859987554449,0.28378908396135044,0.7162109160386496,0.6939885330529585,0.7379264634055738,1.1750599,0.06833738,1.0411186,1.3090012
219,2211,2211,1013,0.45816372682044326,0.5418362731795567,0.4583660311784306,0.5416339688215694,0.520879187810861,0.562317701857234,0.22302456,0.04912276,0.12674396,0.31930518
220,136,136,67,0.49264705882352944,0.5073529411764706,0.49356155908626786,0.5064384409137321,0.4254251366624169,0.5872836610713132,0.021884203,0.19543548,-0.36116934,0.40493774
221,617,617,340,0.5510534846029174,0.44894651539708263,0.5504096985516846,0.44959030144831535,0.41082430120993574,0.488661327174299,-0.048588246,0.08927176,-0.2235609,0.1263844
222,1520,1520,914,0.6013157894736842,0.39868421052631575,0.600750592553299,0.399249407446701,0.3748394076554262,0.42390902963342203,-0.5284691,0.055963773,-0.6381581,-0.4187801
223,100,100,27,0.27,0.73,0.28992738342668145,0.7100726165733185,0.6219287254804238,0.7909273945991724,0.982268,0.27514228,0.4429891,1.5215468
224,574,574,278,0.4843205574912892,0.5156794425087108,0.4846792134993395,0.5153207865006605,0.4747588885104451,0.5557831428885639,0.1629553,0.094567135,-0.022396296,0.3483069
225,90,90,31,0.34444444444444444,0.6555555555555556,0.3594939683917537,0.6405060316082463,0.5440863483496823,0.7315568812722737,0.9387063,0.2658695,0.41760206,1.4598105
226,2105,2105,807,0.3833729216152019,0.616627078384798,0.38390994671116097,0.616090053288839,0.5952624752779816,0.6367095932536107,0.494876,0.05309952,0.39080095,0.59895104
227,1704,1704,1147,0.6731220657276995,0.3268779342723005,0.672233005608501,0.32776699439149903,0.30573981320417776,0.35017506564968603,-0.7239145,0.052972917,-0.82774144,-0.62008756
228,588,588,231,0.39285714285714285,0.6071428571428572,0.39461265189033734,0.6053873481096627,0.5658995165096296,0.6442065298283144,0.70789975,0.10008778,0.5117277,0.9040718
229,583,583,214,0.3670668953687822,0.6329331046312179,0.3692368188913889,0.6307631811086112,0.5915236935728782,0.6691660223960882,0.8443831,0.1030263,0.6424516,1.0463147
230,1500,1500,450,0.3,0.7,0.3012591785709969,0.6987408214290032,0.6753556395061205,0.7216270858734546,1.1023617,0.06949904,0.96614355,1.2385798
231,2173,2173,1601,0.7367694431661298,0.2632305568338702,0.7358038527078221,0.2641961472921779,0.24590874338014124,0.2828929406200602,-1.0520762,0.048219007,-1.1465855,-0.957567
232,593,593,302,0.5092748735244519,0.4907251264755481,0.5092419937541356,0.4907580062458644,0.45090573861453487,0.5306684258208925,0.13783392,0.09256764,-0.043598652,0.3192665
233,2606,2606,1277,0.49002302379125096,0.509976976208749,0.4900829962541294,0.5099170037458707,0.49075560946147245,0.5290640309180151,0.024863556,0.044410687,-0.06218139,0.1119085
234,2617,2617,1103,0.4214749713412304,0.5785250286587695,0.421774180075113,0.578225819924887,0.5592870433072433,0.5970517430488376,0.39056256,0.046234418,0.2999431,0.48118204
235,1902,1902,807,0.4242902208201893,0.5757097791798107,0.42468785277816656,0.5753121472218334,0.5530850746242256,0.5973899209994896,0.41555429,0.0538321,0.31004336,0.5210652
236,2706,2706,1553,0.5739098300073909,0.42609016999260907,0.5736841236350972,0.42631587636490276,0.40777056044965865,0.44496400917927115,-0.20786458,0.042126797,-0.2904331,-0.12529606
237,1885,1885,617,0.3273209549071618,0.6726790450928382,0.3281918607370456,0.6718081392629545,0.6504989500311416,0.6927736849203534,0.91265,0.059370816,0.7962832,1.0290167
238,2595,2595,1456,0.5610789980732177,0.4389210019267823,0.5608888772145159,0.43911112278548414,0.42009996233531777,0.45821086756480023,-0.28196773,0.043267287,-0.3667716,-0.19716385
239,9,9,5,0.5555555555555556,0.4444444444444444,0.5311028966771163,0.4688971033228837,0.25168563504109964,0.6925950917899097,-0.35487136,0.7517885,-1.8283769,1.1186341
240,111,111,40,0.36036036036036034,0.6396396396396397,0.3715649092321056,0.6284350907678944,0.5405432349262751,0.7122768978829819,0.61662567,0.2381734,0.14980581,1.0834455
241,2118,2118,613,0.28942398489140697,0.710576015108593,0.29036295652071686,0.7096370434792831,0.6901673436398684,0.7287333691674083,1.0100814,0.059037205,0.89436847,1.1257943
242,2565,2565,960,0.3742690058479532,0.6257309941520468,0.37474251463557856,0.6252574853644215,0.6064713550500926,0.6438592617900698,0.62538224,0.04856628,0.5301923,0.7205722
243,1730,1730,1132,0.6543352601156069,0.34566473988439306,0.6535586019056232,0.3464413980943768,0.32425507825525723,0.3689622347752888,-0.6535413,0.05224746,-0.75594634,-0.5511363
244,13,13,4,0.3076923076923077,0.6923076923076923,0.3902056768819231,0.6097943231180769,0.404028270235432,0.7968002221108132,1.0556608,0.7245174,-0.36439335,2.4757152
245,456,456,103,0.22587719298245615,0.7741228070175439,0.23142436420744944,0.7685756357925506,0.7292267676628581,0.8057373793036201,1.5859,0.1433339,1.3049655,1.8668344
246,1265,1265,391,0.3090909090909091,0.6909090909090909,0.31051685976089005,0.68948314023911,0.663810673416289,0.7145921966599138,1.0208113,0.07395395,0.8758616,1.1657611
247,945,945,517,0.5470899470899471,0.45291005291005293,0.546705576444928,0.453294423555072,0.42182430773337143,0.48494999752612045,-0.12429741,0.0716944,-0.26481843,0.01622361
248,2355,2355,1754,0.7447983014861995,0.2552016985138005,0.7438758854065678,0.2561241145934322,0.2387308436097222,0.2739081936472001,-1.2207309,0.04673279,-1.3123271,-1.1291347
249,2500,2500,1456,0.5824,0.41759999999999997,0.5821247180639608,0.4178752819360392,0.39864474756975754,0.43722981917515114,-0.3491048,0.043997437,-0.43533978,-0.2628698
250,2355,2355,1648,0.6997876857749469,0.3002123142250531,0.6990399510988387,0.30096004890116135,0.2826365909657865,0.3196024706944096,-0.98681223,0.045706995,-1.0763979,-0.8972265
251,1723,1723,381,0.2211259431224608,0.7788740568775392,0.22264080107454215,0.7773591989254578,0.7574742884875143,0.7966374940673775,1.5952935,0.073541604,1.451152,1.7394351
252,2928,2928,2034,0.694672131147541,0.305327868852459,0.6940862485015054,0.30591375149849465,0.2893789204843994,0.32269893165931185,-0.8940954,0.040937174,-0.9743323,-0.81385857
253,113,113,52,0.46017699115044247,0.5398230088495575,0.46370208860693524,0.5362979113930648,0.4478244665569612,0.6236453070637332,0.12021983,0.21708564,-0.30526805,0.5457077
254,136,136,84,0.6176470588235294,0.38235294117647056,0.6106615206521325,0.38933847934786747,0.311863682410668,0.4697019420863605,-0.31792936,0.18438202,-0.67931813,0.043459415
255,2867,2867,1524,0.5315660969654691,0.4684339030345309,0.5314881031592584,0.46851189684074157,0.45030039601345884,0.4867648758705654,-0.07478267,0.04164239,-0.15640175,0.0068364143
256,1480,1480,989,0.6682432432432432,0.33175675675675675,0.6672505111487043,0.33274948885129574,0.30904240323457055,0.35688208288402157,-0.7880503,0.056605298,-0.8989967,-0.6771039
257,322,322,244,0.7577639751552795,0.2422360248447205,0.7508198704777008,0.24918012952229918,0.20414625760349336,0.29708299562667917,-1.3197662,0.12673435,-1.5681655,-1.0713668
258,459,459,141,0.30718954248366015,0.6928104575163399,0.31110764077501735,0.6888923592249827,0.6462620548202225,0.7299940624163264,1.065246,0.12458919,0.8210512,1.3094409
259,1731,1731,1014,0.58578856152513,0.41421143847486996,0.5853737636072416,0.4146262363927584,0.3915816612014351,0.43785668785508647,-0.3924549,0.05280611,-0.49595487,-0.2889549
260,2293,2293,1561,0.6807675534234627,0.31923244657653727,0.6800754844906945,0.31992451550930545,0.30102521643637004,0.33912016070520645,-0.8893509,0.04600482,-0.9795203,-0.79918146
261,2149,2149,994,0.46254071661237783,0.5374592833876222,0.4627302247427138,0.5372697752572861,0.5162079208637831,0.5582662019572349,0.10464169,0.049501494,0.0076187626,0.20166463
262,1707,1707,645,0.37785588752196836,0.6221441124780316,0.3785469501578205,0.6214530498421795,0.5983814936164774,0.6442564812028289,0.6760029,0.058927443,0.56050515,0.7915007
263,2551,2551,1120,0.4390435123480988,0.5609564876519012,0.43928747269330554,0.5607125273066944,0.5414483566665591,0.5798868521183772,0.30077267,0.046259556,0.21010393,0.3914414
264,1730,1730,976,0.5641618497109827,0.4358381502890173,0.5638609061699634,0.4361390938300366,0.41291186443525685,0.4595054418305874,-0.18867978,0.052674178,-0.29192117,-0.08543839
265,2604,2604,1146,0.4400921658986175,0.5599078341013826,0.44032749635459406,0.559672503645406,0.5406009538571093,0.5786575377461964,0.4384624,0.04556015,0.34916452,0.5277603
266,112,112,49,0.4375,0.5625,0.4427712400532978,0.5572287599467022,0.46841572112423924,0.6442518022956241,0.22401184,0.22153313,-0.21019313,0.65821683
267,1891,1891,834,0.44103648863035433,0.5589635113696456,0.4413555620780112,0.5586444379219888,0.5362682534838831,0.5809036924255788,0.33208764,0.053350136,0.22752136,0.4366539
268,565,565,181,0.32035398230088497,0.679646017699115,0.32333838699649087,0.6766616130035091,0.6378698240055747,0.7142876933924982,0.9827436,0.10987457,0.7673895,1.1980978
269,68,68,23,0.3382352941176471,0.6617647058823529,0.3583131123699365,0.6416868876300634,0.5322539002735492,0.744162383939967,0.78054607,0.3051393,0.182473,1.3786192
270,70,70,32,0.45714285714285713,0.5428571428571429,0.4629340418230575,0.5370659581769426,0.42733502078847296,0.6450222143097935,0.21250698,0.2737328,-0.32400933,0.7490233
271,911,911,353,0.38748627881448955,0.6125137211855105,0.38867912196633003,0.61132087803367,0.5796215311473183,0.642561865229454,0.6418991,0.08042248,0.48427105,0.79952717
272,322,322,238,0.7391304347826086,0.26086956521739135,0.7327025670086662,0.2672974329913338,0.22108156820579572,0.31617519781617043,-1.2089338,0.12526053,-1.4544445,-0.9634232
273,861,861,252,0.2926829268292683,0.7073170731707317,0.29494391533344216,0.7050560846665579,0.674338029301079,0.7348813573030493,1.1429769,0.09235386,0.9619633,1.3239905
274,2639,2639,1521,0.5763546798029556,0.4236453201970444,0.576114792307694,0.423885207692306,0.40512330019544485,0.44275601093844486,-0.21772775,0.04267921,-0.301379,-0.1340765
275,1021,1021,440,0.4309500489715965,0.5690499510284035,0.43162841872310476,0.5683715812768952,0.538021195758694,0.5984705080380515,0.47878456,0.07324542,0.33522353,0.62234557
276,2575,2575,682,0.26485436893203884,0.7351456310679612,0.2657145219615947,0.7342854780384054,0.7170885766141708,0.7511389008265283,1.2477086,0.055704523,1.1385276,1.3568895
277,1700,1700,865,0.5088235294117647,0.4911764705882353,0.5088143681230191,0.49118563187698094,0.4675047633821058,0.5148860392443819,0.011691585,0.054234583,-0.0946082,0.11799137
278,2658,2658,1439,0.5413844996237773,0.4586155003762227,0.541266618805235,0.45873338119476503,0.4398570218062783,0.4776683593460056,-0.18824798,0.042990036,-0.27250844,-0.10398751
279,2160,2160,838,0.38796296296296295,0.612037037037037,0.38846695682877863,0.6115330431712214,0.5909314866241502,0.6319397957942461,0.5725107,0.052616883,0.46938163,0.6756398
280,1246,1246,490,0.39325842696629215,0.6067415730337078,0.39409071280969676,0.6059092871903032,0.5787318738059339,0.6327670133908918,0.5815852,0.06794406,0.44841486,0.7147556
281,2385,2385,1639,0.6872117400419288,0.31278825995807125,0.6865215691364911,0.3134784308635089,0.29504959533485076,0.3322024249589999,-0.8947114,0.045289613,-0.983479,-0.8059437
282,2555,2555,701,0.27436399217221136,0.7256360078277886,0.27519682694471403,0.724803173055286,0.7073560289559645,0.7419181685826144,1.1909561,0.055206586,1.0827512,1.2991611
283,2650,2650,1468,0.5539622641509434,0.4460377358490566,0.5538006308768115,0.44619936912318847,0.4273491239728021,0.4651262673379575,-0.27686432,0.04294938,-0.3610451,-0.19268355
284,2578,2578,1667,0.6466252909231963,0.3533747090768037,0.6461305409564106,0.35386945904358935,0.33555635106384296,0.3723965605113735,-0.6945065,0.043093413,-0.77896965,-0.6100434
285,2361,2361,1538,0.6514188903007201,0.3485811096992799,0.6508602874347273,0.34913971256527265,0.3300751545607816,0.3684454165400948,-0.76066136,0.045065932,-0.84899056,-0.67233217
286,570,570,190,0.3333333333333333,0.6666666666666667,0.33608635892399386,0.6639136410760061,0.6249572926427893,0.701797724545381,0.9044838,0.107588865,0.6936096,1.115358
287,6,6,4,0.6666666666666666,0.33333333333333337,0.5702003808927746,0.4297996191072254,0.20121462411732138,0.6759024630408479,-0.72797203,0.88492036,-2.462416,1.0064719
288,838,838,415,0.49522673031026254,0.5047732696897375,0.49535550404576534,0.5046444959542347,0.47099469499770596,0.5382735250654161,0.099912465,0.07722413,-0.051446825,0.25127175
289,2137,2137,1035,0.4843238184370613,0.5156761815629387,0.4844212612491012,0.5155787387508988,0.4944285999767415,0.536701375859935,0.00052812696,0.04904473,-0.09559954,0.09665579
290,2686,2686,1754,0.6530156366344005,0.34698436336559946,0.6525189576132671,0.34748104238673294,0.32961624026180947,0.3655602429387208,-0.76233184,0.042237014,-0.8451164,-0.6795473
291,1526,1526,559,0.36631716906946266,0.6336828309305373,0.3671586714603419,0.6328413285396581,0.6085764158978475,0.6567783983778421,0.7342293,0.06352623,0.6097179,0.85874075
292,2377,2377,1346,0.5662599915860328,0.4337400084139672,0.5660325798592213,0.4339674201407787,0.4141398702758654,0.4538998145289481,-0.30488428,0.04496019,-0.39300627,-0.2167623
293,2634,2634,1491,0.5660592255125285,0.4339407744874715,0.5658546222877617,0.43414537771223827,0.4153023386980219,0.4530828117698411,-0.33573768,0.042942137,-0.41990426,-0.2515711
294,4,4,2,0.5,0.5,0.5049562100648483,0.49504378993515175,0.24029939752014506,0.7512123539887281,0.14193271,1.120422,-2.0540946,2.33796
295,2622,2622,2079,0.7929061784897025,0.20709382151029754,0.7919096092110428,0.2080903907889572,0.1927948979030082,0.22380618793869833,-1.402322,0.04594984,-1.4923837,-1.3122604
296,68,68,28,0.4117647058823529,0.5882352941176471,0.4231008384914375,0.5768991615085626,0.4658115813762137,0.684209702457854,0.40489,0.28546473,-0.15462089,0.9644009
297,2458,2458,1148,0.467046379170057,0.532953620829943,0.46719539646979297,0.532804603530207,0.5130980133085441,0.5524608176013217,0.20144457,0.046377454,0.110544756,0.2923444
298,2201,2201,1167,0.530213539300318,0.469786460699682,0.5301176582203465,0.4698823417796535,0.4491075689539159,0.4907087426737895,-0.015504986,0.04724247,-0.10810023,0.077090256
299,10,10,5,0.5,0.5,0.5034053841369734,0.49659461586302656,0.2814220399237315,0.7124404708303178,-0.080910444,0.7195313,-1.4911919,1.329371
300,2289,2289,1154,0.5041502839667977,0.49584971603320227,0.5041621278433107,0.4958378721566893,0.4754061814567424,0.5162764244254807,0.011697084,0.047250915,-0.08091471,0.10430888
301,836,836,236,0.2822966507177033,0.7177033492822966,0.28473727058340137,0.7152627294165986,0.6843837616690653,0.7451767620041354,1.1909376,0.094426684,1.0058613,1.376014
302,1002,1002,405,0.4041916167664671,0.5958083832335329,0.40512553140490876,0.5948744685950913,0.5644602229377603,0.6249332275833224,0.609948,0.075406365,0.4621515,0.75774443
303,89,89,26,0.29213483146067415,0.7078651685393258,0.31222632640580905,0.687773673594191,0.5932008287118868,0.7751001915196629,1.2390487,0.286027,0.67843574,1.7996616
304,2297,2297,1290,0.5616020896821942,0.43839791031780584,0.5613853206129893,0.4386146793870107,0.41841910191832943,0.45891110374572475,-0.32695726,0.045857754,-0.41683847,-0.23707606
305,876,876,686,0.7831050228310502,0.2168949771689498,0.7802443215396271,0.21975567846037292,0.19310379243994624,0.24760692883978241,-1.3339719,0.078616984,-1.4880612,-1.1798825
306,1205,1205,814,0.6755186721991702,0.32448132780082983,0.6742461170411891,0.3257538829588109,0.2996812382751699,0.3523702389653529,-0.7385483,0.06297521,-0.8619797,-0.61511683
307,2153,2153,576,0.2675336739433349,0.7324663260566651,0.2685503368013009,0.7314496631986991,0.7125725255498746,0.7499212533490573,1.3634636,0.060620453,1.2446475,1.4822798
308,688,688,187,0.27180232558139533,0.7281976744186047,0.27489916271267634,0.7251008372873237,0.6913864127946794,0.7575920395335899,1.2921301,0.10765279,1.0811306,1.5031296
309,136,136,84,0.6176470588235294,0.38235294117647056,0.6106615206521325,0.38933847934786747,0.311863682410668,0.4697019420863605,-0.5840069,0.18826076,-0.95299804,-0.2150158
310,2183,2183,805,0.36875858909757214,0.6312414109024278,0.36933767295756187,0.6306623270424381,0.6103529747204072,0.6507458592501851,0.66823506,0.05312006,0.56411976,0.7723504
311,2652,2652,1352,0.5098039215686274,0.4901960784313726,0.5097946574453638,0.4902053425546362,0.471224190897811,0.5092004387907141,-0.0054349303,0.043638,-0.09096541,0.08009555
312,2796,2796,2403,0.8594420600858369,0.1405579399141631,0.8582896819633116,0.14171031803668843,0.12905139113532837,0.15485310123055662,-2.0355604,0.049134564,-2.131864,-1.9392567
313,9,9,4,0.4444444444444444,0.5555555555555556,0.4760826020737385,0.5239173979262615,0.3007876515600246,0.7420590119843693,0.20047909,0.7905634,-1.3490252,1.7499833
314,2625,2625,1708,0.6506666666666666,0.3493333333333334,0.6501666676845995,0.3498333323154005,0.3317340098382555,0.36814863498587935,-0.72322774,0.04270561,-0.8069307,-0.63952476
315,9,9,7,0.7777777777777778,0.2222222222222222,0.6411434858838719,0.35885651411612807,0.1619513001115347,0.585150835347705,-1.183965,0.76203626,-2.677556,0.3096261
316,672,672,203,0.3020833333333333,0.6979166666666667,0.304845040436533,0.695154959563467,0.6600815049833717,0.7291429776040526,1.099229,0.10376167,0.8958561,1.3026018
317,1485,1485,882,0.593939393939394,0.406060606060606,0.5934062530747933,0.40659374692520667,0.38181823610952415,0.43160610503599794,-0.42207447,0.056423403,-0.53266436,-0.3114846
318,78,78,40,0.5128205128205128,0.4871794871794872,0.512220215156171,0.487779784843829,0.38397253619673477,0.592118418419905,0.044618756,0.25572154,-0.45659545,0.545833
319,2849,2849,1469,0.5156195156195156,0.4843804843804844,0.5155922212179441,0.4844077787820559,0.46610111058114967,0.5027351154417271,0.0027438104,0.042038772,-0.07965218,0.0851398
320,319,319,238,0.7460815047021944,0.25391849529780564,0.7394005389836333,0.26059946101636666,0.21460683592019092,0.3093555852359051,-1.2483435,0.12635674,-1.4960027,-1.0006843
321,590,590,444,0.752542372881356,0.24745762711864405,0.7487841963246641,0.2512158036753359,0.21732266517581333,0.28668191646910146,-1.121298,0.09378827,-1.305123,-0.93747294
322,78,78,28,0.358974358974359,0.641025641025641,0.37456624756786694,0.6254337524321331,0.5219586869684743,0.723455691720085,0.37400973,0.2807162,-0.17619407,0.9242135
323,1720,1720,1169,0.6796511627906977,0.3203488372093023,0.6787356853164174,0.32126431468358263,0.29946031550763186,0.3434599262438802,-0.84210503,0.052903455,-0.9457958,-0.7384143
324,590,590,202,0.3423728813559322,0.6576271186440679,0.34489559134784037,0.6551044086521596,0.6166013753822215,0.6926266662405551,0.88028324,0.10495758,0.6745664,1.0860001
325,2548,2548,1063,0.4171899529042386,0.5828100470957613,0.4175126097489469,0.5824873902510531,0.5633179161926487,0.6015346517763154,0.4098695,0.047037132,0.31767672,0.50206226
326,2125,2125,950,0.4470588235294118,0.5529411764705883,0.4473170215683858,0.5526829784316142,0.5315483102730503,0.5737241207576821,0.17873834,0.050274126,0.08020105,0.27727562
327,2244,2244,925,0.41221033868092694,0.5877896613190731,0.4125968060110032,0.5874031939889968,0.5670088246836866,0.6076505955741915,0.43070042,0.05042648,0.33186454,0.5295363
328,2272,2272,1320,0.5809859154929577,0.41901408450704225,0.580688807131643,0.41931119286835705,0.3991353475810048,0.4396210503801722,-0.36339185,0.046267908,-0.45407695,-0.27270675
329,166,166,46,0.27710843373493976,0.7228915662650602,0.28915554258210363,0.7108444574178964,0.6417279969369201,0.7754011166966474,1.1506382,0.21632111,0.7266488,1.5746276
330,665,665,388,0.5834586466165413,0.41654135338345866,0.5824196824492047,0.4175803175507953,0.3806253915423611,0.45499844525484745,-0.29105273,0.08495802,-0.45757043,-0.12453501
331,879,879,480,0.5460750853242321,0.4539249146757679,0.5456726360455036,0.45432736395449635,0.42170575267788424,0.48714380918350475,-0.06646237,0.074637346,-0.21275157,0.07982683
332,2910,2910,1757,0.6037800687285223,0.3962199312714777,0.6034762517023624,0.3965237482976376,0.3788500365130787,0.4143317574251122,-0.4277797,0.040669944,-0.5074928,-0.34806663
333,2584,2584,1381,0.5344427244582043,0.4655572755417957,0.5343460409670995,0.4656539590329005,0.4464854751986854,0.4848726233103482,-0.14409614,0.043730024,-0.22980699,-0.05838529
334,583,583,231,0.39622641509433965,0.6037735849056604,0.39794454345497704,0.6020554565450229,0.5623540096136248,0.6411039248368038,0.6925731,0.100289404,0.49600583,0.8891403
335,2491,2491,1085,0.4355680449618627,0.5644319550381374,0.43583061417248914,0.5641693858275109,0.5446894560947346,0.5835520751322785,0.3598367,0.04703278,0.26765245,0.45202094
336,172,172,74,0.43023255813953487,0.5697674418604651,0.4341261541552955,0.5658738458447046,0.4932986684211742,0.6370711423694784,0.3210172,0.17977506,-0.03134191,0.6733763
337,2652,2652,1627,0.6134992458521871,0.38650075414781293,0.6131324644131547,0.3868675355868453,0.368448966714504,0.4054471693538897,-0.50750124,0.0425441,-0.59088767,-0.42411482
338,2163,2163,574,0.26537216828478966,0.7346278317152104,0.2663932807965697,0.7336067192034303,0.7148192918220313,0.7519867042260682,1.2477547,0.061169535,1.1278625,1.3676469
339,586,586,156,0.26621160409556316,0.7337883959044369,0.2699253569450458,0.7300746430549542,0.6937264904714667,0.7649582963180562,1.4244701,0.1168973,1.1953514,1.6535888
340,79,79,42,0.5316455696202531,0.4683544303797469,0.5290932279169821,0.4709067720830179,0.36818698207575085,0.5748772889118969,-0.058415323,0.2520789,-0.55249,0.43565932
341,1606,1606,740,0.46077210460772106,0.5392278953922789,0.4610353695255412,0.5389646304744589,0.5146196219271353,0.5632182390154549,0.23861967,0.057223175,0.12646225,0.3507771
342,2823,2823,1109,0.3928444916755225,0.6071555083244775,0.3932146885516467,0.6067853114483532,0.5887289496969985,0.6246988238169608,0.54531676,0.045374937,0.4563819,0.63425165
343,2157,2157,1372,0.6360686138154845,0.3639313861845155,0.6355224224653102,0.3644775775346898,0.3443354072706032,0.3848567786154109,-0.5279982,0.04695343,-0.62002695,-0.43596947
344,2787,2787,1858,0.6666666666666666,0.33333333333333337,0.6661431348408314,0.33385686515916857,0.31649460098313287,0.3514442428972313,-0.7900661,0.04150088,-0.87140787,-0.7087244
345,4,4,2,0.5,0.5,0.5049562100648483,0.49504378993515175,0.24029939752014506,0.7512123539887281,0.14193279,1.120422,-2.0540946,2.33796
346,2188,2188,1214,0.5548446069469836,0.44515539305301643,0.5546453024986623,0.4453546975013377,0.4246270917356352,0.46617653107952106,-0.26086053,0.047374632,-0.35371482,-0.16800624
347,78,78,53,0.6794871794871795,0.3205128205128205,0.6613453467101672,0.3386546532898328,0.24367118489718542,0.44065128994084035,-0.82039726,0.24822718,-1.3069226,-0.333872
348,1255,1255,767,0.6111553784860557,0.3888446215139443,0.6104002897461601,0.3895997102538399,0.3628986590453753,0.4166316318844947,-0.45508346,0.061166737,-0.57497025,-0.33519664
349,2627,2627,1951,0.7426722497145032,0.2573277502854968,0.7418524079801562,0.25814759201984383,0.2416212808376753,0.275021480491237,-1.0866342,0.044046767,-1.1729658,-1.0003026
350,1255,1255,837,0.6669322709163347,0.33306772908366533,0.6657723654596679,0.3342276345403321,0.30848823840068995,0.3604638434019616,-0.73380435,0.061308347,-0.85396874,-0.61363995
351,1701,1701,508,0.2986478542034098,0.7013521457965902,0.29976629350015904,0.700233706499841,0.6783077393981447,0.7217160879252278,1.1074435,0.06476727,0.9804996,1.2343873
352,139,139,43,0.30935251798561153,0.6906474820143884,0.3215982355193473,0.6784017644806527,0.6012995252284179,0.7509422351351972,0.9875413,0.22634758,0.5439,1.4311826
353,891,891,410,0.4601571268237935,0.5398428731762065,0.46063576862060157,0.5393642313793985,0.5067456571444966,0.5718171211128757,0.2827918,0.077097476,0.13168074,0.43390286
354,1008,1008,442,0.4384920634920635,0.5615079365079365,0.43911107274784267,0.5608889272521573,0.530298668014382,0.5912523851782725,0.4406168,0.073310554,0.2969281,0.58430547
355,494,494,236,0.4777327935222672,0.5222672064777327,0.4782685965092103,0.5217314034907897,0.4780649070295846,0.5652342569334826,0.19312274,0.10226869,-0.007323891,0.39356938
356,174,174,63,0.3620689655172414,0.6379310344827587,0.36933431536027406,0.6306656846397259,0.559703398109999,0.6989249312813222,0.6406952,0.1892311,0.26980224,1.0115882
357,7,7,4,0.5714285714285714,0.4285714285714286,0.5349486687818644,0.4650513312181356,0.23675196617777494,0.7015375602430174,-0.36215362,0.8144893,-1.9585527,1.2342454
358,846,846,288,0.3404255319148936,0.6595744680851063,0.3422139518173151,0.6577860481826849,0.6256655031418499,0.6892075456281126,0.86357474,0.087598026,0.6918826,1.0352669
359,1178,1178,586,0.49745331069609505,0.502546689303905,0.497527996207224,0.502472003792776,0.4740433880803949,0.5308927302560317,0.12610176,0.06536046,-0.0020047426,0.25420827
360,2590,2590,1561,0.6027027027027027,0.39729729729729735,0.6023652840564161,0.3976347159435839,0.3788996528056172,0.4165189914800347,-0.48804638,0.043022458,-0.5723704,-0.40372235
361,2303,2303,941,0.4085974815458098,0.5914025184541902,0.4089884237944301,0.5910115762055699,0.5709035713338886,0.6109704510408829,0.45446345,0.049976382,0.35650975,0.55241716
362,1691,1691,668,0.39503252513305737,0.6049674748669427,0.3956373963139981,0.6043626036860019,0.5810129012508416,0.627479741914908,0.5644532,0.05854497,0.44970503,0.6792013
363,2673,2673,1903,0.7119341563786008,0.2880658436213992,0.7112335231769424,0.28876647682305756,0.27176990540275636,0.3060614182359376,-0.908968,0.042946186,-0.9931425,-0.82479346
364,1604,1604,625,0.38965087281795513,0.6103491271820449,0.3903189739936472,0.6096810260063528,0.5857579536355302,0.6333465007611876,0.5877079,0.06035419,0.46941367,0.7060021
365,2208,2208,701,0.317481884057971,0.682518115942029,0.3182666316011178,0.6817333683988822,0.6621959773371364,0.700960219407613,1.0460759,0.055569492,0.9371597,1.1549921
366,136,136,105,0.7720588235294118,0.2279411764705882,0.7553144143511419,0.24468558564885812,0.17848547767205036,0.3175462361332235,-1.1471188,0.1952346,-1.5297786,-0.764459
367,2292,2292,1348,0.5881326352530541,0.41186736474694585,0.5878096141376276,0.41219038586237244,0.39215765948237735,0.43236768344259413,-0.39192554,0.046037905,-0.48215985,-0.30169123
368,2299,2299,1314,0.5715528490648107,0.42844715093518926,0.5712967130558086,0.42870328694419135,0.4085786981521228,0.4489449039867144,-0.31368878,0.046097185,-0.40403926,-0.2233383
369,2257,2257,1401,0.6207354895879486,0.37926451041205145,0.6202754796901502,0.3797245203098498,0.3598500189212459,0.3998001029254775,-0.5804459,0.04613373,-0.670868,-0.49002376
370,2831,2831,1564,0.5524549629106322,0.44754503708936777,0.552308499574326,0.44769150042567396,0.42944342577155636,0.4660093526262974,-0.17439553,0.041654993,-0.25603932,-0.09275174
371,2545,2545,1006,0.39528487229862475,0.6047151277013753,0.39568659558278363,0.6043134044172164,0.5852774494138586,0.6231946284485763,0.57316566,0.048074067,0.4789405,0.6673908
372,2646,2646,1634,0.6175359032501889,0.3824640967498111,0.6171543440773005,0.3828456559226995,0.36444546253855603,0.4014130169224033,-0.52929497,0.042574618,-0.61274123,-0.4458487
373,2249,2249,1242,0.5522454424188529,0.44775455758114713,0.5520620823479293,0.4479379176520707,0.4274777719922075,0.4684854116478061,-0.24276498,0.04676682,-0.33442795,-0.151102
374,78,78,47,0.6025641025641025,0.39743589743589747,0.5925183629160151,0.4074816370839849,0.3072006647111035,0.5117852051082556,-0.3913329,0.24930303,-0.87996686,0.097301036
375,876,876,485,0.5536529680365296,0.44634703196347036,0.5531706077128441,0.4468293922871559,0.41421791343852776,0.47966845908023126,-0.10328904,0.07454495,-0.24939714,0.042819068
376,2334,2334,1554,0.6658097686375322,0.33419023136246784,0.6651883790882903,0.3348116209117097,0.31584317428116737,0.354047158462677,-0.7807981,0.045604367,-0.87018263,-0.6914135
377,319,319,171,0.5360501567398119,0.46394984326018807,0.5352412422788669,0.46475875772113306,0.41111782352829795,0.5188066016081079,-0.17387992,0.124725975,-0.41834283,0.070583
378,656,656,265,0.40396341463414637,0.5960365853658536,0.4053862655530281,0.594613734446972,0.5570742585704587,0.6316142847480917,0.5424924,0.09368045,0.3588787,0.72610605
379,2535,2535,997,0.3932938856015779,0.606706114398422,0.39370436801480424,0.6062956319851958,0.587237290253284,0.6251956827393557,0.5738238,0.048193887,0.4793638,0.6682838
380,1471,1471,608,0.41332426920462273,0.5866757307953773,0.41390565861310163,0.5860943413868984,0.5609049155932314,0.6110633953441837,0.43785918,0.061587863,0.31714696,0.5585714
381,174,174,117,0.6724137931034483,0.3275862068965517,0.6641341901894598,0.33586580981054015,0.2694490132237476,0.40567774050515826,-0.8571209,0.16595992,-1.1824024,-0.5318394
382,137,137,39,0.2846715328467153,0.7153284671532847,0.2986339737513995,0.7013660262486006,0.6249596135792488,0.7725535219833253,1.1193181,0.23610775,0.65654695,1.5820893
383,2352,2352,1890,0.8035714285714286,0.1964285714285714,0.8024194584653617,0.19758054153463833,0.18176894392438392,0.21387736261763757,-1.5925827,0.04920008,-1.6890149,-1.4961505
384,1908,1908,756,0.39622641509433965,0.6037735849056604,0.3967571088466538,0.6032428911533462,0.5812501002447679,0.6250316545310799,0.55514014,0.05497403,0.44739103,0.66288924
385,1501,1501,579,0.38574283810792803,0.614257161892072,0.3864802498392401,0.6135197501607599,0.5888301180074216,0.6379245846378367,0.6353898,0.06290572,0.5120946,0.758685
386,856,856,437,0.5105140186915887,0.48948598130841126,0.5104779928347902,0.48952200716520977,0.45626260693544984,0.5228272937016718,0.09988259,0.076639794,-0.050331414,0.2500966
387,554,554,184,0.33212996389891697,0.667870036101083,0.33498080890183407,0.665019191098166,0.6255351935615268,0.7033930225859547,0.90663004,0.109440945,0.6921258,1.1211343
388,582,582,206,0.3539518900343643,0.6460481099656357,0.35632903060644505,0.643670969393555,0.6046536638596531,0.6817674947954535,0.91654277,0.104504205,0.7117145,1.121371
389,2504,2504,1355,0.5411341853035144,0.4588658146964856,0.5410099949428578,0.45899000505714216,0.4395441087009859,0.478497725373499,-0.1441373,0.044478886,-0.23131591,-0.056958675
390,554,554,208,0.37545126353790614,0.6245487364620939,0.37759632848276087,0.6224036715172392,0.5820056467124932,0.6619782012791655,0.6764383,0.10440833,0.47179794,0.8810786
391,2797,2797,1240,0.44333214158026457,0.5566678584197354,0.4435406932666398,0.5564593067333602,0.5380446637918208,0.5747977225847772,0.29944742,0.04389161,0.21341985,0.38547498
392,2217,2217,1204,0.5430762291384754,0.4569237708615246,0.5429280239991372,0.4570719760008628,0.4364217326304368,0.4777952781894099,-0.18517435,0.047191232,-0.27766916,-0.09267953
393,13,13,7,0.5384615384615384,0.46153846153846156,0.525492481342561,0.474507518657439,0.27551041993390735,0.6778635867672493,-0.114934325,0.61706376,-1.3243793,1.0945107
394,2601,2601,2021,0.7770088427527874,0.22299115724721263,0.776060136882086,0.22393986311791403,0.20815262058608575,0.24012779044053068,-1.2982483,0.04544398,-1.3873185,-1.2091781
395,191,191,67,0.3507853403141361,0.6492146596858639,0.3579508654308062,0.6420491345691939,0.5745396333789288,0.7068697580900547,0.79533815,0.18164152,0.43932077,1.1513555
396,1932,1932,1573,0.8141821946169773,0.18581780538302273,0.8127308273031566,0.1872691726968434,0.17022779161147672,0.2049208738956757,-1.6296146,0.054586414,-1.736604,-1.5226252
397,12,12,5,0.4166666666666667,0.5833333333333333,0.455858491223424,0.544141508776576,0.33519105103105995,0.7451888241399942,0.5014193,0.6861646,-0.8434634,1.846302
398,1012,1012,501,0.4950592885375494,0.5049407114624507,0.4951676247077697,0.5048323752922304,0.47417940937337444,0.5354674118362938,0.16751926,0.0707899,0.028771043,0.30626747
399,174,174,71,0.40804597701149425,0.5919540229885057,0.4130083708905238,0.5869916291094762,0.5150691071620366,0.6571144613725746,0.4048782,0.18130644,0.049517572,0.7602388
400,104,104,40,0.38461538461538464,0.6153846153846154,0.3945465906780741,0.6054534093219259,0.5142201208577644,0.693155408964033,0.71331537,0.24089067,0.24116966,1.185461
401,115,115,70,0.6086956521739131,0.3913043478260869,0.6011901535622588,0.3988098464377412,0.3147337528572103,0.4859742507796623,-0.57861614,0.20400584,-0.9784676,-0.1787647
402,2305,2305,1066,0.462472885032538,0.5375271149674621,0.46264988723544226,0.5373501127645577,0.5170113501321985,0.557627726806538,0.1876609,0.04809526,0.09339419,0.28192762
403,2203,2203,1437,0.6522923286427599,0.3477076713572401,0.6516902060993844,0.34830979390061556,0.32859266873082427,0.36828670992763457,-0.8024397,0.046532992,-0.89364433,-0.71123505
404,1265,1265,567,0.4482213438735178,0.5517786561264821,0.44864544066343304,0.551354559336567,0.5239848364149956,0.5785715788491352,0.32395998,0.06536097,0.19585247,0.4520675
405,2930,2930,2332,0.7959044368600683,0.2040955631399317,0.7950029398284726,0.2049970601715274,0.1905969958927085,0.21977737241201456,-1.5038316,0.043704774,-1.589493,-1.4181702
406,2131,2131,1670,0.7836696386672923,0.21633036133270767,0.7824840338143707,0.2175159661856293,0.20029452794234093,0.23523744946614233,-1.3460665,0.050452344,-1.4449531,-1.2471799
407,110,110,51,0.4636363636363636,0.5363636363636364,0.46698386665818026,0.5330161333418197,0.4434532908151694,0.6215289404807294,0.28920275,0.22085923,-0.14368135,0.72208685
408,120,120,83,0.6916666666666667,0.30833333333333335,0.6785583795379942,0.32144162046200575,0.2439960687638697,0.4041245197116886,-0.9847908,0.20062575,-1.3780173,-0.5915643
409,2863,2863,1622,0.5665385958784491,0.4334614041215509,0.5663487744340994,0.43365122556590063,0.4155754725183245,0.4518144991855684,-0.24252799,0.041253254,-0.32338437,-0.16167161
410,2354,2354,1891,0.8033135089209855,0.19668649107901448,0.8021635151313544,0.19783648486864558,0.1820234335422215,0.21413393881734777,-1.6466936,0.048988536,-1.7427111,-1.5506761
411,625,625,367,0.5872,0.41279999999999994,0.5860413750315947,0.4139586249684053,0.37592506484772925,0.4525062423599302,-0.31225517,0.08721619,-0.4831989,-0.14131144
412,1675,1675,866,0.5170149253731343,0.4829850746268657,0.5169610027026342,0.48303899729736577,0.45920243175221453,0.5069137185322233,-0.028767139,0.05443668,-0.13546303,0.07792876
413,2140,2140,1384,0.6467289719626168,0.3532710280373832,0.6461329497591554,0.35386705024084464,0.33378693975533513,0.37420477077578074,-0.5686616,0.047271393,-0.66131353,-0.47600964
414,1210,1210,994,0.8214876033057851,0.17851239669421493,0.8191217528052658,0.18087824719473422,0.15978448083428343,0.20296357679413646,-1.6259731,0.06970994,-1.7626046,-1.4893416
415,861,861,365,0.42392566782810687,0.5760743321718931,0.42480283508543604,0.575197164914564,0.5422172704114971,0.6078496430404647,0.5178015,0.08033436,0.3603462,0.67525685
416,2460,2460,975,0.39634146341463417,0.6036585365853658,0.39675308965688233,0.6032469103431177,0.583876814897369,0.6224585845925894,0.56449246,0.048906006,0.4686367,0.66034824
417,2545,2545,1252,0.4919449901768173,0.5080550098231826,0.49199949083944,0.5080005091605599,0.488611783256546,0.527377367626428,0.056491673,0.04484252,-0.031399667,0.14438301
418,89,89,22,0.24719101123595505,0.752808988764045,0.27148280260561425,0.7285171973943858,0.6368556941898297,0.8113627375882305,1.5156503,0.30786526,0.91223437,2.1190662
419,68,68,24,0.35294117647058826,0.6470588235294117,0.3712706575942367,0.6287293424057633,0.5188022716606862,0.7323347954694519,0.70288527,0.3004958,0.11391348,1.291857
420,2220,2220,1687,0.7599099099099099,0.24009009009009008,0.7588694336273927,0.24113056637260732,0.2235995679158972,0.25910151906298906,-1.3928,0.048335593,-1.4875377,-1.2980622
421,2820,2820,2111,0.7485815602836879,0.25141843971631206,0.7477984822228854,0.25220151777711464,0.2363697253653434,0.2683651385411928,-1.2002633,0.04278085,-1.2841138,-1.1164128
422,144,144,129,0.8958333333333334,0.10416666666666663,0.8725494173897028,0.12745058261029718,0.07963032745166643,0.18446628330276194,-2.1341484,0.23717268,-2.599007,-1.6692898
423,2300,2300,839,0.36478260869565216,0.6352173913043478,0.3653481497337186,0.6346518502662815,0.6149076902697314,0.6541750865672027,0.6827825,0.052034985,0.5807939,0.784771
424,1711,1711,632,0.36937463471654003,0.6306253652834599,0.3701093279053305,0.6298906720946695,0.6069403454052931,0.652554913945172,0.681628,0.05956819,0.56487435,0.7983816
425,78,78,14,0.1794871794871795,0.8205128205128205,0.21396995204817876,0.7860300479518212,0.6945970759789193,0.8650461484652858,1.5063907,0.3755818,0.7702503,2.242531
426,80,80,23,0.2875,0.7125,0.31009610129329246,0.6899038987067075,0.590696986048558,0.781042852124013,0.77985096,0.30212548,0.18768501,1.3720169
427,7,7,4,0.5714285714285714,0.4285714285714286,0.5349486687818644,0.4650513312181356,0.23675196617777494,0.7015375602430174,-0.01877755,0.8182498,-1.6225471,1.5849922
428,6,6,2,0.3333333333333333,0.6666666666666667,0.4384056343381861,0.5615943656618139,0.31599355473315716,0.7918231774549063,0.8729316,1.0078665,-1.1024867,2.84835
429,13,13,10,0.7692307692307693,0.23076923076923073,0.660779285803199,0.339220714196801,0.162511588320569,0.5433745918514237,-1.215625,0.658283,-2.5058599,0.07460964
430,621,621,193,0.3107890499194847,0.6892109500805152,0.31364750971737826,0.6863524902826217,0.6496110810321909,0.7219735296149257,1.0581008,0.10684858,0.8486776,1.267524
431,1253,1253,852,0.6799680766161214,0.32003192338387865,0.6787115722143993,0.32128842778560074,0.29581025887035195,0.3473030335529823,-0.8022624,0.061520547,-0.9228427,-0.68168217
432,837,837,535,0.6391875746714456,0.3608124253285544,0.6377555272069761,0.36224447279302385,0.3301960075915026,0.3949097407965917,-0.5848037,0.07485382,-0.7315172,-0.4380902
433,2495,2495,1237,0.49579158316633265,0.5042084168336673,0.49583307839373353,0.5041669216062665,0.4845867105523711,0.5237408283022639,0.07629198,0.04538483,-0.0126622915,0.16524625
434,1693,1693,642,0.37920850561134084,0.6207914943886592,0.37989796115921937,0.6201020388407806,0.5969208532537706,0.6430159012593397,0.67163914,0.059117362,0.5557691,0.7875092
435,2263,2263,1232,0.5444100751215201,0.45558992487847993,0.5442594842728045,0.45574051572719554,0.4353057732023742,0.47624905808371987,-0.23795259,0.04667218,-0.32943007,-0.1464751
436,2224,2224,1624,0.7302158273381295,0.2697841726618705,0.7292992143514225,0.27070078564857747,0.2524736609298991,0.289316916381512,-1.1431551,0.047527473,-1.2363089,-1.0500013
437,1164,1164,404,0.3470790378006873,0.6529209621993127,0.348330654473678,0.651669345526322,0.62417861608475,0.6786702671377105,0.86817825,0.07381964,0.7234918,1.0128647
438,2659,2659,1685,0.6336968785257616,0.3663031214742384,0.6332616053056187,0.3667383946943813,0.34855239654340964,0.3851136170711269,-0.5845746,0.042407338,-0.66769296,-0.5014562
439,2347,2347,610,0.25990626331487005,0.7400937366851299,0.2608689190452074,0.7391310809547926,0.7212146504304147,0.7566630050762537,1.3227371,0.05912617,1.2068498,1.4386244
440,1444,1444,1197,0.8289473684210527,0.17105263157894735,0.8269153832854524,0.17308461671454756,0.1540724230550563,0.19294902798007285,-1.7625786,0.06426548,-1.888539,-1.6366183
441,1265,1265,927,0.7328063241106719,0.2671936758893281,0.7311811743277254,0.26881882567227455,0.24483480679268965,0.2934902239399497,-1.0982622,0.06294882,-1.2216419,-0.9748825
442,80,80,20,0.25,0.75,0.27645442770386564,0.7235455722961344,0.6267999196444185,0.8107966216229232,1.0091763,0.32034212,0.3813057,1.6370468
443,167,167,75,0.4491017964071856,0.5508982035928144,0.45212319550944285,0.5478768044905571,0.4741665839638085,0.6205571444472872,0.21763472,0.1804016,-0.1359524,0.5712218
444,94,94,52,0.5531914893617021,0.44680851063829785,0.5490941908169515,0.45090580918304846,0.3564594069276039,0.547155791509349,-0.42834082,0.22558057,-0.87047875,0.013797104
445,2454,2454,1049,0.42746536267318663,0.5725346373268134,0.42776205778717874,0.5722379422128212,0.5526496397094692,0.5917151331186534,0.39522946,0.047658373,0.30181906,0.48863986
446,2667,2667,1232,0.46194225721784776,0.5380577427821522,0.4620971359701141,0.537902864029886,0.5189920438894302,0.556760024646924,0.24702476,0.044457175,0.15988868,0.33416083
447,89,89,47,0.5280898876404494,0.4719101123595506,0.526129826356832,0.47387017364316797,0.3763205293049319,0.5724286826100422,0.051274583,0.23413423,-0.40762854,0.5101777
448,2622,2622,1252,0.4774980930587338,0.5225019069412662,0.4776013762380108,0.5223986237619892,0.5033020029768975,0.5414629922071057,0.17079121,0.044478018,0.08361429,0.25796813
449,2818,2818,1486,0.5273243435060326,0.47267565649396737,0.5272587638106885,0.4727412361893115,0.4543608454191206,0.4911581563472549,-0.10811517,0.04186989,-0.19018015,-0.02605018
450,136,136,63,0.4632352941176471,0.5367647058823529,0.4660086269531232,0.5339913730468768,0.452799818390786,0.6142955455962181,0.16505721,0.19870394,-0.22440252,0.5545169
451,2325,2325,1816,0.7810752688172043,0.21892473118279565,0.7799984008681045,0.22000159913189554,0.2034299908974837,0.23702765996172803,-1.4725507,0.048213292,-1.5670488,-1.3780527
452,1752,1752,1253,0.7151826484018264,0.28481735159817356,0.7140986981458886,0.28590130185411144,0.2650385333865164,0.3072246343289271,-1.05978,0.053212956,-1.1640774,-0.9554826
453,2531,2531,1250,0.4938759383642829,0.5061240616357171,0.4939237648193104,0.5060762351806896,0.48663454786404237,0.5255088597265349,0.08704306,0.045095563,-0.0013442412,0.17543036
454,190,190,82,0.43157894736842106,0.5684210526315789,0.43505864629059565,0.5649413537094043,0.4957208216261241,0.6329262964476183,0.3909431,0.16891593,0.05986789,0.72201836
455,556,556,167,0.30035971223021585,0.6996402877697842,0.30371623045152324,0.6962837695484767,0.6577651860386644,0.7334865681252165,1.0913054,0.113838576,0.86818177,1.314429
456,1888,1888,727,0.3850635593220339,0.614936440677966,0.3856538334066612,0.6143461665933387,0.5923376078458621,0.6361263737748277,0.60834247,0.055817567,0.49894005,0.7177449
457,2552,2552,1877,0.7355015673981191,0.2644984326018809,0.7346834060178792,0.2653165939821208,0.2483969647996388,0.28258337487874496,-1.186762,0.04445135,-1.2738867,-1.0996373
458,194,194,133,0.6855670103092784,0.31443298969072164,0.6775084473684967,0.3224915526315033,0.26011406381693924,0.388179246906758,-0.8150805,0.15590149,-1.1206474,-0.5095136
459,1931,1931,1365,0.7068876229932677,0.2931123770067323,0.7059429049534501,0.29405709504654987,0.27399286272436263,0.314523475335191,-0.9664234,0.050238423,-1.0648907,-0.8679561
460,2894,2894,1978,0.6834830684174154,0.31651693158258465,0.6829256859090501,0.3170743140909499,0.30027117966723016,0.334116165679162,-0.8334788,0.04103665,-0.9139106,-0.753047
461,2638,2638,1802,0.6830932524639879,0.3169067475360121,0.6824833183444304,0.31751668165556957,0.2999192295291043,0.33537530356165224,-0.8926388,0.04283759,-0.97660047,-0.80867714
462,2914,2914,2200,0.7549759780370625,0.2450240219629375,0.7541980108026805,0.24580198919731955,0.23036284389319683,0.26157058577167125,-1.170888,0.042196043,-1.2535923,-1.0881836
463,2698,2698,1360,0.5040770941438102,0.4959229058561898,0.5040873967012284,0.4959126032987716,0.4770862824115609,0.5147446445005446,0.018197536,0.04334853,-0.066765584,0.10316066
464,2395,2395,1920,0.8016701461377871,0.1983298538622129,0.8005460355636363,0.19945396443636365,0.18372405419064208,0.21565746859481583,-1.5906484,0.048382275,-1.6854777,-1.4958191
465,2155,2155,1274,0.5911832946635731,0.4088167053364269,0.590826891760664,0.40917310823933595,0.38854449519264767,0.4299607266919221,-0.42356548,0.04738744,-0.51644486,-0.3306861
466,601,601,379,0.6306156405990017,0.36938435940099834,0.6287586089880589,0.3712413910119411,0.3333527316320055,0.4099295680751842,-0.45244625,0.08952476,-0.6279148,-0.27697772
467,1433,1433,554,0.3866015352407537,0.6133984647592463,0.38736825364590804,0.612631746354092,0.5873544502952046,0.6376131486642174,0.5675767,0.0637807,0.4425665,0.6925869
468,1929,1929,1397,0.7242094349403836,0.2757905650596164,0.7231817424600665,0.2768182575399335,0.2571253470789333,0.29694742534291785,-1.0634379,0.050636988,-1.1626865,-0.9641894
469,2299,2299,1489,0.647672901261418,0.35232709873858203,0.6471141842317121,0.3528858157682879,0.33351792171994177,0.37249518457513564,-0.715556,0.045722064,-0.80517125,-0.6259408
470,570,570,189,0.33157894736842103,0.668421052631579,0.3343597653950169,0.6656402346049831,0.6267273245613398,0.7034695864729594,0.92035985,0.10781635,0.7090398,1.1316799
471,168,168,63,0.375,0.625,0.38184174866137754,0.6181582513386225,0.5456515176080391,0.6881378346835807,0.59350586,0.19082695,0.21948501,0.9675267
472,2370,2370,1737,0.7329113924050633,0.2670886075949367,0.7320406328677086,0.2679593671322914,0.25035355388842073,0.2859346799629783,-1.1607276,0.045967434,-1.2508237,-1.0706315
473,2393,2393,1923,0.8035938152946093,0.19640618470539073,0.8024614213524257,0.1975385786475743,0.1818616383791004,0.21369252719892973,-1.6042825,0.048513036,-1.699368,-1.509197
474,1713,1713,761,0.44424985405720957,0.5557501459427905,0.4445847865698267,0.5554152134301733,0.5318949415008885,0.5788135736039293,0.28668264,0.056235664,0.17646074,0.39690453
475,2340,2340,1222,0.5222222222222223,0.47777777777777775,0.5221632258753128,0.47783677412468717,0.45766159969948284,0.49804769297931917,-0.143338,0.045982465,-0.23346363,-0.05321236
476,852,852,364,0.4272300469483568,0.5727699530516432,0.4280811758983825,0.5719188241016175,0.5387411161632921,0.604780116902804,0.50582564,0.08059277,0.3478638,0.6637875
477,6,6,3,0.5,0.5,0.5043030076154803,0.4956969923845197,0.2564287262050836,0.7360395398351689,0.06970385,0.8998442,-1.693991,1.8333986
478,193,193,116,0.6010362694300518,0.39896373056994816,0.596774021574679,0.40322597842532104,0.33675682667699425,0.47150899052785633,-0.39618334,0.15554933,-0.70106006,-0.09130666
479,180,180,79,0.4388888888888889,0.5611111111111111,0.442197991687529,0.5578020083124711,0.486718066029619,0.6277280416423061,0.2685413,0.17389041,-0.072283894,0.60936654
480,2351,2351,1760,0.7486176095278605,0.2513823904721395,0.7476787826988683,0.25232121730113166,0.2350030468836558,0.27003696190964877,-1.2948364,0.046718918,-1.3864055,-1.2032673
481,78,78,20,0.2564102564102564,0.7435897435897436,0.2827969358423308,0.7172030641576692,0.6188017075629283,0.8061670856365226,0.954896,0.3216048,0.32455057,1.5852413
482,321,321,203,0.632398753894081,0.36760124610591904,0.6289173445038498,0.37108265549615016,0.31982995775664447,0.42381478095469083,-0.64253664,0.12206982,-0.8817935,-0.40327978
483,1473,1473,557,0.3781398506449423,0.6218601493550577,0.3789382577248907,0.6210617422751092,0.596221887636855,0.645592140644534,0.61319727,0.063465565,0.48880476,0.7375898
484,2881,2881,1372,0.4762235334953141,0.5237764665046859,0.47632160726114997,0.52367839273885,0.505459091733888,0.5418666540914613,0.25276214,0.04247462,0.16951188,0.3360124
485,2248,2248,1526,0.6788256227758007,0.3211743772241993,0.6781276501489389,0.32187234985106106,0.30275473494477356,0.34128894972825896,-0.880587,0.046445493,-0.97162014,-0.7895538
486,2180,2180,828,0.3798165137614679,0.620183486238532,0.3803500460153701,0.6196499539846299,0.5992168753116152,0.6398759612011056,0.6004541,0.052716415,0.49712992,0.70377827
487,1333,1333,520,0.3900975243810953,0.6099024756189046,0.39089746926264146,0.6091025307373585,0.5828579129532798,0.6350391703908862,0.56466603,0.065604724,0.43608075,0.6932513
488,1646,1646,1291,0.784325637910085,0.21567436208991497,0.7827889903089452,0.21721100969105478,0.19768010518610035,0.23738917356623224,-1.4326257,0.05726329,-1.5448617,-1.3203896
489,1156,1156,545,0.47145328719723184,0.5285467128027681,0.47173411871899185,0.5282658812810082,0.49957404686968965,0.5568658035888029,0.24732958,0.06694744,0.11611259,0.37854657
490,1215,1215,838,0.6897119341563785,0.31028806584362145,0.6883433966417111,0.31165660335828893,0.2860185346320647,0.3378775674749871,-0.8135965,0.0629277,-0.93693477,-0.6902582
491,1499,1499,636,0.4242828552368246,0.5757171447631755,0.42478678337876064,0.5752132166212394,0.5501834096846421,0.600054077723388,0.32034177,0.060675465,0.20141786,0.43926567
492,2176,2176,1287,0.5914522058823529,0.4085477941176471,0.5910980989833045,0.40890190101669555,0.3883745416478326,0.42958720790143556,-0.306295,0.046838824,-0.3980991,-0.21449092
493,2231,2231,709,0.3177947108919767,0.6822052891080232,0.31857012014075226,0.6814298798592477,0.661989128140879,0.7005637931200358,0.9498458,0.055588696,0.84089196,1.0587996
494,2789,2789,1321,0.4736464682681965,0.5263535317318035,0.47375621665998,0.52624378334002,0.5077302991754631,0.5447217337907131,0.14944574,0.043131594,0.06490782,0.23398367
495,2360,2360,697,0.29533898305084744,0.7046610169491525,0.29615913615057643,0.7038408638494236,0.6852995407509628,0.7220562193996207,1.0758369,0.055774733,0.9665184,1.1851554
496,2148,2148,1029,0.4790502793296089,0.520949720670391,0.4791696551962064,0.5208303448037936,0.4997376618222502,0.5418864428069154,0.11846849,0.049372226,0.02169893,0.21523806
497,2108,2108,1221,0.5792220113851992,0.42077798861480076,0.5789095326589746,0.4210904673410254,0.40013708020192884,0.4421850637632998,-0.23517767,0.04782991,-0.3289243,-0.14143103
498,1894,1894,747,0.39440337909186907,0.6055966209081309,0.39494676546050306,0.605053234539497,0.582994905816234,0.6269024309963718,0.5612043,0.05526182,0.45289114,0.6695175
499,4,4,2,0.5,0.5,0.5049562100648483,0.49504378993515175,0.24029939752014506,0.7512123539887281,0.14193279,1.120422,-2.0540946,2.33796
500,2585,2585,516,0.19961315280464217,0.8003868471953578,0.20070073609217853,0.7992992639078215,0.7836734418461716,0.8144879975407049,1.7023333,0.06320238,1.5784566,1.82621
501,2132,2132,1686,0.7908067542213884,0.20919324577861165,0.789591119957422,0.21040888004257796,0.1934076804490007,0.22792246354675583,-1.3933781,0.050796133,-1.4929385,-1.2938178
502,2881,2881,1484,0.5150989239847276,0.48490107601527244,0.515073584449913,0.484926415550087,0.46672034783639804,0.5031522430037433,0.005804494,0.04180661,-0.07613646,0.08774545
503,2172,2172,1508,0.6942909760589319,0.30570902394106814,0.6935036285522646,0.30649637144773545,0.28732310649245507,0.3260057454427775,-1.0286433,0.047270473,-1.1212934,-0.93599313
504,115,115,43,0.3739130434782609,0.6260869565217391,0.38375527767541573,0.6162447223245843,0.5294405489755594,0.6995012433785883,0.5685506,0.2308186,0.11614612,1.0209551
505,2321,2321,1365,0.5881085738905644,0.41189142610943563,0.5877896676495898,0.41221033235041016,0.39230196698562203,0.43226143719767585,-0.43633,0.045620196,-0.5257456,-0.3469144
506,2372,2372,1417,0.5973861720067454,0.4026138279932546,0.5970383477830635,0.4029616522169365,0.383343972254246,0.4227337298527829,-0.45474032,0.04477951,-0.5425081,-0.36697248
507,2198,2198,1418,0.6451319381255687,0.3548680618744313,0.6445582169399913,0.35544178306000873,0.33560408770970773,0.37552761591147577,-0.5730815,0.046509676,-0.6642405,-0.48192254
508,1686,1686,1297,0.769276393831554,0.230723606168446,0.7678574593787725,0.23214254062122752,0.21235368631767426,0.2525300194002863,-1.3336443,0.05578292,-1.4429789,-1.2243097
509,2263,2263,1312,0.5797613787008395,0.42023862129916045,0.5794680382210355,0.42053196177896446,0.400307194318124,0.440889236758761,-0.38142624,0.046258178,-0.47209227,-0.29076022
510,848,848,460,0.5424528301886793,0.4575471698113207,0.5420745984444297,0.45792540155557027,0.42469272037888395,0.4913440595180192,-0.12010038,0.07530233,-0.26769295,0.027492195
511,346,346,285,0.8236994219653179,0.17630057803468213,0.8155212596002618,0.18447874039973822,0.14592943721651053,0.22639238036910703,-1.7503718,0.13090628,-2.0069482,-1.4937955
512,82,82,40,0.4878048780487805,0.5121951219512195,0.48974828369924966,0.5102517163007503,0.40822842958394245,0.611848782023186,0.19120538,0.25183782,-0.30239674,0.68480754
513,2222,2222,1155,0.5198019801980198,0.4801980198019802,0.519749816314367,0.480250183685633,0.45954294150370867,0.5009909626022782,-0.09222242,0.047572862,-0.18546523,0.0010203868
514,1689,1689,933,0.5523978685612788,0.4476021314387212,0.5521532190709766,0.4478467809290234,0.42426380429559685,0.47154611464686025,-0.19393781,0.053583093,-0.2989607,-0.088914946
515,664,664,296,0.4457831325301205,0.5542168674698795,0.44661908802862044,0.5533809119713795,0.5157157981843473,0.5907455752368962,0.34654534,0.09032054,0.16951707,0.52357364
516,192,192,98,0.5104166666666666,0.48958333333333337,0.5102661736025805,0.48973382639741947,0.4209965440356863,0.5586644977872777,0.026640028,0.16016245,-0.28727838,0.34055844
517,2286,2286,1423,0.6224846894138233,0.3775153105861767,0.6220234992937698,0.37797650070623023,0.35824654604975825,0.3979078812763419,-0.56434286,0.045965463,-0.65443516,-0.47425056
518,9,9,4,0.4444444444444444,0.5555555555555556,0.4760826020737385,0.5239173979262615,0.3007876515600246,0.7420590119843693,0.20047912,0.79056346,-1.3490252,1.7499835
519,2368,2368,1469,0.6203547297297297,0.3796452702702703,0.6199176691774027,0.38008233082259735,0.3606709293553767,0.3996848537956459,-0.60421157,0.04494754,-0.6923087,-0.5161144
520,2897,2897,1590,0.5488436313427684,0.45115636865723163,0.5487118955948076,0.4512881044051924,0.4332323099304253,0.4694074029665165,-0.094141245,0.0410917,-0.17468098,-0.013601512
521,114,114,61,0.5350877192982456,0.4649122807017544,0.533004221106028,0.46699577889397204,0.37990614825790203,0.5551009674561943,-0.2394225,0.20805034,-0.6472012,0.16835618
522,2337,2337,1340,0.5733846812152332,0.4266153187847668,0.5731255300449959,0.4268744699550041,0.4069252256412842,0.446941800250404,-0.3769931,0.045512583,-0.46619776,-0.28778842
523,1761,1761,564,0.3202725724020443,0.6797274275979557,0.3212410177456914,0.6787589822543085,0.6568243418831659,0.7003110308112749,0.9314563,0.062132373,0.8096769,1.0532358
524,86,86,35,0.4069767441860465,0.5930232558139534,0.41663050100648097,0.583369498993519,0.4834135537875568,0.6800053378813213,0.13011053,0.25407195,-0.3678705,0.6280916
525,2649,2649,1359,0.5130237825594564,0.48697621744054365,0.5130033941214407,0.4869966058785593,0.46800982424897963,0.5060019212347102,0.002357781,0.04349187,-0.082886286,0.08760185
526,1917,1917,917,0.47835159102764735,0.5216484089723527,0.47848861137952003,0.52151138862048,0.4991900936858027,0.5437903713360819,0.15604684,0.051803157,0.05451265,0.25758103
527,2663,2663,1903,0.7146075854299662,0.28539241457003384,0.7138951508527026,0.2861048491472974,0.269126090177922,0.30338686811961,-1.0364577,0.043170076,-1.121071,-0.95184433
528,2887,2887,718,0.24870107377900935,0.7512989262209906,0.2495197377917451,0.7504802622082549,0.7345608805839682,0.7660719840881807,1.4841225,0.054064978,1.3781551,1.5900899
529,2887,2887,2100,0.7273986837547627,0.2726013162452373,0.7267008289552493,0.27329917104475066,0.2572214095223151,0.2896734880661258,-1.0754781,0.041774042,-1.1573552,-0.99360096
530,1702,1702,986,0.5793184488836662,0.42068155111633376,0.5789313131648323,0.42106868683516774,0.3977726359021828,0.44453950012171095,-0.25732514,0.0529726,-0.36115146,-0.15349884
531,138,138,47,0.34057971014492755,0.6594202898550725,0.3509618839358422,0.6490381160641578,0.5704019155455156,0.7238371158531174,0.809682,0.21925853,0.3799353,1.2394288
532,318,318,153,0.4811320754716981,0.5188679245283019,0.481860779849582,0.518139220150418,0.46400885080892873,0.5720595057474477,0.09224443,0.1281241,-0.15887882,0.3433677
533,2890,2890,2030,0.7024221453287197,0.2975778546712803,0.7018040566990111,0.29819594330098886,0.28168014791247464,0.3149754543409802,-0.932443,0.04129429,-1.0133798,-0.85150623
534,1176,1176,490,0.4166666666666667,0.5833333333333333,0.4173668933710543,0.5826331066289456,0.554443496910487,0.6105585545878093,0.51326597,0.06878086,0.37845546,0.6480765
535,1710,1710,720,0.42105263157894735,0.5789473684210527,0.42151195043439454,0.5784880495656055,0.555069215212577,0.6017339116843601,0.4019344,0.05721543,0.28979215,0.51407665
536,1599,1599,666,0.4165103189493433,0.5834896810506567,0.41702725629298776,0.5829727437070122,0.5587874230954787,0.6069625872896296,0.45203626,0.059130255,0.33614096,0.56793153
537,836,836,255,0.3050239234449761,0.6949760765550239,0.30721781897751815,0.6927821810224819,0.6612759096227907,0.723424272774779,1.0557873,0.091312855,0.8768141,1.2347605
538,104,104,31,0.2980769230769231,0.7019230769230769,0.31502380633904237,0.6849761936609576,0.5968763280291853,0.7668836346512696,1.1972029,0.26432374,0.67912835,1.7152774
539,2246,2246,1888,0.8406055209260909,0.15939447907390913,0.8392487326829373,0.16075126731706268,0.1458836437654174,0.17618876895378666,-1.9037901,0.052909855,-2.0074935,-1.8000867
540,1280,1280,668,0.521875,0.478125,0.5217699662106106,0.47823003378938944,0.4510092633199756,0.5055147844187518,-0.03846845,0.061774403,-0.15954629,0.082609385
541,655,655,161,0.24580152671755726,0.7541984732824427,0.2494114150805234,0.7505885849194767,0.7170096154771021,0.7827382230791142,1.4409136,0.11491993,1.2156705,1.6661566
542,579,579,215,0.37132987910189985,0.6286701208981001,0.37344806011242676,0.6265519398875732,0.5871010903757155,0.6651875785732804,0.8245138,0.10296875,0.622695,1.0263326
543,849,849,260,0.30624263839811544,0.6937573616018846,0.3083902700770414,0.6916097299229587,0.6603157613622188,0.7220577852809428,1.056282,0.09120619,0.87751794,1.2350461
544,117,117,62,0.5299145299145299,0.4700854700854701,0.5282567502675781,0.4717432497324219,0.38555508785416714,0.5587802093680758,-0.19848019,0.20571595,-0.6016835,0.20472309
545,2308,2308,963,0.4172443674176776,0.5827556325823224,0.4176002277881371,0.5823997722118629,0.562258837771215,0.6024059790165703,0.44098985,0.04959304,0.3437875,0.5381922
546,1492,1492,937,0.6280160857908847,0.37198391420911525,0.6272771558311072,0.3727228441688928,0.3484355002395818,0.39733141377742576,-0.6572064,0.05642429,-0.767798,-0.5466148
547,2924,2924,1512,0.5170998632010944,0.48290013679890564,0.517068636107524,0.48293136389247604,0.4648627112477418,0.5010220635387983,-0.007668704,0.041431744,-0.08887492,0.07353751
548,10,10,4,0.4,0.6,0.4512544493304899,0.54874555066951,0.3294736251721715,0.7583816247128957,0.41734508,0.7653424,-1.0827261,1.9174162
549,655,655,335,0.5114503816793893,0.4885496183206107,0.511390518084712,0.48860948191528797,0.4506668471181354,0.526617096524017,0.021992534,0.08748962,-0.14948712,0.19347219
550,1297,1297,544,0.41942945258288356,0.5805705474171164,0.42004540551752895,0.5799545944824711,0.5530868230752963,0.6065904455082493,0.47350147,0.06588796,0.34436107,0.6026419
551,2839,2839,1653,0.5822472701655512,0.4177527298344488,0.5820052452751266,0.41799475472487335,0.3999399077031818,0.4361586861705762,-0.31801143,0.041312646,-0.39898422,-0.23703864
552,1009,1009,466,0.4618434093161546,0.5381565906838455,0.4622513839345802,0.5377486160654198,0.5070755469445705,0.5682812154888535,0.32621655,0.07218173,0.18474035,0.46769273
553,1499,1499,1115,0.7438292194796531,0.2561707805203469,0.7423891601088302,0.25761083989116984,0.2358563491295944,0.2799742121372186,-1.1575123,0.05812149,-1.2714305,-1.0435941
554,2260,2260,1075,0.4756637168141593,0.5243362831858407,0.47579089375005146,0.5242091062499485,0.5036471055789519,0.5447306864019368,0.09290831,0.0481438,-0.0014535412,0.18727016
555,1713,1713,765,0.44658493870402804,0.553415061295972,0.4469074307497552,0.5530925692502449,0.5295628785841682,0.5765054578859734,0.27508837,0.05615089,0.16503263,0.3851441
556,108,108,38,0.35185185185185186,0.6481481481481481,0.3640095055334475,0.6359904944665524,0.547221180991039,0.7203617979500128,0.86803234,0.2434492,0.3908719,1.3451928
557,73,73,37,0.5068493150684932,0.4931506849315068,0.5068791950448842,0.4931208049551158,0.38611862996925217,0.6004403255143578,-0.0069137216,0.2610072,-0.5184878,0.50466037
558,90,90,42,0.4666666666666667,0.5333333333333333,0.470408892628431,0.529591107371569,0.4314979730029389,0.6265532655091196,0.33132845,0.2397592,-0.1385996,0.80125654
559,2307,2307,843,0.36540962288686607,0.6345903771131339,0.36597097092913644,0.6340290290708636,0.6143083093681834,0.6535305115240795,0.6799013,0.05194486,0.57808936,0.78171325
560,1693,1693,514,0.303603071470762,0.696396928529238,0.30470005753553514,0.6952999424644648,0.6732265838292684,0.7169386111507838,1.0766463,0.0644684,0.9502883,1.2030044
561,615,615,395,0.6422764227642277,0.3577235772357723,0.640289635040352,0.35971036495964803,0.3225312698553553,0.39774103320868814,-0.5799004,0.087700985,-0.75179434,-0.40800643
562,110,110,50,0.45454545454545453,0.5454545454545454,0.45859285291577023,0.5414071470842298,0.451823290808268,0.6296741109010223,0.33432162,0.22201999,-0.10083756,0.7694808
563,1724,1724,908,0.5266821345707656,0.4733178654292344,0.5265785599564152,0.4734214400435848,0.44995393890831825,0.4969470421635894,-0.10787588,0.053751748,-0.21322931,-0.0025224537
564,1280,1280,779,0.60859375,0.39140624999999996,0.60787153534028,0.39212846465971996,0.3656510935379116,0.4189228581226043,-0.44130525,0.06110922,-0.5610793,-0.32153118
565,1591,1591,712,0.44751728472658703,0.552482715273413,0.4478590181981162,0.5521409818018839,0.5277254899848627,0.5764330191743328,0.3233276,0.057832744,0.20997542,0.43667978
566,2145,2145,1783,0.8312354312354312,0.1687645687645688,0.8298549383302186,0.17014506166978138,0.1545744645305479,0.18629574038684604,-1.8933777,0.053148825,-1.9975494,-1.7892059
567,2195,2195,1727,0.7867881548974943,0.21321184510250568,0.7856239938834021,0.2143760061165979,0.19749581781350023,0.23174711664070224,-1.3744643,0.049759198,-1.4719923,-1.2769363
568,141,141,100,0.7092198581560284,0.2907801418439716,0.6968721600215224,0.3031278399784776,0.23248117327247764,0.3787411559417604,-1.0414658,0.18728869,-1.4085516,-0.67437994
569,458,458,213,0.4650655021834061,0.534934497816594,0.465891373534578,0.534108626465422,0.488805205335893,0.5791354067660923,0.24462692,0.107413836,0.03409581,0.45515805
570,1496,1496,898,0.6002673796791443,0.39973262032085566,0.5996995615028735,0.4003004384971265,0.3756855992769377,0.42516623491698224,-0.40406653,0.056466494,-0.5147409,-0.2933922
571,1648,1648,940,0.5703883495145631,0.4296116504854369,0.5700380411231045,0.4299619588768955,0.40621647979748654,0.45386756306416753,-0.28189346,0.054022163,-0.3877769,-0.17601001
572,1512,1512,600,0.3968253968253968,0.6031746031746033,0.39749063064483153,0.6025093693551684,0.577800878957156,0.6269625440959985,0.5792576,0.06202218,0.45769414,0.7008211
573,634,634,272,0.42902208201892744,0.5709779179810726,0.4301361315734565,0.5698638684265436,0.5314383779430907,0.6078777939668565,0.43353224,0.09363427,0.25000906,0.6170554
574,2172,2172,1275,0.5870165745856354,0.4129834254143646,0.5866804767793854,0.4133195232206146,0.3927361058185328,0.4340535044682772,-0.41691658,0.047218543,-0.5094649,-0.32436824
575,859,859,206,0.239813736903376,0.760186263096624,0.24263867004647643,0.7573613299535236,0.7283121144652769,0.7852875115603135,1.4766009,0.100892074,1.2788525,1.6743493
576,900,900,477,0.53,0.47,0.5297690711866148,0.47023092881338524,0.4378751859207253,0.5027107297597063,-0.051049888,0.07408878,-0.19626391,0.09416413
577,1682,1682,1165,0.692627824019025,0.307372175980975,0.6916213740255902,0.3083786259744098,0.286592783302688,0.3305937457080459,-0.8938509,0.053606518,-0.9989197,-0.7887821
578,90,90,52,0.5777777777777777,0.4222222222222223,0.5712406419345013,0.4287593580654987,0.33342436362683814,0.5268170391160615,-0.19321343,0.22960526,-0.64323974,0.25681287
579,2264,2264,1582,0.6987632508833922,0.3012367491166078,0.6979897176884333,0.3020102823115667,0.2833075794332629,0.321042967577426,-0.9669957,0.04648965,-1.0581155,-0.875876
580,137,137,34,0.24817518248175183,0.7518248175182481,0.26442842438006997,0.73557157561993,0.661419564273406,0.8036192786568237,1.3545243,0.25025028,0.8640337,1.8450148
581,1503,1503,1160,0.7717897538256819,0.22821024617431807,0.7701838533519998,0.2298161466480002,0.2089617636175768,0.2513474225741985,-1.4510288,0.059300695,-1.5672582,-1.3347994
582,892,892,527,0.5908071748878924,0.40919282511210764,0.5899551014769733,0.4100448985230267,0.3781476296165662,0.4423203660180306,-0.3395773,0.07327541,-0.4831971,-0.19595748
583,2619,2619,1220,0.4658266513936617,0.5341733486063382,0.4659707981478193,0.5340292018521807,0.514938431093364,0.5530709171912102,0.22655894,0.044794787,0.13876116,0.3143567
584,1254,1254,719,0.5733652312599681,0.4266347687400319,0.5728840346589291,0.4271159653410709,0.3999621431309116,0.45448839590555323,-0.2755173,0.062106576,-0.3972462,-0.15378842
585,2546,2546,1610,0.6323644933228594,0.3676355066771406,0.6319147549137565,0.3680852450862435,0.34948845074626256,0.38687763502205663,-0.6342684,0.043346792,-0.71922815,-0.54930866
586,1698,1698,419,0.24676089517078917,0.7532391048292109,0.24816016328195253,0.7518398367180474,0.7310805519370146,0.7720402443588212,1.3878443,0.07057561,1.2495161,1.5261725
587,2611,2611,1143,0.437763309076982,0.562236690923018,0.43800616582697766,0.5619938341730224,0.5429570375978515,0.5809409896398579,0.27994505,0.045781456,0.19021338,0.3696767
588,1745,1745,534,0.3060171919770774,0.6939828080229227,0.3070690325486014,0.6929309674513986,0.6711459978978032,0.7142992489634512,1.0139396,0.06359713,0.88928926,1.13859
589,2141,2141,820,0.3829985987856142,0.6170014012143858,0.3835282298560374,0.6164717701439626,0.5958235543338032,0.6369147585314276,0.5977372,0.053099323,0.49366254,0.70181185
590,85,85,43,0.5058823529411764,0.49411764705882355,0.5060026328720195,0.4939973671279805,0.39390372330259704,0.5943326207288658,-0.3255454,0.23950437,-0.79497397,0.14388317
591,1204,1204,701,0.5822259136212624,0.4177740863787376,0.5816578725248083,0.4183421274751917,0.3907282519324484,0.4462110220621123,-0.27386287,0.06290138,-0.39714956,-0.15057617
592,2642,2642,1552,0.5874337623012869,0.41256623769871315,0.5871558040816557,0.4128441959183443,0.3941703161734622,0.4316426263399864,-0.43749806,0.042703275,-0.5211965,-0.35379964
593,80,80,46,0.575,0.42500000000000004,0.5680155988122314,0.4319844011877686,0.3314450929967194,0.5354147675507374,-0.63431203,0.24158725,-1.107823,-0.16080102
594,1493,1493,953,0.6383121232417951,0.3616878767582049,0.6375107981837659,0.3624892018162341,0.33836489932996305,0.3869603260628022,-0.70888793,0.05641931,-0.8194698,-0.59830606
595,554,554,253,0.4566787003610108,0.5433212996389891,0.45750042769699856,0.5424995723030015,0.5012632408632876,0.5834499711206458,0.2734727,0.097804025,0.0817768,0.4651686
596,2633,2633,1448,0.5499430307633878,0.4500569692366122,0.5497943145549925,0.4502056854450075,0.43127626832619836,0.4692065040726774,-0.17664185,0.043086577,-0.26109153,-0.09219216
597,10,10,5,0.5,0.5,0.5034053841369734,0.49659461586302656,0.2814220399237315,0.7124404708303178,-0.080910474,0.7195313,-1.4911919,1.329371
598,189,189,42,0.2222222222222222,0.7777777777777778,0.23541227790974453,0.7645877220902555,0.7032432729303828,0.8208754403782621,1.5729362,0.22390796,1.1340766,2.0117958
599,2874,2874,784,0.27279053583855256,0.7272094641614475,0.2735362313825713,0.7264637686174287,0.710048020258237,0.7425819358260692,1.2709783,0.052017257,1.1690245,1.3729322
600,1699,1699,808,0.4755738669805768,0.5244261330194232,0.4757432940597947,0.5242567059402052,0.5005564738688997,0.5479031365383695,0.20015255,0.05492954,0.09249064,0.30781445
601,2400,2400,1551,0.64625,0.35375,0.6457201250821314,0.3542798749178686,0.3353014019046484,0.37348750696005173,-0.6943681,0.044488773,-0.78156614,-0.6071701
602,167,167,76,0.4550898203592814,0.5449101796407185,0.457799366169245,0.542200633830755,0.4684756590994765,0.6150178252698355,0.18830585,0.17969558,-0.16389748,0.5405092
603,4,4,1,0.25,0.75,0.42905552527195495,0.570944474728045,0.3079884163148766,0.8135262068245878,1.4462377,1.381109,-1.2607361,4.1532116
604,1155,1155,535,0.46320346320346323,0.5367965367965368,0.4635495545709106,0.5364504454290894,0.5077634588485267,0.5650188044239031,0.28688738,0.06730311,0.15497327,0.4188015
605,2581,2581,700,0.2712127082526153,0.7287872917473848,0.27204834580004705,0.7279516541999529,0.7106523439381256,0.7449175450775434,1.2105622,0.055217154,1.1023366,1.3187878
606,4,4,2,0.5,0.5,0.5049562100648483,0.49504378993515175,0.24029939752014506,0.7512123539887281,0.14193274,1.120422,-2.0540946,2.33796
607,181,181,106,0.585635359116022,0.41436464088397795,0.5818471906356673,0.41815280936433274,0.3491295795000471,0.48880697055001043,-0.4288065,0.16241041,-0.74713093,-0.1104821
608,4,4,3,0.75,0.25,0.5808568948577416,0.4191431051422584,0.17879560518236504,0.6827075485589631,-1.1586304,1.1449274,-3.402688,1.0854273
609,1595,1595,722,0.4526645768025078,0.5473354231974922,0.45297601812372007,0.5470239818762799,0.5226200871382778,0.5713168153051074,0.29894614,0.05757015,0.18610865,0.41178364
610,2572,2572,1599,0.6216951788491446,0.3783048211508554,0.6212878960449185,0.3787121039550815,0.3600935567535992,0.39750867857415895,-0.5420215,0.043167125,-0.62662905,-0.45741394
611,2280,2280,671,0.2942982456140351,0.7057017543859649,0.2951512319949857,0.7048487680050143,0.686001242521747,0.7233572663290024,1.1053897,0.056907907,0.99385023,1.2169292
612,1711,1711,1246,0.72822910578609,0.27177089421391,0.7270497323007821,0.27295026769921793,0.2521584834654076,0.2942421143720798,-1.0863154,0.053900115,-1.1919596,-0.98067117
613,192,192,63,0.328125,0.671875,0.3362883902435091,0.6637116097564909,0.5971299650769326,0.7272098741942028,0.9233376,0.18614325,0.55849683,1.2881783
614,2615,2615,1650,0.6309751434034416,0.36902485659655837,0.6305420881001,0.36945791189989996,0.3510905452292725,0.38801374934905675,-0.65416,0.042783868,-0.7380164,-0.5703036
615,2291,2291,1331,0.5809690091663029,0.4190309908336971,0.5806744224287858,0.41932557757121425,0.399232797045608,0.4395512396305036,-0.41972885,0.04574045,-0.5093801,-0.33007756
616,2830,2830,1966,0.6946996466431096,0.30530035335689043,0.6940934521266229,0.3059065478733771,0.28909121978127916,0.3229808760641121,-0.94125175,0.041467115,-1.0225273,-0.85997623
617,2197,2197,1029,0.46836595357305416,0.5316340464269458,0.46852711237169,0.53147288762831,0.5106299298783357,0.5522617963398828,0.1557816,0.04907236,0.059599772,0.25196344
618,322,322,105,0.32608695652173914,0.6739130434782609,0.33110234011173084,0.6688976598882692,0.6173620137292897,0.7185010237227515,0.8837848,0.14553922,0.5985279,1.1690416
619,167,167,53,0.31736526946107785,0.6826347305389222,0.3272474409937951,0.6727525590062049,0.6019073256583687,0.7398824845260019,0.9079108,0.2040059,0.50805926,1.3077624
620,846,846,358,0.4231678486997636,0.5768321513002364,0.4240685322916228,0.5759314677083772,0.5426685276159859,0.6088579948542712,0.43792272,0.08103722,0.27908975,0.5967557
621,75,75,42,0.56,0.43999999999999995,0.5542357298870946,0.4457642701129054,0.3417033409292871,0.5522675838373174,-0.24919358,0.2528214,-0.7447235,0.24633634
622,1914,1914,1235,0.6452455590386625,0.35475444096133746,0.6445865729698848,0.35541342703011525,0.33417235750164487,0.3769393335965987,-0.64648724,0.049787495,-0.7440707,-0.54890376
623,2578,2578,862,0.3343677269200931,0.6656322730799069,0.33498036161192823,0.6650196383880718,0.6467170636276369,0.6830805592520692,0.8424859,0.050657798,0.7431966,0.9417752
624,2291,2291,824,0.35966826713225664,0.6403317328677434,0.3602564214592754,0.6397435785407246,0.6200158212836007,0.6592411611575719,0.65957415,0.051977012,0.5576992,0.7614491
625,2918,2918,1771,0.6069225496915696,0.39307745030843044,0.6066097130213419,0.3933902869786581,0.3757670591795852,0.41115150070874373,-0.37622717,0.04050771,-0.4556223,-0.29683205
626,2552,2552,1352,0.5297805642633229,0.4702194357366771,0.529699374429266,0.47030062557073404,0.4509980027993258,0.4896471820502425,-0.125458,0.04406504,-0.21182549,-0.03909052
627,2236,2236,960,0.4293381037567084,0.5706618962432917,0.42965595398059936,0.5703440460194007,0.5498149194455637,0.5907544680370105,0.35262424,0.04991222,0.25479627,0.4504522
628,2175,2175,737,0.3388505747126437,0.6611494252873563,0.33955741483264795,0.6604425851673521,0.6404502925078477,0.6801565751881202,0.8252958,0.054947674,0.7175984,0.93299323
629,2342,2342,1827,0.7801024765157984,0.21989752348420155,0.7790371909592743,0.22096280904072574,0.20442338243384994,0.23795185389453233,-1.4914325,0.047961146,-1.5854363,-1.3974288
630,7,7,5,0.7142857142857143,0.2857142857142857,0.5967720440235923,0.4032279559764077,0.18614349582528933,0.6429648293040913,-1.0656573,0.82426673,-2.68122,0.54990554
631,623,623,297,0.4767255216693419,0.5232744783306581,0.47716660920094944,0.5228333907990506,0.4838732322852415,0.5616566970058552,0.20139891,0.091505736,0.022047669,0.38075015
632,137,137,53,0.38686131386861317,0.6131386861313868,0.39440951199112206,0.6055904880088779,0.5253882474373501,0.6830552685946103,0.54505587,0.20968203,0.13407907,0.95603263
633,180,180,86,0.4777777777777778,0.5222222222222221,0.4792007450477284,0.5207992549522715,0.4496699355139213,0.5915119092165119,0.07131006,0.16966519,-0.2612337,0.40385383
634,2842,2842,2361,0.830752990851513,0.169247009148487,0.8297115265788727,0.1702884734211273,0.15671501870724192,0.18430002029507775,-1.8004621,0.04625846,-1.8911287,-1.7097956
635,2705,2705,1629,0.6022181146025878,0.3977818853974122,0.6018966305561293,0.3981033694438707,0.3797637183811259,0.41658525646785427,-0.45617858,0.042133793,-0.5387608,-0.37359634
636,1713,1713,1280,0.7472270869819031,0.2527729130180969,0.745947868915551,0.254052131084449,0.23377237793601735,0.2748729341568955,-1.1600819,0.05431966,-1.2665484,-1.0536153
637,2650,2650,1803,0.680377358490566,0.319622641509434,0.6797795476192503,0.3202204523807497,0.30262056591678554,0.33807647801817353,-0.8496491,0.042802796,-0.93354255,-0.7657556
638,2677,2677,1305,0.4874859917818454,0.5125140082181546,0.48755304476122363,0.5124469552387764,0.4935408048307136,0.531335549939836,0.0999558,0.043878153,0.013954617,0.18595698
639,2879,2879,1767,0.6137547759638764,0.3862452240361236,0.6134160104401589,0.3865839895598411,0.3689031556139777,0.40441360104979096,-0.47509363,0.04085823,-0.5551758,-0.39501148
640,2345,2345,905,0.3859275053304904,0.6140724946695095,0.3863998263977646,0.6136001736022354,0.5938455118269179,0.6331720134815777,0.5371157,0.05030325,0.43852133,0.63571006
641,1575,1575,492,0.31238095238095237,0.6876190476190476,0.31350881023349136,0.6864911897665087,0.6634343696594951,0.7091020062180685,1.0105718,0.066074535,0.8810657,1.140078
642,2861,2861,1479,0.5169521146452289,0.48304788535477106,0.5169206744296824,0.48307932557031763,0.46481338407530126,0.5013676026933895,-0.003940612,0.041917767,-0.08609944,0.078218214
643,865,865,591,0.6832369942196532,0.3167630057803468,0.681388484411825,0.318611515588175,0.28814446659933535,0.3498647017362908,-0.7514782,0.07486862,-0.89822066,-0.60473573
644,2385,2385,1514,0.6348008385744235,0.3651991614255765,0.6343115200931624,0.3656884799068376,0.34650870240784926,0.38508079902272074,-0.6748394,0.044782173,-0.76261246,-0.5870663
645,2313,2313,1547,0.6688283614353653,0.3311716385646347,0.6681894257904757,0.3318105742095243,0.3128028235891456,0.3510927272047111,-0.79907763,0.045834865,-0.888914,-0.7092413
646,2616,2616,1749,0.6685779816513762,0.33142201834862384,0.6680136676048757,0.3319863323951243,0.31409827175363214,0.35011686974836187,-0.81402624,0.04288534,-0.8980815,-0.729971
647,467,467,153,0.32762312633832974,0.6723768736616702,0.3310816768810006,0.6689183231189995,0.6260446614165878,0.7104479576341881,0.94639504,0.120232485,0.7107394,1.1820507
648,78,78,37,0.47435897435897434,0.5256410256410257,0.477806723259095,0.522193276740905,0.4177098797955694,0.625711623810117,0.23134768,0.260788,-0.27979678,0.74249214
649,136,136,66,0.4852941176470588,0.5147058823529411,0.4866733260529817,0.5133266739470184,0.4322456051148118,0.5940598325526398,0.057524756,0.19619256,-0.32701266,0.4420622
650,2630,2630,1426,0.5422053231939163,0.45779467680608366,0.5420833381343139,0.45791666186568614,0.43894383567335593,0.47694990118978886,-0.19402987,0.04321371,-0.27872872,-0.109331
651,82,82,48,0.5853658536585366,0.41463414634146345,0.5774915269059626,0.4225084730940374,0.3235272410407214,0.5247112047035963,-0.2854829,0.24322115,-0.76219636,0.19123054
652,603,603,427,0.7081260364842454,0.29187396351575456,0.705113367436953,0.29488663256304704,0.2594457942090186,0.3315968681326513,-0.8621322,0.09066786,-1.0398412,-0.6844232
653,2164,2164,1366,0.6312384473197782,0.3687615526802218,0.6307144081911639,0.36928559180883613,0.3491156484133284,0.3896834204855404,-0.6385428,0.047134295,-0.730926,-0.54615957
654,320,320,218,0.68125,0.31875,0.6763963816155794,0.32360361838442064,0.2741946639299375,0.37504288268409636,-0.8893676,0.12288522,-1.1302226,-0.64851254
655,2375,2375,1386,0.5835789473684211,0.4164210526315789,0.5832846956782004,0.4167153043217996,0.3969977656730268,0.4365651906378165,-0.39297482,0.04517744,-0.48152262,-0.30442703
656,1744,1744,1178,0.6754587155963303,0.3245412844036697,0.6745777113644946,0.3254222886355054,0.30368857622211387,0.34753326743982704,-0.8444935,0.05270707,-0.9477994,-0.74118763
657,1705,1705,1136,0.6662756598240469,0.3337243401759531,0.6654237637020218,0.33457623629797817,0.31243225672220976,0.3570858347359883,-0.71894133,0.052740615,-0.82231295,-0.6155697
658,2477,2477,1223,0.4937424303593056,0.5062575696406943,0.49379178831523646,0.5062082116847635,0.4865565538377221,0.5258504087920557,0.074161366,0.04553121,-0.015079804,0.16340253
659,2422,2422,1596,0.6589595375722543,0.34104046242774566,0.6583864925108036,0.3416135074891964,0.3228911425696763,0.3605826960143219,-0.75947034,0.044339083,-0.8463749,-0.67256576
660,6,6,6,1.0,0.0,0.7019951274473631,0.29800487255263686,0.10457053022037077,0.5416345915353881,-5.3691845,4.242599,-13.684679,2.94631
661,1674,1674,410,0.24492234169653523,0.7550776583034647,0.24635158373483423,0.7536484162651658,0.7327883846106897,0.7739375319331935,1.4107836,0.07136318,1.2709118,1.5506555
662,1431,1431,680,0.4751921733053808,0.5248078266946192,0.4753955605182915,0.5246044394817084,0.4987928739609888,0.5503512764943925,0.13862363,0.05987776,0.021263212,0.25598404
663,167,167,48,0.2874251497005988,0.7125748502994012,0.29886658769478425,0.7011334123052158,0.6316739010836643,0.7662676571847321,1.0846019,0.21234615,0.6684034,1.5008004
664,2621,2621,1171,0.4467760396795116,0.5532239603204884,0.4469865330415749,0.5530134669584251,0.5339796914855577,0.5719708780656361,0.4045315,0.04519422,0.31595084,0.49311218
665,230,230,125,0.5434782608695652,0.4565217391304348,0.5420833863096999,0.4579166136903001,0.3952964717569343,0.5212035181625616,-0.14630365,0.14492601,-0.43035865,0.13775134
666,78,78,44,0.5641025641025641,0.4358974358974359,0.5581048710189391,0.44189512898106087,0.33976502738007097,0.5465517545360751,-0.6000612,0.24546565,-1.0811739,-0.11894849
667,1622,1622,639,0.39395807644882863,0.6060419235511714,0.3945945777703993,0.6054054222296007,0.5815745693134496,0.6289914509163048,0.566888,0.059780035,0.4497191,0.6840569
668,2934,2934,2113,0.7201772324471711,0.27982276755282887,0.7195130340881266,0.2804869659118734,0.2644027335822571,0.29685376611950165,-0.9702227,0.04120395,-1.0509825,-0.88946295
669,2192,2192,996,0.4543795620437956,0.5456204379562044,0.45459938609710443,0.5454006139028955,0.5245668601038158,0.566156223227975,0.349887,0.049159743,0.2535339,0.44624013
670,2825,2825,964,0.34123893805309735,0.6587610619469026,0.341775937016697,0.6582240629833029,0.6406609902160108,0.6755756261926666,0.8777914,0.048075143,0.7835641,0.9720187
671,112,112,47,0.41964285714285715,0.5803571428571428,0.42626620059431636,0.5737337994056837,0.4850508707975023,0.660110538693135,0.31239074,0.22451356,-0.12765583,0.75243735
672,1727,1727,1398,0.8094962362478286,0.19050376375217137,0.8078982615404475,0.19210173845955247,0.17391667471706052,0.21095863983313068,-1.6195605,0.0574891,-1.7322391,-1.5068818
673,2348,2348,1822,0.7759795570698467,0.22402044293015333,0.7749330312395527,0.2250669687604473,0.20843475223765884,0.2421410638383974,-1.4127015,0.047892965,-1.5065717,-1.3188313
674,2107,2107,792,0.375889890840057,0.624110109159943,0.3764588526092271,0.6235411473907728,0.6027951460800409,0.6440659674778559,0.5334705,0.053444006,0.42872027,0.6382208
675,2577,2577,1260,0.4889406286379511,0.5110593713620488,0.4890051136714602,0.5109948863285398,0.4917264563527808,0.530247209006004,0.071872115,0.044601902,-0.015547618,0.15929185
676,2878,2878,1661,0.5771369006254343,0.4228630993745657,0.5769143851793244,0.42308561482067564,0.4051194651541641,0.44115269495581555,-0.2954484,0.041038737,-0.37588432,-0.21501246
677,1805,1805,752,0.4166204986149584,0.5833795013850416,0.41707818037581135,0.5829218196241887,0.5601548741236347,0.6055155915122161,0.42868477,0.055772927,0.31936982,0.5379997
678,2621,2621,1156,0.44105303319343764,0.5589469668065623,0.44128349071055534,0.5587165092894446,0.5397031319530254,0.5776453072169037,0.29613012,0.045515146,0.20692043,0.3853398
679,1546,1546,1326,0.8576972833117723,0.1423027166882277,0.8556289542325636,0.14437104576743642,0.1273482441116015,0.16226007433501988,-2.084089,0.065729305,-2.2129185,-1.9552596
680,11,11,4,0.36363636363636365,0.6363636363636364,0.4288875620430701,0.5711124379569299,0.35613562967019186,0.7727299697949759,1.3436629,0.76871985,-0.16302812,2.8503537
681,623,623,302,0.48475120385232745,0.5152487961476726,0.4850758101604442,0.5149241898395558,0.4759644372162273,0.5537944940341821,0.16308862,0.09106467,-0.01539813,0.34157538
682,1737,1737,1150,0.6620610247553252,0.33793897524467476,0.661246885684686,0.33875311431531396,0.31673888418966334,0.3611172008297472,-0.6692401,0.052319597,-0.7717865,-0.5666937
683,2107,2107,1533,0.7275747508305648,0.2724252491694352,0.7266189106801748,0.2733810893198252,0.25460179441032116,0.29256609947791845,-1.0055202,0.048757575,-1.1010851,-0.9099554
684,1567,1567,477,0.3044033184428845,0.6955966815571155,0.3055833396271923,0.6944166603728077,0.671452565438418,0.7169134389311916,0.94356585,0.066951916,0.8123401,1.0747916
685,1536,1536,926,0.6028645833333334,0.39713541666666663,0.602296042322112,0.397703957677888,0.3734377766274761,0.4222209655885253,-0.53666663,0.055656552,-0.6457535,-0.4275798
686,2146,2146,1173,0.5465983224603914,0.4534016775396086,0.5464302404375948,0.4535697595624052,0.4325992945512819,0.47462184704140664,-0.20715845,0.04798236,-0.30120388,-0.113113016
687,1716,1716,1011,0.5891608391608392,0.41083916083916083,0.5887244996658111,0.4112755003341889,0.38816308086395135,0.434582770866901,-0.38713697,0.052794375,-0.49061394,-0.28366
688,1727,1727,1298,0.7515923566878981,0.24840764331210186,0.7503003848480005,0.24969961515199945,0.22962240786874044,0.2703230059017343,-1.2705852,0.054689843,-1.3777772,-1.1633931
689,324,324,196,0.6049382716049383,0.3950617283950617,0.6022444277056639,0.3977555722943361,0.34589735034254576,0.4507765912143107,-0.50118184,0.12167262,-0.7396602,-0.26270348
690,1706,1706,1370,0.8030480656506448,0.1969519343493552,0.8014650195744214,0.1985349804255786,0.17999998780655158,0.21773583102676886,-1.4902261,0.057358786,-1.6026493,-1.377803
691,2184,2184,1432,0.6556776556776557,0.3443223443223443,0.6550561543433335,0.34494384565666647,0.3251904278706137,0.3649651193846548,-0.8235631,0.046762444,-0.9152175,-0.7319087
692,73,73,38,0.5205479452054794,0.4794520547945206,0.5190483297056473,0.4809516702943527,0.37429840337567655,0.5884836556109121,-0.071980625,0.25966477,-0.58092356,0.43696234
693,115,115,49,0.4260869565217391,0.5739130434782609,0.4320741389836031,0.5679258610163969,0.48026460700590756,0.6535139082595219,0.3025902,0.22070724,-0.129996,0.7351764
694,85,85,28,0.32941176470588235,0.6705882352941177,0.34672488177877997,0.65327511822122,0.5548310693911014,0.7455517721314882,0.528648,0.27658358,-0.013455808,1.0707519
695,1649,1649,943,0.5718617343844754,0.4281382656155246,0.5715034846349122,0.4284965153650878,0.4047699263986453,0.45238648120772595,-0.29000553,0.05395286,-0.39575315,-0.18425792
696,2557,2557,1368,0.5350019554165037,0.46499804458349625,0.5349022551941044,0.4650977448058956,0.44583077679332395,0.4844162424393793,-0.1511262,0.04393715,-0.23724303,-0.06500939
697,571,571,344,0.6024518388791593,0.3975481611208407,0.6009441760607892,0.3990558239392108,0.3595876228412176,0.4391832534786042,-0.4183388,0.09111136,-0.5969171,-0.23976053
698,68,68,20,0.29411764705882354,0.7058823529411764,0.319440476697036,0.680559523302964,0.5731284916330098,0.7791264075417927,1.0242246,0.32178044,0.39353496,1.6549144
699,78,78,24,0.3076923076923077,0.6923076923076923,0.32868159170509886,0.6713184082949011,0.5698438937208676,0.7653466878636266,1.1079978,0.30433518,0.51150084,1.7044947
700,1689,1689,1282,0.7590290112492599,0.24097098875074008,0.7576679493223872,0.24233205067761276,0.22224963026063693,0.2629893101465006,-1.2691166,0.05530517,-1.3775148,-1.1607184
701,1255,1255,522,0.4159362549800797,0.5840637450199203,0.41659802474888313,0.5834019752511168,0.5561163895055542,0.6104376034168533,0.46617416,0.0664527,0.33592686,0.5964215
702,166,166,54,0.3253012048192771,0.6746987951807228,0.33482413055967386,0.6651758694403261,0.5938040775001078,0.7329749437202497,0.86492825,0.20272473,0.46758777,1.2622688
703,78,78,26,0.3333333333333333,0.6666666666666667,0.3516239196364829,0.6483760803635171,0.545774112571457,0.7445281759756504,0.96043015,0.2945796,0.38305414,1.5378062
704,1723,1723,995,0.5774811375507836,0.42251886244921644,0.5771084272711718,0.42289157272882816,0.3997209656816887,0.44623083624121196,-0.25063583,0.052637175,-0.3538047,-0.14746696
705,860,860,434,0.5046511627906977,0.49534883720930234,0.5046771917033621,0.4953228082966379,0.4621213605099873,0.5285446446563868,0.13108519,0.07670483,-0.019256279,0.28142667
706,1490,1490,833,0.5590604026845638,0.4409395973154362,0.5587425030832656,0.44125749691673444,0.4162090104207692,0.46645443876714865,-0.32252386,0.056955684,-0.434157,-0.21089071
707,2270,2270,1377,0.6066079295154185,0.39339207048458147,0.6062074157351593,0.39379258426484065,0.37382851722445465,0.4139332005141667,-0.4922944,0.04598567,-0.5824263,-0.4021625
708,84,84,28,0.3333333333333333,0.6666666666666667,0.35044609955319533,0.6495539004468047,0.5504101052470597,0.7426153360329115,0.50824654,0.277166,-0.034998834,1.051492
709,2135,2135,635,0.297423887587822,0.702576112412178,0.29832118234194904,0.701678817658051,0.6821421506267257,0.72085913152933,1.0713612,0.058768474,0.95617497,1.1865474
710,2171,2171,1605,0.7392906494702902,0.2607093505297098,0.7383135629031455,0.26168643709685446,0.24344965888623726,0.2803373410570773,-1.0801355,0.048228864,-1.174664,-0.9856069
711,1593,1593,479,0.30069052102950405,0.6993094789704959,0.3018726548294418,0.6981273451705582,0.675425216016962,0.7203609676715503,1.066148,0.06689557,0.9350327,1.1972634
712,1243,1243,665,0.5349959774738536,0.46500402252614637,0.5347916982331382,0.4652083017668618,0.43764978237490015,0.49287209253698916,-0.0957931,0.06241943,-0.21813518,0.02654899
713,458,458,308,0.6724890829694323,0.32751091703056767,0.6692412473216953,0.3307587526783047,0.28885063801351896,0.3740394062415169,-0.76613927,0.10240992,-0.96686274,-0.5654158
714,2318,2318,1401,0.6044003451251079,0.3955996548748921,0.604016795901841,0.395983204098159,0.37620414027834714,0.4159316092495322,-0.49884197,0.045564856,-0.5881491,-0.40953484
715,11,11,6,0.5454545454545454,0.4545454545454546,0.5280196030483378,0.47198039695166216,0.26444972799031674,0.6847764134921508,-0.20164216,0.6738919,-1.5224704,1.119186
716,1488,1488,790,0.5309139784946236,0.46908602150537637,0.5307681434598477,0.4692318565401523,0.4440039163946823,0.4945376586484407,-0.072544396,0.057603974,-0.18544818,0.040359393
717,1723,1723,1005,0.583284968078932,0.41671503192106796,0.5828815156457098,0.4171184843542902,0.39399825562960167,0.4404199966935951,-0.3810136,0.052969113,-0.48483306,-0.27719414
718,658,658,121,0.1838905775075988,0.8161094224924013,0.18833564422088173,0.8116643557791183,0.7811534602807155,0.8404057737298629,1.910498,0.13197769,1.6518217,2.1691742
719,104,104,39,0.375,0.625,0.38571072575151505,0.6142892742484849,0.5232747570635436,0.701476704524508,0.76437914,0.2429392,0.2882183,1.24054
720,588,588,252,0.42857142857142855,0.5714285714285714,0.42977821654412157,0.5702217834558785,0.5303420634998263,0.6096559623880695,0.52746993,0.097277924,0.3368052,0.71813464
721,1679,1679,1015,0.604526503871352,0.395473496128648,0.603997089759692,0.396002910240308,0.3728001163526766,0.41943910120939965,-0.44654557,0.053209245,-0.55083567,-0.34225544
722,6,6,3,0.5,0.5,0.5043030076154803,0.4956969923845197,0.2564287262050836,0.7360395398351689,0.06970388,0.8998442,-1.693991,1.8333986
723,627,627,396,0.631578947368421,0.368421052631579,0.6297839181432235,0.37021608185677646,0.3331241839940533,0.40808092584553446,-0.54495513,0.08709158,-0.7156546,-0.37425563
724,70,70,33,0.4714285714285714,0.5285714285714286,0.4755642734522991,0.5244357265477009,0.41483576749096707,0.6328657134023472,0.14375809,0.27158964,-0.38855758,0.6760738
725,1002,1002,390,0.38922155688622756,0.6107784431137724,0.3902913055359282,0.6097086944640717,0.579457779182303,0.6395485420298996,0.6853364,0.076382264,0.5356272,0.83504564
726,317,317,88,0.277602523659306,0.722397476340694,0.2840586272434382,0.7159413727565618,0.6658657042312583,0.7635089054900717,1.173545,0.15699264,0.8658394,1.4812505
727,2911,2911,2200,0.7557540364136036,0.2442459635863964,0.7549728253072441,0.24502717469275592,0.2295973185943634,0.2607878256433438,-1.1757166,0.042244256,-1.2585154,-1.0929179
728,97,97,56,0.5773195876288659,0.4226804123711341,0.5712530319045938,0.42874696809540624,0.33651975326085637,0.5235177480088969,-0.51238596,0.22103947,-0.94562334,-0.07914859
729,2122,2122,530,0.24976437323279924,0.7502356267672008,0.25087232463215264,0.7491276753678473,0.7305080786942786,0.7673044028817095,1.4832225,0.06301775,1.3597077,1.6067373
730,4,4,3,0.75,0.25,0.5808568948577416,0.4191431051422584,0.17879560518236504,0.6827075485589631,-1.1586304,1.1449274,-3.402688,1.0854273
731,1688,1688,1291,0.7648104265402843,0.2351895734597157,0.7634173077015398,0.23658269229846018,0.2166678762597618,0.25708551779765487,-1.3043845,0.05556602,-1.4132938,-1.1954751
732,2345,2345,1009,0.4302771855010661,0.5697228144989339,0.4305766590740079,0.5694233409259921,0.5493716564179517,0.5893632988370887,0.3482759,0.04869073,0.25284207,0.44370973
733,85,85,72,0.8470588235294118,0.15294117647058825,0.8139396183189492,0.18606038168105077,0.11454623632440286,0.27018451787052666,-1.8339313,0.27511364,-2.3731542,-1.2947085
734,1469,1469,411,0.27978216473791695,0.720217835262083,0.2811932437371639,0.7188067562628361,0.6956197599863809,0.7414329474271057,1.1530043,0.07167603,1.0125192,1.2934893
735,2290,2290,1317,0.5751091703056769,0.4248908296943231,0.5748378397738576,0.4251621602261424,0.405022660361124,0.44542498166880806,-0.3913087,0.045801997,-0.48108062,-0.30153677
736,2876,2876,1448,0.5034770514603616,0.4965229485396384,0.5034886265933708,0.4965113734066292,0.4782740983532281,0.5147532295751536,0.058805242,0.04200924,-0.023532867,0.14114335
737,1317,1317,674,0.5117691723614275,0.4882308276385725,0.5117369859258502,0.48826301407414985,0.4613913640254437,0.5151681957618917,-0.019547403,0.061073527,-0.13925152,0.10015671
738,2634,2634,1552,0.5892179195140471,0.4107820804859529,0.5889329267595542,0.4110670732404458,0.39237845771803237,0.4298831636986229,-0.4173675,0.04271091,-0.5010809,-0.3336541
739,174,174,110,0.632183908045977,0.367816091954023,0.6259193916004913,0.37408060839950874,0.305589803367072,0.4451762915343459,-0.67317593,0.16489004,-0.9963604,-0.34999144
740,2469,2469,1271,0.5147833130822195,0.4852166869177805,0.5147549293222311,0.4852450706777689,0.465584809669358,0.5049278894181711,-0.017009228,0.04524491,-0.10568925,0.07167079
741,637,637,453,0.7111459968602826,0.28885400313971743,0.7082489656215125,0.2917510343784875,0.2573553171901284,0.32736773708227873,-0.94120526,0.08745578,-1.1126186,-0.76979196
742,2562,2562,2041,0.7966432474629196,0.2033567525370804,0.7956100870623487,0.2043899129376513,0.1890261574876384,0.22018923182077166,-1.5591831,0.04662674,-1.6505716,-1.4677947
743,174,174,46,0.26436781609195403,0.735632183908046,0.2765269473584933,0.7234730526415067,0.6566708569921869,0.7856536386778242,1.2018231,0.21493958,0.78054154,1.6231047
744,2170,2170,1198,0.552073732718894,0.44792626728110596,0.5518844483925689,0.4481155516074311,0.4272879486110668,0.46903336075997015,-0.24773613,0.047615934,-0.34106335,-0.1544089
745,2602,2602,1038,0.398923904688701,0.601076095311299,0.39930407187132083,0.6006959281286792,0.5818431747979815,0.6194025769222853,0.47236282,0.04727468,0.37970445,0.56502116
746,655,655,257,0.39236641221374047,0.6076335877862595,0.39395160984145505,0.606048390158545,0.5686260453736688,0.6428657699514799,0.6311033,0.09497365,0.44495493,0.8172516
747,226,226,134,0.5929203539823009,0.4070796460176991,0.5895728228604682,0.4104271771395318,0.3484724107117778,0.4738252179472854,-0.37694582,0.14509435,-0.66133076,-0.09256089
748,1904,1904,783,0.4112394957983193,0.5887605042016807,0.4116993001079831,0.5883006998920168,0.566168951727592,0.6102575839590951,0.47990674,0.054344177,0.37339216,0.5864213
749,2674,2674,1158,0.4330590875093493,0.5669409124906507,0.4333123281448237,0.5666876718551763,0.54789582630088,0.585385353332976,0.3076698,0.045379434,0.2187261,0.39661348
750,1689,1689,892,0.5281231497927767,0.47187685020722325,0.5280096547721003,0.47199034522789973,0.4482880600043231,0.49575512182142467,-0.07856986,0.05400667,-0.18442294,0.027283214
751,2380,2380,1724,0.7243697478991596,0.27563025210084036,0.7235354353084361,0.2764645646915639,0.2587139292738514,0.29456966728845124,-1.1122717,0.045664303,-1.2017736,-1.0227697
752,104,104,24,0.23076923076923078,0.7692307692307692,0.25317275185312876,0.7468272481468712,0.6631676361261509,0.8222274186478935,1.6317817,0.29384187,1.0558517,2.2077117
753,2281,2281,1639,0.718544498027181,0.281455501972819,0.7176974573144479,0.2823025426855521,0.2640540425010821,0.300911175984099,-1.1170365,0.046666533,-1.2085029,-1.02557
754,2653,2653,1324,0.49905767056162836,0.5009423294383717,0.4990854465703228,0.5009145534296773,0.4819257306007608,0.5199020747048839,0.014145926,0.04375686,-0.07161752,0.09990937
755,2178,2178,971,0.445821854912764,0.5541781450872361,0.4460789852864971,0.553921014713503,0.5330488710227629,0.5746997543958449,0.27608562,0.04990872,0.17826453,0.3739067
756,657,657,398,0.6057838660578386,0.3942161339421614,0.6044249438319934,0.3955750561680066,0.3587812507073078,0.43296277732956656,-0.42655727,0.08516565,-0.59348196,-0.2596326
757,4,4,1,0.25,0.75,0.42905552527195495,0.570944474728045,0.3079884163148766,0.8135262068245878,1.4462377,1.3811089,-1.2607359,4.153211
758,2807,2807,1788,0.6369789811186319,0.36302101888136806,0.6365558899458871,0.3634441100541129,0.3457760284558471,0.3812959031400298,-0.63916445,0.041217297,-0.7199504,-0.5583785
759,138,138,51,0.3695652173913043,0.6304347826086957,0.37814039227116525,0.6218596077288348,0.5423368865624216,0.6982446620197233,0.65171456,0.21269554,0.2348313,1.0685978
760,6,6,4,0.6666666666666666,0.33333333333333337,0.5702003808927746,0.4297996191072254,0.20121462411732138,0.6759024630408479,-0.72854865,0.8849805,-2.4631104,1.0060132
761,2882,2882,1166,0.40458015267175573,0.5954198473282443,0.4049055519790153,0.5950944480209848,0.5771437197076204,0.6129205619942889,0.6047014,0.044586565,0.51731175,0.69209105
762,1884,1884,540,0.28662420382165604,0.713375796178344,0.28769280300828143,0.7123071969917185,0.6917116659704666,0.7324778611489737,1.1447667,0.06270625,1.0218624,1.267671
763,104,104,55,0.5288461538461539,0.47115384615384615,0.5270845645764604,0.47291543542353964,0.38196476738483687,0.564773180328678,-0.013588756,0.22137673,-0.44748715,0.42030963
764,2941,2941,1918,0.6521591295477729,0.3478408704522271,0.6517080450061142,0.34829195499388577,0.33120187060149986,0.3655768646281854,-0.6699852,0.04048466,-0.7493351,-0.59063524
765,84,84,42,0.5,0.5,0.5007008161300532,0.49929918386994676,0.39856365423862505,0.6000632246834648,0.116688564,0.24699196,-0.36741567,0.6007928
766,1701,1701,694,0.4079952968841858,0.5920047031158142,0.4085270857300664,0.5914729142699335,0.5680841286792149,0.6146590509427114,0.5638258,0.057613812,0.4509027,0.6767489
767,2367,2367,1224,0.5171102661596958,0.4828897338403042,0.5170716789438264,0.48292832105617356,0.4628558294764499,0.5030280326597216,-0.11843163,0.04581173,-0.20822263,-0.028640635
768,2636,2636,1590,0.6031866464339909,0.3968133535660091,0.6028534169318901,0.3971465830681099,0.37857865082258124,0.41586183198551385,-0.3486158,0.04255652,-0.43202657,-0.26520503
769,2567,2567,952,0.3708609271523179,0.6291390728476821,0.3713462062908757,0.6286537937091243,0.6099069204916137,0.6472114614419079,0.6476409,0.048823647,0.5519465,0.74333525
770,1726,1726,866,0.5017381228273464,0.4982618771726536,0.5017665644236905,0.4982334355763095,0.47471923184652753,0.5217514965832677,0.07982676,0.053764444,-0.025551558,0.18520507
771,72,72,22,0.3055555555555556,0.6944444444444444,0.32833776156817585,0.6716622384318242,0.5664489569011331,0.7688628935536245,1.0143124,0.3085291,0.4095953,1.6190295
772,2204,2204,1632,0.7404718693284936,0.2595281306715064,0.7395044548530264,0.2604955451469736,0.24242160674680924,0.2789794728586942,-1.0854756,0.04790164,-1.1793628,-0.99158835
773,89,89,46,0.5168539325842697,0.4831460674157303,0.5159439454067832,0.48405605459321677,0.38622494443391386,0.582502758834923,0.1041401,0.23515631,-0.35676628,0.5650465
774,81,81,28,0.345679012345679,0.654320987654321,0.36210495174509594,0.6378950482549041,0.5366132226763294,0.7333817768299651,0.9120846,0.28408268,0.3552825,1.4688866
775,80,80,26,0.325,0.675,0.3437377748827193,0.6562622251172807,0.5551905270604265,0.750693863317475,0.56884545,0.28754362,0.005259931,1.132431
776,1615,1615,794,0.491640866873065,0.508359133126935,0.49172829254551925,0.5082717074544807,0.4839594888446117,0.532564630478932,0.11385092,0.05593216,0.004223883,0.22347796
777,622,622,183,0.2942122186495177,0.7057877813504823,0.29730711967570955,0.7026928803242904,0.6664704334269371,0.7376986676766009,1.161464,0.10936273,0.94711304,1.3758149
778,861,861,575,0.667828106852497,0.33217189314750295,0.6661335709077256,0.3338664290922744,0.30292153292830315,0.3655346640868369,-0.67323816,0.07477068,-0.8197887,-0.5266876
779,337,337,217,0.6439169139465876,0.35608308605341243,0.6402911329562919,0.3597088670437081,0.31002966976947455,0.4109235788459804,-0.677745,0.1192583,-0.9114913,-0.4439987
780,317,317,125,0.3943217665615142,0.6056782334384858,0.39749462733411556,0.6025053726658844,0.5489190522687009,0.654900907246273,0.5205673,0.1366321,0.25276837,0.7883662
781,2597,2597,1543,0.5941470927993839,0.40585290720061606,0.5938407006971914,0.4061592993028086,0.3873776133249487,0.4250774045537722,-0.39912614,0.043085422,-0.48357356,-0.31467873
782,1263,1263,754,0.5969912905779889,0.40300870942201106,0.5963431036296051,0.4036568963703949,0.37685513851501007,0.43074558019920217,-0.38938996,0.06159124,-0.5101088,-0.26867113
783,203,203,87,0.42857142857142855,0.5714285714285714,0.43196798029997163,0.5680320197000284,0.5009977118431399,0.6338512619262212,0.44177386,0.16340204,0.12150586,0.76204187
784,456,456,84,0.18421052631578946,0.8157894736842105,0.19057953067648117,0.8094204693235189,0.7725403566622726,0.843781179370884,1.9090279,0.15798244,1.5993824,2.2186735
785,2335,2335,1121,0.48008565310492507,0.5199143468950749,0.4801914536388047,0.5198085463611952,0.4995739771256964,0.5400111006054868,0.086202994,0.04726895,-0.0064441487,0.17885014
786,2685,2685,1880,0.7001862197392924,0.2998137802607076,0.6995287152224721,0.30047128477752794,0.2833048781845844,0.3179182736966024,-0.95728576,0.042751268,-1.0410782,-0.87349325
787,2313,2313,1411,0.6100302637267618,0.38996973627323817,0.6096236443750366,0.3903763556249634,0.37063055987384486,0.41030100492685995,-0.5621432,0.04534279,-0.6510151,-0.47327134
788,2594,2594,1718,0.6622976098689283,0.33770239013107173,0.6617506623850438,0.33824933761495624,0.3201978056549162,0.3565362806626782,-0.782518,0.043021463,-0.8668401,-0.69819593
789,2403,2403,884,0.36787349146899706,0.6321265085310029,0.3684031271860992,0.6315968728139008,0.6122496441847334,0.6507374095277144,0.6724113,0.050731394,0.5729778,0.77184486
790,2436,2436,1331,0.5463875205254516,0.4536124794745484,0.5462401641830643,0.4537598358169357,0.4340681970879694,0.47352312178023503,-0.21188134,0.044611353,-0.2993196,-0.124443084
791,2273,2273,1937,0.8521777386713595,0.14782226132864051,0.8507904781355806,0.14920952186441938,0.13488955171569839,0.16411177871633398,-1.9982508,0.05371519,-2.1035326,-1.892969
792,1626,1626,468,0.2878228782287823,0.7121771217712177,0.28905335648064207,0.7109466435193579,0.6887406367880702,0.7326638996151599,1.143533,0.06736835,1.0114911,1.2755749
793,170,170,56,0.32941176470588235,0.6705882352941177,0.33851160406815883,0.6614883959318412,0.5907833120643322,0.7287784716363408,0.85065067,0.19901487,0.4605815,1.2407198
794,2545,2545,1242,0.48801571709233793,0.5119842829076621,0.4880843324956735,0.5119156675043265,0.49252706244071986,0.5312865976375921,0.10550332,0.04502878,0.01724691,0.19375974
795,2202,2202,1127,0.5118074477747502,0.4881925522252498,0.5117879848065023,0.48821201519349766,0.4673941791568226,0.5090500492111945,-0.036803007,0.04786009,-0.13060878,0.057002768
796,143,143,76,0.5314685314685315,0.46853146853146854,0.5300002974881765,0.46999970251182355,0.39144593107046743,0.5493006288005778,-0.139873,0.1874117,-0.50719994,0.22745395
797,113,113,38,0.336283185840708,0.663716814159292,0.34911246551938985,0.6508875344806102,0.564536495381176,0.7325587528738657,0.7537005,0.24196136,0.27945623,1.2279447
798,1516,1516,1050,0.6926121372031663,0.3073878627968337,0.6914962395998522,0.3085037604001478,0.28557331935715635,0.3319098904283433,-0.9936147,0.0565181,-1.1043901,-0.8828392
799,110,110,45,0.4090909090909091,0.5909090909090908,0.4166377842037199,0.5833622157962801,0.4940592262730512,0.670014137368319,0.5635259,0.22895297,0.11477807,1.0122738
800,2221,2221,800,0.360198108959928,0.639801891040072,0.36080254427078085,0.6391974557292192,0.6191547474849879,0.6590036923222361,0.71681017,0.05308352,0.61276644,0.8208539
801,1037,1037,362,0.3490838958534233,0.6509161041465767,0.35046986911674816,0.6495301308832518,0.6203684331976143,0.678150305818781,0.9030013,0.078279525,0.74957347,1.0564291
802,2896,2896,2267,0.7828038674033149,0.21719613259668513,0.7819331940864829,0.21806680591351713,0.20323959044187812,0.23326167823732247,-1.3469594,0.04330922,-1.4318454,-1.2620733
803,2330,2330,1629,0.6991416309012876,0.30085836909871244,0.6983884388563782,0.30161156114362175,0.2831794042645799,0.32036503566451446,-1.0144991,0.04582772,-1.1043214,-0.9246767
804,2403,2403,1652,0.6874739908447773,0.31252600915522266,0.6867879725797681,0.3132120274202319,0.29485597340261926,0.33186145588026517,-0.90740323,0.04479789,-0.9952071,-0.8195994
805,2177,2177,1253,0.5755627009646302,0.42443729903536975,0.5752754423654008,0.42472455763459915,0.404076238221321,0.4455033314488579,-0.36043593,0.04725539,-0.4530565,-0.26781535
806,2104,2104,999,0.47480988593155893,0.5251901140684411,0.4749501586092872,0.5250498413907128,0.5037431314162129,0.5463116394646919,0.2626355,0.049712677,0.16519865,0.36007234
807,144,144,108,0.75,0.25,0.7354514269434081,0.26454857305659185,0.19797576381263426,0.33694383193300936,-1.2663138,0.18879567,-1.6363533,-0.89627427
808,2562,2562,1269,0.4953161592505855,0.5046838407494145,0.4953582697170213,0.5046417302829787,0.4853180247465909,0.5239585961011886,0.07989745,0.04475967,-0.007831506,0.16762641
809,2749,2749,2221,0.8079301564205166,0.19206984357948342,0.806929496619393,0.19307050338060705,0.17855587316298294,0.20800671230481738,-1.6227301,0.045606393,-1.7121186,-1.5333416
810,4,4,2,0.5,0.5,0.5049562100648483,0.49504378993515175,0.24029939752014506,0.7512123539887281,0.14193282,1.120422,-2.0540946,2.33796
811,1777,1777,1284,0.7225661226786719,0.27743387732132807,0.7214594168460076,0.27854058315399244,0.2579955831622802,0.2995553120464882,-1.0982256,0.052996974,-1.2020997,-0.9943515
812,78,78,41,0.5256410256410257,0.47435897435897434,0.523691379121863,0.47630862087813697,0.37283728544841666,0.580810148518948,-0.017325222,0.2543497,-0.51585066,0.48120022
813,2689,2689,1919,0.7136481963555225,0.28635180364447754,0.7129458892902981,0.2870541107097019,0.27013900453039574,0.30426822182796487,-1.0317414,0.042932466,-1.1158891,-0.94759375
814,1443,1443,985,0.6826056826056826,0.31739431739431745,0.6814969121136201,0.31850308788637993,0.2947902074887021,0.3426894842813277,-0.86366117,0.05744714,-0.97625756,-0.7510648
815,2924,2924,2264,0.774281805745554,0.22571819425444595,0.7734461012650722,0.22655389873492782,0.2115860756404877,0.24187490849875914,-1.2930071,0.04275971,-1.3768162,-1.2091981
816,2294,2294,1185,0.516564952048823,0.483435047951177,0.5165273141533537,0.48347268584664627,0.46308378885515467,0.5038887701563545,-0.09848297,0.04681738,-0.19024503,-0.0067209005
817,69,69,38,0.5507246376811594,0.4492753623188406,0.5456065689426891,0.4543934310573109,0.34613137235862224,0.5648670073158513,-0.2369633,0.2656096,-0.7575581,0.28363153
818,1155,1155,250,0.21645021645021645,0.7835497835497836,0.2187410226442651,0.7812589773557349,0.7570725406943978,0.8045301635042073,1.6646111,0.09079056,1.4866616,1.8425606
819,2627,2627,1391,0.5295013323182337,0.4704986676817663,0.5294234242167906,0.47057657578320944,0.45154923405988834,0.48964620466635245,-0.07898259,0.04342001,-0.1640858,0.0061206296
820,1707,1707,647,0.37902753368482717,0.6209724663151728,0.3797123324002088,0.6202876675997913,0.5972036615826967,0.6431061214420413,0.7079474,0.058984358,0.592338,0.8235567
821,85,85,34,0.4,0.6,0.4104359822160758,0.5895640177839242,0.4891729355717598,0.6863504683484309,0.17022714,0.25722113,-0.3339263,0.67438054
822,852,852,273,0.3204225352112676,0.6795774647887324,0.322411610250214,0.6775883897497861,0.6460083624343529,0.7083871288137591,0.97612953,0.089360215,0.8009835,1.1512755
823,1718,1718,1107,0.6443538998835856,0.3556461001164144,0.6436248686894942,0.3563751313105058,0.33395580305830497,0.3791095110264089,-0.6391082,0.05257462,-0.7421544,-0.53606194
824,2161,2161,661,0.3058769088385007,0.6941230911614993,0.3067277156031504,0.6932722843968496,0.673709257032358,0.7124979029262797,1.1169369,0.057086755,1.0050468,1.228827
825,2419,2419,2149,0.8883836295990079,0.11161637040099215,0.8869429737975868,0.1130570262024132,0.10077005692499186,0.12594763896565941,-2.3224623,0.056716364,-2.4336264,-2.2112982
826,2271,2271,966,0.42536327608982827,0.5746367239101717,0.42569224156967145,0.5743077584303286,0.5539576442350639,0.5945344041923224,0.34134385,0.049635645,0.24405798,0.43862972
827,463,463,189,0.408207343412527,0.5917926565874729,0.4101293136219681,0.5898706863780319,0.5452134637770061,0.6338067375181646,0.5202741,0.11123255,0.3022583,0.7382899
828,2816,2816,2461,0.8739346590909091,0.12606534090909094,0.8727433723528644,0.12725662764713563,0.11522274263734755,0.1397903149344215,-2.1715386,0.050610553,-2.2707353,-2.072342
829,1802,1802,1120,0.6215316315205327,0.3784683684794673,0.620952025680157,0.37904797431984305,0.35684038413298036,0.40150857730011513,-0.56017697,0.05159067,-0.6612947,-0.45905924
830,2399,2399,1231,0.5131304710295956,0.48686952897040436,0.5131075595241732,0.4868924404758268,0.4669456891295236,0.5068598135175839,-0.08535212,0.045736868,-0.17499638,0.004292138
831,2624,2624,1718,0.6547256097560976,0.3452743902439024,0.6542112777906179,0.34578872220938206,0.3277382603024305,0.3640610656382267,-0.744593,0.04272338,-0.8283309,-0.6608552
832,4,4,2,0.5,0.5,0.5049562100648483,0.49504378993515175,0.24029939752014506,0.7512123539887281,0.14193279,1.120422,-2.0540946,2.33796
833,2604,2604,1107,0.4251152073732719,0.5748847926267281,0.42540312338569714,0.5745968766143028,0.5555920499132949,0.593493549747805,0.3717062,0.04616074,0.28123114,0.46218124
834,2364,2364,1136,0.4805414551607445,0.5194585448392555,0.4806442006102267,0.5193557993897733,0.49924491301642704,0.5394357847988427,0.13001387,0.047025204,0.037844464,0.22218327
835,1309,1309,911,0.6959511077158136,0.3040488922841864,0.6946367340307029,0.3053632659692971,0.2807948222422936,0.3304911245185229,-0.8859129,0.06089787,-1.0052727,-0.76655304
836,2933,2933,1513,0.515854074326628,0.484145925673372,0.5158268277221418,0.48417317227785817,0.46612986981671156,0.5022368552018852,0.004821092,0.04140161,-0.076326065,0.08596825
837,1935,1935,1209,0.6248062015503876,0.3751937984496124,0.6242507926204158,0.37574920737958417,0.35435013204139043,0.3973904149889941,-0.54121697,0.049485955,-0.63820946,-0.44422448
838,2155,2155,964,0.44733178654292344,0.5526682134570766,0.4475852481780585,0.5524147518219416,0.5314263465556013,0.5733113973213759,0.38342857,0.049835812,0.2857504,0.48110676
839,321,321,138,0.42990654205607476,0.5700934579439252,0.43205211239721114,0.5679478876027888,0.5142424024122039,0.6208735814774639,0.33896413,0.13178307,0.08066931,0.5972589
840,1730,1730,875,0.5057803468208093,0.4942196531791907,0.5057873980334144,0.49421260196658556,0.4707312372454344,0.5177065743531795,-0.005298525,0.05417126,-0.1114742,0.10087715
841,4,4,4,1.0,0.0,0.656757579650635,0.34324242034936503,0.12369109261086064,0.6077001747397672,-5.3703866,5.1793346,-15.521883,4.7811093
842,72,72,24,0.3333333333333333,0.6666666666666667,0.35297585516850877,0.6470241448314913,0.54058250850975,0.7466021874535921,0.8539802,0.2982998,0.26931256,1.4386477
843,78,78,22,0.28205128205128205,0.717948717948718,0.30573926377371485,0.6942607362262851,0.5941810089270879,0.7858983595779283,0.79776883,0.30900455,0.1921199,1.4034178
844,2815,2815,1516,0.5385435168738899,0.4614564831261101,0.5384414189373598,0.46155858106264025,0.4432031028811205,0.4799656291824965,-0.10851073,0.041952804,-0.19073823,-0.026283234
845,1181,1181,810,0.6858594411515665,0.3141405588484335,0.6844815073541511,0.31551849264584886,0.2894271571558862,0.3421970830457677,-0.7966744,0.063794404,-0.9217114,-0.67163736
846,1592,1592,402,0.25251256281407036,0.7474874371859297,0.25397150598888923,0.7460284940111108,0.7244278066231161,0.7670470547478453,1.3597108,0.072121486,1.2183527,1.501069
847,4,4,4,1.0,0.0,0.656757579650635,0.34324242034936503,0.12369109261086064,0.6077001747397672,-5.3703866,5.1793346,-15.521883,4.7811093
848,866,866,553,0.6385681293302541,0.3614318706697459,0.6371900286200216,0.3628099713799784,0.3312790352182162,0.3949348230756621,-0.52096725,0.07433057,-0.6666552,-0.3752793
849,2189,2189,810,0.3700319780721791,0.629968021927821,0.3706041662171029,0.6293958337828971,0.6091011855299493,0.6494674611428249,0.6634947,0.05296952,0.55967444,0.767315
850,2520,2520,1229,0.4876984126984127,0.5123015873015873,0.48776885742875614,0.5122311425712438,0.49274701885611294,0.5316969440606889,0.1063412,0.045276064,0.017600112,0.19508228
851,85,85,28,0.32941176470588235,0.6705882352941177,0.34672488177877997,0.65327511822122,0.5548310693911014,0.7455517721314882,0.528648,0.27658358,-0.013455808,1.0707519
852,2324,2324,1128,0.4853700516351119,0.5146299483648882,0.48545557030473957,0.5145444296952604,0.4942591406100795,0.5348061009346807,0.07764271,0.047298077,-0.0150615275,0.17034695
853,854,854,513,0.6007025761124122,0.3992974238875878,0.5997078083635028,0.4002921916364972,0.3678528238168022,0.4331692159713434,-0.32930627,0.07497689,-0.476261,-0.18235156
854,75,75,30,0.4,0.6,0.4116757764979869,0.5883242235020131,0.482102733786991,0.6905685171759264,0.53008324,0.27424696,-0.0074408054,1.0676073
855,2945,2945,2236,0.7592529711375212,0.24074702886247878,0.7584698840627152,0.2415301159372848,0.2262660077078702,0.2571256962573306,-1.2008328,0.04208871,-1.2833267,-1.118339
856,2900,2900,788,0.2717241379310345,0.7282758620689656,0.27246653227665124,0.7275334677233487,0.7112109731155641,0.7435596477517004,1.2818174,0.05208049,1.1797397,1.3838952
857,189,189,45,0.23809523809523808,0.7619047619047619,0.25055040486380864,0.7494495951361914,0.6869856136398907,0.8071457542461089,1.4627544,0.21664046,1.0381391,1.8873696
858,2448,2448,1146,0.4681372549019608,0.5318627450980392,0.46828280532070427,0.5317171946792958,0.5119685753382001,0.5514169095144968,0.19465575,0.046445113,0.10362332,0.28568816
859,2513,2513,1284,0.5109430959013131,0.48905690409868685,0.5109291771587792,0.48907082284122083,0.46957590048694986,0.5085821625192505,0.0020325482,0.044900402,-0.08597224,0.09003734
861,86,86,42,0.4883720930232558,0.5116279069767442,0.4901791407213428,0.5098208592786573,0.4099428809493806,0.6093076972192208,-0.23233965,0.24038713,-0.7034984,0.23881912
862,2820,2820,1295,0.4592198581560284,0.5407801418439716,0.4593751899966783,0.5406248100033217,0.5222389683068962,0.558956249020141,0.27404845,0.04349855,0.18879129,0.35930562
863,2227,2227,1801,0.8087112707678491,0.1912887292321509,0.8074738176919942,0.19252618230800578,0.17645141824721577,0.209121852814384,-1.5254444,0.050603017,-1.6246263,-1.4262625
864,181,181,95,0.5248618784530387,0.47513812154696133,0.5240057627965442,0.4759942372034558,0.4055181781936923,0.546948666585381,-0.1400381,0.16532685,-0.46407872,0.18400252
865,585,585,174,0.29743589743589743,0.7025641025641025,0.3006737423911734,0.6993262576088266,0.6618684967899007,0.7355130578791153,1.2322574,0.11163287,1.013457,1.4510578
866,583,583,369,0.6329331046312179,0.3670668953687821,0.6309837193241042,0.36901628067589576,0.3306189622263809,0.40825165630768456,-0.47006354,0.09097655,-0.6483776,-0.29174948
867,2890,2890,2239,0.7747404844290657,0.22525951557093427,0.7738935276512118,0.22610647234878822,0.2110631728662855,0.24150768500343578,-1.3628222,0.043105047,-1.4473081,-1.2783363
868,2510,2510,1118,0.4454183266932271,0.5545816733067729,0.44564303976209985,0.5543569602379002,0.5349124088987607,0.5737197618371188,0.31202468,0.04652237,0.22084084,0.40320852
869,617,617,238,0.3857374392220421,0.6142625607779579,0.3875159678768526,0.6124840321231474,0.5740295519731717,0.6502578929536247,0.65391517,0.09850814,0.4608392,0.8469911
870,1704,1704,740,0.43427230046948356,0.5657276995305165,0.4346624284846473,0.5653375715153527,0.5418016760715061,0.588728971291355,0.3538818,0.056532934,0.24307725,0.46468636
871,1156,1156,649,0.5614186851211073,0.43858131487889274,0.560991088728041,0.43900891127195896,0.4106306747220845,0.4675854718257392,-0.18023735,0.06455566,-0.30676645,-0.053708255
872,1032,1032,587,0.5687984496124031,0.4312015503875969,0.5682548956682134,0.4317451043317866,0.4018035235877149,0.46193506243260307,-0.17762664,0.068360634,-0.3116135,-0.043639794
873,2650,2650,989,0.3732075471698113,0.6267924528301887,0.37366958275851847,0.6263304172414815,0.6078581029507075,0.6446227419257833,0.770085,0.04764347,0.67670375,0.8634662
874,579,579,239,0.41278065630397237,0.5872193436960276,0.4142522347922578,0.5857477652077422,0.5457112601983425,0.6252318976637409,0.6109809,0.09928958,0.41637334,0.8055885
875,1671,1671,546,0.3267504488330341,0.6732495511669658,0.32773539533833024,0.6722646046616698,0.6496363814756663,0.6945043854539404,0.9211376,0.06317201,0.7973204,1.0449548
876,79,79,30,0.379746835443038,0.620253164556962,0.39300040343288917,0.6069995965671109,0.50359518042929,0.705804762861705,0.28109556,0.27303293,-0.254049,0.81624013
877,1581,1581,813,0.5142314990512334,0.48576850094876656,0.5141904488727157,0.4858095511272843,0.46127221526048234,0.5103806971452902,0.0028959215,0.056024604,-0.1069123,0.11270414
878,1422,1422,436,0.3066104078762307,0.6933895921237694,0.3078958338977357,0.6921041661022642,0.6679467359264034,0.7157530545455817,0.9887222,0.070023894,0.85147536,1.125969
879,1590,1590,397,0.24968553459119497,0.750314465408805,0.25116252218519786,0.7488374778148021,0.727298200692157,0.7697872466720919,1.376676,0.072534665,1.234508,1.5188439
880,1496,1496,738,0.49331550802139035,0.5066844919786097,0.4933996374896175,0.5066003625103825,0.48134668735443775,0.5318374235353608,-0.01157397,0.058226377,-0.12569767,0.10254973
881,2686,2686,2209,0.8224125093075205,0.17758749069247948,0.821339157096917,0.17866084290308304,0.1644297466683451,0.19334362189557053,-1.6991864,0.047077686,-1.7914587,-1.6069142
882,2303,2303,788,0.3421623968736431,0.6578376031263569,0.3428169650558534,0.6571830349441465,0.6377135932655342,0.676394921567405,0.8034767,0.053268388,0.69907063,0.90788275
883,167,167,51,0.30538922155688625,0.6946107784431137,0.31589509967419077,0.6841049003258093,0.6137782069464457,0.7504722770467304,0.977327,0.20716347,0.57128656,1.3833674
884,626,626,368,0.5878594249201278,0.41214057507987223,0.5866930986544908,0.4133069013455092,0.37531385371241655,0.45181708437630863,-0.32378325,0.08762847,-0.49553505,-0.15203145
885,2577,2577,1383,0.5366705471478463,0.46332945285215366,0.5365656981978906,0.4634343018021094,0.44424764957228524,0.48267452205162287,-0.120863944,0.0438618,-0.20683306,-0.034894817
886,73,73,23,0.3150684931506849,0.6849315068493151,0.3365113097942022,0.6634886902057978,0.5584898546773716,0.7609488886732433,0.95225716,0.30228034,0.3597877,1.5447266
887,2641,2641,1231,0.46611132146914047,0.5338886785308595,0.4662532860624646,0.5337467139375354,0.5147348779871321,0.5527103055471385,0.2260904,0.044585742,0.13870235,0.31347847
888,89,89,33,0.3707865168539326,0.6292134831460674,0.3835274930561501,0.6164725069438499,0.5187556209107707,0.7096931705753998,0.8112856,0.26000792,0.30167007,1.3209012
889,2365,2365,1524,0.6443974630021142,0.3556025369978858,0.6438669359047833,0.3561330640952167,0.33699211588703926,0.3755035924187482,-0.7251631,0.04500022,-0.81336355,-0.63696265
890,2558,2558,1231,0.4812353401094605,0.5187646598905395,0.48132784118995176,0.5186721588100482,0.4993357151336967,0.5379810456757519,0.106539905,0.044959363,0.018419556,0.19466025
891,1629,1629,658,0.4039287906691222,0.5960712093308778,0.4045067280891705,0.5954932719108295,0.571626624307753,0.6191390656043688,0.538127,0.05897889,0.4225284,0.6537256
892,80,80,35,0.4375,0.5625,0.44466279565099975,0.5553372043490002,0.451849230208651,0.6564729748908464,0.0029531717,0.2582261,-0.50317,0.50907636
893,80,80,34,0.425,0.575,0.43344890445452416,0.5665510955454758,0.46311058194906507,0.6671627931169526,0.06253956,0.26066026,-0.44835454,0.5734337
894,861,861,639,0.7421602787456446,0.2578397212543554,0.7396819856345186,0.2603180143654814,0.23171163911716797,0.2899678948833192,-1.1311358,0.07614987,-1.2803895,-0.9818821
895,167,167,70,0.41916167664670656,0.5808383233532934,0.423742342210432,0.576257657789568,0.502766669528635,0.6481083031461785,0.36608952,0.18433508,0.00479275,0.7273863
896,2319,2319,1599,0.6895213454075032,0.3104786545924968,0.6888025073426978,0.31119749265730223,0.29255092022516105,0.3301513025513896,-0.9319154,0.04581206,-1.021707,-0.84212375
897,9,9,4,0.4444444444444444,0.5555555555555556,0.4760826020737385,0.5239173979262615,0.3007876515600246,0.7420590119843693,0.20047915,0.7905634,-1.3490251,1.7499834
898,2162,2162,1138,0.5263644773358002,0.47363552266419984,0.526283139629674,0.473716860370326,0.4527442304591992,0.49473535450035233,-0.10876864,0.04813978,-0.20312262,-0.014414668
899,83,83,60,0.7228915662650602,0.27710843373493976,0.7014133563764104,0.29858664362358955,0.21008736201002476,0.39536371791720115,-0.9913801,0.2454072,-1.4723783,-0.510382
900,317,317,225,0.7097791798107256,0.2902208201892744,0.7040784113629734,0.29592158863702656,0.24768917892393538,0.3465244093348261,-1.0454047,0.12454929,-1.2895213,-0.80128807
901,317,317,181,0.5709779179810726,0.42902208201892744,0.569181546390276,0.43081845360972404,0.3775987546530307,0.4848418391459265,-0.34080347,0.12384767,-0.5835449,-0.09806204
902,1257,1257,544,0.4327764518695306,0.5672235481304694,0.43331514685542877,0.5666848531445712,0.5393061080145338,0.593864057501734,0.40028805,0.06632429,0.27029243,0.5302837
903,1633,1633,630,0.385793018983466,0.614206981016534,0.38647087630856725,0.6135291236914328,0.5898573511752541,0.6369389698684762,0.6090962,0.05999291,0.49151012,0.7266823
904,2199,2199,682,0.3101409731696226,0.6898590268303775,0.31095942112214814,0.6890405788778519,0.6695785388401021,0.7081782765686291,0.99372053,0.056570757,0.8828418,1.1045992
905,5,5,2,0.4,0.6,0.4693334777103989,0.5306665222896011,0.27977943420177787,0.7733606446367862,0.68673575,1.0360305,-1.3438841,2.7173557
906,1001,1001,381,0.3806193806193806,0.6193806193806194,0.38176831917962867,0.6182316808203714,0.5880727799128982,0.6479471417549767,0.7289609,0.077028945,0.57798415,0.8799376
907,1708,1708,1442,0.8442622950819673,0.15573770491803274,0.8424608792752383,0.15753912072476173,0.14069612232538886,0.17513760571120773,-1.8010758,0.060874358,-1.9203895,-1.6817621
908,2258,2258,1535,0.6798051372896369,0.3201948627103631,0.679106279231035,0.32089372076896505,0.3018341813756611,0.34025256166951734,-0.8630142,0.046301235,-0.9537646,-0.7722638
909,81,81,43,0.5308641975308642,0.4691358024691358,0.5284479672154518,0.47155203278454816,0.3699311722807308,0.5743687444836579,-0.01914829,0.24869463,-0.5065898,0.4682932
910,588,588,353,0.6003401360544217,0.3996598639455783,0.5989078370218456,0.4010921629781544,0.36214396733229526,0.44066789977993137,-0.30779466,0.09064219,-0.48545337,-0.13013597
911,2955,2955,1978,0.6693739424703892,0.33062605752961083,0.6688717028376495,0.3311282971623505,0.3142984956928315,0.34817394078214736,-0.76068354,0.04048991,-0.8400438,-0.6813233
912,2674,2674,1632,0.6103216155572176,0.38967838444278236,0.6099687073478466,0.3900312926521534,0.37165838583688293,0.408559476524174,-0.4681565,0.042293366,-0.5510515,-0.38526148
913,1711,1711,605,0.35359438924605496,0.6464056107539451,0.3544132514905468,0.6455867485094532,0.622831727629328,0.6680211149545876,0.8399608,0.060431592,0.7215149,0.95840675
914,2602,2602,1720,0.6610299769408148,0.3389700230591852,0.6604891593612423,0.3395108406387577,0.3214694006225518,0.3577851401860981,-0.6373222,0.042955864,-0.72151566,-0.5531287
915,318,318,124,0.389937106918239,0.610062893081761,0.3932232308330585,0.6067767691669415,0.5533472794351393,0.6589696490925223,0.5403274,0.1369481,0.27190915,0.80874574
916,1489,1489,725,0.48690396239086636,0.5130960376091336,0.48702775047651553,0.5129722495234845,0.4876579419692495,0.5382537513541659,0.13740483,0.058730528,0.022292994,0.25251666
917,570,570,260,0.45614035087719296,0.543859649122807,0.456947905952384,0.543052094047616,0.5023919376731449,0.5834306029832814,0.28187796,0.09635079,0.09303041,0.47072554
918,189,189,73,0.3862433862433862,0.6137566137566137,0.3918395897684068,0.6081604102315932,0.5394105531823226,0.6748420930943823,0.61810845,0.17607088,0.2730095,0.96320736
919,660,660,272,0.4121212121212121,0.5878787878787879,0.4134237057443571,0.586576294255643,0.5490602982827628,0.6236020930528114,0.50425076,0.0928608,0.32224357,0.68625796
920,2141,2141,1279,0.5973843998131714,0.4026156001868286,0.5969992153135011,0.4030007846864989,0.3823607567135274,0.42381172916276855,-0.32353792,0.047292195,-0.41623062,-0.23084521
921,2834,2834,1791,0.6319689484827099,0.3680310515172901,0.6315660428660591,0.3684339571339409,0.3507951162004993,0.3862481158459259,-0.6166017,0.041007407,-0.69697624,-0.53622717
922,2918,2918,2058,0.7052775873886223,0.29472241261137766,0.7046564608408283,0.29534353915917166,0.27895406909618625,0.31199789395629973,-0.9539858,0.041152716,-1.0346451,-0.8733265
923,2451,2451,1616,0.6593227254181967,0.3406772745818033,0.6587550807925382,0.3412449192074618,0.32263759004038417,0.36009673005429277,-0.738551,0.04432708,-0.8254321,-0.6516699
924,2379,2379,2197,0.9234972677595629,0.07650273224043713,0.9218975793217173,0.07810242067828266,0.06768219150440102,0.08919176659419814,-2.802521,0.06548033,-2.9308624,-2.6741796
925,166,166,41,0.2469879518072289,0.7530120481927711,0.26061267509612224,0.7393873249038778,0.6720960411744701,0.8015022347474954,1.3457246,0.22716615,0.90047896,1.7909702
926,2592,2592,1575,0.6076388888888888,0.39236111111111116,0.6072843182938078,0.3927156817061922,0.3740319046881396,0.411555721015633,-0.5118556,0.042983945,-0.59610415,-0.42760706
927,1704,1704,1039,0.6097417840375586,0.39025821596244137,0.6091921645043825,0.3908078354956175,0.3678333912090259,0.4140237596468479,-0.40527627,0.052744906,-0.50865626,-0.30189624
928,6,6,5,0.8333333333333334,0.16666666666666663,0.6360977541700689,0.36390224582993114,0.1504661550530253,0.6112520994564499,-1.7359681,0.99931836,-3.694632,0.22269595
929,166,166,63,0.3795180722891566,0.6204819277108433,0.38620129203444037,0.6137987079655596,0.5407685840611307,0.6843671108165599,0.57062507,0.19135891,0.19556159,0.94568855
930,17,17,10,0.5882352941176471,0.4117647058823529,0.5598010292882821,0.4401989707117179,0.25954969140664486,0.6295107282891266,-0.14594442,0.5458836,-1.2158763,0.92398745
931,1702,1702,273,0.16039952996474735,0.8396004700352526,0.16225858626136266,0.8377414137386373,0.8199091557476503,0.8548259787182635,2.0790637,0.086413085,1.909694,2.2484334
932,2384,2384,856,0.35906040268456374,0.6409395973154363,0.3596280315063787,0.6403719684936213,0.6210401473100924,0.6594815650758521,0.70298004,0.05078833,0.6034349,0.80252516
933,1437,1437,1067,0.7425191370911621,0.25748086290883787,0.7410256515977902,0.2589743484022098,0.23672494769467045,0.28185516241516284,-1.1935544,0.059048716,-1.3092899,-1.0778189
934,2449,2449,1213,0.495304205798285,0.504695794201715,0.49534829665942265,0.5046517033405773,0.48488900922396083,0.5244072279450434,0.06328373,0.045760777,-0.026407398,0.15297484
935,1718,1718,835,0.4860302677532014,0.5139697322467986,0.4861422844639699,0.5138577155360301,0.4902809412102471,0.5374040915153668,0.15299919,0.05430901,0.04655353,0.25944486
936,89,89,26,0.29213483146067415,0.7078651685393258,0.31222632640580905,0.687773673594191,0.5932008287118868,0.7751001915196629,1.2390487,0.286027,0.67843574,1.7996616
937,106,106,52,0.49056603773584906,0.5094339622641509,0.49188451945012956,0.5081154805498704,0.41724285642709713,0.598721032338232,0.17663456,0.22228375,-0.2590416,0.6123107
938,2667,2667,1892,0.709411323584552,0.29058867641544806,0.708717768945647,0.291282231054353,0.2742209086505927,0.3086390310935663,-1.0068071,0.043050792,-1.0911866,-0.92242754
939,2657,2657,1616,0.6082047421904403,0.3917952578095597,0.6078568685753724,0.39214313142462764,0.3736926318720204,0.41074689720354407,-0.53940904,0.04246455,-0.62263954,-0.45617852
940,72,72,38,0.5277777777777778,0.4722222222222222,0.5254425103708393,0.47455748962916067,0.36747482393328856,0.582828303973357,-0.10766062,0.26114696,-0.6195086,0.4041874
941,2736,2736,1809,0.6611842105263158,0.3388157894736842,0.6606692763393859,0.3393307236606141,0.32173447455121185,0.3571487142199783,-0.75444543,0.041928966,-0.83662623,-0.67226464
942,109,109,50,0.45871559633027525,0.5412844036697247,0.4624734741932257,0.5375265258067743,0.4475730289704696,0.6262764409921415,0.31264544,0.22271045,-0.123867035,0.7491579
943,2653,2653,1503,0.5665284583490389,0.43347154165096113,0.5663236981840263,0.4336763018159737,0.41490313009055546,0.4525438624370026,-0.25465384,0.042730045,-0.33840472,-0.17090295
944,189,189,27,0.14285714285714285,0.8571428571428572,0.15972164313942405,0.840278356860576,0.7862830138805063,0.887774981682521,2.2506933,0.28031635,1.7012732,2.8001134
945,2337,2337,987,0.42233632862644416,0.5776636713735559,0.4226678773999966,0.5773321226000034,0.5572873011377362,0.5972520651501342,0.3883947,0.049074255,0.29220918,0.48458025
946,111,111,51,0.4594594594594595,0.5405405405405406,0.4630980049346906,0.5369019950653093,0.44769772412163966,0.6249424183816271,0.11547032,0.21945685,-0.3146651,0.5456058
947,619,619,382,0.617124394184168,0.382875605815832,0.6155176276010067,0.3844823723989933,0.3468327102308877,0.42282878304572413,-0.45703307,0.087397054,-0.6283313,-0.28573483
