question_id,human_irt_difficulty,human_eb_difficulty,empirical_correctness,correct,error,solver_id
0,0.29564267,0.5563363474744464,0.44345661450924606,False,1,solver_1_qwen2vl7b
1,0.23829542,0.45403264350395045,0.5714285714285714,True,0,solver_1_qwen2vl7b
2,0.5755465,0.6143043433898776,0.3852140077821012,False,1,solver_1_qwen2vl7b
3,-1.62354,0.19227474362944952,0.8087574850299402,True,0,solver_1_qwen2vl7b
4,0.55871004,0.5980254150508215,0.4014084507042254,False,1,solver_1_qwen2vl7b
5,1.8047155,0.8056783533535783,0.1908763505402161,False,1,solver_1_qwen2vl7b
6,-0.11786091,0.4715921690343269,0.5285215366705471,False,1,solver_1_qwen2vl7b
7,0.92814016,0.6368442688439473,0.34831460674157305,False,1,solver_1_qwen2vl7b
8,0.52302426,0.6076266501256392,0.3919209282337774,False,1,solver_1_qwen2vl7b
9,0.74300456,0.6351257879867206,0.36330935251798563,False,1,solver_1_qwen2vl7b
10,0.53735054,0.5973546195105645,0.4020356234096692,False,1,solver_1_qwen2vl7b
11,0.21357839,0.5414804759918688,0.45831414094887146,True,0,solver_1_qwen2vl7b
12,0.6077826,0.6002439459013778,0.3991769547325103,True,0,solver_1_qwen2vl7b
13,-0.89076626,0.30478618738229024,0.6965845909451946,False,1,solver_1_qwen2vl7b
14,-0.78308773,0.3326283763820571,0.6682380671773719,False,1,solver_1_qwen2vl7b
15,0.14193279,0.49504378993515175,0.5,False,1,solver_1_qwen2vl7b
16,-0.41838428,0.4168251477991739,0.5834782608695652,True,0,solver_1_qwen2vl7b
17,0.4098505,0.5699211871191294,0.42924528301886794,False,1,solver_1_qwen2vl7b
18,0.94441855,0.681669518295702,0.3175333640128854,True,0,solver_1_qwen2vl7b
19,-0.5949048,0.36484945124794566,0.6355869242199108,True,0,solver_1_qwen2vl7b
20,-0.5247685,0.3668170298803429,0.6338605741066198,False,1,solver_1_qwen2vl7b
21,0.43232507,0.5850671583860803,0.40875912408759124,False,1,solver_1_qwen2vl7b
22,-0.5468787,0.38184440192660485,0.618519842688595,False,1,solver_1_qwen2vl7b
23,0.4302758,0.5500441123628901,0.44905008635578586,True,0,solver_1_qwen2vl7b
24,-0.56742465,0.38102313984110425,0.6194061062317022,False,1,solver_1_qwen2vl7b
25,-1.6600989,0.1895366131249412,0.8116182572614108,True,0,solver_1_qwen2vl7b
26,-0.17939693,0.4718887873057819,0.5282392026578073,True,0,solver_1_qwen2vl7b
27,0.2711981,0.5480865187625817,0.45169600686990125,True,0,solver_1_qwen2vl7b
28,0.22615924,0.509424757510355,0.4888888888888889,True,0,solver_1_qwen2vl7b
29,-0.54120755,0.38439042321330974,0.6161849710982659,False,1,solver_1_qwen2vl7b
30,0.0403205,0.49235862490182913,0.507643085673658,False,1,solver_1_qwen2vl7b
31,-0.82177067,0.3286819872700586,0.6719858156028369,True,0,solver_1_qwen2vl7b
32,0.5646679,0.6002171163231507,0.38571428571428573,False,1,solver_1_qwen2vl7b
33,1.4462377,0.570944474728045,0.25,True,0,solver_1_qwen2vl7b
34,0.05152847,0.5089419630655616,0.49099485420240135,True,0,solver_1_qwen2vl7b
35,-0.06775877,0.48429462345608665,0.5161290322580645,True,0,solver_1_qwen2vl7b
36,0.51700157,0.5914099215697908,0.407496977025393,True,0,solver_1_qwen2vl7b
37,-0.4827958,0.3948546270536386,0.6055408970976254,False,1,solver_1_qwen2vl7b
38,0.0752486,0.5039879578646068,0.4959709911361805,False,1,solver_1_qwen2vl7b
39,0.35999912,0.5437412239215857,0.45607978519370923,True,0,solver_1_qwen2vl7b
40,0.7260916,0.6493130962075122,0.3501346671796845,False,1,solver_1_qwen2vl7b
41,0.9313601,0.6631179552855515,0.3343949044585987,False,1,solver_1_qwen2vl7b
42,0.66621864,0.6309244284571485,0.3614457831325301,True,0,solver_1_qwen2vl7b
44,1.0053674,0.6732802378247744,0.3259566620562471,False,1,solver_1_qwen2vl7b
45,0.3960534,0.5730953266234979,0.4266263237518911,False,1,solver_1_qwen2vl7b
46,1.2505826,0.7352296176048997,0.2638997650743931,True,0,solver_1_qwen2vl7b
47,-0.31801215,0.40527179032019456,0.59500693481276,False,1,solver_1_qwen2vl7b
48,0.6472683,0.6167607618647547,0.381903642773208,True,0,solver_1_qwen2vl7b
49,0.37486684,0.5467991232052509,0.45301112389719983,True,0,solver_1_qwen2vl7b
50,-0.35339496,0.4116770122657889,0.5885792913656691,True,0,solver_1_qwen2vl7b
51,-0.11966276,0.47104225213010575,0.5290731145653426,True,0,solver_1_qwen2vl7b
52,0.47844228,0.5884343111975545,0.411199331383201,False,1,solver_1_qwen2vl7b
53,0.09956439,0.5260274001181584,0.47384219554030876,True,0,solver_1_qwen2vl7b
54,0.3919805,0.5760907897845002,0.4235565819861432,False,1,solver_1_qwen2vl7b
55,0.27476126,0.5651225251757543,0.4344317417619368,False,1,solver_1_qwen2vl7b
56,0.07059334,0.48358275876087364,0.5164498852333589,False,1,solver_1_qwen2vl7b
57,0.71331537,0.6054534093219259,0.38461538461538464,True,0,solver_1_qwen2vl7b
58,0.48536673,0.568077932603673,0.4230769230769231,False,1,solver_1_qwen2vl7b
59,-1.6714716,0.1885683450484783,0.8125244618395303,False,1,solver_1_qwen2vl7b
60,0.52132803,0.5891497026026031,0.40625,True,0,solver_1_qwen2vl7b
61,1.1232506,0.7401453920890533,0.23076923076923078,False,1,solver_1_qwen2vl7b
62,0.33319497,0.5505989076517483,0.4487917146144994,False,1,solver_1_qwen2vl7b
63,1.0962808,0.6894705331695632,0.3089983022071307,False,1,solver_1_qwen2vl7b
64,-1.2479839,0.2320697001398372,0.7690205011389522,True,0,solver_1_qwen2vl7b
65,-1.804932,0.1698647038863953,0.8311733800350263,True,0,solver_1_qwen2vl7b
66,0.0017014444,0.48221060332377075,0.5178466939730837,False,1,solver_1_qwen2vl7b
67,0.7153538,0.6287557307030434,0.3678474114441417,False,1,solver_1_qwen2vl7b
68,0.7915201,0.6957491851794173,0.2823529411764706,False,1,solver_1_qwen2vl7b
69,-0.14031583,0.4747492879642755,0.525314046440807,True,0,solver_1_qwen2vl7b
70,1.1237884,0.6988660743799422,0.29896907216494845,False,1,solver_1_qwen2vl7b
71,0.5043369,0.6018048765262494,0.39780306002353866,True,0,solver_1_qwen2vl7b
72,-0.2413652,0.4653349536446211,0.5347846663511595,False,1,solver_1_qwen2vl7b
73,-0.44028708,0.4159185755290552,0.5882352941176471,True,0,solver_1_qwen2vl7b
74,0.14318228,0.5135775816929176,0.48619447779111646,False,1,solver_1_qwen2vl7b
75,-0.41732118,0.4089335802567903,0.5913608562691132,False,1,solver_1_qwen2vl7b
76,0.017138138,0.49611127513514053,0.5038759689922481,True,0,solver_1_qwen2vl7b
77,1.0011542,0.6588552448424395,0.3385146804835924,False,1,solver_1_qwen2vl7b
78,-0.7515005,0.32251359096615584,0.6784037558685446,False,1,solver_1_qwen2vl7b
79,0.8440403,0.6619220832441577,0.3371824480369515,False,1,solver_1_qwen2vl7b
80,-1.0035397,0.29673981662802384,0.703942380591357,True,0,solver_1_qwen2vl7b
81,-0.077703506,0.4954475690541159,0.5043478260869565,False,1,solver_1_qwen2vl7b
82,-0.5829421,0.37155531997768154,0.6288951841359773,False,1,solver_1_qwen2vl7b
83,-0.02509278,0.4658341400893963,0.5342512908777969,False,1,solver_1_qwen2vl7b
85,0.36769694,0.5655315431275253,0.4340557275541796,True,0,solver_1_qwen2vl7b
86,-1.3222138,0.24406541409224158,0.7569794050343249,True,0,solver_1_qwen2vl7b
87,1.0522958,0.7125224702687569,0.28617571059431524,False,1,solver_1_qwen2vl7b
88,-0.13689882,0.475572539831285,0.5244969378827646,False,1,solver_1_qwen2vl7b
89,-0.88631773,0.29572893866450267,0.7048846675712347,True,0,solver_1_qwen2vl7b
90,-0.31939808,0.4225455609642147,0.5777149777957207,False,1,solver_1_qwen2vl7b
91,0.23530461,0.53259909033384,0.4672733636681834,True,0,solver_1_qwen2vl7b
92,-0.08368635,0.4901057202843895,0.5099052540913006,True,0,solver_1_qwen2vl7b
93,1.442623,0.7709383457613679,0.2279475982532751,False,1,solver_1_qwen2vl7b
94,1.3071188,0.7433248623581872,0.2549317147192716,False,1,solver_1_qwen2vl7b
95,0.5883371,0.6147080414083719,0.38443935926773454,True,0,solver_1_qwen2vl7b
96,0.64397913,0.5935369107961425,0.3950617283950617,True,0,solver_1_qwen2vl7b
97,-0.3204387,0.41753839169604967,0.5830055074744296,False,1,solver_1_qwen2vl7b
98,0.123753965,0.5323990596966641,0.46551724137931033,True,0,solver_1_qwen2vl7b
99,0.16505718,0.5339913730468768,0.4632352941176471,True,0,solver_1_qwen2vl7b
100,-0.96981895,0.34686589769699594,0.6666666666666666,False,1,solver_1_qwen2vl7b
101,0.3196538,0.5621817460045295,0.4375724777734828,False,1,solver_1_qwen2vl7b
102,0.22429724,0.550137881113693,0.44692737430167595,True,0,solver_1_qwen2vl7b
103,-0.36358812,0.4222053061466372,0.5780661364587694,False,1,solver_1_qwen2vl7b
104,1.6673428,0.7488889592944832,0.2247191011235955,True,0,solver_1_qwen2vl7b
105,-0.14420095,0.4447689094560616,0.5554903112155021,False,1,solver_1_qwen2vl7b
106,-0.06418729,0.4565970305263689,0.5435606060606061,True,0,solver_1_qwen2vl7b
107,0.30844223,0.613962588466441,0.3717948717948718,True,0,solver_1_qwen2vl7b
108,0.8729316,0.5615943656618139,0.3333333333333333,False,1,solver_1_qwen2vl7b
109,0.15934524,0.5452231855837262,0.45045045045045046,False,1,solver_1_qwen2vl7b
110,1.2916952,0.7254254525303596,0.2727272727272727,False,1,solver_1_qwen2vl7b
111,-0.87665176,0.32052925880290073,0.6800766283524904,True,0,solver_1_qwen2vl7b
112,0.92106175,0.6407968690281622,0.34615384615384615,True,0,solver_1_qwen2vl7b
113,0.24377689,0.5215464174542961,0.45454545454545453,False,1,solver_1_qwen2vl7b
114,0.22379027,0.517094760056335,0.4807692307692308,True,0,solver_1_qwen2vl7b
115,0.51366687,0.5701099496156896,0.4230769230769231,True,0,solver_1_qwen2vl7b
116,-0.010982186,0.4675928560529161,0.532516493873704,True,0,solver_1_qwen2vl7b
117,1.8457929,0.6008964854759936,0.3,False,1,solver_1_qwen2vl7b
118,-0.032283902,0.48155303630673374,0.5184887459807074,False,1,solver_1_qwen2vl7b
119,0.2810939,0.5466558332242071,0.45314401622718053,True,0,solver_1_qwen2vl7b
120,0.68850875,0.6335554434286734,0.36584227718152124,False,1,solver_1_qwen2vl7b
121,0.67586744,0.6330193643875897,0.3592814371257485,False,1,solver_1_qwen2vl7b
122,-0.74560726,0.3449938954806311,0.6556383970177073,True,0,solver_1_qwen2vl7b
123,0.29207507,0.5561657529486809,0.4435634328358209,True,0,solver_1_qwen2vl7b
124,0.6622453,0.6181355511914873,0.38095238095238093,True,0,solver_1_qwen2vl7b
125,-0.14538756,0.4555280506136513,0.5447409733124019,False,1,solver_1_qwen2vl7b
126,0.97178054,0.7216943489697126,0.25301204819277107,False,1,solver_1_qwen2vl7b
127,0.48392266,0.5629125817785291,0.43119266055045874,False,1,solver_1_qwen2vl7b
128,0.7977687,0.6942607362262851,0.28205128205128205,False,1,solver_1_qwen2vl7b
129,0.0743476,0.5202607646589892,0.4796279893711249,False,1,solver_1_qwen2vl7b
130,0.818776,0.6510102121384056,0.34807327858496523,False,1,solver_1_qwen2vl7b
131,0.12021983,0.5362979113930648,0.46017699115044247,False,1,solver_1_qwen2vl7b
132,0.7035342,0.610947991962429,0.38777908343125733,False,1,solver_1_qwen2vl7b
133,-0.77504003,0.3416322921548034,0.6589721254355401,True,0,solver_1_qwen2vl7b
134,-0.66178715,0.35627468061341383,0.6441947565543071,False,1,solver_1_qwen2vl7b
135,0.3186902,0.552363409001914,0.4472,False,1,solver_1_qwen2vl7b
136,0.6578183,0.6176761862770876,0.36619718309859156,False,1,solver_1_qwen2vl7b
137,-0.5218787,0.3758338044194144,0.625,False,1,solver_1_qwen2vl7b
138,-0.99961424,0.291488912254251,0.7092511013215859,True,0,solver_1_qwen2vl7b
139,0.8729316,0.5615943656618139,0.3333333333333333,True,0,solver_1_qwen2vl7b
140,0.42648497,0.5876099991091723,0.40718562874251496,True,0,solver_1_qwen2vl7b
141,-0.08997935,0.5413417048707408,0.45348837209302323,False,1,solver_1_qwen2vl7b
142,1.2629557,0.7272485431876887,0.2718762718762719,True,0,solver_1_qwen2vl7b
143,-0.98533785,0.28933642028214257,0.7113115891741846,True,0,solver_1_qwen2vl7b
144,0.08693333,0.5164312437556151,0.48201438848920863,False,1,solver_1_qwen2vl7b
145,0.12873694,0.5219692685790702,0.4779116465863454,False,1,solver_1_qwen2vl7b
146,1.4893912,0.7716983441259802,0.226507713884993,False,1,solver_1_qwen2vl7b
147,-0.45294902,0.40611799523672454,0.5942350332594235,False,1,solver_1_qwen2vl7b
148,0.65250206,0.6201027836209843,0.3794225294835299,True,0,solver_1_qwen2vl7b
149,1.0289562,0.6584685988812804,0.3269230769230769,True,0,solver_1_qwen2vl7b
150,-0.2646217,0.43631602796572233,0.563894523326572,False,1,solver_1_qwen2vl7b
151,0.124825895,0.5069223572441159,0.4928131416837782,False,1,solver_1_qwen2vl7b
152,0.8284664,0.6502722579658325,0.3487592219986586,True,0,solver_1_qwen2vl7b
153,-1.1586305,0.4191431051422584,0.75,False,1,solver_1_qwen2vl7b
154,-1.5345386,0.21443306357308356,0.7866724361748161,True,0,solver_1_qwen2vl7b
155,2.0230913,0.8333588636238687,0.1647761194029851,False,1,solver_1_qwen2vl7b
156,0.2552551,0.5157199143965367,0.48392554991539766,True,0,solver_1_qwen2vl7b
157,-0.9643109,0.30262149435674845,0.6983852364475202,True,0,solver_1_qwen2vl7b
158,0.50709975,0.5987448849772024,0.4008152173913043,True,0,solver_1_qwen2vl7b
159,0.6738838,0.6309611974551605,0.3684456928838951,True,0,solver_1_qwen2vl7b
160,-0.47887918,0.39690683624115064,0.6034868126955745,False,1,solver_1_qwen2vl7b
161,0.85389113,0.6679989369326755,0.331370239497448,False,1,solver_1_qwen2vl7b
162,0.6075388,0.6112683219444417,0.3880407124681934,True,0,solver_1_qwen2vl7b
163,-1.1255041,0.24801068490659128,0.7555555555555555,True,0,solver_1_qwen2vl7b
164,-1.1148211,0.3021721238213665,0.7130434782608696,False,1,solver_1_qwen2vl7b
165,-0.31812677,0.44048854647433855,0.5597210113339146,True,0,solver_1_qwen2vl7b
166,0.92106175,0.6407968690281622,0.34615384615384615,False,1,solver_1_qwen2vl7b
167,0.45264572,0.5785223299381252,0.42098688319800126,False,1,solver_1_qwen2vl7b
168,-0.86494875,0.3091540499391672,0.6990291262135923,False,1,solver_1_qwen2vl7b
169,1.2160097,0.7370805650362668,0.2619461337966985,False,1,solver_1_qwen2vl7b
170,-0.5516045,0.3699725617445998,0.6307592472420506,True,0,solver_1_qwen2vl7b
171,0.09878178,0.4900877351210938,0.5099243856332704,False,1,solver_1_qwen2vl7b
172,1.109535,0.6950408759041666,0.30194805194805197,True,0,solver_1_qwen2vl7b
173,0.69987535,0.6329549275059415,0.35766423357664234,False,1,solver_1_qwen2vl7b
174,0.73334515,0.6196823209391651,0.3791748526522593,False,1,solver_1_qwen2vl7b
175,0.9672705,0.6008964854759936,0.3,False,1,solver_1_qwen2vl7b
176,-0.2537118,0.42255650880789897,0.5779816513761468,True,0,solver_1_qwen2vl7b
177,0.1023529,0.5205290158606128,0.4793713163064833,False,1,solver_1_qwen2vl7b
178,-1.9853796,0.1430278885202294,0.8580778504994833,False,1,solver_1_qwen2vl7b
179,0.79776883,0.6942607362262851,0.28205128205128205,False,1,solver_1_qwen2vl7b
180,1.0091763,0.7235455722961344,0.25,False,1,solver_1_qwen2vl7b
181,1.0061446,0.6782221142401288,0.31881533101045295,False,1,solver_1_qwen2vl7b
182,1.2036109,0.7384174586038651,0.26057906458797325,False,1,solver_1_qwen2vl7b
183,0.19571018,0.5391277733773592,0.46070878274268107,True,0,solver_1_qwen2vl7b
184,-0.5249108,0.3810784062639473,0.6193365695792881,False,1,solver_1_qwen2vl7b
185,-0.8113723,0.32799736455658135,0.6725598526703499,False,1,solver_1_qwen2vl7b
186,0.63685596,0.6258756592516299,0.37359792924935287,True,0,solver_1_qwen2vl7b
187,0.057528883,0.5077215454837543,0.49221611721611724,False,1,solver_1_qwen2vl7b
188,0.5653318,0.5980683255955505,0.3968253968253968,True,0,solver_1_qwen2vl7b
189,0.6558449,0.6332159022253558,0.3595505617977528,False,1,solver_1_qwen2vl7b
190,-0.7001418,0.3525513397776405,0.6479473276529821,False,1,solver_1_qwen2vl7b
191,0.8406794,0.6530841623592252,0.34522439585730724,False,1,solver_1_qwen2vl7b
192,0.8539674,0.7011177899031831,0.275,False,1,solver_1_qwen2vl7b
193,-0.15546721,0.46060309820874346,0.5395248380129589,True,0,solver_1_qwen2vl7b
194,0.23272738,0.5404558267744463,0.459214501510574,True,0,solver_1_qwen2vl7b
195,-1.2629656,0.25223491531141584,0.7486296006264683,True,0,solver_1_qwen2vl7b
196,-0.24334049,0.4331004059816985,0.5672630881378397,False,1,solver_1_qwen2vl7b
197,0.76804054,0.6516819034957831,0.3476454293628809,True,0,solver_1_qwen2vl7b
198,0.066831514,0.5117392408967536,0.48773006134969327,True,0,solver_1_qwen2vl7b
199,-1.3708214,0.22537236702170305,0.7754551584625758,False,1,solver_1_qwen2vl7b
200,-0.6138333,0.35762331196348607,0.6433734939759036,True,0,solver_1_qwen2vl7b
201,0.62907994,0.5991658101476542,0.40037593984962405,True,0,solver_1_qwen2vl7b
202,-1.5033036,0.22342996965449335,0.7776781712236666,False,1,solver_1_qwen2vl7b
203,0.21521077,0.5282751736865343,0.47134502923976607,True,0,solver_1_qwen2vl7b
204,0.394136,0.5709036438818067,0.42872117400419285,True,0,solver_1_qwen2vl7b
205,0.3200178,0.5470655752213636,0.45176470588235296,False,1,solver_1_qwen2vl7b
207,-0.08180937,0.4558421598581849,0.5443155452436195,False,1,solver_1_qwen2vl7b
208,1.5150207,0.7286742281233611,0.24358974358974358,False,1,solver_1_qwen2vl7b
209,-1.0423106,0.2856779764538727,0.7150201983106867,True,0,solver_1_qwen2vl7b
210,0.6740865,0.6243065750682609,0.3752032520325203,False,1,solver_1_qwen2vl7b
211,-0.9329413,0.3114936997517076,0.6892430278884463,False,1,solver_1_qwen2vl7b
212,0.60294616,0.629992349935558,0.36947278911564624,True,0,solver_1_qwen2vl7b
213,-0.48942742,0.4006127026401146,0.5997458703939009,False,1,solver_1_qwen2vl7b
214,0.48576596,0.5710820434165214,0.4286701208981002,False,1,solver_1_qwen2vl7b
215,0.62219787,0.6119369486410096,0.38674698795180723,False,1,solver_1_qwen2vl7b
216,-0.26065424,0.41888989429785717,0.5814163283716735,False,1,solver_1_qwen2vl7b
217,0.4896602,0.5956321950944434,0.40392706872370265,True,0,solver_1_qwen2vl7b
218,1.1750599,0.7162109160386496,0.28251400124455506,False,1,solver_1_qwen2vl7b
219,0.22302456,0.5416339688215694,0.45816372682044326,False,1,solver_1_qwen2vl7b
220,0.021884203,0.5064384409137321,0.49264705882352944,False,1,solver_1_qwen2vl7b
221,-0.048588246,0.44959030144831535,0.5510534846029174,False,1,solver_1_qwen2vl7b
222,-0.5284691,0.399249407446701,0.6013157894736842,False,1,solver_1_qwen2vl7b
223,0.982268,0.7100726165733185,0.27,False,1,solver_1_qwen2vl7b
224,0.1629553,0.5153207865006605,0.4843205574912892,True,0,solver_1_qwen2vl7b
225,0.9387063,0.6405060316082463,0.34444444444444444,False,1,solver_1_qwen2vl7b
226,0.494876,0.616090053288839,0.3833729216152019,False,1,solver_1_qwen2vl7b
227,-0.7239145,0.32776699439149903,0.6731220657276995,False,1,solver_1_qwen2vl7b
228,0.70789975,0.6053873481096627,0.39285714285714285,False,1,solver_1_qwen2vl7b
229,0.8443831,0.6307631811086112,0.3670668953687822,False,1,solver_1_qwen2vl7b
230,1.1023617,0.6987408214290032,0.3,False,1,solver_1_qwen2vl7b
231,-1.0520762,0.2641961472921779,0.7367694431661298,True,0,solver_1_qwen2vl7b
232,0.13783392,0.4907580062458644,0.5092748735244519,False,1,solver_1_qwen2vl7b
233,0.024863556,0.5099170037458707,0.49002302379125096,False,1,solver_1_qwen2vl7b
234,0.39056256,0.578225819924887,0.4214749713412304,True,0,solver_1_qwen2vl7b
235,0.41555429,0.5753121472218334,0.4242902208201893,True,0,solver_1_qwen2vl7b
236,-0.20786458,0.42631587636490276,0.5739098300073909,False,1,solver_1_qwen2vl7b
237,0.91265,0.6718081392629545,0.3273209549071618,False,1,solver_1_qwen2vl7b
238,-0.28196773,0.43911112278548414,0.5610789980732177,False,1,solver_1_qwen2vl7b
239,-0.35487136,0.4688971033228837,0.5555555555555556,True,0,solver_1_qwen2vl7b
240,0.61662567,0.6284350907678944,0.36036036036036034,False,1,solver_1_qwen2vl7b
241,1.0100814,0.7096370434792831,0.28942398489140697,False,1,solver_1_qwen2vl7b
242,0.62538224,0.6252574853644215,0.3742690058479532,True,0,solver_1_qwen2vl7b
243,-0.6535413,0.3464413980943768,0.6543352601156069,True,0,solver_1_qwen2vl7b
244,1.0556608,0.6097943231180769,0.3076923076923077,True,0,solver_1_qwen2vl7b
245,1.5859,0.7685756357925506,0.22587719298245615,False,1,solver_1_qwen2vl7b
246,1.0208113,0.68948314023911,0.3090909090909091,False,1,solver_1_qwen2vl7b
247,-0.12429741,0.453294423555072,0.5470899470899471,False,1,solver_1_qwen2vl7b
248,-1.2207309,0.2561241145934322,0.7447983014861995,False,1,solver_1_qwen2vl7b
249,-0.3491048,0.4178752819360392,0.5824,False,1,solver_1_qwen2vl7b
250,-0.98681223,0.30096004890116135,0.6997876857749469,True,0,solver_1_qwen2vl7b
251,1.5952935,0.7773591989254578,0.2211259431224608,True,0,solver_1_qwen2vl7b
252,-0.8940954,0.30591375149849465,0.694672131147541,False,1,solver_1_qwen2vl7b
253,0.12021983,0.5362979113930648,0.46017699115044247,True,0,solver_1_qwen2vl7b
254,-0.31792936,0.38933847934786747,0.6176470588235294,True,0,solver_1_qwen2vl7b
255,-0.07478267,0.46851189684074157,0.5315660969654691,True,0,solver_1_qwen2vl7b
256,-0.7880503,0.33274948885129574,0.6682432432432432,False,1,solver_1_qwen2vl7b
257,-1.3197662,0.24918012952229918,0.7577639751552795,False,1,solver_1_qwen2vl7b
258,1.065246,0.6888923592249827,0.30718954248366015,False,1,solver_1_qwen2vl7b
259,-0.3924549,0.4146262363927584,0.58578856152513,True,0,solver_1_qwen2vl7b
260,-0.8893509,0.31992451550930545,0.6807675534234627,True,0,solver_1_qwen2vl7b
261,0.10464169,0.5372697752572861,0.46254071661237783,False,1,solver_1_qwen2vl7b
262,0.6760029,0.6214530498421795,0.37785588752196836,True,0,solver_1_qwen2vl7b
263,0.30077267,0.5607125273066944,0.4390435123480988,False,1,solver_1_qwen2vl7b
264,-0.18867978,0.4361390938300366,0.5641618497109827,False,1,solver_1_qwen2vl7b
265,0.4384624,0.559672503645406,0.4400921658986175,False,1,solver_1_qwen2vl7b
266,0.22401184,0.5572287599467022,0.4375,False,1,solver_1_qwen2vl7b
267,0.33208764,0.5586444379219888,0.44103648863035433,False,1,solver_1_qwen2vl7b
268,0.9827436,0.6766616130035091,0.32035398230088497,False,1,solver_1_qwen2vl7b
269,0.78054607,0.6416868876300634,0.3382352941176471,True,0,solver_1_qwen2vl7b
270,0.21250698,0.5370659581769426,0.45714285714285713,False,1,solver_1_qwen2vl7b
271,0.6418991,0.61132087803367,0.38748627881448955,True,0,solver_1_qwen2vl7b
272,-1.2089338,0.2672974329913338,0.7391304347826086,True,0,solver_1_qwen2vl7b
273,1.1429769,0.7050560846665579,0.2926829268292683,False,1,solver_1_qwen2vl7b
274,-0.21772775,0.423885207692306,0.5763546798029556,False,1,solver_1_qwen2vl7b
275,0.47878456,0.5683715812768952,0.4309500489715965,False,1,solver_1_qwen2vl7b
276,1.2477086,0.7342854780384054,0.26485436893203884,True,0,solver_1_qwen2vl7b
277,0.011691585,0.49118563187698094,0.5088235294117647,True,0,solver_1_qwen2vl7b
278,-0.18824798,0.45873338119476503,0.5413844996237773,False,1,solver_1_qwen2vl7b
279,0.5725107,0.6115330431712214,0.38796296296296295,True,0,solver_1_qwen2vl7b
280,0.5815852,0.6059092871903032,0.39325842696629215,True,0,solver_1_qwen2vl7b
281,-0.8947114,0.3134784308635089,0.6872117400419288,True,0,solver_1_qwen2vl7b
282,1.1909561,0.724803173055286,0.27436399217221136,False,1,solver_1_qwen2vl7b
283,-0.27686432,0.44619936912318847,0.5539622641509434,False,1,solver_1_qwen2vl7b
284,-0.6945065,0.35386945904358935,0.6466252909231963,True,0,solver_1_qwen2vl7b
285,-0.76066136,0.34913971256527265,0.6514188903007201,True,0,solver_1_qwen2vl7b
286,0.9044838,0.6639136410760061,0.3333333333333333,True,0,solver_1_qwen2vl7b
287,-0.72797203,0.4297996191072254,0.6666666666666666,False,1,solver_1_qwen2vl7b
288,0.099912465,0.5046444959542347,0.49522673031026254,True,0,solver_1_qwen2vl7b
289,0.00052812696,0.5155787387508988,0.4843238184370613,True,0,solver_1_qwen2vl7b
290,-0.76233184,0.34748104238673294,0.6530156366344005,False,1,solver_1_qwen2vl7b
291,0.7342293,0.6328413285396581,0.36631716906946266,False,1,solver_1_qwen2vl7b
292,-0.30488428,0.4339674201407787,0.5662599915860328,True,0,solver_1_qwen2vl7b
293,-0.33573768,0.43414537771223827,0.5660592255125285,False,1,solver_1_qwen2vl7b
294,0.14193271,0.49504378993515175,0.5,True,0,solver_1_qwen2vl7b
295,-1.402322,0.2080903907889572,0.7929061784897025,False,1,solver_1_qwen2vl7b
296,0.40489,0.5768991615085626,0.4117647058823529,True,0,solver_1_qwen2vl7b
297,0.20144457,0.532804603530207,0.467046379170057,False,1,solver_1_qwen2vl7b
298,-0.015504986,0.4698823417796535,0.530213539300318,False,1,solver_1_qwen2vl7b
299,-0.080910444,0.49659461586302656,0.5,False,1,solver_1_qwen2vl7b
300,0.011697084,0.4958378721566893,0.5041502839667977,False,1,solver_1_qwen2vl7b
301,1.1909376,0.7152627294165986,0.2822966507177033,False,1,solver_1_qwen2vl7b
302,0.609948,0.5948744685950913,0.4041916167664671,True,0,solver_1_qwen2vl7b
303,1.2390487,0.687773673594191,0.29213483146067415,True,0,solver_1_qwen2vl7b
304,-0.32695726,0.4386146793870107,0.5616020896821942,True,0,solver_1_qwen2vl7b
305,-1.3339719,0.21975567846037292,0.7831050228310502,True,0,solver_1_qwen2vl7b
306,-0.7385483,0.3257538829588109,0.6755186721991702,False,1,solver_1_qwen2vl7b
307,1.3634636,0.7314496631986991,0.2675336739433349,False,1,solver_1_qwen2vl7b
308,1.2921301,0.7251008372873237,0.27180232558139533,False,1,solver_1_qwen2vl7b
309,-0.5840069,0.38933847934786747,0.6176470588235294,True,0,solver_1_qwen2vl7b
310,0.66823506,0.6306623270424381,0.36875858909757214,True,0,solver_1_qwen2vl7b
311,-0.0054349303,0.4902053425546362,0.5098039215686274,False,1,solver_1_qwen2vl7b
312,-2.0355604,0.14171031803668843,0.8594420600858369,False,1,solver_1_qwen2vl7b
313,0.20047909,0.5239173979262615,0.4444444444444444,True,0,solver_1_qwen2vl7b
314,-0.72322774,0.3498333323154005,0.6506666666666666,False,1,solver_1_qwen2vl7b
315,-1.183965,0.35885651411612807,0.7777777777777778,False,1,solver_1_qwen2vl7b
316,1.099229,0.695154959563467,0.3020833333333333,False,1,solver_1_qwen2vl7b
317,-0.42207447,0.40659374692520667,0.593939393939394,True,0,solver_1_qwen2vl7b
318,0.044618756,0.487779784843829,0.5128205128205128,True,0,solver_1_qwen2vl7b
319,0.0027438104,0.4844077787820559,0.5156195156195156,False,1,solver_1_qwen2vl7b
320,-1.2483435,0.26059946101636666,0.7460815047021944,True,0,solver_1_qwen2vl7b
321,-1.121298,0.2512158036753359,0.752542372881356,False,1,solver_1_qwen2vl7b
322,0.37400973,0.6254337524321331,0.358974358974359,False,1,solver_1_qwen2vl7b
323,-0.84210503,0.32126431468358263,0.6796511627906977,False,1,solver_1_qwen2vl7b
324,0.88028324,0.6551044086521596,0.3423728813559322,False,1,solver_1_qwen2vl7b
325,0.4098695,0.5824873902510531,0.4171899529042386,False,1,solver_1_qwen2vl7b
326,0.17873834,0.5526829784316142,0.4470588235294118,False,1,solver_1_qwen2vl7b
327,0.43070042,0.5874031939889968,0.41221033868092694,False,1,solver_1_qwen2vl7b
328,-0.36339185,0.41931119286835705,0.5809859154929577,False,1,solver_1_qwen2vl7b
329,1.1506382,0.7108444574178964,0.27710843373493976,False,1,solver_1_qwen2vl7b
330,-0.29105273,0.4175803175507953,0.5834586466165413,False,1,solver_1_qwen2vl7b
331,-0.06646237,0.45432736395449635,0.5460750853242321,True,0,solver_1_qwen2vl7b
332,-0.4277797,0.3965237482976376,0.6037800687285223,True,0,solver_1_qwen2vl7b
333,-0.14409614,0.4656539590329005,0.5344427244582043,True,0,solver_1_qwen2vl7b
334,0.6925731,0.6020554565450229,0.39622641509433965,False,1,solver_1_qwen2vl7b
335,0.3598367,0.5641693858275109,0.4355680449618627,True,0,solver_1_qwen2vl7b
336,0.3210172,0.5658738458447046,0.43023255813953487,False,1,solver_1_qwen2vl7b
337,-0.50750124,0.3868675355868453,0.6134992458521871,False,1,solver_1_qwen2vl7b
338,1.2477547,0.7336067192034303,0.26537216828478966,False,1,solver_1_qwen2vl7b
339,1.4244701,0.7300746430549542,0.26621160409556316,True,0,solver_1_qwen2vl7b
340,-0.058415323,0.4709067720830179,0.5316455696202531,False,1,solver_1_qwen2vl7b
341,0.23861967,0.5389646304744589,0.46077210460772106,True,0,solver_1_qwen2vl7b
342,0.54531676,0.6067853114483532,0.3928444916755225,True,0,solver_1_qwen2vl7b
343,-0.5279982,0.3644775775346898,0.6360686138154845,False,1,solver_1_qwen2vl7b
344,-0.7900661,0.33385686515916857,0.6666666666666666,True,0,solver_1_qwen2vl7b
345,0.14193279,0.49504378993515175,0.5,True,0,solver_1_qwen2vl7b
346,-0.26086053,0.4453546975013377,0.5548446069469836,True,0,solver_1_qwen2vl7b
347,-0.82039726,0.3386546532898328,0.6794871794871795,True,0,solver_1_qwen2vl7b
348,-0.45508346,0.3895997102538399,0.6111553784860557,True,0,solver_1_qwen2vl7b
349,-1.0866342,0.25814759201984383,0.7426722497145032,True,0,solver_1_qwen2vl7b
350,-0.73380435,0.3342276345403321,0.6669322709163347,False,1,solver_1_qwen2vl7b
351,1.1074435,0.700233706499841,0.2986478542034098,False,1,solver_1_qwen2vl7b
352,0.9875413,0.6784017644806527,0.30935251798561153,True,0,solver_1_qwen2vl7b
353,0.2827918,0.5393642313793985,0.4601571268237935,False,1,solver_1_qwen2vl7b
354,0.4406168,0.5608889272521573,0.4384920634920635,False,1,solver_1_qwen2vl7b
355,0.19312274,0.5217314034907897,0.4777327935222672,True,0,solver_1_qwen2vl7b
356,0.6406952,0.6306656846397259,0.3620689655172414,True,0,solver_1_qwen2vl7b
357,-0.36215362,0.4650513312181356,0.5714285714285714,False,1,solver_1_qwen2vl7b
358,0.86357474,0.6577860481826849,0.3404255319148936,True,0,solver_1_qwen2vl7b
359,0.12610176,0.502472003792776,0.49745331069609505,False,1,solver_1_qwen2vl7b
360,-0.48804638,0.3976347159435839,0.6027027027027027,False,1,solver_1_qwen2vl7b
361,0.45446345,0.5910115762055699,0.4085974815458098,False,1,solver_1_qwen2vl7b
362,0.5644532,0.6043626036860019,0.39503252513305737,False,1,solver_1_qwen2vl7b
363,-0.908968,0.28876647682305756,0.7119341563786008,False,1,solver_1_qwen2vl7b
364,0.5877079,0.6096810260063528,0.38965087281795513,True,0,solver_1_qwen2vl7b
365,1.0460759,0.6817333683988822,0.317481884057971,False,1,solver_1_qwen2vl7b
366,-1.1471188,0.24468558564885812,0.7720588235294118,True,0,solver_1_qwen2vl7b
367,-0.39192554,0.41219038586237244,0.5881326352530541,True,0,solver_1_qwen2vl7b
368,-0.31368878,0.42870328694419135,0.5715528490648107,False,1,solver_1_qwen2vl7b
369,-0.5804459,0.3797245203098498,0.6207354895879486,True,0,solver_1_qwen2vl7b
370,-0.17439553,0.44769150042567396,0.5524549629106322,True,0,solver_1_qwen2vl7b
371,0.57316566,0.6043134044172164,0.39528487229862475,False,1,solver_1_qwen2vl7b
372,-0.52929497,0.3828456559226995,0.6175359032501889,True,0,solver_1_qwen2vl7b
373,-0.24276498,0.4479379176520707,0.5522454424188529,True,0,solver_1_qwen2vl7b
374,-0.3913329,0.4074816370839849,0.6025641025641025,True,0,solver_1_qwen2vl7b
375,-0.10328904,0.4468293922871559,0.5536529680365296,False,1,solver_1_qwen2vl7b
376,-0.7807981,0.3348116209117097,0.6658097686375322,False,1,solver_1_qwen2vl7b
377,-0.17387992,0.46475875772113306,0.5360501567398119,True,0,solver_1_qwen2vl7b
378,0.5424924,0.594613734446972,0.40396341463414637,False,1,solver_1_qwen2vl7b
379,0.5738238,0.6062956319851958,0.3932938856015779,False,1,solver_1_qwen2vl7b
380,0.43785918,0.5860943413868984,0.41332426920462273,True,0,solver_1_qwen2vl7b
381,-0.8571209,0.33586580981054015,0.6724137931034483,True,0,solver_1_qwen2vl7b
382,1.1193181,0.7013660262486006,0.2846715328467153,False,1,solver_1_qwen2vl7b
383,-1.5925827,0.19758054153463833,0.8035714285714286,True,0,solver_1_qwen2vl7b
384,0.55514014,0.6032428911533462,0.39622641509433965,False,1,solver_1_qwen2vl7b
385,0.6353898,0.6135197501607599,0.38574283810792803,False,1,solver_1_qwen2vl7b
386,0.09988259,0.48952200716520977,0.5105140186915887,False,1,solver_1_qwen2vl7b
387,0.90663004,0.665019191098166,0.33212996389891697,False,1,solver_1_qwen2vl7b
388,0.91654277,0.643670969393555,0.3539518900343643,False,1,solver_1_qwen2vl7b
389,-0.1441373,0.45899000505714216,0.5411341853035144,False,1,solver_1_qwen2vl7b
390,0.6764383,0.6224036715172392,0.37545126353790614,True,0,solver_1_qwen2vl7b
391,0.29944742,0.5564593067333602,0.44333214158026457,False,1,solver_1_qwen2vl7b
392,-0.18517435,0.4570719760008628,0.5430762291384754,False,1,solver_1_qwen2vl7b
393,-0.114934325,0.474507518657439,0.5384615384615384,True,0,solver_1_qwen2vl7b
394,-1.2982483,0.22393986311791403,0.7770088427527874,False,1,solver_1_qwen2vl7b
395,0.79533815,0.6420491345691939,0.3507853403141361,True,0,solver_1_qwen2vl7b
396,-1.6296146,0.1872691726968434,0.8141821946169773,True,0,solver_1_qwen2vl7b
397,0.5014193,0.544141508776576,0.4166666666666667,False,1,solver_1_qwen2vl7b
398,0.16751926,0.5048323752922304,0.4950592885375494,False,1,solver_1_qwen2vl7b
399,0.4048782,0.5869916291094762,0.40804597701149425,False,1,solver_1_qwen2vl7b
400,0.71331537,0.6054534093219259,0.38461538461538464,False,1,solver_1_qwen2vl7b
401,-0.57861614,0.3988098464377412,0.6086956521739131,False,1,solver_1_qwen2vl7b
402,0.1876609,0.5373501127645577,0.462472885032538,True,0,solver_1_qwen2vl7b
403,-0.8024397,0.34830979390061556,0.6522923286427599,True,0,solver_1_qwen2vl7b
404,0.32395998,0.551354559336567,0.4482213438735178,True,0,solver_1_qwen2vl7b
405,-1.5038316,0.2049970601715274,0.7959044368600683,False,1,solver_1_qwen2vl7b
406,-1.3460665,0.2175159661856293,0.7836696386672923,False,1,solver_1_qwen2vl7b
407,0.28920275,0.5330161333418197,0.4636363636363636,False,1,solver_1_qwen2vl7b
408,-0.9847908,0.32144162046200575,0.6916666666666667,False,1,solver_1_qwen2vl7b
409,-0.24252799,0.43365122556590063,0.5665385958784491,False,1,solver_1_qwen2vl7b
410,-1.6466936,0.19783648486864558,0.8033135089209855,False,1,solver_1_qwen2vl7b
411,-0.31225517,0.4139586249684053,0.5872,False,1,solver_1_qwen2vl7b
412,-0.028767139,0.48303899729736577,0.5170149253731343,True,0,solver_1_qwen2vl7b
413,-0.5686616,0.35386705024084464,0.6467289719626168,True,0,solver_1_qwen2vl7b
414,-1.6259731,0.18087824719473422,0.8214876033057851,False,1,solver_1_qwen2vl7b
415,0.5178015,0.575197164914564,0.42392566782810687,True,0,solver_1_qwen2vl7b
416,0.56449246,0.6032469103431177,0.39634146341463417,False,1,solver_1_qwen2vl7b
417,0.056491673,0.5080005091605599,0.4919449901768173,True,0,solver_1_qwen2vl7b
418,1.5156503,0.7285171973943858,0.24719101123595505,False,1,solver_1_qwen2vl7b
419,0.70288527,0.6287293424057633,0.35294117647058826,True,0,solver_1_qwen2vl7b
420,-1.3928,0.24113056637260732,0.7599099099099099,True,0,solver_1_qwen2vl7b
421,-1.2002633,0.25220151777711464,0.7485815602836879,False,1,solver_1_qwen2vl7b
422,-2.1341484,0.12745058261029718,0.8958333333333334,True,0,solver_1_qwen2vl7b
423,0.6827825,0.6346518502662815,0.36478260869565216,False,1,solver_1_qwen2vl7b
424,0.681628,0.6298906720946695,0.36937463471654003,False,1,solver_1_qwen2vl7b
425,1.5063907,0.7860300479518212,0.1794871794871795,False,1,solver_1_qwen2vl7b
426,0.77985096,0.6899038987067075,0.2875,False,1,solver_1_qwen2vl7b
427,-0.01877755,0.4650513312181356,0.5714285714285714,False,1,solver_1_qwen2vl7b
428,0.8729316,0.5615943656618139,0.3333333333333333,False,1,solver_1_qwen2vl7b
429,-1.215625,0.339220714196801,0.7692307692307693,False,1,solver_1_qwen2vl7b
430,1.0581008,0.6863524902826217,0.3107890499194847,False,1,solver_1_qwen2vl7b
431,-0.8022624,0.32128842778560074,0.6799680766161214,False,1,solver_1_qwen2vl7b
432,-0.5848037,0.36224447279302385,0.6391875746714456,False,1,solver_1_qwen2vl7b
433,0.07629198,0.5041669216062665,0.49579158316633265,False,1,solver_1_qwen2vl7b
434,0.67163914,0.6201020388407806,0.37920850561134084,True,0,solver_1_qwen2vl7b
435,-0.23795259,0.45574051572719554,0.5444100751215201,True,0,solver_1_qwen2vl7b
436,-1.1431551,0.27070078564857747,0.7302158273381295,True,0,solver_1_qwen2vl7b
437,0.86817825,0.651669345526322,0.3470790378006873,True,0,solver_1_qwen2vl7b
438,-0.5845746,0.3667383946943813,0.6336968785257616,True,0,solver_1_qwen2vl7b
439,1.3227371,0.7391310809547926,0.25990626331487005,True,0,solver_1_qwen2vl7b
440,-1.7625786,0.17308461671454756,0.8289473684210527,True,0,solver_1_qwen2vl7b
441,-1.0982622,0.26881882567227455,0.7328063241106719,False,1,solver_1_qwen2vl7b
442,1.0091763,0.7235455722961344,0.25,False,1,solver_1_qwen2vl7b
443,0.21763472,0.5478768044905571,0.4491017964071856,True,0,solver_1_qwen2vl7b
444,-0.42834082,0.45090580918304846,0.5531914893617021,True,0,solver_1_qwen2vl7b
445,0.39522946,0.5722379422128212,0.42746536267318663,False,1,solver_1_qwen2vl7b
446,0.24702476,0.537902864029886,0.46194225721784776,True,0,solver_1_qwen2vl7b
447,0.051274583,0.47387017364316797,0.5280898876404494,True,0,solver_1_qwen2vl7b
448,0.17079121,0.5223986237619892,0.4774980930587338,False,1,solver_1_qwen2vl7b
449,-0.10811517,0.4727412361893115,0.5273243435060326,False,1,solver_1_qwen2vl7b
450,0.16505721,0.5339913730468768,0.4632352941176471,False,1,solver_1_qwen2vl7b
451,-1.4725507,0.22000159913189554,0.7810752688172043,False,1,solver_1_qwen2vl7b
452,-1.05978,0.28590130185411144,0.7151826484018264,False,1,solver_1_qwen2vl7b
453,0.08704306,0.5060762351806896,0.4938759383642829,True,0,solver_1_qwen2vl7b
454,0.3909431,0.5649413537094043,0.43157894736842106,False,1,solver_1_qwen2vl7b
455,1.0913054,0.6962837695484767,0.30035971223021585,False,1,solver_1_qwen2vl7b
456,0.60834247,0.6143461665933387,0.3850635593220339,False,1,solver_1_qwen2vl7b
457,-1.186762,0.2653165939821208,0.7355015673981191,True,0,solver_1_qwen2vl7b
458,-0.8150805,0.3224915526315033,0.6855670103092784,True,0,solver_1_qwen2vl7b
459,-0.9664234,0.29405709504654987,0.7068876229932677,True,0,solver_1_qwen2vl7b
460,-0.8334788,0.3170743140909499,0.6834830684174154,True,0,solver_1_qwen2vl7b
461,-0.8926388,0.31751668165556957,0.6830932524639879,True,0,solver_1_qwen2vl7b
462,-1.170888,0.24580198919731955,0.7549759780370625,False,1,solver_1_qwen2vl7b
463,0.018197536,0.4959126032987716,0.5040770941438102,False,1,solver_1_qwen2vl7b
464,-1.5906484,0.19945396443636365,0.8016701461377871,False,1,solver_1_qwen2vl7b
465,-0.42356548,0.40917310823933595,0.5911832946635731,True,0,solver_1_qwen2vl7b
466,-0.45244625,0.3712413910119411,0.6306156405990017,False,1,solver_1_qwen2vl7b
467,0.5675767,0.612631746354092,0.3866015352407537,True,0,solver_1_qwen2vl7b
468,-1.0634379,0.2768182575399335,0.7242094349403836,False,1,solver_1_qwen2vl7b
469,-0.715556,0.3528858157682879,0.647672901261418,True,0,solver_1_qwen2vl7b
470,0.92035985,0.6656402346049831,0.33157894736842103,False,1,solver_1_qwen2vl7b
471,0.59350586,0.6181582513386225,0.375,True,0,solver_1_qwen2vl7b
472,-1.1607276,0.2679593671322914,0.7329113924050633,False,1,solver_1_qwen2vl7b
473,-1.6042825,0.1975385786475743,0.8035938152946093,True,0,solver_1_qwen2vl7b
474,0.28668264,0.5554152134301733,0.44424985405720957,False,1,solver_1_qwen2vl7b
475,-0.143338,0.47783677412468717,0.5222222222222223,False,1,solver_1_qwen2vl7b
476,0.50582564,0.5719188241016175,0.4272300469483568,True,0,solver_1_qwen2vl7b
477,0.06970385,0.4956969923845197,0.5,True,0,solver_1_qwen2vl7b
478,-0.39618334,0.40322597842532104,0.6010362694300518,True,0,solver_1_qwen2vl7b
479,0.2685413,0.5578020083124711,0.4388888888888889,False,1,solver_1_qwen2vl7b
480,-1.2948364,0.25232121730113166,0.7486176095278605,True,0,solver_1_qwen2vl7b
481,0.954896,0.7172030641576692,0.2564102564102564,False,1,solver_1_qwen2vl7b
482,-0.64253664,0.37108265549615016,0.632398753894081,False,1,solver_1_qwen2vl7b
483,0.61319727,0.6210617422751092,0.3781398506449423,True,0,solver_1_qwen2vl7b
484,0.25276214,0.52367839273885,0.4762235334953141,False,1,solver_1_qwen2vl7b
485,-0.880587,0.32187234985106106,0.6788256227758007,False,1,solver_1_qwen2vl7b
486,0.6004541,0.6196499539846299,0.3798165137614679,False,1,solver_1_qwen2vl7b
487,0.56466603,0.6091025307373585,0.3900975243810953,False,1,solver_1_qwen2vl7b
488,-1.4326257,0.21721100969105478,0.784325637910085,True,0,solver_1_qwen2vl7b
489,0.24732958,0.5282658812810082,0.47145328719723184,False,1,solver_1_qwen2vl7b
490,-0.8135965,0.31165660335828893,0.6897119341563785,True,0,solver_1_qwen2vl7b
491,0.32034177,0.5752132166212394,0.4242828552368246,True,0,solver_1_qwen2vl7b
492,-0.306295,0.40890190101669555,0.5914522058823529,False,1,solver_1_qwen2vl7b
493,0.9498458,0.6814298798592477,0.3177947108919767,True,0,solver_1_qwen2vl7b
494,0.14944574,0.52624378334002,0.4736464682681965,False,1,solver_1_qwen2vl7b
495,1.0758369,0.7038408638494236,0.29533898305084744,False,1,solver_1_qwen2vl7b
496,0.11846849,0.5208303448037936,0.4790502793296089,True,0,solver_1_qwen2vl7b
497,-0.23517767,0.4210904673410254,0.5792220113851992,False,1,solver_1_qwen2vl7b
498,0.5612043,0.605053234539497,0.39440337909186907,False,1,solver_1_qwen2vl7b
499,0.14193279,0.49504378993515175,0.5,True,0,solver_1_qwen2vl7b
500,1.7023333,0.7992992639078215,0.19961315280464217,False,1,solver_1_qwen2vl7b
501,-1.3933781,0.21040888004257796,0.7908067542213884,False,1,solver_1_qwen2vl7b
502,0.005804494,0.484926415550087,0.5150989239847276,False,1,solver_1_qwen2vl7b
503,-1.0286433,0.30649637144773545,0.6942909760589319,False,1,solver_1_qwen2vl7b
504,0.5685506,0.6162447223245843,0.3739130434782609,False,1,solver_1_qwen2vl7b
505,-0.43633,0.41221033235041016,0.5881085738905644,True,0,solver_1_qwen2vl7b
506,-0.45474032,0.4029616522169365,0.5973861720067454,True,0,solver_1_qwen2vl7b
507,-0.5730815,0.35544178306000873,0.6451319381255687,False,1,solver_1_qwen2vl7b
508,-1.3336443,0.23214254062122752,0.769276393831554,False,1,solver_1_qwen2vl7b
509,-0.38142624,0.42053196177896446,0.5797613787008395,False,1,solver_1_qwen2vl7b
510,-0.12010038,0.45792540155557027,0.5424528301886793,False,1,solver_1_qwen2vl7b
511,-1.7503718,0.18447874039973822,0.8236994219653179,True,0,solver_1_qwen2vl7b
512,0.19120538,0.5102517163007503,0.4878048780487805,False,1,solver_1_qwen2vl7b
513,-0.09222242,0.480250183685633,0.5198019801980198,False,1,solver_1_qwen2vl7b
514,-0.19393781,0.4478467809290234,0.5523978685612788,True,0,solver_1_qwen2vl7b
515,0.34654534,0.5533809119713795,0.4457831325301205,True,0,solver_1_qwen2vl7b
516,0.026640028,0.48973382639741947,0.5104166666666666,False,1,solver_1_qwen2vl7b
517,-0.56434286,0.37797650070623023,0.6224846894138233,False,1,solver_1_qwen2vl7b
518,0.20047912,0.5239173979262615,0.4444444444444444,False,1,solver_1_qwen2vl7b
519,-0.60421157,0.38008233082259735,0.6203547297297297,True,0,solver_1_qwen2vl7b
520,-0.094141245,0.4512881044051924,0.5488436313427684,True,0,solver_1_qwen2vl7b
521,-0.2394225,0.46699577889397204,0.5350877192982456,True,0,solver_1_qwen2vl7b
522,-0.3769931,0.4268744699550041,0.5733846812152332,True,0,solver_1_qwen2vl7b
523,0.9314563,0.6787589822543085,0.3202725724020443,False,1,solver_1_qwen2vl7b
524,0.13011053,0.583369498993519,0.4069767441860465,False,1,solver_1_qwen2vl7b
525,0.002357781,0.4869966058785593,0.5130237825594564,False,1,solver_1_qwen2vl7b
526,0.15604684,0.52151138862048,0.47835159102764735,False,1,solver_1_qwen2vl7b
527,-1.0364577,0.2861048491472974,0.7146075854299662,True,0,solver_1_qwen2vl7b
528,1.4841225,0.7504802622082549,0.24870107377900935,False,1,solver_1_qwen2vl7b
529,-1.0754781,0.27329917104475066,0.7273986837547627,False,1,solver_1_qwen2vl7b
530,-0.25732514,0.42106868683516774,0.5793184488836662,False,1,solver_1_qwen2vl7b
531,0.809682,0.6490381160641578,0.34057971014492755,True,0,solver_1_qwen2vl7b
532,0.09224443,0.518139220150418,0.4811320754716981,True,0,solver_1_qwen2vl7b
533,-0.932443,0.29819594330098886,0.7024221453287197,True,0,solver_1_qwen2vl7b
534,0.51326597,0.5826331066289456,0.4166666666666667,False,1,solver_1_qwen2vl7b
535,0.4019344,0.5784880495656055,0.42105263157894735,True,0,solver_1_qwen2vl7b
536,0.45203626,0.5829727437070122,0.4165103189493433,True,0,solver_1_qwen2vl7b
537,1.0557873,0.6927821810224819,0.3050239234449761,False,1,solver_1_qwen2vl7b
538,1.1972029,0.6849761936609576,0.2980769230769231,False,1,solver_1_qwen2vl7b
539,-1.9037901,0.16075126731706268,0.8406055209260909,True,0,solver_1_qwen2vl7b
540,-0.03846845,0.47823003378938944,0.521875,False,1,solver_1_qwen2vl7b
541,1.4409136,0.7505885849194767,0.24580152671755726,True,0,solver_1_qwen2vl7b
542,0.8245138,0.6265519398875732,0.37132987910189985,False,1,solver_1_qwen2vl7b
543,1.056282,0.6916097299229587,0.30624263839811544,True,0,solver_1_qwen2vl7b
544,-0.19848019,0.4717432497324219,0.5299145299145299,False,1,solver_1_qwen2vl7b
545,0.44098985,0.5823997722118629,0.4172443674176776,False,1,solver_1_qwen2vl7b
546,-0.6572064,0.3727228441688928,0.6280160857908847,False,1,solver_1_qwen2vl7b
547,-0.007668704,0.48293136389247604,0.5170998632010944,False,1,solver_1_qwen2vl7b
548,0.41734508,0.54874555066951,0.4,True,0,solver_1_qwen2vl7b
549,0.021992534,0.48860948191528797,0.5114503816793893,True,0,solver_1_qwen2vl7b
550,0.47350147,0.5799545944824711,0.41942945258288356,True,0,solver_1_qwen2vl7b
551,-0.31801143,0.41799475472487335,0.5822472701655512,False,1,solver_1_qwen2vl7b
552,0.32621655,0.5377486160654198,0.4618434093161546,True,0,solver_1_qwen2vl7b
553,-1.1575123,0.25761083989116984,0.7438292194796531,False,1,solver_1_qwen2vl7b
554,0.09290831,0.5242091062499485,0.4756637168141593,False,1,solver_1_qwen2vl7b
555,0.27508837,0.5530925692502449,0.44658493870402804,False,1,solver_1_qwen2vl7b
556,0.86803234,0.6359904944665524,0.35185185185185186,True,0,solver_1_qwen2vl7b
557,-0.0069137216,0.4931208049551158,0.5068493150684932,False,1,solver_1_qwen2vl7b
558,0.33132845,0.529591107371569,0.4666666666666667,False,1,solver_1_qwen2vl7b
559,0.6799013,0.6340290290708636,0.36540962288686607,False,1,solver_1_qwen2vl7b
560,1.0766463,0.6952999424644648,0.303603071470762,False,1,solver_1_qwen2vl7b
561,-0.5799004,0.35971036495964803,0.6422764227642277,False,1,solver_1_qwen2vl7b
562,0.33432162,0.5414071470842298,0.45454545454545453,False,1,solver_1_qwen2vl7b
563,-0.10787588,0.4734214400435848,0.5266821345707656,False,1,solver_1_qwen2vl7b
564,-0.44130525,0.39212846465971996,0.60859375,False,1,solver_1_qwen2vl7b
565,0.3233276,0.5521409818018839,0.44751728472658703,True,0,solver_1_qwen2vl7b
566,-1.8933777,0.17014506166978138,0.8312354312354312,False,1,solver_1_qwen2vl7b
567,-1.3744643,0.2143760061165979,0.7867881548974943,False,1,solver_1_qwen2vl7b
568,-1.0414658,0.3031278399784776,0.7092198581560284,True,0,solver_1_qwen2vl7b
569,0.24462692,0.534108626465422,0.4650655021834061,False,1,solver_1_qwen2vl7b
570,-0.40406653,0.4003004384971265,0.6002673796791443,False,1,solver_1_qwen2vl7b
571,-0.28189346,0.4299619588768955,0.5703883495145631,False,1,solver_1_qwen2vl7b
572,0.5792576,0.6025093693551684,0.3968253968253968,False,1,solver_1_qwen2vl7b
573,0.43353224,0.5698638684265436,0.42902208201892744,False,1,solver_1_qwen2vl7b
574,-0.41691658,0.4133195232206146,0.5870165745856354,True,0,solver_1_qwen2vl7b
575,1.4766009,0.7573613299535236,0.239813736903376,False,1,solver_1_qwen2vl7b
576,-0.051049888,0.47023092881338524,0.53,False,1,solver_1_qwen2vl7b
577,-0.8938509,0.3083786259744098,0.692627824019025,False,1,solver_1_qwen2vl7b
578,-0.19321343,0.4287593580654987,0.5777777777777777,True,0,solver_1_qwen2vl7b
579,-0.9669957,0.3020102823115667,0.6987632508833922,False,1,solver_1_qwen2vl7b
580,1.3545243,0.73557157561993,0.24817518248175183,False,1,solver_1_qwen2vl7b
581,-1.4510288,0.2298161466480002,0.7717897538256819,True,0,solver_1_qwen2vl7b
582,-0.3395773,0.4100448985230267,0.5908071748878924,True,0,solver_1_qwen2vl7b
583,0.22655894,0.5340292018521807,0.4658266513936617,True,0,solver_1_qwen2vl7b
584,-0.2755173,0.4271159653410709,0.5733652312599681,False,1,solver_1_qwen2vl7b
585,-0.6342684,0.3680852450862435,0.6323644933228594,True,0,solver_1_qwen2vl7b
586,1.3878443,0.7518398367180474,0.24676089517078917,False,1,solver_1_qwen2vl7b
587,0.27994505,0.5619938341730224,0.437763309076982,False,1,solver_1_qwen2vl7b
588,1.0139396,0.6929309674513986,0.3060171919770774,True,0,solver_1_qwen2vl7b
589,0.5977372,0.6164717701439626,0.3829985987856142,False,1,solver_1_qwen2vl7b
590,-0.3255454,0.4939973671279805,0.5058823529411764,False,1,solver_1_qwen2vl7b
591,-0.27386287,0.4183421274751917,0.5822259136212624,False,1,solver_1_qwen2vl7b
592,-0.43749806,0.4128441959183443,0.5874337623012869,True,0,solver_1_qwen2vl7b
593,-0.63431203,0.4319844011877686,0.575,True,0,solver_1_qwen2vl7b
594,-0.70888793,0.3624892018162341,0.6383121232417951,True,0,solver_1_qwen2vl7b
595,0.2734727,0.5424995723030015,0.4566787003610108,False,1,solver_1_qwen2vl7b
596,-0.17664185,0.4502056854450075,0.5499430307633878,False,1,solver_1_qwen2vl7b
597,-0.080910474,0.49659461586302656,0.5,False,1,solver_1_qwen2vl7b
598,1.5729362,0.7645877220902555,0.2222222222222222,True,0,solver_1_qwen2vl7b
599,1.2709783,0.7264637686174287,0.27279053583855256,False,1,solver_1_qwen2vl7b
600,0.20015255,0.5242567059402052,0.4755738669805768,True,0,solver_1_qwen2vl7b
601,-0.6943681,0.3542798749178686,0.64625,True,0,solver_1_qwen2vl7b
602,0.18830585,0.542200633830755,0.4550898203592814,True,0,solver_1_qwen2vl7b
603,1.4462377,0.570944474728045,0.25,False,1,solver_1_qwen2vl7b
604,0.28688738,0.5364504454290894,0.46320346320346323,False,1,solver_1_qwen2vl7b
605,1.2105622,0.7279516541999529,0.2712127082526153,True,0,solver_1_qwen2vl7b
606,0.14193274,0.49504378993515175,0.5,False,1,solver_1_qwen2vl7b
607,-0.4288065,0.41815280936433274,0.585635359116022,False,1,solver_1_qwen2vl7b
608,-1.1586304,0.4191431051422584,0.75,False,1,solver_1_qwen2vl7b
609,0.29894614,0.5470239818762799,0.4526645768025078,False,1,solver_1_qwen2vl7b
610,-0.5420215,0.3787121039550815,0.6216951788491446,False,1,solver_1_qwen2vl7b
611,1.1053897,0.7048487680050143,0.2942982456140351,True,0,solver_1_qwen2vl7b
612,-1.0863154,0.27295026769921793,0.72822910578609,True,0,solver_1_qwen2vl7b
613,0.9233376,0.6637116097564909,0.328125,False,1,solver_1_qwen2vl7b
614,-0.65416,0.36945791189989996,0.6309751434034416,False,1,solver_1_qwen2vl7b
615,-0.41972885,0.41932557757121425,0.5809690091663029,False,1,solver_1_qwen2vl7b
616,-0.94125175,0.3059065478733771,0.6946996466431096,True,0,solver_1_qwen2vl7b
617,0.1557816,0.53147288762831,0.46836595357305416,False,1,solver_1_qwen2vl7b
618,0.8837848,0.6688976598882692,0.32608695652173914,True,0,solver_1_qwen2vl7b
619,0.9079108,0.6727525590062049,0.31736526946107785,False,1,solver_1_qwen2vl7b
620,0.43792272,0.5759314677083772,0.4231678486997636,False,1,solver_1_qwen2vl7b
621,-0.24919358,0.4457642701129054,0.56,True,0,solver_1_qwen2vl7b
622,-0.64648724,0.35541342703011525,0.6452455590386625,False,1,solver_1_qwen2vl7b
623,0.8424859,0.6650196383880718,0.3343677269200931,False,1,solver_1_qwen2vl7b
624,0.65957415,0.6397435785407246,0.35966826713225664,True,0,solver_1_qwen2vl7b
625,-0.37622717,0.3933902869786581,0.6069225496915696,False,1,solver_1_qwen2vl7b
626,-0.125458,0.47030062557073404,0.5297805642633229,True,0,solver_1_qwen2vl7b
627,0.35262424,0.5703440460194007,0.4293381037567084,True,0,solver_1_qwen2vl7b
628,0.8252958,0.6604425851673521,0.3388505747126437,True,0,solver_1_qwen2vl7b
629,-1.4914325,0.22096280904072574,0.7801024765157984,False,1,solver_1_qwen2vl7b
630,-1.0656573,0.4032279559764077,0.7142857142857143,True,0,solver_1_qwen2vl7b
631,0.20139891,0.5228333907990506,0.4767255216693419,False,1,solver_1_qwen2vl7b
632,0.54505587,0.6055904880088779,0.38686131386861317,False,1,solver_1_qwen2vl7b
633,0.07131006,0.5207992549522715,0.4777777777777778,False,1,solver_1_qwen2vl7b
634,-1.8004621,0.1702884734211273,0.830752990851513,True,0,solver_1_qwen2vl7b
635,-0.45617858,0.3981033694438707,0.6022181146025878,False,1,solver_1_qwen2vl7b
636,-1.1600819,0.254052131084449,0.7472270869819031,True,0,solver_1_qwen2vl7b
637,-0.8496491,0.3202204523807497,0.680377358490566,True,0,solver_1_qwen2vl7b
638,0.0999558,0.5124469552387764,0.4874859917818454,False,1,solver_1_qwen2vl7b
639,-0.47509363,0.3865839895598411,0.6137547759638764,True,0,solver_1_qwen2vl7b
640,0.5371157,0.6136001736022354,0.3859275053304904,False,1,solver_1_qwen2vl7b
641,1.0105718,0.6864911897665087,0.31238095238095237,False,1,solver_1_qwen2vl7b
642,-0.003940612,0.48307932557031763,0.5169521146452289,True,0,solver_1_qwen2vl7b
643,-0.7514782,0.318611515588175,0.6832369942196532,True,0,solver_1_qwen2vl7b
644,-0.6748394,0.3656884799068376,0.6348008385744235,True,0,solver_1_qwen2vl7b
645,-0.79907763,0.3318105742095243,0.6688283614353653,True,0,solver_1_qwen2vl7b
646,-0.81402624,0.3319863323951243,0.6685779816513762,True,0,solver_1_qwen2vl7b
647,0.94639504,0.6689183231189995,0.32762312633832974,False,1,solver_1_qwen2vl7b
648,0.23134768,0.522193276740905,0.47435897435897434,False,1,solver_1_qwen2vl7b
649,0.057524756,0.5133266739470184,0.4852941176470588,True,0,solver_1_qwen2vl7b
650,-0.19402987,0.45791666186568614,0.5422053231939163,False,1,solver_1_qwen2vl7b
651,-0.2854829,0.4225084730940374,0.5853658536585366,False,1,solver_1_qwen2vl7b
652,-0.8621322,0.29488663256304704,0.7081260364842454,False,1,solver_1_qwen2vl7b
653,-0.6385428,0.36928559180883613,0.6312384473197782,False,1,solver_1_qwen2vl7b
654,-0.8893676,0.32360361838442064,0.68125,False,1,solver_1_qwen2vl7b
655,-0.39297482,0.4167153043217996,0.5835789473684211,False,1,solver_1_qwen2vl7b
656,-0.8444935,0.3254222886355054,0.6754587155963303,False,1,solver_1_qwen2vl7b
657,-0.71894133,0.33457623629797817,0.6662756598240469,True,0,solver_1_qwen2vl7b
658,0.074161366,0.5062082116847635,0.4937424303593056,True,0,solver_1_qwen2vl7b
659,-0.75947034,0.3416135074891964,0.6589595375722543,False,1,solver_1_qwen2vl7b
660,-5.3691845,0.29800487255263686,1.0,False,1,solver_1_qwen2vl7b
661,1.4107836,0.7536484162651658,0.24492234169653523,True,0,solver_1_qwen2vl7b
662,0.13862363,0.5246044394817084,0.4751921733053808,False,1,solver_1_qwen2vl7b
663,1.0846019,0.7011334123052158,0.2874251497005988,True,0,solver_1_qwen2vl7b
664,0.4045315,0.5530134669584251,0.4467760396795116,False,1,solver_1_qwen2vl7b
665,-0.14630365,0.4579166136903001,0.5434782608695652,True,0,solver_1_qwen2vl7b
666,-0.6000612,0.44189512898106087,0.5641025641025641,False,1,solver_1_qwen2vl7b
667,0.566888,0.6054054222296007,0.39395807644882863,True,0,solver_1_qwen2vl7b
668,-0.9702227,0.2804869659118734,0.7201772324471711,False,1,solver_1_qwen2vl7b
669,0.349887,0.5454006139028955,0.4543795620437956,False,1,solver_1_qwen2vl7b
670,0.8777914,0.6582240629833029,0.34123893805309735,True,0,solver_1_qwen2vl7b
671,0.31239074,0.5737337994056837,0.41964285714285715,False,1,solver_1_qwen2vl7b
672,-1.6195605,0.19210173845955247,0.8094962362478286,True,0,solver_1_qwen2vl7b
673,-1.4127015,0.2250669687604473,0.7759795570698467,False,1,solver_1_qwen2vl7b
674,0.5334705,0.6235411473907728,0.375889890840057,False,1,solver_1_qwen2vl7b
675,0.071872115,0.5109948863285398,0.4889406286379511,True,0,solver_1_qwen2vl7b
676,-0.2954484,0.42308561482067564,0.5771369006254343,False,1,solver_1_qwen2vl7b
677,0.42868477,0.5829218196241887,0.4166204986149584,False,1,solver_1_qwen2vl7b
678,0.29613012,0.5587165092894446,0.44105303319343764,False,1,solver_1_qwen2vl7b
679,-2.084089,0.14437104576743642,0.8576972833117723,False,1,solver_1_qwen2vl7b
680,1.3436629,0.5711124379569299,0.36363636363636365,True,0,solver_1_qwen2vl7b
681,0.16308862,0.5149241898395558,0.48475120385232745,True,0,solver_1_qwen2vl7b
682,-0.6692401,0.33875311431531396,0.6620610247553252,True,0,solver_1_qwen2vl7b
683,-1.0055202,0.2733810893198252,0.7275747508305648,False,1,solver_1_qwen2vl7b
684,0.94356585,0.6944166603728077,0.3044033184428845,False,1,solver_1_qwen2vl7b
685,-0.53666663,0.397703957677888,0.6028645833333334,False,1,solver_1_qwen2vl7b
686,-0.20715845,0.4535697595624052,0.5465983224603914,False,1,solver_1_qwen2vl7b
687,-0.38713697,0.4112755003341889,0.5891608391608392,False,1,solver_1_qwen2vl7b
688,-1.2705852,0.24969961515199945,0.7515923566878981,False,1,solver_1_qwen2vl7b
689,-0.50118184,0.3977555722943361,0.6049382716049383,False,1,solver_1_qwen2vl7b
690,-1.4902261,0.1985349804255786,0.8030480656506448,False,1,solver_1_qwen2vl7b
691,-0.8235631,0.34494384565666647,0.6556776556776557,False,1,solver_1_qwen2vl7b
692,-0.071980625,0.4809516702943527,0.5205479452054794,True,0,solver_1_qwen2vl7b
693,0.3025902,0.5679258610163969,0.4260869565217391,False,1,solver_1_qwen2vl7b
694,0.528648,0.65327511822122,0.32941176470588235,False,1,solver_1_qwen2vl7b
695,-0.29000553,0.4284965153650878,0.5718617343844754,False,1,solver_1_qwen2vl7b
696,-0.1511262,0.4650977448058956,0.5350019554165037,True,0,solver_1_qwen2vl7b
697,-0.4183388,0.3990558239392108,0.6024518388791593,True,0,solver_1_qwen2vl7b
698,1.0242246,0.680559523302964,0.29411764705882354,False,1,solver_1_qwen2vl7b
699,1.1079978,0.6713184082949011,0.3076923076923077,False,1,solver_1_qwen2vl7b
700,-1.2691166,0.24233205067761276,0.7590290112492599,False,1,solver_1_qwen2vl7b
701,0.46617416,0.5834019752511168,0.4159362549800797,True,0,solver_1_qwen2vl7b
702,0.86492825,0.6651758694403261,0.3253012048192771,True,0,solver_1_qwen2vl7b
703,0.96043015,0.6483760803635171,0.3333333333333333,False,1,solver_1_qwen2vl7b
704,-0.25063583,0.42289157272882816,0.5774811375507836,False,1,solver_1_qwen2vl7b
705,0.13108519,0.4953228082966379,0.5046511627906977,False,1,solver_1_qwen2vl7b
706,-0.32252386,0.44125749691673444,0.5590604026845638,False,1,solver_1_qwen2vl7b
707,-0.4922944,0.39379258426484065,0.6066079295154185,False,1,solver_1_qwen2vl7b
708,0.50824654,0.6495539004468047,0.3333333333333333,True,0,solver_1_qwen2vl7b
709,1.0713612,0.701678817658051,0.297423887587822,False,1,solver_1_qwen2vl7b
710,-1.0801355,0.26168643709685446,0.7392906494702902,False,1,solver_1_qwen2vl7b
711,1.066148,0.6981273451705582,0.30069052102950405,False,1,solver_1_qwen2vl7b
712,-0.0957931,0.4652083017668618,0.5349959774738536,True,0,solver_1_qwen2vl7b
713,-0.76613927,0.3307587526783047,0.6724890829694323,True,0,solver_1_qwen2vl7b
714,-0.49884197,0.395983204098159,0.6044003451251079,False,1,solver_1_qwen2vl7b
715,-0.20164216,0.47198039695166216,0.5454545454545454,True,0,solver_1_qwen2vl7b
716,-0.072544396,0.4692318565401523,0.5309139784946236,False,1,solver_1_qwen2vl7b
717,-0.3810136,0.4171184843542902,0.583284968078932,True,0,solver_1_qwen2vl7b
718,1.910498,0.8116643557791183,0.1838905775075988,False,1,solver_1_qwen2vl7b
719,0.76437914,0.6142892742484849,0.375,True,0,solver_1_qwen2vl7b
720,0.52746993,0.5702217834558785,0.42857142857142855,False,1,solver_1_qwen2vl7b
721,-0.44654557,0.396002910240308,0.604526503871352,False,1,solver_1_qwen2vl7b
722,0.06970388,0.4956969923845197,0.5,False,1,solver_1_qwen2vl7b
723,-0.54495513,0.37021608185677646,0.631578947368421,False,1,solver_1_qwen2vl7b
724,0.14375809,0.5244357265477009,0.4714285714285714,False,1,solver_1_qwen2vl7b
725,0.6853364,0.6097086944640717,0.38922155688622756,False,1,solver_1_qwen2vl7b
726,1.173545,0.7159413727565618,0.277602523659306,False,1,solver_1_qwen2vl7b
727,-1.1757166,0.24502717469275592,0.7557540364136036,True,0,solver_1_qwen2vl7b
728,-0.51238596,0.42874696809540624,0.5773195876288659,True,0,solver_1_qwen2vl7b
729,1.4832225,0.7491276753678473,0.24976437323279924,False,1,solver_1_qwen2vl7b
730,-1.1586304,0.4191431051422584,0.75,True,0,solver_1_qwen2vl7b
731,-1.3043845,0.23658269229846018,0.7648104265402843,False,1,solver_1_qwen2vl7b
732,0.3482759,0.5694233409259921,0.4302771855010661,False,1,solver_1_qwen2vl7b
733,-1.8339313,0.18606038168105077,0.8470588235294118,True,0,solver_1_qwen2vl7b
734,1.1530043,0.7188067562628361,0.27978216473791695,False,1,solver_1_qwen2vl7b
735,-0.3913087,0.4251621602261424,0.5751091703056769,True,0,solver_1_qwen2vl7b
736,0.058805242,0.4965113734066292,0.5034770514603616,False,1,solver_1_qwen2vl7b
737,-0.019547403,0.48826301407414985,0.5117691723614275,True,0,solver_1_qwen2vl7b
738,-0.4173675,0.4110670732404458,0.5892179195140471,False,1,solver_1_qwen2vl7b
739,-0.67317593,0.37408060839950874,0.632183908045977,True,0,solver_1_qwen2vl7b
740,-0.017009228,0.4852450706777689,0.5147833130822195,False,1,solver_1_qwen2vl7b
741,-0.94120526,0.2917510343784875,0.7111459968602826,True,0,solver_1_qwen2vl7b
742,-1.5591831,0.2043899129376513,0.7966432474629196,True,0,solver_1_qwen2vl7b
743,1.2018231,0.7234730526415067,0.26436781609195403,False,1,solver_1_qwen2vl7b
744,-0.24773613,0.4481155516074311,0.552073732718894,False,1,solver_1_qwen2vl7b
745,0.47236282,0.6006959281286792,0.398923904688701,False,1,solver_1_qwen2vl7b
746,0.6311033,0.606048390158545,0.39236641221374047,False,1,solver_1_qwen2vl7b
747,-0.37694582,0.4104271771395318,0.5929203539823009,False,1,solver_1_qwen2vl7b
748,0.47990674,0.5883006998920168,0.4112394957983193,False,1,solver_1_qwen2vl7b
749,0.3076698,0.5666876718551763,0.4330590875093493,False,1,solver_1_qwen2vl7b
750,-0.07856986,0.47199034522789973,0.5281231497927767,True,0,solver_1_qwen2vl7b
751,-1.1122717,0.2764645646915639,0.7243697478991596,False,1,solver_1_qwen2vl7b
752,1.6317817,0.7468272481468712,0.23076923076923078,False,1,solver_1_qwen2vl7b
753,-1.1170365,0.2823025426855521,0.718544498027181,False,1,solver_1_qwen2vl7b
754,0.014145926,0.5009145534296773,0.49905767056162836,False,1,solver_1_qwen2vl7b
755,0.27608562,0.553921014713503,0.445821854912764,False,1,solver_1_qwen2vl7b
756,-0.42655727,0.3955750561680066,0.6057838660578386,False,1,solver_1_qwen2vl7b
757,1.4462377,0.570944474728045,0.25,False,1,solver_1_qwen2vl7b
758,-0.63916445,0.3634441100541129,0.6369789811186319,True,0,solver_1_qwen2vl7b
759,0.65171456,0.6218596077288348,0.3695652173913043,False,1,solver_1_qwen2vl7b
760,-0.72854865,0.4297996191072254,0.6666666666666666,False,1,solver_1_qwen2vl7b
761,0.6047014,0.5950944480209848,0.40458015267175573,False,1,solver_1_qwen2vl7b
762,1.1447667,0.7123071969917185,0.28662420382165604,False,1,solver_1_qwen2vl7b
763,-0.013588756,0.47291543542353964,0.5288461538461539,False,1,solver_1_qwen2vl7b
764,-0.6699852,0.34829195499388577,0.6521591295477729,False,1,solver_1_qwen2vl7b
765,0.116688564,0.49929918386994676,0.5,False,1,solver_1_qwen2vl7b
766,0.5638258,0.5914729142699335,0.4079952968841858,True,0,solver_1_qwen2vl7b
767,-0.11843163,0.48292832105617356,0.5171102661596958,True,0,solver_1_qwen2vl7b
768,-0.3486158,0.3971465830681099,0.6031866464339909,True,0,solver_1_qwen2vl7b
769,0.6476409,0.6286537937091243,0.3708609271523179,False,1,solver_1_qwen2vl7b
770,0.07982676,0.4982334355763095,0.5017381228273464,False,1,solver_1_qwen2vl7b
771,1.0143124,0.6716622384318242,0.3055555555555556,False,1,solver_1_qwen2vl7b
772,-1.0854756,0.2604955451469736,0.7404718693284936,False,1,solver_1_qwen2vl7b
773,0.1041401,0.48405605459321677,0.5168539325842697,True,0,solver_1_qwen2vl7b
774,0.9120846,0.6378950482549041,0.345679012345679,True,0,solver_1_qwen2vl7b
775,0.56884545,0.6562622251172807,0.325,False,1,solver_1_qwen2vl7b
776,0.11385092,0.5082717074544807,0.491640866873065,False,1,solver_1_qwen2vl7b
777,1.161464,0.7026928803242904,0.2942122186495177,True,0,solver_1_qwen2vl7b
778,-0.67323816,0.3338664290922744,0.667828106852497,False,1,solver_1_qwen2vl7b
779,-0.677745,0.3597088670437081,0.6439169139465876,False,1,solver_1_qwen2vl7b
780,0.5205673,0.6025053726658844,0.3943217665615142,False,1,solver_1_qwen2vl7b
781,-0.39912614,0.4061592993028086,0.5941470927993839,False,1,solver_1_qwen2vl7b
782,-0.38938996,0.4036568963703949,0.5969912905779889,False,1,solver_1_qwen2vl7b
783,0.44177386,0.5680320197000284,0.42857142857142855,True,0,solver_1_qwen2vl7b
784,1.9090279,0.8094204693235189,0.18421052631578946,True,0,solver_1_qwen2vl7b
785,0.086202994,0.5198085463611952,0.48008565310492507,True,0,solver_1_qwen2vl7b
786,-0.95728576,0.30047128477752794,0.7001862197392924,True,0,solver_1_qwen2vl7b
787,-0.5621432,0.3903763556249634,0.6100302637267618,True,0,solver_1_qwen2vl7b
788,-0.782518,0.33824933761495624,0.6622976098689283,False,1,solver_1_qwen2vl7b
789,0.6724113,0.6315968728139008,0.36787349146899706,False,1,solver_1_qwen2vl7b
790,-0.21188134,0.4537598358169357,0.5463875205254516,True,0,solver_1_qwen2vl7b
791,-1.9982508,0.14920952186441938,0.8521777386713595,True,0,solver_1_qwen2vl7b
792,1.143533,0.7109466435193579,0.2878228782287823,False,1,solver_1_qwen2vl7b
793,0.85065067,0.6614883959318412,0.32941176470588235,True,0,solver_1_qwen2vl7b
794,0.10550332,0.5119156675043265,0.48801571709233793,False,1,solver_1_qwen2vl7b
795,-0.036803007,0.48821201519349766,0.5118074477747502,False,1,solver_1_qwen2vl7b
796,-0.139873,0.46999970251182355,0.5314685314685315,False,1,solver_1_qwen2vl7b
797,0.7537005,0.6508875344806102,0.336283185840708,False,1,solver_1_qwen2vl7b
798,-0.9936147,0.3085037604001478,0.6926121372031663,False,1,solver_1_qwen2vl7b
799,0.5635259,0.5833622157962801,0.4090909090909091,True,0,solver_1_qwen2vl7b
800,0.71681017,0.6391974557292192,0.360198108959928,False,1,solver_1_qwen2vl7b
801,0.9030013,0.6495301308832518,0.3490838958534233,True,0,solver_1_qwen2vl7b
802,-1.3469594,0.21806680591351713,0.7828038674033149,False,1,solver_1_qwen2vl7b
803,-1.0144991,0.30161156114362175,0.6991416309012876,False,1,solver_1_qwen2vl7b
804,-0.90740323,0.3132120274202319,0.6874739908447773,False,1,solver_1_qwen2vl7b
805,-0.36043593,0.42472455763459915,0.5755627009646302,False,1,solver_1_qwen2vl7b
806,0.2626355,0.5250498413907128,0.47480988593155893,False,1,solver_1_qwen2vl7b
807,-1.2663138,0.26454857305659185,0.75,False,1,solver_1_qwen2vl7b
808,0.07989745,0.5046417302829787,0.4953161592505855,False,1,solver_1_qwen2vl7b
809,-1.6227301,0.19307050338060705,0.8079301564205166,False,1,solver_1_qwen2vl7b
810,0.14193282,0.49504378993515175,0.5,False,1,solver_1_qwen2vl7b
811,-1.0982256,0.27854058315399244,0.7225661226786719,False,1,solver_1_qwen2vl7b
812,-0.017325222,0.47630862087813697,0.5256410256410257,False,1,solver_1_qwen2vl7b
813,-1.0317414,0.2870541107097019,0.7136481963555225,True,0,solver_1_qwen2vl7b
814,-0.86366117,0.31850308788637993,0.6826056826056826,False,1,solver_1_qwen2vl7b
815,-1.2930071,0.22655389873492782,0.774281805745554,False,1,solver_1_qwen2vl7b
816,-0.09848297,0.48347268584664627,0.516564952048823,True,0,solver_1_qwen2vl7b
817,-0.2369633,0.4543934310573109,0.5507246376811594,False,1,solver_1_qwen2vl7b
818,1.6646111,0.7812589773557349,0.21645021645021645,False,1,solver_1_qwen2vl7b
819,-0.07898259,0.47057657578320944,0.5295013323182337,True,0,solver_1_qwen2vl7b
820,0.7079474,0.6202876675997913,0.37902753368482717,False,1,solver_1_qwen2vl7b
821,0.17022714,0.5895640177839242,0.4,False,1,solver_1_qwen2vl7b
822,0.97612953,0.6775883897497861,0.3204225352112676,False,1,solver_1_qwen2vl7b
823,-0.6391082,0.3563751313105058,0.6443538998835856,True,0,solver_1_qwen2vl7b
824,1.1169369,0.6932722843968496,0.3058769088385007,False,1,solver_1_qwen2vl7b
825,-2.3224623,0.1130570262024132,0.8883836295990079,False,1,solver_1_qwen2vl7b
826,0.34134385,0.5743077584303286,0.42536327608982827,True,0,solver_1_qwen2vl7b
827,0.5202741,0.5898706863780319,0.408207343412527,False,1,solver_1_qwen2vl7b
828,-2.1715386,0.12725662764713563,0.8739346590909091,True,0,solver_1_qwen2vl7b
829,-0.56017697,0.37904797431984305,0.6215316315205327,True,0,solver_1_qwen2vl7b
830,-0.08535212,0.4868924404758268,0.5131304710295956,True,0,solver_1_qwen2vl7b
831,-0.744593,0.34578872220938206,0.6547256097560976,True,0,solver_1_qwen2vl7b
832,0.14193279,0.49504378993515175,0.5,False,1,solver_1_qwen2vl7b
833,0.3717062,0.5745968766143028,0.4251152073732719,True,0,solver_1_qwen2vl7b
834,0.13001387,0.5193557993897733,0.4805414551607445,True,0,solver_1_qwen2vl7b
835,-0.8859129,0.3053632659692971,0.6959511077158136,False,1,solver_1_qwen2vl7b
836,0.004821092,0.48417317227785817,0.515854074326628,False,1,solver_1_qwen2vl7b
837,-0.54121697,0.37574920737958417,0.6248062015503876,True,0,solver_1_qwen2vl7b
838,0.38342857,0.5524147518219416,0.44733178654292344,False,1,solver_1_qwen2vl7b
839,0.33896413,0.5679478876027888,0.42990654205607476,False,1,solver_1_qwen2vl7b
840,-0.005298525,0.49421260196658556,0.5057803468208093,False,1,solver_1_qwen2vl7b
841,-5.3703866,0.34324242034936503,1.0,False,1,solver_1_qwen2vl7b
842,0.8539802,0.6470241448314913,0.3333333333333333,False,1,solver_1_qwen2vl7b
843,0.79776883,0.6942607362262851,0.28205128205128205,False,1,solver_1_qwen2vl7b
844,-0.10851073,0.46155858106264025,0.5385435168738899,True,0,solver_1_qwen2vl7b
845,-0.7966744,0.31551849264584886,0.6858594411515665,False,1,solver_1_qwen2vl7b
846,1.3597108,0.7460284940111108,0.25251256281407036,False,1,solver_1_qwen2vl7b
847,-5.3703866,0.34324242034936503,1.0,True,0,solver_1_qwen2vl7b
848,-0.52096725,0.3628099713799784,0.6385681293302541,False,1,solver_1_qwen2vl7b
849,0.6634947,0.6293958337828971,0.3700319780721791,False,1,solver_1_qwen2vl7b
850,0.1063412,0.5122311425712438,0.4876984126984127,True,0,solver_1_qwen2vl7b
851,0.528648,0.65327511822122,0.32941176470588235,True,0,solver_1_qwen2vl7b
852,0.07764271,0.5145444296952604,0.4853700516351119,False,1,solver_1_qwen2vl7b
853,-0.32930627,0.4002921916364972,0.6007025761124122,False,1,solver_1_qwen2vl7b
854,0.53008324,0.5883242235020131,0.4,True,0,solver_1_qwen2vl7b
855,-1.2008328,0.2415301159372848,0.7592529711375212,False,1,solver_1_qwen2vl7b
856,1.2818174,0.7275334677233487,0.2717241379310345,True,0,solver_1_qwen2vl7b
857,1.4627544,0.7494495951361914,0.23809523809523808,False,1,solver_1_qwen2vl7b
858,0.19465575,0.5317171946792958,0.4681372549019608,True,0,solver_1_qwen2vl7b
859,0.0020325482,0.48907082284122083,0.5109430959013131,True,0,solver_1_qwen2vl7b
861,-0.23233965,0.5098208592786573,0.4883720930232558,True,0,solver_1_qwen2vl7b
862,0.27404845,0.5406248100033217,0.4592198581560284,True,0,solver_1_qwen2vl7b
863,-1.5254444,0.19252618230800578,0.8087112707678491,False,1,solver_1_qwen2vl7b
864,-0.1400381,0.4759942372034558,0.5248618784530387,True,0,solver_1_qwen2vl7b
865,1.2322574,0.6993262576088266,0.29743589743589743,False,1,solver_1_qwen2vl7b
866,-0.47006354,0.36901628067589576,0.6329331046312179,False,1,solver_1_qwen2vl7b
867,-1.3628222,0.22610647234878822,0.7747404844290657,False,1,solver_1_qwen2vl7b
868,0.31202468,0.5543569602379002,0.4454183266932271,False,1,solver_1_qwen2vl7b
869,0.65391517,0.6124840321231474,0.3857374392220421,False,1,solver_1_qwen2vl7b
870,0.3538818,0.5653375715153527,0.43427230046948356,False,1,solver_1_qwen2vl7b
871,-0.18023735,0.43900891127195896,0.5614186851211073,True,0,solver_1_qwen2vl7b
872,-0.17762664,0.4317451043317866,0.5687984496124031,False,1,solver_1_qwen2vl7b
873,0.770085,0.6263304172414815,0.3732075471698113,False,1,solver_1_qwen2vl7b
874,0.6109809,0.5857477652077422,0.41278065630397237,False,1,solver_1_qwen2vl7b
875,0.9211376,0.6722646046616698,0.3267504488330341,True,0,solver_1_qwen2vl7b
876,0.28109556,0.6069995965671109,0.379746835443038,True,0,solver_1_qwen2vl7b
877,0.0028959215,0.4858095511272843,0.5142314990512334,True,0,solver_1_qwen2vl7b
878,0.9887222,0.6921041661022642,0.3066104078762307,False,1,solver_1_qwen2vl7b
879,1.376676,0.7488374778148021,0.24968553459119497,False,1,solver_1_qwen2vl7b
880,-0.01157397,0.5066003625103825,0.49331550802139035,True,0,solver_1_qwen2vl7b
881,-1.6991864,0.17866084290308304,0.8224125093075205,True,0,solver_1_qwen2vl7b
882,0.8034767,0.6571830349441465,0.3421623968736431,False,1,solver_1_qwen2vl7b
883,0.977327,0.6841049003258093,0.30538922155688625,False,1,solver_1_qwen2vl7b
884,-0.32378325,0.4133069013455092,0.5878594249201278,True,0,solver_1_qwen2vl7b
885,-0.120863944,0.4634343018021094,0.5366705471478463,False,1,solver_1_qwen2vl7b
886,0.95225716,0.6634886902057978,0.3150684931506849,True,0,solver_1_qwen2vl7b
887,0.2260904,0.5337467139375354,0.46611132146914047,False,1,solver_1_qwen2vl7b
888,0.8112856,0.6164725069438499,0.3707865168539326,False,1,solver_1_qwen2vl7b
889,-0.7251631,0.3561330640952167,0.6443974630021142,False,1,solver_1_qwen2vl7b
890,0.106539905,0.5186721588100482,0.4812353401094605,False,1,solver_1_qwen2vl7b
891,0.538127,0.5954932719108295,0.4039287906691222,False,1,solver_1_qwen2vl7b
892,0.0029531717,0.5553372043490002,0.4375,False,1,solver_1_qwen2vl7b
893,0.06253956,0.5665510955454758,0.425,False,1,solver_1_qwen2vl7b
894,-1.1311358,0.2603180143654814,0.7421602787456446,True,0,solver_1_qwen2vl7b
895,0.36608952,0.576257657789568,0.41916167664670656,False,1,solver_1_qwen2vl7b
896,-0.9319154,0.31119749265730223,0.6895213454075032,True,0,solver_1_qwen2vl7b
897,0.20047915,0.5239173979262615,0.4444444444444444,False,1,solver_1_qwen2vl7b
898,-0.10876864,0.473716860370326,0.5263644773358002,True,0,solver_1_qwen2vl7b
899,-0.9913801,0.29858664362358955,0.7228915662650602,True,0,solver_1_qwen2vl7b
900,-1.0454047,0.29592158863702656,0.7097791798107256,False,1,solver_1_qwen2vl7b
901,-0.34080347,0.43081845360972404,0.5709779179810726,False,1,solver_1_qwen2vl7b
902,0.40028805,0.5666848531445712,0.4327764518695306,False,1,solver_1_qwen2vl7b
903,0.6090962,0.6135291236914328,0.385793018983466,True,0,solver_1_qwen2vl7b
904,0.99372053,0.6890405788778519,0.3101409731696226,False,1,solver_1_qwen2vl7b
905,0.68673575,0.5306665222896011,0.4,True,0,solver_1_qwen2vl7b
906,0.7289609,0.6182316808203714,0.3806193806193806,True,0,solver_1_qwen2vl7b
907,-1.8010758,0.15753912072476173,0.8442622950819673,False,1,solver_1_qwen2vl7b
908,-0.8630142,0.32089372076896505,0.6798051372896369,False,1,solver_1_qwen2vl7b
909,-0.01914829,0.47155203278454816,0.5308641975308642,False,1,solver_1_qwen2vl7b
910,-0.30779466,0.4010921629781544,0.6003401360544217,True,0,solver_1_qwen2vl7b
911,-0.76068354,0.3311282971623505,0.6693739424703892,True,0,solver_1_qwen2vl7b
912,-0.4681565,0.3900312926521534,0.6103216155572176,False,1,solver_1_qwen2vl7b
913,0.8399608,0.6455867485094532,0.35359438924605496,False,1,solver_1_qwen2vl7b
914,-0.6373222,0.3395108406387577,0.6610299769408148,False,1,solver_1_qwen2vl7b
915,0.5403274,0.6067767691669415,0.389937106918239,False,1,solver_1_qwen2vl7b
916,0.13740483,0.5129722495234845,0.48690396239086636,True,0,solver_1_qwen2vl7b
917,0.28187796,0.543052094047616,0.45614035087719296,True,0,solver_1_qwen2vl7b
918,0.61810845,0.6081604102315932,0.3862433862433862,False,1,solver_1_qwen2vl7b
919,0.50425076,0.586576294255643,0.4121212121212121,False,1,solver_1_qwen2vl7b
920,-0.32353792,0.4030007846864989,0.5973843998131714,True,0,solver_1_qwen2vl7b
921,-0.6166017,0.3684339571339409,0.6319689484827099,True,0,solver_1_qwen2vl7b
922,-0.9539858,0.29534353915917166,0.7052775873886223,False,1,solver_1_qwen2vl7b
923,-0.738551,0.3412449192074618,0.6593227254181967,False,1,solver_1_qwen2vl7b
924,-2.802521,0.07810242067828266,0.9234972677595629,True,0,solver_1_qwen2vl7b
925,1.3457246,0.7393873249038778,0.2469879518072289,True,0,solver_1_qwen2vl7b
926,-0.5118556,0.3927156817061922,0.6076388888888888,False,1,solver_1_qwen2vl7b
927,-0.40527627,0.3908078354956175,0.6097417840375586,False,1,solver_1_qwen2vl7b
928,-1.7359681,0.36390224582993114,0.8333333333333334,False,1,solver_1_qwen2vl7b
929,0.57062507,0.6137987079655596,0.3795180722891566,True,0,solver_1_qwen2vl7b
930,-0.14594442,0.4401989707117179,0.5882352941176471,False,1,solver_1_qwen2vl7b
931,2.0790637,0.8377414137386373,0.16039952996474735,False,1,solver_1_qwen2vl7b
932,0.70298004,0.6403719684936213,0.35906040268456374,False,1,solver_1_qwen2vl7b
933,-1.1935544,0.2589743484022098,0.7425191370911621,True,0,solver_1_qwen2vl7b
934,0.06328373,0.5046517033405773,0.495304205798285,False,1,solver_1_qwen2vl7b
935,0.15299919,0.5138577155360301,0.4860302677532014,False,1,solver_1_qwen2vl7b
936,1.2390487,0.687773673594191,0.29213483146067415,False,1,solver_1_qwen2vl7b
937,0.17663456,0.5081154805498704,0.49056603773584906,False,1,solver_1_qwen2vl7b
938,-1.0068071,0.291282231054353,0.709411323584552,False,1,solver_1_qwen2vl7b
939,-0.53940904,0.39214313142462764,0.6082047421904403,False,1,solver_1_qwen2vl7b
940,-0.10766062,0.47455748962916067,0.5277777777777778,True,0,solver_1_qwen2vl7b
941,-0.75444543,0.3393307236606141,0.6611842105263158,True,0,solver_1_qwen2vl7b
942,0.31264544,0.5375265258067743,0.45871559633027525,True,0,solver_1_qwen2vl7b
943,-0.25465384,0.4336763018159737,0.5665284583490389,False,1,solver_1_qwen2vl7b
944,2.2506933,0.840278356860576,0.14285714285714285,False,1,solver_1_qwen2vl7b
945,0.3883947,0.5773321226000034,0.42233632862644416,False,1,solver_1_qwen2vl7b
946,0.11547032,0.5369019950653093,0.4594594594594595,True,0,solver_1_qwen2vl7b
947,-0.45703307,0.3844823723989933,0.617124394184168,True,0,solver_1_qwen2vl7b
0,0.29564267,0.5563363474744464,0.44345661450924606,True,0,solver_2_internvl3_8b
1,0.23829542,0.45403264350395045,0.5714285714285714,False,1,solver_2_internvl3_8b
2,0.5755465,0.6143043433898776,0.3852140077821012,False,1,solver_2_internvl3_8b
3,-1.62354,0.19227474362944952,0.8087574850299402,False,1,solver_2_internvl3_8b
4,0.55871004,0.5980254150508215,0.4014084507042254,False,1,solver_2_internvl3_8b
5,1.8047155,0.8056783533535783,0.1908763505402161,False,1,solver_2_internvl3_8b
6,-0.11786091,0.4715921690343269,0.5285215366705471,False,1,solver_2_internvl3_8b
7,0.92814016,0.6368442688439473,0.34831460674157305,False,1,solver_2_internvl3_8b
8,0.52302426,0.6076266501256392,0.3919209282337774,False,1,solver_2_internvl3_8b
9,0.74300456,0.6351257879867206,0.36330935251798563,False,1,solver_2_internvl3_8b
10,0.53735054,0.5973546195105645,0.4020356234096692,False,1,solver_2_internvl3_8b
11,0.21357839,0.5414804759918688,0.45831414094887146,True,0,solver_2_internvl3_8b
12,0.6077826,0.6002439459013778,0.3991769547325103,True,0,solver_2_internvl3_8b
13,-0.89076626,0.30478618738229024,0.6965845909451946,False,1,solver_2_internvl3_8b
14,-0.78308773,0.3326283763820571,0.6682380671773719,False,1,solver_2_internvl3_8b
15,0.14193279,0.49504378993515175,0.5,False,1,solver_2_internvl3_8b
16,-0.41838428,0.4168251477991739,0.5834782608695652,True,0,solver_2_internvl3_8b
17,0.4098505,0.5699211871191294,0.42924528301886794,False,1,solver_2_internvl3_8b
18,0.94441855,0.681669518295702,0.3175333640128854,False,1,solver_2_internvl3_8b
19,-0.5949048,0.36484945124794566,0.6355869242199108,False,1,solver_2_internvl3_8b
20,-0.5247685,0.3668170298803429,0.6338605741066198,False,1,solver_2_internvl3_8b
21,0.43232507,0.5850671583860803,0.40875912408759124,False,1,solver_2_internvl3_8b
22,-0.5468787,0.38184440192660485,0.618519842688595,False,1,solver_2_internvl3_8b
23,0.4302758,0.5500441123628901,0.44905008635578586,False,1,solver_2_internvl3_8b
24,-0.56742465,0.38102313984110425,0.6194061062317022,True,0,solver_2_internvl3_8b
25,-1.6600989,0.1895366131249412,0.8116182572614108,True,0,solver_2_internvl3_8b
26,-0.17939693,0.4718887873057819,0.5282392026578073,True,0,solver_2_internvl3_8b
27,0.2711981,0.5480865187625817,0.45169600686990125,False,1,solver_2_internvl3_8b
28,0.22615924,0.509424757510355,0.4888888888888889,True,0,solver_2_internvl3_8b
29,-0.54120755,0.38439042321330974,0.6161849710982659,True,0,solver_2_internvl3_8b
30,0.0403205,0.49235862490182913,0.507643085673658,False,1,solver_2_internvl3_8b
31,-0.82177067,0.3286819872700586,0.6719858156028369,True,0,solver_2_internvl3_8b
32,0.5646679,0.6002171163231507,0.38571428571428573,False,1,solver_2_internvl3_8b
33,1.4462377,0.570944474728045,0.25,False,1,solver_2_internvl3_8b
34,0.05152847,0.5089419630655616,0.49099485420240135,True,0,solver_2_internvl3_8b
35,-0.06775877,0.48429462345608665,0.5161290322580645,True,0,solver_2_internvl3_8b
36,0.51700157,0.5914099215697908,0.407496977025393,True,0,solver_2_internvl3_8b
37,-0.4827958,0.3948546270536386,0.6055408970976254,True,0,solver_2_internvl3_8b
38,0.0752486,0.5039879578646068,0.4959709911361805,False,1,solver_2_internvl3_8b
39,0.35999912,0.5437412239215857,0.45607978519370923,False,1,solver_2_internvl3_8b
40,0.7260916,0.6493130962075122,0.3501346671796845,False,1,solver_2_internvl3_8b
41,0.9313601,0.6631179552855515,0.3343949044585987,False,1,solver_2_internvl3_8b
42,0.66621864,0.6309244284571485,0.3614457831325301,False,1,solver_2_internvl3_8b
44,1.0053674,0.6732802378247744,0.3259566620562471,False,1,solver_2_internvl3_8b
45,0.3960534,0.5730953266234979,0.4266263237518911,False,1,solver_2_internvl3_8b
46,1.2505826,0.7352296176048997,0.2638997650743931,False,1,solver_2_internvl3_8b
47,-0.31801215,0.40527179032019456,0.59500693481276,False,1,solver_2_internvl3_8b
48,0.6472683,0.6167607618647547,0.381903642773208,True,0,solver_2_internvl3_8b
49,0.37486684,0.5467991232052509,0.45301112389719983,False,1,solver_2_internvl3_8b
50,-0.35339496,0.4116770122657889,0.5885792913656691,False,1,solver_2_internvl3_8b
51,-0.11966276,0.47104225213010575,0.5290731145653426,True,0,solver_2_internvl3_8b
52,0.47844228,0.5884343111975545,0.411199331383201,False,1,solver_2_internvl3_8b
53,0.09956439,0.5260274001181584,0.47384219554030876,False,1,solver_2_internvl3_8b
54,0.3919805,0.5760907897845002,0.4235565819861432,False,1,solver_2_internvl3_8b
55,0.27476126,0.5651225251757543,0.4344317417619368,False,1,solver_2_internvl3_8b
56,0.07059334,0.48358275876087364,0.5164498852333589,False,1,solver_2_internvl3_8b
57,0.71331537,0.6054534093219259,0.38461538461538464,True,0,solver_2_internvl3_8b
58,0.48536673,0.568077932603673,0.4230769230769231,False,1,solver_2_internvl3_8b
59,-1.6714716,0.1885683450484783,0.8125244618395303,False,1,solver_2_internvl3_8b
60,0.52132803,0.5891497026026031,0.40625,True,0,solver_2_internvl3_8b
61,1.1232506,0.7401453920890533,0.23076923076923078,True,0,solver_2_internvl3_8b
62,0.33319497,0.5505989076517483,0.4487917146144994,False,1,solver_2_internvl3_8b
63,1.0962808,0.6894705331695632,0.3089983022071307,False,1,solver_2_internvl3_8b
64,-1.2479839,0.2320697001398372,0.7690205011389522,True,0,solver_2_internvl3_8b
65,-1.804932,0.1698647038863953,0.8311733800350263,True,0,solver_2_internvl3_8b
66,0.0017014444,0.48221060332377075,0.5178466939730837,True,0,solver_2_internvl3_8b
67,0.7153538,0.6287557307030434,0.3678474114441417,False,1,solver_2_internvl3_8b
68,0.7915201,0.6957491851794173,0.2823529411764706,False,1,solver_2_internvl3_8b
69,-0.14031583,0.4747492879642755,0.525314046440807,False,1,solver_2_internvl3_8b
70,1.1237884,0.6988660743799422,0.29896907216494845,False,1,solver_2_internvl3_8b
71,0.5043369,0.6018048765262494,0.39780306002353866,True,0,solver_2_internvl3_8b
72,-0.2413652,0.4653349536446211,0.5347846663511595,False,1,solver_2_internvl3_8b
73,-0.44028708,0.4159185755290552,0.5882352941176471,True,0,solver_2_internvl3_8b
74,0.14318228,0.5135775816929176,0.48619447779111646,False,1,solver_2_internvl3_8b
75,-0.41732118,0.4089335802567903,0.5913608562691132,False,1,solver_2_internvl3_8b
76,0.017138138,0.49611127513514053,0.5038759689922481,True,0,solver_2_internvl3_8b
77,1.0011542,0.6588552448424395,0.3385146804835924,True,0,solver_2_internvl3_8b
78,-0.7515005,0.32251359096615584,0.6784037558685446,True,0,solver_2_internvl3_8b
79,0.8440403,0.6619220832441577,0.3371824480369515,False,1,solver_2_internvl3_8b
80,-1.0035397,0.29673981662802384,0.703942380591357,True,0,solver_2_internvl3_8b
81,-0.077703506,0.4954475690541159,0.5043478260869565,False,1,solver_2_internvl3_8b
82,-0.5829421,0.37155531997768154,0.6288951841359773,True,0,solver_2_internvl3_8b
83,-0.02509278,0.4658341400893963,0.5342512908777969,False,1,solver_2_internvl3_8b
85,0.36769694,0.5655315431275253,0.4340557275541796,True,0,solver_2_internvl3_8b
86,-1.3222138,0.24406541409224158,0.7569794050343249,True,0,solver_2_internvl3_8b
87,1.0522958,0.7125224702687569,0.28617571059431524,False,1,solver_2_internvl3_8b
88,-0.13689882,0.475572539831285,0.5244969378827646,True,0,solver_2_internvl3_8b
89,-0.88631773,0.29572893866450267,0.7048846675712347,False,1,solver_2_internvl3_8b
90,-0.31939808,0.4225455609642147,0.5777149777957207,False,1,solver_2_internvl3_8b
91,0.23530461,0.53259909033384,0.4672733636681834,True,0,solver_2_internvl3_8b
92,-0.08368635,0.4901057202843895,0.5099052540913006,True,0,solver_2_internvl3_8b
93,1.442623,0.7709383457613679,0.2279475982532751,False,1,solver_2_internvl3_8b
94,1.3071188,0.7433248623581872,0.2549317147192716,False,1,solver_2_internvl3_8b
95,0.5883371,0.6147080414083719,0.38443935926773454,False,1,solver_2_internvl3_8b
96,0.64397913,0.5935369107961425,0.3950617283950617,True,0,solver_2_internvl3_8b
97,-0.3204387,0.41753839169604967,0.5830055074744296,False,1,solver_2_internvl3_8b
98,0.123753965,0.5323990596966641,0.46551724137931033,True,0,solver_2_internvl3_8b
99,0.16505718,0.5339913730468768,0.4632352941176471,False,1,solver_2_internvl3_8b
100,-0.96981895,0.34686589769699594,0.6666666666666666,False,1,solver_2_internvl3_8b
101,0.3196538,0.5621817460045295,0.4375724777734828,False,1,solver_2_internvl3_8b
102,0.22429724,0.550137881113693,0.44692737430167595,False,1,solver_2_internvl3_8b
103,-0.36358812,0.4222053061466372,0.5780661364587694,False,1,solver_2_internvl3_8b
104,1.6673428,0.7488889592944832,0.2247191011235955,True,0,solver_2_internvl3_8b
105,-0.14420095,0.4447689094560616,0.5554903112155021,True,0,solver_2_internvl3_8b
106,-0.06418729,0.4565970305263689,0.5435606060606061,True,0,solver_2_internvl3_8b
107,0.30844223,0.613962588466441,0.3717948717948718,False,1,solver_2_internvl3_8b
108,0.8729316,0.5615943656618139,0.3333333333333333,False,1,solver_2_internvl3_8b
109,0.15934524,0.5452231855837262,0.45045045045045046,False,1,solver_2_internvl3_8b
110,1.2916952,0.7254254525303596,0.2727272727272727,False,1,solver_2_internvl3_8b
111,-0.87665176,0.32052925880290073,0.6800766283524904,False,1,solver_2_internvl3_8b
112,0.92106175,0.6407968690281622,0.34615384615384615,True,0,solver_2_internvl3_8b
113,0.24377689,0.5215464174542961,0.45454545454545453,False,1,solver_2_internvl3_8b
114,0.22379027,0.517094760056335,0.4807692307692308,True,0,solver_2_internvl3_8b
115,0.51366687,0.5701099496156896,0.4230769230769231,True,0,solver_2_internvl3_8b
116,-0.010982186,0.4675928560529161,0.532516493873704,True,0,solver_2_internvl3_8b
117,1.8457929,0.6008964854759936,0.3,False,1,solver_2_internvl3_8b
118,-0.032283902,0.48155303630673374,0.5184887459807074,True,0,solver_2_internvl3_8b
119,0.2810939,0.5466558332242071,0.45314401622718053,True,0,solver_2_internvl3_8b
120,0.68850875,0.6335554434286734,0.36584227718152124,False,1,solver_2_internvl3_8b
121,0.67586744,0.6330193643875897,0.3592814371257485,True,0,solver_2_internvl3_8b
122,-0.74560726,0.3449938954806311,0.6556383970177073,True,0,solver_2_internvl3_8b
123,0.29207507,0.5561657529486809,0.4435634328358209,False,1,solver_2_internvl3_8b
124,0.6622453,0.6181355511914873,0.38095238095238093,False,1,solver_2_internvl3_8b
125,-0.14538756,0.4555280506136513,0.5447409733124019,False,1,solver_2_internvl3_8b
126,0.97178054,0.7216943489697126,0.25301204819277107,False,1,solver_2_internvl3_8b
127,0.48392266,0.5629125817785291,0.43119266055045874,False,1,solver_2_internvl3_8b
128,0.7977687,0.6942607362262851,0.28205128205128205,True,0,solver_2_internvl3_8b
129,0.0743476,0.5202607646589892,0.4796279893711249,True,0,solver_2_internvl3_8b
130,0.818776,0.6510102121384056,0.34807327858496523,False,1,solver_2_internvl3_8b
131,0.12021983,0.5362979113930648,0.46017699115044247,False,1,solver_2_internvl3_8b
132,0.7035342,0.610947991962429,0.38777908343125733,False,1,solver_2_internvl3_8b
133,-0.77504003,0.3416322921548034,0.6589721254355401,False,1,solver_2_internvl3_8b
134,-0.66178715,0.35627468061341383,0.6441947565543071,False,1,solver_2_internvl3_8b
135,0.3186902,0.552363409001914,0.4472,False,1,solver_2_internvl3_8b
136,0.6578183,0.6176761862770876,0.36619718309859156,True,0,solver_2_internvl3_8b
137,-0.5218787,0.3758338044194144,0.625,False,1,solver_2_internvl3_8b
138,-0.99961424,0.291488912254251,0.7092511013215859,False,1,solver_2_internvl3_8b
139,0.8729316,0.5615943656618139,0.3333333333333333,True,0,solver_2_internvl3_8b
140,0.42648497,0.5876099991091723,0.40718562874251496,True,0,solver_2_internvl3_8b
141,-0.08997935,0.5413417048707408,0.45348837209302323,True,0,solver_2_internvl3_8b
142,1.2629557,0.7272485431876887,0.2718762718762719,False,1,solver_2_internvl3_8b
143,-0.98533785,0.28933642028214257,0.7113115891741846,False,1,solver_2_internvl3_8b
144,0.08693333,0.5164312437556151,0.48201438848920863,False,1,solver_2_internvl3_8b
145,0.12873694,0.5219692685790702,0.4779116465863454,False,1,solver_2_internvl3_8b
146,1.4893912,0.7716983441259802,0.226507713884993,False,1,solver_2_internvl3_8b
147,-0.45294902,0.40611799523672454,0.5942350332594235,False,1,solver_2_internvl3_8b
148,0.65250206,0.6201027836209843,0.3794225294835299,False,1,solver_2_internvl3_8b
149,1.0289562,0.6584685988812804,0.3269230769230769,True,0,solver_2_internvl3_8b
150,-0.2646217,0.43631602796572233,0.563894523326572,True,0,solver_2_internvl3_8b
151,0.124825895,0.5069223572441159,0.4928131416837782,False,1,solver_2_internvl3_8b
152,0.8284664,0.6502722579658325,0.3487592219986586,True,0,solver_2_internvl3_8b
153,-1.1586305,0.4191431051422584,0.75,False,1,solver_2_internvl3_8b
154,-1.5345386,0.21443306357308356,0.7866724361748161,False,1,solver_2_internvl3_8b
155,2.0230913,0.8333588636238687,0.1647761194029851,False,1,solver_2_internvl3_8b
156,0.2552551,0.5157199143965367,0.48392554991539766,True,0,solver_2_internvl3_8b
157,-0.9643109,0.30262149435674845,0.6983852364475202,True,0,solver_2_internvl3_8b
158,0.50709975,0.5987448849772024,0.4008152173913043,True,0,solver_2_internvl3_8b
159,0.6738838,0.6309611974551605,0.3684456928838951,True,0,solver_2_internvl3_8b
160,-0.47887918,0.39690683624115064,0.6034868126955745,False,1,solver_2_internvl3_8b
161,0.85389113,0.6679989369326755,0.331370239497448,False,1,solver_2_internvl3_8b
162,0.6075388,0.6112683219444417,0.3880407124681934,False,1,solver_2_internvl3_8b
163,-1.1255041,0.24801068490659128,0.7555555555555555,False,1,solver_2_internvl3_8b
164,-1.1148211,0.3021721238213665,0.7130434782608696,True,0,solver_2_internvl3_8b
165,-0.31812677,0.44048854647433855,0.5597210113339146,False,1,solver_2_internvl3_8b
166,0.92106175,0.6407968690281622,0.34615384615384615,False,1,solver_2_internvl3_8b
167,0.45264572,0.5785223299381252,0.42098688319800126,False,1,solver_2_internvl3_8b
168,-0.86494875,0.3091540499391672,0.6990291262135923,False,1,solver_2_internvl3_8b
169,1.2160097,0.7370805650362668,0.2619461337966985,True,0,solver_2_internvl3_8b
170,-0.5516045,0.3699725617445998,0.6307592472420506,False,1,solver_2_internvl3_8b
171,0.09878178,0.4900877351210938,0.5099243856332704,False,1,solver_2_internvl3_8b
172,1.109535,0.6950408759041666,0.30194805194805197,True,0,solver_2_internvl3_8b
173,0.69987535,0.6329549275059415,0.35766423357664234,False,1,solver_2_internvl3_8b
174,0.73334515,0.6196823209391651,0.3791748526522593,True,0,solver_2_internvl3_8b
175,0.9672705,0.6008964854759936,0.3,False,1,solver_2_internvl3_8b
176,-0.2537118,0.42255650880789897,0.5779816513761468,False,1,solver_2_internvl3_8b
177,0.1023529,0.5205290158606128,0.4793713163064833,False,1,solver_2_internvl3_8b
178,-1.9853796,0.1430278885202294,0.8580778504994833,True,0,solver_2_internvl3_8b
179,0.79776883,0.6942607362262851,0.28205128205128205,True,0,solver_2_internvl3_8b
180,1.0091763,0.7235455722961344,0.25,False,1,solver_2_internvl3_8b
181,1.0061446,0.6782221142401288,0.31881533101045295,False,1,solver_2_internvl3_8b
182,1.2036109,0.7384174586038651,0.26057906458797325,False,1,solver_2_internvl3_8b
183,0.19571018,0.5391277733773592,0.46070878274268107,True,0,solver_2_internvl3_8b
184,-0.5249108,0.3810784062639473,0.6193365695792881,False,1,solver_2_internvl3_8b
185,-0.8113723,0.32799736455658135,0.6725598526703499,False,1,solver_2_internvl3_8b
186,0.63685596,0.6258756592516299,0.37359792924935287,True,0,solver_2_internvl3_8b
187,0.057528883,0.5077215454837543,0.49221611721611724,True,0,solver_2_internvl3_8b
188,0.5653318,0.5980683255955505,0.3968253968253968,True,0,solver_2_internvl3_8b
189,0.6558449,0.6332159022253558,0.3595505617977528,True,0,solver_2_internvl3_8b
190,-0.7001418,0.3525513397776405,0.6479473276529821,False,1,solver_2_internvl3_8b
191,0.8406794,0.6530841623592252,0.34522439585730724,False,1,solver_2_internvl3_8b
192,0.8539674,0.7011177899031831,0.275,True,0,solver_2_internvl3_8b
193,-0.15546721,0.46060309820874346,0.5395248380129589,True,0,solver_2_internvl3_8b
194,0.23272738,0.5404558267744463,0.459214501510574,True,0,solver_2_internvl3_8b
195,-1.2629656,0.25223491531141584,0.7486296006264683,True,0,solver_2_internvl3_8b
196,-0.24334049,0.4331004059816985,0.5672630881378397,False,1,solver_2_internvl3_8b
197,0.76804054,0.6516819034957831,0.3476454293628809,True,0,solver_2_internvl3_8b
198,0.066831514,0.5117392408967536,0.48773006134969327,True,0,solver_2_internvl3_8b
199,-1.3708214,0.22537236702170305,0.7754551584625758,False,1,solver_2_internvl3_8b
200,-0.6138333,0.35762331196348607,0.6433734939759036,True,0,solver_2_internvl3_8b
201,0.62907994,0.5991658101476542,0.40037593984962405,False,1,solver_2_internvl3_8b
202,-1.5033036,0.22342996965449335,0.7776781712236666,False,1,solver_2_internvl3_8b
203,0.21521077,0.5282751736865343,0.47134502923976607,False,1,solver_2_internvl3_8b
204,0.394136,0.5709036438818067,0.42872117400419285,True,0,solver_2_internvl3_8b
205,0.3200178,0.5470655752213636,0.45176470588235296,False,1,solver_2_internvl3_8b
207,-0.08180937,0.4558421598581849,0.5443155452436195,False,1,solver_2_internvl3_8b
208,1.5150207,0.7286742281233611,0.24358974358974358,False,1,solver_2_internvl3_8b
209,-1.0423106,0.2856779764538727,0.7150201983106867,True,0,solver_2_internvl3_8b
210,0.6740865,0.6243065750682609,0.3752032520325203,False,1,solver_2_internvl3_8b
211,-0.9329413,0.3114936997517076,0.6892430278884463,True,0,solver_2_internvl3_8b
212,0.60294616,0.629992349935558,0.36947278911564624,True,0,solver_2_internvl3_8b
213,-0.48942742,0.4006127026401146,0.5997458703939009,False,1,solver_2_internvl3_8b
214,0.48576596,0.5710820434165214,0.4286701208981002,True,0,solver_2_internvl3_8b
215,0.62219787,0.6119369486410096,0.38674698795180723,True,0,solver_2_internvl3_8b
216,-0.26065424,0.41888989429785717,0.5814163283716735,True,0,solver_2_internvl3_8b
217,0.4896602,0.5956321950944434,0.40392706872370265,True,0,solver_2_internvl3_8b
218,1.1750599,0.7162109160386496,0.28251400124455506,True,0,solver_2_internvl3_8b
219,0.22302456,0.5416339688215694,0.45816372682044326,False,1,solver_2_internvl3_8b
220,0.021884203,0.5064384409137321,0.49264705882352944,False,1,solver_2_internvl3_8b
221,-0.048588246,0.44959030144831535,0.5510534846029174,True,0,solver_2_internvl3_8b
222,-0.5284691,0.399249407446701,0.6013157894736842,False,1,solver_2_internvl3_8b
223,0.982268,0.7100726165733185,0.27,True,0,solver_2_internvl3_8b
224,0.1629553,0.5153207865006605,0.4843205574912892,False,1,solver_2_internvl3_8b
225,0.9387063,0.6405060316082463,0.34444444444444444,False,1,solver_2_internvl3_8b
226,0.494876,0.616090053288839,0.3833729216152019,False,1,solver_2_internvl3_8b
227,-0.7239145,0.32776699439149903,0.6731220657276995,False,1,solver_2_internvl3_8b
228,0.70789975,0.6053873481096627,0.39285714285714285,False,1,solver_2_internvl3_8b
229,0.8443831,0.6307631811086112,0.3670668953687822,True,0,solver_2_internvl3_8b
230,1.1023617,0.6987408214290032,0.3,False,1,solver_2_internvl3_8b
231,-1.0520762,0.2641961472921779,0.7367694431661298,True,0,solver_2_internvl3_8b
232,0.13783392,0.4907580062458644,0.5092748735244519,False,1,solver_2_internvl3_8b
233,0.024863556,0.5099170037458707,0.49002302379125096,True,0,solver_2_internvl3_8b
234,0.39056256,0.578225819924887,0.4214749713412304,True,0,solver_2_internvl3_8b
235,0.41555429,0.5753121472218334,0.4242902208201893,False,1,solver_2_internvl3_8b
236,-0.20786458,0.42631587636490276,0.5739098300073909,False,1,solver_2_internvl3_8b
237,0.91265,0.6718081392629545,0.3273209549071618,False,1,solver_2_internvl3_8b
238,-0.28196773,0.43911112278548414,0.5610789980732177,False,1,solver_2_internvl3_8b
239,-0.35487136,0.4688971033228837,0.5555555555555556,True,0,solver_2_internvl3_8b
240,0.61662567,0.6284350907678944,0.36036036036036034,True,0,solver_2_internvl3_8b
241,1.0100814,0.7096370434792831,0.28942398489140697,False,1,solver_2_internvl3_8b
242,0.62538224,0.6252574853644215,0.3742690058479532,True,0,solver_2_internvl3_8b
243,-0.6535413,0.3464413980943768,0.6543352601156069,True,0,solver_2_internvl3_8b
244,1.0556608,0.6097943231180769,0.3076923076923077,True,0,solver_2_internvl3_8b
245,1.5859,0.7685756357925506,0.22587719298245615,False,1,solver_2_internvl3_8b
246,1.0208113,0.68948314023911,0.3090909090909091,False,1,solver_2_internvl3_8b
247,-0.12429741,0.453294423555072,0.5470899470899471,False,1,solver_2_internvl3_8b
248,-1.2207309,0.2561241145934322,0.7447983014861995,True,0,solver_2_internvl3_8b
249,-0.3491048,0.4178752819360392,0.5824,False,1,solver_2_internvl3_8b
250,-0.98681223,0.30096004890116135,0.6997876857749469,True,0,solver_2_internvl3_8b
251,1.5952935,0.7773591989254578,0.2211259431224608,True,0,solver_2_internvl3_8b
252,-0.8940954,0.30591375149849465,0.694672131147541,True,0,solver_2_internvl3_8b
253,0.12021983,0.5362979113930648,0.46017699115044247,True,0,solver_2_internvl3_8b
254,-0.31792936,0.38933847934786747,0.6176470588235294,True,0,solver_2_internvl3_8b
255,-0.07478267,0.46851189684074157,0.5315660969654691,True,0,solver_2_internvl3_8b
256,-0.7880503,0.33274948885129574,0.6682432432432432,True,0,solver_2_internvl3_8b
257,-1.3197662,0.24918012952229918,0.7577639751552795,False,1,solver_2_internvl3_8b
258,1.065246,0.6888923592249827,0.30718954248366015,False,1,solver_2_internvl3_8b
259,-0.3924549,0.4146262363927584,0.58578856152513,True,0,solver_2_internvl3_8b
260,-0.8893509,0.31992451550930545,0.6807675534234627,True,0,solver_2_internvl3_8b
261,0.10464169,0.5372697752572861,0.46254071661237783,True,0,solver_2_internvl3_8b
262,0.6760029,0.6214530498421795,0.37785588752196836,True,0,solver_2_internvl3_8b
263,0.30077267,0.5607125273066944,0.4390435123480988,False,1,solver_2_internvl3_8b
264,-0.18867978,0.4361390938300366,0.5641618497109827,True,0,solver_2_internvl3_8b
265,0.4384624,0.559672503645406,0.4400921658986175,False,1,solver_2_internvl3_8b
266,0.22401184,0.5572287599467022,0.4375,False,1,solver_2_internvl3_8b
267,0.33208764,0.5586444379219888,0.44103648863035433,False,1,solver_2_internvl3_8b
268,0.9827436,0.6766616130035091,0.32035398230088497,False,1,solver_2_internvl3_8b
269,0.78054607,0.6416868876300634,0.3382352941176471,True,0,solver_2_internvl3_8b
270,0.21250698,0.5370659581769426,0.45714285714285713,False,1,solver_2_internvl3_8b
271,0.6418991,0.61132087803367,0.38748627881448955,True,0,solver_2_internvl3_8b
272,-1.2089338,0.2672974329913338,0.7391304347826086,True,0,solver_2_internvl3_8b
273,1.1429769,0.7050560846665579,0.2926829268292683,False,1,solver_2_internvl3_8b
274,-0.21772775,0.423885207692306,0.5763546798029556,False,1,solver_2_internvl3_8b
275,0.47878456,0.5683715812768952,0.4309500489715965,False,1,solver_2_internvl3_8b
276,1.2477086,0.7342854780384054,0.26485436893203884,False,1,solver_2_internvl3_8b
277,0.011691585,0.49118563187698094,0.5088235294117647,False,1,solver_2_internvl3_8b
278,-0.18824798,0.45873338119476503,0.5413844996237773,True,0,solver_2_internvl3_8b
279,0.5725107,0.6115330431712214,0.38796296296296295,True,0,solver_2_internvl3_8b
280,0.5815852,0.6059092871903032,0.39325842696629215,False,1,solver_2_internvl3_8b
281,-0.8947114,0.3134784308635089,0.6872117400419288,False,1,solver_2_internvl3_8b
282,1.1909561,0.724803173055286,0.27436399217221136,False,1,solver_2_internvl3_8b
283,-0.27686432,0.44619936912318847,0.5539622641509434,False,1,solver_2_internvl3_8b
284,-0.6945065,0.35386945904358935,0.6466252909231963,True,0,solver_2_internvl3_8b
285,-0.76066136,0.34913971256527265,0.6514188903007201,True,0,solver_2_internvl3_8b
286,0.9044838,0.6639136410760061,0.3333333333333333,True,0,solver_2_internvl3_8b
287,-0.72797203,0.4297996191072254,0.6666666666666666,False,1,solver_2_internvl3_8b
288,0.099912465,0.5046444959542347,0.49522673031026254,True,0,solver_2_internvl3_8b
289,0.00052812696,0.5155787387508988,0.4843238184370613,True,0,solver_2_internvl3_8b
290,-0.76233184,0.34748104238673294,0.6530156366344005,False,1,solver_2_internvl3_8b
291,0.7342293,0.6328413285396581,0.36631716906946266,True,0,solver_2_internvl3_8b
292,-0.30488428,0.4339674201407787,0.5662599915860328,True,0,solver_2_internvl3_8b
293,-0.33573768,0.43414537771223827,0.5660592255125285,False,1,solver_2_internvl3_8b
294,0.14193271,0.49504378993515175,0.5,False,1,solver_2_internvl3_8b
295,-1.402322,0.2080903907889572,0.7929061784897025,True,0,solver_2_internvl3_8b
296,0.40489,0.5768991615085626,0.4117647058823529,False,1,solver_2_internvl3_8b
297,0.20144457,0.532804603530207,0.467046379170057,True,0,solver_2_internvl3_8b
298,-0.015504986,0.4698823417796535,0.530213539300318,False,1,solver_2_internvl3_8b
299,-0.080910444,0.49659461586302656,0.5,True,0,solver_2_internvl3_8b
300,0.011697084,0.4958378721566893,0.5041502839667977,True,0,solver_2_internvl3_8b
301,1.1909376,0.7152627294165986,0.2822966507177033,False,1,solver_2_internvl3_8b
302,0.609948,0.5948744685950913,0.4041916167664671,False,1,solver_2_internvl3_8b
303,1.2390487,0.687773673594191,0.29213483146067415,True,0,solver_2_internvl3_8b
304,-0.32695726,0.4386146793870107,0.5616020896821942,True,0,solver_2_internvl3_8b
305,-1.3339719,0.21975567846037292,0.7831050228310502,False,1,solver_2_internvl3_8b
306,-0.7385483,0.3257538829588109,0.6755186721991702,False,1,solver_2_internvl3_8b
307,1.3634636,0.7314496631986991,0.2675336739433349,True,0,solver_2_internvl3_8b
308,1.2921301,0.7251008372873237,0.27180232558139533,True,0,solver_2_internvl3_8b
309,-0.5840069,0.38933847934786747,0.6176470588235294,True,0,solver_2_internvl3_8b
310,0.66823506,0.6306623270424381,0.36875858909757214,False,1,solver_2_internvl3_8b
311,-0.0054349303,0.4902053425546362,0.5098039215686274,True,0,solver_2_internvl3_8b
312,-2.0355604,0.14171031803668843,0.8594420600858369,False,1,solver_2_internvl3_8b
313,0.20047909,0.5239173979262615,0.4444444444444444,False,1,solver_2_internvl3_8b
314,-0.72322774,0.3498333323154005,0.6506666666666666,False,1,solver_2_internvl3_8b
315,-1.183965,0.35885651411612807,0.7777777777777778,True,0,solver_2_internvl3_8b
316,1.099229,0.695154959563467,0.3020833333333333,False,1,solver_2_internvl3_8b
317,-0.42207447,0.40659374692520667,0.593939393939394,False,1,solver_2_internvl3_8b
318,0.044618756,0.487779784843829,0.5128205128205128,True,0,solver_2_internvl3_8b
319,0.0027438104,0.4844077787820559,0.5156195156195156,False,1,solver_2_internvl3_8b
320,-1.2483435,0.26059946101636666,0.7460815047021944,True,0,solver_2_internvl3_8b
321,-1.121298,0.2512158036753359,0.752542372881356,True,0,solver_2_internvl3_8b
322,0.37400973,0.6254337524321331,0.358974358974359,False,1,solver_2_internvl3_8b
323,-0.84210503,0.32126431468358263,0.6796511627906977,True,0,solver_2_internvl3_8b
324,0.88028324,0.6551044086521596,0.3423728813559322,False,1,solver_2_internvl3_8b
325,0.4098695,0.5824873902510531,0.4171899529042386,True,0,solver_2_internvl3_8b
326,0.17873834,0.5526829784316142,0.4470588235294118,False,1,solver_2_internvl3_8b
327,0.43070042,0.5874031939889968,0.41221033868092694,False,1,solver_2_internvl3_8b
328,-0.36339185,0.41931119286835705,0.5809859154929577,False,1,solver_2_internvl3_8b
329,1.1506382,0.7108444574178964,0.27710843373493976,True,0,solver_2_internvl3_8b
330,-0.29105273,0.4175803175507953,0.5834586466165413,False,1,solver_2_internvl3_8b
331,-0.06646237,0.45432736395449635,0.5460750853242321,True,0,solver_2_internvl3_8b
332,-0.4277797,0.3965237482976376,0.6037800687285223,True,0,solver_2_internvl3_8b
333,-0.14409614,0.4656539590329005,0.5344427244582043,True,0,solver_2_internvl3_8b
334,0.6925731,0.6020554565450229,0.39622641509433965,True,0,solver_2_internvl3_8b
335,0.3598367,0.5641693858275109,0.4355680449618627,False,1,solver_2_internvl3_8b
336,0.3210172,0.5658738458447046,0.43023255813953487,True,0,solver_2_internvl3_8b
337,-0.50750124,0.3868675355868453,0.6134992458521871,False,1,solver_2_internvl3_8b
338,1.2477547,0.7336067192034303,0.26537216828478966,False,1,solver_2_internvl3_8b
339,1.4244701,0.7300746430549542,0.26621160409556316,True,0,solver_2_internvl3_8b
340,-0.058415323,0.4709067720830179,0.5316455696202531,False,1,solver_2_internvl3_8b
341,0.23861967,0.5389646304744589,0.46077210460772106,True,0,solver_2_internvl3_8b
342,0.54531676,0.6067853114483532,0.3928444916755225,True,0,solver_2_internvl3_8b
343,-0.5279982,0.3644775775346898,0.6360686138154845,False,1,solver_2_internvl3_8b
344,-0.7900661,0.33385686515916857,0.6666666666666666,True,0,solver_2_internvl3_8b
345,0.14193279,0.49504378993515175,0.5,True,0,solver_2_internvl3_8b
346,-0.26086053,0.4453546975013377,0.5548446069469836,True,0,solver_2_internvl3_8b
347,-0.82039726,0.3386546532898328,0.6794871794871795,True,0,solver_2_internvl3_8b
348,-0.45508346,0.3895997102538399,0.6111553784860557,True,0,solver_2_internvl3_8b
349,-1.0866342,0.25814759201984383,0.7426722497145032,True,0,solver_2_internvl3_8b
350,-0.73380435,0.3342276345403321,0.6669322709163347,True,0,solver_2_internvl3_8b
351,1.1074435,0.700233706499841,0.2986478542034098,False,1,solver_2_internvl3_8b
352,0.9875413,0.6784017644806527,0.30935251798561153,True,0,solver_2_internvl3_8b
353,0.2827918,0.5393642313793985,0.4601571268237935,True,0,solver_2_internvl3_8b
354,0.4406168,0.5608889272521573,0.4384920634920635,True,0,solver_2_internvl3_8b
355,0.19312274,0.5217314034907897,0.4777327935222672,True,0,solver_2_internvl3_8b
356,0.6406952,0.6306656846397259,0.3620689655172414,False,1,solver_2_internvl3_8b
357,-0.36215362,0.4650513312181356,0.5714285714285714,True,0,solver_2_internvl3_8b
358,0.86357474,0.6577860481826849,0.3404255319148936,True,0,solver_2_internvl3_8b
359,0.12610176,0.502472003792776,0.49745331069609505,False,1,solver_2_internvl3_8b
360,-0.48804638,0.3976347159435839,0.6027027027027027,False,1,solver_2_internvl3_8b
361,0.45446345,0.5910115762055699,0.4085974815458098,False,1,solver_2_internvl3_8b
362,0.5644532,0.6043626036860019,0.39503252513305737,False,1,solver_2_internvl3_8b
363,-0.908968,0.28876647682305756,0.7119341563786008,True,0,solver_2_internvl3_8b
364,0.5877079,0.6096810260063528,0.38965087281795513,False,1,solver_2_internvl3_8b
365,1.0460759,0.6817333683988822,0.317481884057971,False,1,solver_2_internvl3_8b
366,-1.1471188,0.24468558564885812,0.7720588235294118,True,0,solver_2_internvl3_8b
367,-0.39192554,0.41219038586237244,0.5881326352530541,False,1,solver_2_internvl3_8b
368,-0.31368878,0.42870328694419135,0.5715528490648107,False,1,solver_2_internvl3_8b
369,-0.5804459,0.3797245203098498,0.6207354895879486,True,0,solver_2_internvl3_8b
370,-0.17439553,0.44769150042567396,0.5524549629106322,False,1,solver_2_internvl3_8b
371,0.57316566,0.6043134044172164,0.39528487229862475,False,1,solver_2_internvl3_8b
372,-0.52929497,0.3828456559226995,0.6175359032501889,False,1,solver_2_internvl3_8b
373,-0.24276498,0.4479379176520707,0.5522454424188529,False,1,solver_2_internvl3_8b
374,-0.3913329,0.4074816370839849,0.6025641025641025,True,0,solver_2_internvl3_8b
375,-0.10328904,0.4468293922871559,0.5536529680365296,False,1,solver_2_internvl3_8b
376,-0.7807981,0.3348116209117097,0.6658097686375322,False,1,solver_2_internvl3_8b
377,-0.17387992,0.46475875772113306,0.5360501567398119,True,0,solver_2_internvl3_8b
378,0.5424924,0.594613734446972,0.40396341463414637,False,1,solver_2_internvl3_8b
379,0.5738238,0.6062956319851958,0.3932938856015779,False,1,solver_2_internvl3_8b
380,0.43785918,0.5860943413868984,0.41332426920462273,True,0,solver_2_internvl3_8b
381,-0.8571209,0.33586580981054015,0.6724137931034483,True,0,solver_2_internvl3_8b
382,1.1193181,0.7013660262486006,0.2846715328467153,True,0,solver_2_internvl3_8b
383,-1.5925827,0.19758054153463833,0.8035714285714286,True,0,solver_2_internvl3_8b
384,0.55514014,0.6032428911533462,0.39622641509433965,True,0,solver_2_internvl3_8b
385,0.6353898,0.6135197501607599,0.38574283810792803,False,1,solver_2_internvl3_8b
386,0.09988259,0.48952200716520977,0.5105140186915887,False,1,solver_2_internvl3_8b
387,0.90663004,0.665019191098166,0.33212996389891697,False,1,solver_2_internvl3_8b
388,0.91654277,0.643670969393555,0.3539518900343643,True,0,solver_2_internvl3_8b
389,-0.1441373,0.45899000505714216,0.5411341853035144,True,0,solver_2_internvl3_8b
390,0.6764383,0.6224036715172392,0.37545126353790614,True,0,solver_2_internvl3_8b
391,0.29944742,0.5564593067333602,0.44333214158026457,False,1,solver_2_internvl3_8b
392,-0.18517435,0.4570719760008628,0.5430762291384754,False,1,solver_2_internvl3_8b
393,-0.114934325,0.474507518657439,0.5384615384615384,True,0,solver_2_internvl3_8b
394,-1.2982483,0.22393986311791403,0.7770088427527874,False,1,solver_2_internvl3_8b
395,0.79533815,0.6420491345691939,0.3507853403141361,True,0,solver_2_internvl3_8b
396,-1.6296146,0.1872691726968434,0.8141821946169773,True,0,solver_2_internvl3_8b
397,0.5014193,0.544141508776576,0.4166666666666667,False,1,solver_2_internvl3_8b
398,0.16751926,0.5048323752922304,0.4950592885375494,False,1,solver_2_internvl3_8b
399,0.4048782,0.5869916291094762,0.40804597701149425,False,1,solver_2_internvl3_8b
400,0.71331537,0.6054534093219259,0.38461538461538464,False,1,solver_2_internvl3_8b
401,-0.57861614,0.3988098464377412,0.6086956521739131,False,1,solver_2_internvl3_8b
402,0.1876609,0.5373501127645577,0.462472885032538,True,0,solver_2_internvl3_8b
403,-0.8024397,0.34830979390061556,0.6522923286427599,False,1,solver_2_internvl3_8b
404,0.32395998,0.551354559336567,0.4482213438735178,True,0,solver_2_internvl3_8b
405,-1.5038316,0.2049970601715274,0.7959044368600683,True,0,solver_2_internvl3_8b
406,-1.3460665,0.2175159661856293,0.7836696386672923,False,1,solver_2_internvl3_8b
407,0.28920275,0.5330161333418197,0.4636363636363636,False,1,solver_2_internvl3_8b
408,-0.9847908,0.32144162046200575,0.6916666666666667,False,1,solver_2_internvl3_8b
409,-0.24252799,0.43365122556590063,0.5665385958784491,True,0,solver_2_internvl3_8b
410,-1.6466936,0.19783648486864558,0.8033135089209855,True,0,solver_2_internvl3_8b
411,-0.31225517,0.4139586249684053,0.5872,True,0,solver_2_internvl3_8b
412,-0.028767139,0.48303899729736577,0.5170149253731343,False,1,solver_2_internvl3_8b
413,-0.5686616,0.35386705024084464,0.6467289719626168,True,0,solver_2_internvl3_8b
414,-1.6259731,0.18087824719473422,0.8214876033057851,True,0,solver_2_internvl3_8b
415,0.5178015,0.575197164914564,0.42392566782810687,False,1,solver_2_internvl3_8b
416,0.56449246,0.6032469103431177,0.39634146341463417,False,1,solver_2_internvl3_8b
417,0.056491673,0.5080005091605599,0.4919449901768173,True,0,solver_2_internvl3_8b
418,1.5156503,0.7285171973943858,0.24719101123595505,False,1,solver_2_internvl3_8b
419,0.70288527,0.6287293424057633,0.35294117647058826,True,0,solver_2_internvl3_8b
420,-1.3928,0.24113056637260732,0.7599099099099099,True,0,solver_2_internvl3_8b
421,-1.2002633,0.25220151777711464,0.7485815602836879,True,0,solver_2_internvl3_8b
422,-2.1341484,0.12745058261029718,0.8958333333333334,True,0,solver_2_internvl3_8b
423,0.6827825,0.6346518502662815,0.36478260869565216,False,1,solver_2_internvl3_8b
424,0.681628,0.6298906720946695,0.36937463471654003,False,1,solver_2_internvl3_8b
425,1.5063907,0.7860300479518212,0.1794871794871795,False,1,solver_2_internvl3_8b
426,0.77985096,0.6899038987067075,0.2875,False,1,solver_2_internvl3_8b
427,-0.01877755,0.4650513312181356,0.5714285714285714,False,1,solver_2_internvl3_8b
428,0.8729316,0.5615943656618139,0.3333333333333333,False,1,solver_2_internvl3_8b
429,-1.215625,0.339220714196801,0.7692307692307693,False,1,solver_2_internvl3_8b
430,1.0581008,0.6863524902826217,0.3107890499194847,False,1,solver_2_internvl3_8b
431,-0.8022624,0.32128842778560074,0.6799680766161214,False,1,solver_2_internvl3_8b
432,-0.5848037,0.36224447279302385,0.6391875746714456,False,1,solver_2_internvl3_8b
433,0.07629198,0.5041669216062665,0.49579158316633265,False,1,solver_2_internvl3_8b
434,0.67163914,0.6201020388407806,0.37920850561134084,True,0,solver_2_internvl3_8b
435,-0.23795259,0.45574051572719554,0.5444100751215201,True,0,solver_2_internvl3_8b
436,-1.1431551,0.27070078564857747,0.7302158273381295,True,0,solver_2_internvl3_8b
437,0.86817825,0.651669345526322,0.3470790378006873,False,1,solver_2_internvl3_8b
438,-0.5845746,0.3667383946943813,0.6336968785257616,True,0,solver_2_internvl3_8b
439,1.3227371,0.7391310809547926,0.25990626331487005,False,1,solver_2_internvl3_8b
440,-1.7625786,0.17308461671454756,0.8289473684210527,True,0,solver_2_internvl3_8b
441,-1.0982622,0.26881882567227455,0.7328063241106719,False,1,solver_2_internvl3_8b
442,1.0091763,0.7235455722961344,0.25,False,1,solver_2_internvl3_8b
443,0.21763472,0.5478768044905571,0.4491017964071856,True,0,solver_2_internvl3_8b
444,-0.42834082,0.45090580918304846,0.5531914893617021,False,1,solver_2_internvl3_8b
445,0.39522946,0.5722379422128212,0.42746536267318663,True,0,solver_2_internvl3_8b
446,0.24702476,0.537902864029886,0.46194225721784776,True,0,solver_2_internvl3_8b
447,0.051274583,0.47387017364316797,0.5280898876404494,False,1,solver_2_internvl3_8b
448,0.17079121,0.5223986237619892,0.4774980930587338,False,1,solver_2_internvl3_8b
449,-0.10811517,0.4727412361893115,0.5273243435060326,False,1,solver_2_internvl3_8b
450,0.16505721,0.5339913730468768,0.4632352941176471,False,1,solver_2_internvl3_8b
451,-1.4725507,0.22000159913189554,0.7810752688172043,True,0,solver_2_internvl3_8b
452,-1.05978,0.28590130185411144,0.7151826484018264,False,1,solver_2_internvl3_8b
453,0.08704306,0.5060762351806896,0.4938759383642829,True,0,solver_2_internvl3_8b
454,0.3909431,0.5649413537094043,0.43157894736842106,False,1,solver_2_internvl3_8b
455,1.0913054,0.6962837695484767,0.30035971223021585,False,1,solver_2_internvl3_8b
456,0.60834247,0.6143461665933387,0.3850635593220339,False,1,solver_2_internvl3_8b
457,-1.186762,0.2653165939821208,0.7355015673981191,True,0,solver_2_internvl3_8b
458,-0.8150805,0.3224915526315033,0.6855670103092784,True,0,solver_2_internvl3_8b
459,-0.9664234,0.29405709504654987,0.7068876229932677,False,1,solver_2_internvl3_8b
460,-0.8334788,0.3170743140909499,0.6834830684174154,True,0,solver_2_internvl3_8b
461,-0.8926388,0.31751668165556957,0.6830932524639879,True,0,solver_2_internvl3_8b
462,-1.170888,0.24580198919731955,0.7549759780370625,False,1,solver_2_internvl3_8b
463,0.018197536,0.4959126032987716,0.5040770941438102,False,1,solver_2_internvl3_8b
464,-1.5906484,0.19945396443636365,0.8016701461377871,True,0,solver_2_internvl3_8b
465,-0.42356548,0.40917310823933595,0.5911832946635731,True,0,solver_2_internvl3_8b
466,-0.45244625,0.3712413910119411,0.6306156405990017,True,0,solver_2_internvl3_8b
467,0.5675767,0.612631746354092,0.3866015352407537,True,0,solver_2_internvl3_8b
468,-1.0634379,0.2768182575399335,0.7242094349403836,False,1,solver_2_internvl3_8b
469,-0.715556,0.3528858157682879,0.647672901261418,True,0,solver_2_internvl3_8b
470,0.92035985,0.6656402346049831,0.33157894736842103,False,1,solver_2_internvl3_8b
471,0.59350586,0.6181582513386225,0.375,False,1,solver_2_internvl3_8b
472,-1.1607276,0.2679593671322914,0.7329113924050633,False,1,solver_2_internvl3_8b
473,-1.6042825,0.1975385786475743,0.8035938152946093,True,0,solver_2_internvl3_8b
474,0.28668264,0.5554152134301733,0.44424985405720957,False,1,solver_2_internvl3_8b
475,-0.143338,0.47783677412468717,0.5222222222222223,False,1,solver_2_internvl3_8b
476,0.50582564,0.5719188241016175,0.4272300469483568,False,1,solver_2_internvl3_8b
477,0.06970385,0.4956969923845197,0.5,True,0,solver_2_internvl3_8b
478,-0.39618334,0.40322597842532104,0.6010362694300518,True,0,solver_2_internvl3_8b
479,0.2685413,0.5578020083124711,0.4388888888888889,False,1,solver_2_internvl3_8b
480,-1.2948364,0.25232121730113166,0.7486176095278605,True,0,solver_2_internvl3_8b
481,0.954896,0.7172030641576692,0.2564102564102564,True,0,solver_2_internvl3_8b
482,-0.64253664,0.37108265549615016,0.632398753894081,False,1,solver_2_internvl3_8b
483,0.61319727,0.6210617422751092,0.3781398506449423,True,0,solver_2_internvl3_8b
484,0.25276214,0.52367839273885,0.4762235334953141,False,1,solver_2_internvl3_8b
485,-0.880587,0.32187234985106106,0.6788256227758007,False,1,solver_2_internvl3_8b
486,0.6004541,0.6196499539846299,0.3798165137614679,False,1,solver_2_internvl3_8b
487,0.56466603,0.6091025307373585,0.3900975243810953,True,0,solver_2_internvl3_8b
488,-1.4326257,0.21721100969105478,0.784325637910085,False,1,solver_2_internvl3_8b
489,0.24732958,0.5282658812810082,0.47145328719723184,False,1,solver_2_internvl3_8b
490,-0.8135965,0.31165660335828893,0.6897119341563785,True,0,solver_2_internvl3_8b
491,0.32034177,0.5752132166212394,0.4242828552368246,True,0,solver_2_internvl3_8b
492,-0.306295,0.40890190101669555,0.5914522058823529,False,1,solver_2_internvl3_8b
493,0.9498458,0.6814298798592477,0.3177947108919767,False,1,solver_2_internvl3_8b
494,0.14944574,0.52624378334002,0.4736464682681965,False,1,solver_2_internvl3_8b
495,1.0758369,0.7038408638494236,0.29533898305084744,False,1,solver_2_internvl3_8b
496,0.11846849,0.5208303448037936,0.4790502793296089,False,1,solver_2_internvl3_8b
497,-0.23517767,0.4210904673410254,0.5792220113851992,False,1,solver_2_internvl3_8b
498,0.5612043,0.605053234539497,0.39440337909186907,False,1,solver_2_internvl3_8b
499,0.14193279,0.49504378993515175,0.5,True,0,solver_2_internvl3_8b
500,1.7023333,0.7992992639078215,0.19961315280464217,False,1,solver_2_internvl3_8b
501,-1.3933781,0.21040888004257796,0.7908067542213884,False,1,solver_2_internvl3_8b
502,0.005804494,0.484926415550087,0.5150989239847276,False,1,solver_2_internvl3_8b
503,-1.0286433,0.30649637144773545,0.6942909760589319,False,1,solver_2_internvl3_8b
504,0.5685506,0.6162447223245843,0.3739130434782609,False,1,solver_2_internvl3_8b
505,-0.43633,0.41221033235041016,0.5881085738905644,False,1,solver_2_internvl3_8b
506,-0.45474032,0.4029616522169365,0.5973861720067454,True,0,solver_2_internvl3_8b
507,-0.5730815,0.35544178306000873,0.6451319381255687,False,1,solver_2_internvl3_8b
508,-1.3336443,0.23214254062122752,0.769276393831554,False,1,solver_2_internvl3_8b
509,-0.38142624,0.42053196177896446,0.5797613787008395,False,1,solver_2_internvl3_8b
510,-0.12010038,0.45792540155557027,0.5424528301886793,False,1,solver_2_internvl3_8b
511,-1.7503718,0.18447874039973822,0.8236994219653179,True,0,solver_2_internvl3_8b
512,0.19120538,0.5102517163007503,0.4878048780487805,False,1,solver_2_internvl3_8b
513,-0.09222242,0.480250183685633,0.5198019801980198,False,1,solver_2_internvl3_8b
514,-0.19393781,0.4478467809290234,0.5523978685612788,True,0,solver_2_internvl3_8b
515,0.34654534,0.5533809119713795,0.4457831325301205,True,0,solver_2_internvl3_8b
516,0.026640028,0.48973382639741947,0.5104166666666666,False,1,solver_2_internvl3_8b
517,-0.56434286,0.37797650070623023,0.6224846894138233,True,0,solver_2_internvl3_8b
518,0.20047912,0.5239173979262615,0.4444444444444444,False,1,solver_2_internvl3_8b
519,-0.60421157,0.38008233082259735,0.6203547297297297,True,0,solver_2_internvl3_8b
520,-0.094141245,0.4512881044051924,0.5488436313427684,True,0,solver_2_internvl3_8b
521,-0.2394225,0.46699577889397204,0.5350877192982456,True,0,solver_2_internvl3_8b
522,-0.3769931,0.4268744699550041,0.5733846812152332,True,0,solver_2_internvl3_8b
523,0.9314563,0.6787589822543085,0.3202725724020443,True,0,solver_2_internvl3_8b
524,0.13011053,0.583369498993519,0.4069767441860465,False,1,solver_2_internvl3_8b
525,0.002357781,0.4869966058785593,0.5130237825594564,False,1,solver_2_internvl3_8b
526,0.15604684,0.52151138862048,0.47835159102764735,False,1,solver_2_internvl3_8b
527,-1.0364577,0.2861048491472974,0.7146075854299662,True,0,solver_2_internvl3_8b
528,1.4841225,0.7504802622082549,0.24870107377900935,False,1,solver_2_internvl3_8b
529,-1.0754781,0.27329917104475066,0.7273986837547627,False,1,solver_2_internvl3_8b
530,-0.25732514,0.42106868683516774,0.5793184488836662,False,1,solver_2_internvl3_8b
531,0.809682,0.6490381160641578,0.34057971014492755,True,0,solver_2_internvl3_8b
532,0.09224443,0.518139220150418,0.4811320754716981,False,1,solver_2_internvl3_8b
533,-0.932443,0.29819594330098886,0.7024221453287197,False,1,solver_2_internvl3_8b
534,0.51326597,0.5826331066289456,0.4166666666666667,False,1,solver_2_internvl3_8b
535,0.4019344,0.5784880495656055,0.42105263157894735,True,0,solver_2_internvl3_8b
536,0.45203626,0.5829727437070122,0.4165103189493433,True,0,solver_2_internvl3_8b
537,1.0557873,0.6927821810224819,0.3050239234449761,False,1,solver_2_internvl3_8b
538,1.1972029,0.6849761936609576,0.2980769230769231,False,1,solver_2_internvl3_8b
539,-1.9037901,0.16075126731706268,0.8406055209260909,False,1,solver_2_internvl3_8b
540,-0.03846845,0.47823003378938944,0.521875,False,1,solver_2_internvl3_8b
541,1.4409136,0.7505885849194767,0.24580152671755726,False,1,solver_2_internvl3_8b
542,0.8245138,0.6265519398875732,0.37132987910189985,True,0,solver_2_internvl3_8b
543,1.056282,0.6916097299229587,0.30624263839811544,False,1,solver_2_internvl3_8b
544,-0.19848019,0.4717432497324219,0.5299145299145299,False,1,solver_2_internvl3_8b
545,0.44098985,0.5823997722118629,0.4172443674176776,False,1,solver_2_internvl3_8b
546,-0.6572064,0.3727228441688928,0.6280160857908847,False,1,solver_2_internvl3_8b
547,-0.007668704,0.48293136389247604,0.5170998632010944,True,0,solver_2_internvl3_8b
548,0.41734508,0.54874555066951,0.4,True,0,solver_2_internvl3_8b
549,0.021992534,0.48860948191528797,0.5114503816793893,True,0,solver_2_internvl3_8b
550,0.47350147,0.5799545944824711,0.41942945258288356,True,0,solver_2_internvl3_8b
551,-0.31801143,0.41799475472487335,0.5822472701655512,False,1,solver_2_internvl3_8b
552,0.32621655,0.5377486160654198,0.4618434093161546,True,0,solver_2_internvl3_8b
553,-1.1575123,0.25761083989116984,0.7438292194796531,False,1,solver_2_internvl3_8b
554,0.09290831,0.5242091062499485,0.4756637168141593,False,1,solver_2_internvl3_8b
555,0.27508837,0.5530925692502449,0.44658493870402804,False,1,solver_2_internvl3_8b
556,0.86803234,0.6359904944665524,0.35185185185185186,False,1,solver_2_internvl3_8b
557,-0.0069137216,0.4931208049551158,0.5068493150684932,False,1,solver_2_internvl3_8b
558,0.33132845,0.529591107371569,0.4666666666666667,False,1,solver_2_internvl3_8b
559,0.6799013,0.6340290290708636,0.36540962288686607,False,1,solver_2_internvl3_8b
560,1.0766463,0.6952999424644648,0.303603071470762,False,1,solver_2_internvl3_8b
561,-0.5799004,0.35971036495964803,0.6422764227642277,False,1,solver_2_internvl3_8b
562,0.33432162,0.5414071470842298,0.45454545454545453,True,0,solver_2_internvl3_8b
563,-0.10787588,0.4734214400435848,0.5266821345707656,False,1,solver_2_internvl3_8b
564,-0.44130525,0.39212846465971996,0.60859375,True,0,solver_2_internvl3_8b
565,0.3233276,0.5521409818018839,0.44751728472658703,False,1,solver_2_internvl3_8b
566,-1.8933777,0.17014506166978138,0.8312354312354312,False,1,solver_2_internvl3_8b
567,-1.3744643,0.2143760061165979,0.7867881548974943,True,0,solver_2_internvl3_8b
568,-1.0414658,0.3031278399784776,0.7092198581560284,True,0,solver_2_internvl3_8b
569,0.24462692,0.534108626465422,0.4650655021834061,False,1,solver_2_internvl3_8b
570,-0.40406653,0.4003004384971265,0.6002673796791443,False,1,solver_2_internvl3_8b
571,-0.28189346,0.4299619588768955,0.5703883495145631,False,1,solver_2_internvl3_8b
572,0.5792576,0.6025093693551684,0.3968253968253968,False,1,solver_2_internvl3_8b
573,0.43353224,0.5698638684265436,0.42902208201892744,False,1,solver_2_internvl3_8b
574,-0.41691658,0.4133195232206146,0.5870165745856354,True,0,solver_2_internvl3_8b
575,1.4766009,0.7573613299535236,0.239813736903376,False,1,solver_2_internvl3_8b
576,-0.051049888,0.47023092881338524,0.53,False,1,solver_2_internvl3_8b
577,-0.8938509,0.3083786259744098,0.692627824019025,False,1,solver_2_internvl3_8b
578,-0.19321343,0.4287593580654987,0.5777777777777777,True,0,solver_2_internvl3_8b
579,-0.9669957,0.3020102823115667,0.6987632508833922,False,1,solver_2_internvl3_8b
580,1.3545243,0.73557157561993,0.24817518248175183,False,1,solver_2_internvl3_8b
581,-1.4510288,0.2298161466480002,0.7717897538256819,True,0,solver_2_internvl3_8b
582,-0.3395773,0.4100448985230267,0.5908071748878924,False,1,solver_2_internvl3_8b
583,0.22655894,0.5340292018521807,0.4658266513936617,True,0,solver_2_internvl3_8b
584,-0.2755173,0.4271159653410709,0.5733652312599681,False,1,solver_2_internvl3_8b
585,-0.6342684,0.3680852450862435,0.6323644933228594,True,0,solver_2_internvl3_8b
586,1.3878443,0.7518398367180474,0.24676089517078917,False,1,solver_2_internvl3_8b
587,0.27994505,0.5619938341730224,0.437763309076982,False,1,solver_2_internvl3_8b
588,1.0139396,0.6929309674513986,0.3060171919770774,False,1,solver_2_internvl3_8b
589,0.5977372,0.6164717701439626,0.3829985987856142,False,1,solver_2_internvl3_8b
590,-0.3255454,0.4939973671279805,0.5058823529411764,False,1,solver_2_internvl3_8b
591,-0.27386287,0.4183421274751917,0.5822259136212624,False,1,solver_2_internvl3_8b
592,-0.43749806,0.4128441959183443,0.5874337623012869,False,1,solver_2_internvl3_8b
593,-0.63431203,0.4319844011877686,0.575,True,0,solver_2_internvl3_8b
594,-0.70888793,0.3624892018162341,0.6383121232417951,False,1,solver_2_internvl3_8b
595,0.2734727,0.5424995723030015,0.4566787003610108,False,1,solver_2_internvl3_8b
596,-0.17664185,0.4502056854450075,0.5499430307633878,False,1,solver_2_internvl3_8b
597,-0.080910474,0.49659461586302656,0.5,False,1,solver_2_internvl3_8b
598,1.5729362,0.7645877220902555,0.2222222222222222,True,0,solver_2_internvl3_8b
599,1.2709783,0.7264637686174287,0.27279053583855256,False,1,solver_2_internvl3_8b
600,0.20015255,0.5242567059402052,0.4755738669805768,True,0,solver_2_internvl3_8b
601,-0.6943681,0.3542798749178686,0.64625,True,0,solver_2_internvl3_8b
602,0.18830585,0.542200633830755,0.4550898203592814,False,1,solver_2_internvl3_8b
603,1.4462377,0.570944474728045,0.25,True,0,solver_2_internvl3_8b
604,0.28688738,0.5364504454290894,0.46320346320346323,False,1,solver_2_internvl3_8b
605,1.2105622,0.7279516541999529,0.2712127082526153,False,1,solver_2_internvl3_8b
606,0.14193274,0.49504378993515175,0.5,False,1,solver_2_internvl3_8b
607,-0.4288065,0.41815280936433274,0.585635359116022,False,1,solver_2_internvl3_8b
608,-1.1586304,0.4191431051422584,0.75,False,1,solver_2_internvl3_8b
609,0.29894614,0.5470239818762799,0.4526645768025078,False,1,solver_2_internvl3_8b
610,-0.5420215,0.3787121039550815,0.6216951788491446,True,0,solver_2_internvl3_8b
611,1.1053897,0.7048487680050143,0.2942982456140351,False,1,solver_2_internvl3_8b
612,-1.0863154,0.27295026769921793,0.72822910578609,True,0,solver_2_internvl3_8b
613,0.9233376,0.6637116097564909,0.328125,False,1,solver_2_internvl3_8b
614,-0.65416,0.36945791189989996,0.6309751434034416,True,0,solver_2_internvl3_8b
615,-0.41972885,0.41932557757121425,0.5809690091663029,False,1,solver_2_internvl3_8b
616,-0.94125175,0.3059065478733771,0.6946996466431096,False,1,solver_2_internvl3_8b
617,0.1557816,0.53147288762831,0.46836595357305416,False,1,solver_2_internvl3_8b
618,0.8837848,0.6688976598882692,0.32608695652173914,False,1,solver_2_internvl3_8b
619,0.9079108,0.6727525590062049,0.31736526946107785,False,1,solver_2_internvl3_8b
620,0.43792272,0.5759314677083772,0.4231678486997636,True,0,solver_2_internvl3_8b
621,-0.24919358,0.4457642701129054,0.56,True,0,solver_2_internvl3_8b
622,-0.64648724,0.35541342703011525,0.6452455590386625,True,0,solver_2_internvl3_8b
623,0.8424859,0.6650196383880718,0.3343677269200931,True,0,solver_2_internvl3_8b
624,0.65957415,0.6397435785407246,0.35966826713225664,True,0,solver_2_internvl3_8b
625,-0.37622717,0.3933902869786581,0.6069225496915696,False,1,solver_2_internvl3_8b
626,-0.125458,0.47030062557073404,0.5297805642633229,True,0,solver_2_internvl3_8b
627,0.35262424,0.5703440460194007,0.4293381037567084,True,0,solver_2_internvl3_8b
628,0.8252958,0.6604425851673521,0.3388505747126437,True,0,solver_2_internvl3_8b
629,-1.4914325,0.22096280904072574,0.7801024765157984,False,1,solver_2_internvl3_8b
630,-1.0656573,0.4032279559764077,0.7142857142857143,True,0,solver_2_internvl3_8b
631,0.20139891,0.5228333907990506,0.4767255216693419,True,0,solver_2_internvl3_8b
632,0.54505587,0.6055904880088779,0.38686131386861317,True,0,solver_2_internvl3_8b
633,0.07131006,0.5207992549522715,0.4777777777777778,True,0,solver_2_internvl3_8b
634,-1.8004621,0.1702884734211273,0.830752990851513,True,0,solver_2_internvl3_8b
635,-0.45617858,0.3981033694438707,0.6022181146025878,True,0,solver_2_internvl3_8b
636,-1.1600819,0.254052131084449,0.7472270869819031,True,0,solver_2_internvl3_8b
637,-0.8496491,0.3202204523807497,0.680377358490566,True,0,solver_2_internvl3_8b
638,0.0999558,0.5124469552387764,0.4874859917818454,True,0,solver_2_internvl3_8b
639,-0.47509363,0.3865839895598411,0.6137547759638764,False,1,solver_2_internvl3_8b
640,0.5371157,0.6136001736022354,0.3859275053304904,False,1,solver_2_internvl3_8b
641,1.0105718,0.6864911897665087,0.31238095238095237,True,0,solver_2_internvl3_8b
642,-0.003940612,0.48307932557031763,0.5169521146452289,True,0,solver_2_internvl3_8b
643,-0.7514782,0.318611515588175,0.6832369942196532,True,0,solver_2_internvl3_8b
644,-0.6748394,0.3656884799068376,0.6348008385744235,False,1,solver_2_internvl3_8b
645,-0.79907763,0.3318105742095243,0.6688283614353653,True,0,solver_2_internvl3_8b
646,-0.81402624,0.3319863323951243,0.6685779816513762,False,1,solver_2_internvl3_8b
647,0.94639504,0.6689183231189995,0.32762312633832974,True,0,solver_2_internvl3_8b
648,0.23134768,0.522193276740905,0.47435897435897434,True,0,solver_2_internvl3_8b
649,0.057524756,0.5133266739470184,0.4852941176470588,False,1,solver_2_internvl3_8b
650,-0.19402987,0.45791666186568614,0.5422053231939163,False,1,solver_2_internvl3_8b
651,-0.2854829,0.4225084730940374,0.5853658536585366,False,1,solver_2_internvl3_8b
652,-0.8621322,0.29488663256304704,0.7081260364842454,False,1,solver_2_internvl3_8b
653,-0.6385428,0.36928559180883613,0.6312384473197782,False,1,solver_2_internvl3_8b
654,-0.8893676,0.32360361838442064,0.68125,False,1,solver_2_internvl3_8b
655,-0.39297482,0.4167153043217996,0.5835789473684211,True,0,solver_2_internvl3_8b
656,-0.8444935,0.3254222886355054,0.6754587155963303,False,1,solver_2_internvl3_8b
657,-0.71894133,0.33457623629797817,0.6662756598240469,True,0,solver_2_internvl3_8b
658,0.074161366,0.5062082116847635,0.4937424303593056,False,1,solver_2_internvl3_8b
659,-0.75947034,0.3416135074891964,0.6589595375722543,False,1,solver_2_internvl3_8b
660,-5.3691845,0.29800487255263686,1.0,True,0,solver_2_internvl3_8b
661,1.4107836,0.7536484162651658,0.24492234169653523,False,1,solver_2_internvl3_8b
662,0.13862363,0.5246044394817084,0.4751921733053808,False,1,solver_2_internvl3_8b
663,1.0846019,0.7011334123052158,0.2874251497005988,False,1,solver_2_internvl3_8b
664,0.4045315,0.5530134669584251,0.4467760396795116,True,0,solver_2_internvl3_8b
665,-0.14630365,0.4579166136903001,0.5434782608695652,False,1,solver_2_internvl3_8b
666,-0.6000612,0.44189512898106087,0.5641025641025641,False,1,solver_2_internvl3_8b
667,0.566888,0.6054054222296007,0.39395807644882863,False,1,solver_2_internvl3_8b
668,-0.9702227,0.2804869659118734,0.7201772324471711,True,0,solver_2_internvl3_8b
669,0.349887,0.5454006139028955,0.4543795620437956,False,1,solver_2_internvl3_8b
670,0.8777914,0.6582240629833029,0.34123893805309735,True,0,solver_2_internvl3_8b
671,0.31239074,0.5737337994056837,0.41964285714285715,True,0,solver_2_internvl3_8b
672,-1.6195605,0.19210173845955247,0.8094962362478286,True,0,solver_2_internvl3_8b
673,-1.4127015,0.2250669687604473,0.7759795570698467,True,0,solver_2_internvl3_8b
674,0.5334705,0.6235411473907728,0.375889890840057,False,1,solver_2_internvl3_8b
675,0.071872115,0.5109948863285398,0.4889406286379511,True,0,solver_2_internvl3_8b
676,-0.2954484,0.42308561482067564,0.5771369006254343,False,1,solver_2_internvl3_8b
677,0.42868477,0.5829218196241887,0.4166204986149584,False,1,solver_2_internvl3_8b
678,0.29613012,0.5587165092894446,0.44105303319343764,False,1,solver_2_internvl3_8b
679,-2.084089,0.14437104576743642,0.8576972833117723,True,0,solver_2_internvl3_8b
680,1.3436629,0.5711124379569299,0.36363636363636365,True,0,solver_2_internvl3_8b
681,0.16308862,0.5149241898395558,0.48475120385232745,True,0,solver_2_internvl3_8b
682,-0.6692401,0.33875311431531396,0.6620610247553252,False,1,solver_2_internvl3_8b
683,-1.0055202,0.2733810893198252,0.7275747508305648,False,1,solver_2_internvl3_8b
684,0.94356585,0.6944166603728077,0.3044033184428845,False,1,solver_2_internvl3_8b
685,-0.53666663,0.397703957677888,0.6028645833333334,False,1,solver_2_internvl3_8b
686,-0.20715845,0.4535697595624052,0.5465983224603914,False,1,solver_2_internvl3_8b
687,-0.38713697,0.4112755003341889,0.5891608391608392,True,0,solver_2_internvl3_8b
688,-1.2705852,0.24969961515199945,0.7515923566878981,False,1,solver_2_internvl3_8b
689,-0.50118184,0.3977555722943361,0.6049382716049383,False,1,solver_2_internvl3_8b
690,-1.4902261,0.1985349804255786,0.8030480656506448,False,1,solver_2_internvl3_8b
691,-0.8235631,0.34494384565666647,0.6556776556776557,False,1,solver_2_internvl3_8b
692,-0.071980625,0.4809516702943527,0.5205479452054794,True,0,solver_2_internvl3_8b
693,0.3025902,0.5679258610163969,0.4260869565217391,True,0,solver_2_internvl3_8b
694,0.528648,0.65327511822122,0.32941176470588235,False,1,solver_2_internvl3_8b
695,-0.29000553,0.4284965153650878,0.5718617343844754,False,1,solver_2_internvl3_8b
696,-0.1511262,0.4650977448058956,0.5350019554165037,True,0,solver_2_internvl3_8b
697,-0.4183388,0.3990558239392108,0.6024518388791593,False,1,solver_2_internvl3_8b
698,1.0242246,0.680559523302964,0.29411764705882354,False,1,solver_2_internvl3_8b
699,1.1079978,0.6713184082949011,0.3076923076923077,False,1,solver_2_internvl3_8b
700,-1.2691166,0.24233205067761276,0.7590290112492599,False,1,solver_2_internvl3_8b
701,0.46617416,0.5834019752511168,0.4159362549800797,True,0,solver_2_internvl3_8b
702,0.86492825,0.6651758694403261,0.3253012048192771,True,0,solver_2_internvl3_8b
703,0.96043015,0.6483760803635171,0.3333333333333333,False,1,solver_2_internvl3_8b
704,-0.25063583,0.42289157272882816,0.5774811375507836,False,1,solver_2_internvl3_8b
705,0.13108519,0.4953228082966379,0.5046511627906977,True,0,solver_2_internvl3_8b
706,-0.32252386,0.44125749691673444,0.5590604026845638,False,1,solver_2_internvl3_8b
707,-0.4922944,0.39379258426484065,0.6066079295154185,True,0,solver_2_internvl3_8b
708,0.50824654,0.6495539004468047,0.3333333333333333,False,1,solver_2_internvl3_8b
709,1.0713612,0.701678817658051,0.297423887587822,False,1,solver_2_internvl3_8b
710,-1.0801355,0.26168643709685446,0.7392906494702902,False,1,solver_2_internvl3_8b
711,1.066148,0.6981273451705582,0.30069052102950405,True,0,solver_2_internvl3_8b
712,-0.0957931,0.4652083017668618,0.5349959774738536,False,1,solver_2_internvl3_8b
713,-0.76613927,0.3307587526783047,0.6724890829694323,False,1,solver_2_internvl3_8b
714,-0.49884197,0.395983204098159,0.6044003451251079,False,1,solver_2_internvl3_8b
715,-0.20164216,0.47198039695166216,0.5454545454545454,True,0,solver_2_internvl3_8b
716,-0.072544396,0.4692318565401523,0.5309139784946236,False,1,solver_2_internvl3_8b
717,-0.3810136,0.4171184843542902,0.583284968078932,True,0,solver_2_internvl3_8b
718,1.910498,0.8116643557791183,0.1838905775075988,False,1,solver_2_internvl3_8b
719,0.76437914,0.6142892742484849,0.375,False,1,solver_2_internvl3_8b
720,0.52746993,0.5702217834558785,0.42857142857142855,False,1,solver_2_internvl3_8b
721,-0.44654557,0.396002910240308,0.604526503871352,False,1,solver_2_internvl3_8b
722,0.06970388,0.4956969923845197,0.5,False,1,solver_2_internvl3_8b
723,-0.54495513,0.37021608185677646,0.631578947368421,True,0,solver_2_internvl3_8b
724,0.14375809,0.5244357265477009,0.4714285714285714,False,1,solver_2_internvl3_8b
725,0.6853364,0.6097086944640717,0.38922155688622756,False,1,solver_2_internvl3_8b
726,1.173545,0.7159413727565618,0.277602523659306,False,1,solver_2_internvl3_8b
727,-1.1757166,0.24502717469275592,0.7557540364136036,True,0,solver_2_internvl3_8b
728,-0.51238596,0.42874696809540624,0.5773195876288659,True,0,solver_2_internvl3_8b
729,1.4832225,0.7491276753678473,0.24976437323279924,False,1,solver_2_internvl3_8b
730,-1.1586304,0.4191431051422584,0.75,True,0,solver_2_internvl3_8b
731,-1.3043845,0.23658269229846018,0.7648104265402843,False,1,solver_2_internvl3_8b
732,0.3482759,0.5694233409259921,0.4302771855010661,False,1,solver_2_internvl3_8b
733,-1.8339313,0.18606038168105077,0.8470588235294118,True,0,solver_2_internvl3_8b
734,1.1530043,0.7188067562628361,0.27978216473791695,False,1,solver_2_internvl3_8b
735,-0.3913087,0.4251621602261424,0.5751091703056769,True,0,solver_2_internvl3_8b
736,0.058805242,0.4965113734066292,0.5034770514603616,True,0,solver_2_internvl3_8b
737,-0.019547403,0.48826301407414985,0.5117691723614275,True,0,solver_2_internvl3_8b
738,-0.4173675,0.4110670732404458,0.5892179195140471,False,1,solver_2_internvl3_8b
739,-0.67317593,0.37408060839950874,0.632183908045977,True,0,solver_2_internvl3_8b
740,-0.017009228,0.4852450706777689,0.5147833130822195,False,1,solver_2_internvl3_8b
741,-0.94120526,0.2917510343784875,0.7111459968602826,False,1,solver_2_internvl3_8b
742,-1.5591831,0.2043899129376513,0.7966432474629196,True,0,solver_2_internvl3_8b
743,1.2018231,0.7234730526415067,0.26436781609195403,True,0,solver_2_internvl3_8b
744,-0.24773613,0.4481155516074311,0.552073732718894,False,1,solver_2_internvl3_8b
745,0.47236282,0.6006959281286792,0.398923904688701,False,1,solver_2_internvl3_8b
746,0.6311033,0.606048390158545,0.39236641221374047,False,1,solver_2_internvl3_8b
747,-0.37694582,0.4104271771395318,0.5929203539823009,False,1,solver_2_internvl3_8b
748,0.47990674,0.5883006998920168,0.4112394957983193,False,1,solver_2_internvl3_8b
749,0.3076698,0.5666876718551763,0.4330590875093493,False,1,solver_2_internvl3_8b
750,-0.07856986,0.47199034522789973,0.5281231497927767,True,0,solver_2_internvl3_8b
751,-1.1122717,0.2764645646915639,0.7243697478991596,False,1,solver_2_internvl3_8b
752,1.6317817,0.7468272481468712,0.23076923076923078,False,1,solver_2_internvl3_8b
753,-1.1170365,0.2823025426855521,0.718544498027181,True,0,solver_2_internvl3_8b
754,0.014145926,0.5009145534296773,0.49905767056162836,True,0,solver_2_internvl3_8b
755,0.27608562,0.553921014713503,0.445821854912764,False,1,solver_2_internvl3_8b
756,-0.42655727,0.3955750561680066,0.6057838660578386,False,1,solver_2_internvl3_8b
757,1.4462377,0.570944474728045,0.25,False,1,solver_2_internvl3_8b
758,-0.63916445,0.3634441100541129,0.6369789811186319,False,1,solver_2_internvl3_8b
759,0.65171456,0.6218596077288348,0.3695652173913043,True,0,solver_2_internvl3_8b
760,-0.72854865,0.4297996191072254,0.6666666666666666,True,0,solver_2_internvl3_8b
761,0.6047014,0.5950944480209848,0.40458015267175573,False,1,solver_2_internvl3_8b
762,1.1447667,0.7123071969917185,0.28662420382165604,False,1,solver_2_internvl3_8b
763,-0.013588756,0.47291543542353964,0.5288461538461539,True,0,solver_2_internvl3_8b
764,-0.6699852,0.34829195499388577,0.6521591295477729,False,1,solver_2_internvl3_8b
765,0.116688564,0.49929918386994676,0.5,False,1,solver_2_internvl3_8b
766,0.5638258,0.5914729142699335,0.4079952968841858,True,0,solver_2_internvl3_8b
767,-0.11843163,0.48292832105617356,0.5171102661596958,False,1,solver_2_internvl3_8b
768,-0.3486158,0.3971465830681099,0.6031866464339909,True,0,solver_2_internvl3_8b
769,0.6476409,0.6286537937091243,0.3708609271523179,False,1,solver_2_internvl3_8b
770,0.07982676,0.4982334355763095,0.5017381228273464,False,1,solver_2_internvl3_8b
771,1.0143124,0.6716622384318242,0.3055555555555556,True,0,solver_2_internvl3_8b
772,-1.0854756,0.2604955451469736,0.7404718693284936,False,1,solver_2_internvl3_8b
773,0.1041401,0.48405605459321677,0.5168539325842697,True,0,solver_2_internvl3_8b
774,0.9120846,0.6378950482549041,0.345679012345679,False,1,solver_2_internvl3_8b
775,0.56884545,0.6562622251172807,0.325,False,1,solver_2_internvl3_8b
776,0.11385092,0.5082717074544807,0.491640866873065,False,1,solver_2_internvl3_8b
777,1.161464,0.7026928803242904,0.2942122186495177,True,0,solver_2_internvl3_8b
778,-0.67323816,0.3338664290922744,0.667828106852497,True,0,solver_2_internvl3_8b
779,-0.677745,0.3597088670437081,0.6439169139465876,False,1,solver_2_internvl3_8b
780,0.5205673,0.6025053726658844,0.3943217665615142,True,0,solver_2_internvl3_8b
781,-0.39912614,0.4061592993028086,0.5941470927993839,False,1,solver_2_internvl3_8b
782,-0.38938996,0.4036568963703949,0.5969912905779889,False,1,solver_2_internvl3_8b
783,0.44177386,0.5680320197000284,0.42857142857142855,True,0,solver_2_internvl3_8b
784,1.9090279,0.8094204693235189,0.18421052631578946,False,1,solver_2_internvl3_8b
785,0.086202994,0.5198085463611952,0.48008565310492507,False,1,solver_2_internvl3_8b
786,-0.95728576,0.30047128477752794,0.7001862197392924,True,0,solver_2_internvl3_8b
787,-0.5621432,0.3903763556249634,0.6100302637267618,False,1,solver_2_internvl3_8b
788,-0.782518,0.33824933761495624,0.6622976098689283,True,0,solver_2_internvl3_8b
789,0.6724113,0.6315968728139008,0.36787349146899706,False,1,solver_2_internvl3_8b
790,-0.21188134,0.4537598358169357,0.5463875205254516,True,0,solver_2_internvl3_8b
791,-1.9982508,0.14920952186441938,0.8521777386713595,True,0,solver_2_internvl3_8b
792,1.143533,0.7109466435193579,0.2878228782287823,True,0,solver_2_internvl3_8b
793,0.85065067,0.6614883959318412,0.32941176470588235,False,1,solver_2_internvl3_8b
794,0.10550332,0.5119156675043265,0.48801571709233793,False,1,solver_2_internvl3_8b
795,-0.036803007,0.48821201519349766,0.5118074477747502,False,1,solver_2_internvl3_8b
796,-0.139873,0.46999970251182355,0.5314685314685315,False,1,solver_2_internvl3_8b
797,0.7537005,0.6508875344806102,0.336283185840708,False,1,solver_2_internvl3_8b
798,-0.9936147,0.3085037604001478,0.6926121372031663,False,1,solver_2_internvl3_8b
799,0.5635259,0.5833622157962801,0.4090909090909091,True,0,solver_2_internvl3_8b
800,0.71681017,0.6391974557292192,0.360198108959928,False,1,solver_2_internvl3_8b
801,0.9030013,0.6495301308832518,0.3490838958534233,True,0,solver_2_internvl3_8b
802,-1.3469594,0.21806680591351713,0.7828038674033149,True,0,solver_2_internvl3_8b
803,-1.0144991,0.30161156114362175,0.6991416309012876,False,1,solver_2_internvl3_8b
804,-0.90740323,0.3132120274202319,0.6874739908447773,False,1,solver_2_internvl3_8b
805,-0.36043593,0.42472455763459915,0.5755627009646302,True,0,solver_2_internvl3_8b
806,0.2626355,0.5250498413907128,0.47480988593155893,True,0,solver_2_internvl3_8b
807,-1.2663138,0.26454857305659185,0.75,True,0,solver_2_internvl3_8b
808,0.07989745,0.5046417302829787,0.4953161592505855,False,1,solver_2_internvl3_8b
809,-1.6227301,0.19307050338060705,0.8079301564205166,True,0,solver_2_internvl3_8b
810,0.14193282,0.49504378993515175,0.5,False,1,solver_2_internvl3_8b
811,-1.0982256,0.27854058315399244,0.7225661226786719,True,0,solver_2_internvl3_8b
812,-0.017325222,0.47630862087813697,0.5256410256410257,False,1,solver_2_internvl3_8b
813,-1.0317414,0.2870541107097019,0.7136481963555225,True,0,solver_2_internvl3_8b
814,-0.86366117,0.31850308788637993,0.6826056826056826,True,0,solver_2_internvl3_8b
815,-1.2930071,0.22655389873492782,0.774281805745554,False,1,solver_2_internvl3_8b
816,-0.09848297,0.48347268584664627,0.516564952048823,True,0,solver_2_internvl3_8b
817,-0.2369633,0.4543934310573109,0.5507246376811594,True,0,solver_2_internvl3_8b
818,1.6646111,0.7812589773557349,0.21645021645021645,False,1,solver_2_internvl3_8b
819,-0.07898259,0.47057657578320944,0.5295013323182337,False,1,solver_2_internvl3_8b
820,0.7079474,0.6202876675997913,0.37902753368482717,False,1,solver_2_internvl3_8b
821,0.17022714,0.5895640177839242,0.4,False,1,solver_2_internvl3_8b
822,0.97612953,0.6775883897497861,0.3204225352112676,False,1,solver_2_internvl3_8b
823,-0.6391082,0.3563751313105058,0.6443538998835856,True,0,solver_2_internvl3_8b
824,1.1169369,0.6932722843968496,0.3058769088385007,False,1,solver_2_internvl3_8b
825,-2.3224623,0.1130570262024132,0.8883836295990079,False,1,solver_2_internvl3_8b
826,0.34134385,0.5743077584303286,0.42536327608982827,False,1,solver_2_internvl3_8b
827,0.5202741,0.5898706863780319,0.408207343412527,False,1,solver_2_internvl3_8b
828,-2.1715386,0.12725662764713563,0.8739346590909091,True,0,solver_2_internvl3_8b
829,-0.56017697,0.37904797431984305,0.6215316315205327,True,0,solver_2_internvl3_8b
830,-0.08535212,0.4868924404758268,0.5131304710295956,True,0,solver_2_internvl3_8b
831,-0.744593,0.34578872220938206,0.6547256097560976,True,0,solver_2_internvl3_8b
832,0.14193279,0.49504378993515175,0.5,False,1,solver_2_internvl3_8b
833,0.3717062,0.5745968766143028,0.4251152073732719,True,0,solver_2_internvl3_8b
834,0.13001387,0.5193557993897733,0.4805414551607445,False,1,solver_2_internvl3_8b
835,-0.8859129,0.3053632659692971,0.6959511077158136,True,0,solver_2_internvl3_8b
836,0.004821092,0.48417317227785817,0.515854074326628,True,0,solver_2_internvl3_8b
837,-0.54121697,0.37574920737958417,0.6248062015503876,False,1,solver_2_internvl3_8b
838,0.38342857,0.5524147518219416,0.44733178654292344,False,1,solver_2_internvl3_8b
839,0.33896413,0.5679478876027888,0.42990654205607476,False,1,solver_2_internvl3_8b
840,-0.005298525,0.49421260196658556,0.5057803468208093,False,1,solver_2_internvl3_8b
841,-5.3703866,0.34324242034936503,1.0,True,0,solver_2_internvl3_8b
842,0.8539802,0.6470241448314913,0.3333333333333333,False,1,solver_2_internvl3_8b
843,0.79776883,0.6942607362262851,0.28205128205128205,False,1,solver_2_internvl3_8b
844,-0.10851073,0.46155858106264025,0.5385435168738899,True,0,solver_2_internvl3_8b
845,-0.7966744,0.31551849264584886,0.6858594411515665,False,1,solver_2_internvl3_8b
846,1.3597108,0.7460284940111108,0.25251256281407036,False,1,solver_2_internvl3_8b
847,-5.3703866,0.34324242034936503,1.0,True,0,solver_2_internvl3_8b
848,-0.52096725,0.3628099713799784,0.6385681293302541,False,1,solver_2_internvl3_8b
849,0.6634947,0.6293958337828971,0.3700319780721791,False,1,solver_2_internvl3_8b
850,0.1063412,0.5122311425712438,0.4876984126984127,True,0,solver_2_internvl3_8b
851,0.528648,0.65327511822122,0.32941176470588235,True,0,solver_2_internvl3_8b
852,0.07764271,0.5145444296952604,0.4853700516351119,False,1,solver_2_internvl3_8b
853,-0.32930627,0.4002921916364972,0.6007025761124122,False,1,solver_2_internvl3_8b
854,0.53008324,0.5883242235020131,0.4,False,1,solver_2_internvl3_8b
855,-1.2008328,0.2415301159372848,0.7592529711375212,True,0,solver_2_internvl3_8b
856,1.2818174,0.7275334677233487,0.2717241379310345,True,0,solver_2_internvl3_8b
857,1.4627544,0.7494495951361914,0.23809523809523808,False,1,solver_2_internvl3_8b
858,0.19465575,0.5317171946792958,0.4681372549019608,True,0,solver_2_internvl3_8b
859,0.0020325482,0.48907082284122083,0.5109430959013131,True,0,solver_2_internvl3_8b
861,-0.23233965,0.5098208592786573,0.4883720930232558,True,0,solver_2_internvl3_8b
862,0.27404845,0.5406248100033217,0.4592198581560284,True,0,solver_2_internvl3_8b
863,-1.5254444,0.19252618230800578,0.8087112707678491,False,1,solver_2_internvl3_8b
864,-0.1400381,0.4759942372034558,0.5248618784530387,True,0,solver_2_internvl3_8b
865,1.2322574,0.6993262576088266,0.29743589743589743,False,1,solver_2_internvl3_8b
866,-0.47006354,0.36901628067589576,0.6329331046312179,False,1,solver_2_internvl3_8b
867,-1.3628222,0.22610647234878822,0.7747404844290657,False,1,solver_2_internvl3_8b
868,0.31202468,0.5543569602379002,0.4454183266932271,False,1,solver_2_internvl3_8b
869,0.65391517,0.6124840321231474,0.3857374392220421,True,0,solver_2_internvl3_8b
870,0.3538818,0.5653375715153527,0.43427230046948356,False,1,solver_2_internvl3_8b
871,-0.18023735,0.43900891127195896,0.5614186851211073,True,0,solver_2_internvl3_8b
872,-0.17762664,0.4317451043317866,0.5687984496124031,True,0,solver_2_internvl3_8b
873,0.770085,0.6263304172414815,0.3732075471698113,False,1,solver_2_internvl3_8b
874,0.6109809,0.5857477652077422,0.41278065630397237,False,1,solver_2_internvl3_8b
875,0.9211376,0.6722646046616698,0.3267504488330341,True,0,solver_2_internvl3_8b
876,0.28109556,0.6069995965671109,0.379746835443038,True,0,solver_2_internvl3_8b
877,0.0028959215,0.4858095511272843,0.5142314990512334,True,0,solver_2_internvl3_8b
878,0.9887222,0.6921041661022642,0.3066104078762307,False,1,solver_2_internvl3_8b
879,1.376676,0.7488374778148021,0.24968553459119497,False,1,solver_2_internvl3_8b
880,-0.01157397,0.5066003625103825,0.49331550802139035,False,1,solver_2_internvl3_8b
881,-1.6991864,0.17866084290308304,0.8224125093075205,True,0,solver_2_internvl3_8b
882,0.8034767,0.6571830349441465,0.3421623968736431,False,1,solver_2_internvl3_8b
883,0.977327,0.6841049003258093,0.30538922155688625,False,1,solver_2_internvl3_8b
884,-0.32378325,0.4133069013455092,0.5878594249201278,True,0,solver_2_internvl3_8b
885,-0.120863944,0.4634343018021094,0.5366705471478463,False,1,solver_2_internvl3_8b
886,0.95225716,0.6634886902057978,0.3150684931506849,False,1,solver_2_internvl3_8b
887,0.2260904,0.5337467139375354,0.46611132146914047,False,1,solver_2_internvl3_8b
888,0.8112856,0.6164725069438499,0.3707865168539326,False,1,solver_2_internvl3_8b
889,-0.7251631,0.3561330640952167,0.6443974630021142,False,1,solver_2_internvl3_8b
890,0.106539905,0.5186721588100482,0.4812353401094605,False,1,solver_2_internvl3_8b
891,0.538127,0.5954932719108295,0.4039287906691222,False,1,solver_2_internvl3_8b
892,0.0029531717,0.5553372043490002,0.4375,True,0,solver_2_internvl3_8b
893,0.06253956,0.5665510955454758,0.425,False,1,solver_2_internvl3_8b
894,-1.1311358,0.2603180143654814,0.7421602787456446,False,1,solver_2_internvl3_8b
895,0.36608952,0.576257657789568,0.41916167664670656,True,0,solver_2_internvl3_8b
896,-0.9319154,0.31119749265730223,0.6895213454075032,True,0,solver_2_internvl3_8b
897,0.20047915,0.5239173979262615,0.4444444444444444,False,1,solver_2_internvl3_8b
898,-0.10876864,0.473716860370326,0.5263644773358002,False,1,solver_2_internvl3_8b
899,-0.9913801,0.29858664362358955,0.7228915662650602,True,0,solver_2_internvl3_8b
900,-1.0454047,0.29592158863702656,0.7097791798107256,False,1,solver_2_internvl3_8b
901,-0.34080347,0.43081845360972404,0.5709779179810726,False,1,solver_2_internvl3_8b
902,0.40028805,0.5666848531445712,0.4327764518695306,True,0,solver_2_internvl3_8b
903,0.6090962,0.6135291236914328,0.385793018983466,True,0,solver_2_internvl3_8b
904,0.99372053,0.6890405788778519,0.3101409731696226,False,1,solver_2_internvl3_8b
905,0.68673575,0.5306665222896011,0.4,True,0,solver_2_internvl3_8b
906,0.7289609,0.6182316808203714,0.3806193806193806,True,0,solver_2_internvl3_8b
907,-1.8010758,0.15753912072476173,0.8442622950819673,False,1,solver_2_internvl3_8b
908,-0.8630142,0.32089372076896505,0.6798051372896369,False,1,solver_2_internvl3_8b
909,-0.01914829,0.47155203278454816,0.5308641975308642,False,1,solver_2_internvl3_8b
910,-0.30779466,0.4010921629781544,0.6003401360544217,False,1,solver_2_internvl3_8b
911,-0.76068354,0.3311282971623505,0.6693739424703892,True,0,solver_2_internvl3_8b
912,-0.4681565,0.3900312926521534,0.6103216155572176,False,1,solver_2_internvl3_8b
913,0.8399608,0.6455867485094532,0.35359438924605496,False,1,solver_2_internvl3_8b
914,-0.6373222,0.3395108406387577,0.6610299769408148,False,1,solver_2_internvl3_8b
915,0.5403274,0.6067767691669415,0.389937106918239,False,1,solver_2_internvl3_8b
916,0.13740483,0.5129722495234845,0.48690396239086636,True,0,solver_2_internvl3_8b
917,0.28187796,0.543052094047616,0.45614035087719296,True,0,solver_2_internvl3_8b
918,0.61810845,0.6081604102315932,0.3862433862433862,False,1,solver_2_internvl3_8b
919,0.50425076,0.586576294255643,0.4121212121212121,False,1,solver_2_internvl3_8b
920,-0.32353792,0.4030007846864989,0.5973843998131714,False,1,solver_2_internvl3_8b
921,-0.6166017,0.3684339571339409,0.6319689484827099,False,1,solver_2_internvl3_8b
922,-0.9539858,0.29534353915917166,0.7052775873886223,False,1,solver_2_internvl3_8b
923,-0.738551,0.3412449192074618,0.6593227254181967,False,1,solver_2_internvl3_8b
924,-2.802521,0.07810242067828266,0.9234972677595629,True,0,solver_2_internvl3_8b
925,1.3457246,0.7393873249038778,0.2469879518072289,True,0,solver_2_internvl3_8b
926,-0.5118556,0.3927156817061922,0.6076388888888888,True,0,solver_2_internvl3_8b
927,-0.40527627,0.3908078354956175,0.6097417840375586,False,1,solver_2_internvl3_8b
928,-1.7359681,0.36390224582993114,0.8333333333333334,False,1,solver_2_internvl3_8b
929,0.57062507,0.6137987079655596,0.3795180722891566,True,0,solver_2_internvl3_8b
930,-0.14594442,0.4401989707117179,0.5882352941176471,True,0,solver_2_internvl3_8b
931,2.0790637,0.8377414137386373,0.16039952996474735,False,1,solver_2_internvl3_8b
932,0.70298004,0.6403719684936213,0.35906040268456374,False,1,solver_2_internvl3_8b
933,-1.1935544,0.2589743484022098,0.7425191370911621,False,1,solver_2_internvl3_8b
934,0.06328373,0.5046517033405773,0.495304205798285,False,1,solver_2_internvl3_8b
935,0.15299919,0.5138577155360301,0.4860302677532014,False,1,solver_2_internvl3_8b
936,1.2390487,0.687773673594191,0.29213483146067415,True,0,solver_2_internvl3_8b
937,0.17663456,0.5081154805498704,0.49056603773584906,False,1,solver_2_internvl3_8b
938,-1.0068071,0.291282231054353,0.709411323584552,True,0,solver_2_internvl3_8b
939,-0.53940904,0.39214313142462764,0.6082047421904403,False,1,solver_2_internvl3_8b
940,-0.10766062,0.47455748962916067,0.5277777777777778,False,1,solver_2_internvl3_8b
941,-0.75444543,0.3393307236606141,0.6611842105263158,True,0,solver_2_internvl3_8b
942,0.31264544,0.5375265258067743,0.45871559633027525,False,1,solver_2_internvl3_8b
943,-0.25465384,0.4336763018159737,0.5665284583490389,False,1,solver_2_internvl3_8b
944,2.2506933,0.840278356860576,0.14285714285714285,False,1,solver_2_internvl3_8b
945,0.3883947,0.5773321226000034,0.42233632862644416,False,1,solver_2_internvl3_8b
946,0.11547032,0.5369019950653093,0.4594594594594595,True,0,solver_2_internvl3_8b
947,-0.45703307,0.3844823723989933,0.617124394184168,True,0,solver_2_internvl3_8b
0,0.29564267,0.5563363474744464,0.44345661450924606,False,1,solver_3_smolvlm2_2b
1,0.23829542,0.45403264350395045,0.5714285714285714,False,1,solver_3_smolvlm2_2b
2,0.5755465,0.6143043433898776,0.3852140077821012,True,0,solver_3_smolvlm2_2b
3,-1.62354,0.19227474362944952,0.8087574850299402,True,0,solver_3_smolvlm2_2b
4,0.55871004,0.5980254150508215,0.4014084507042254,False,1,solver_3_smolvlm2_2b
5,1.8047155,0.8056783533535783,0.1908763505402161,False,1,solver_3_smolvlm2_2b
6,-0.11786091,0.4715921690343269,0.5285215366705471,False,1,solver_3_smolvlm2_2b
7,0.92814016,0.6368442688439473,0.34831460674157305,True,0,solver_3_smolvlm2_2b
8,0.52302426,0.6076266501256392,0.3919209282337774,False,1,solver_3_smolvlm2_2b
9,0.74300456,0.6351257879867206,0.36330935251798563,False,1,solver_3_smolvlm2_2b
10,0.53735054,0.5973546195105645,0.4020356234096692,False,1,solver_3_smolvlm2_2b
11,0.21357839,0.5414804759918688,0.45831414094887146,True,0,solver_3_smolvlm2_2b
12,0.6077826,0.6002439459013778,0.3991769547325103,True,0,solver_3_smolvlm2_2b
13,-0.89076626,0.30478618738229024,0.6965845909451946,False,1,solver_3_smolvlm2_2b
14,-0.78308773,0.3326283763820571,0.6682380671773719,False,1,solver_3_smolvlm2_2b
15,0.14193279,0.49504378993515175,0.5,False,1,solver_3_smolvlm2_2b
16,-0.41838428,0.4168251477991739,0.5834782608695652,False,1,solver_3_smolvlm2_2b
17,0.4098505,0.5699211871191294,0.42924528301886794,False,1,solver_3_smolvlm2_2b
18,0.94441855,0.681669518295702,0.3175333640128854,False,1,solver_3_smolvlm2_2b
19,-0.5949048,0.36484945124794566,0.6355869242199108,False,1,solver_3_smolvlm2_2b
20,-0.5247685,0.3668170298803429,0.6338605741066198,False,1,solver_3_smolvlm2_2b
21,0.43232507,0.5850671583860803,0.40875912408759124,True,0,solver_3_smolvlm2_2b
22,-0.5468787,0.38184440192660485,0.618519842688595,False,1,solver_3_smolvlm2_2b
23,0.4302758,0.5500441123628901,0.44905008635578586,False,1,solver_3_smolvlm2_2b
24,-0.56742465,0.38102313984110425,0.6194061062317022,True,0,solver_3_smolvlm2_2b
25,-1.6600989,0.1895366131249412,0.8116182572614108,False,1,solver_3_smolvlm2_2b
26,-0.17939693,0.4718887873057819,0.5282392026578073,False,1,solver_3_smolvlm2_2b
27,0.2711981,0.5480865187625817,0.45169600686990125,False,1,solver_3_smolvlm2_2b
28,0.22615924,0.509424757510355,0.4888888888888889,False,1,solver_3_smolvlm2_2b
29,-0.54120755,0.38439042321330974,0.6161849710982659,False,1,solver_3_smolvlm2_2b
30,0.0403205,0.49235862490182913,0.507643085673658,False,1,solver_3_smolvlm2_2b
31,-0.82177067,0.3286819872700586,0.6719858156028369,False,1,solver_3_smolvlm2_2b
32,0.5646679,0.6002171163231507,0.38571428571428573,False,1,solver_3_smolvlm2_2b
33,1.4462377,0.570944474728045,0.25,False,1,solver_3_smolvlm2_2b
34,0.05152847,0.5089419630655616,0.49099485420240135,False,1,solver_3_smolvlm2_2b
35,-0.06775877,0.48429462345608665,0.5161290322580645,True,0,solver_3_smolvlm2_2b
36,0.51700157,0.5914099215697908,0.407496977025393,True,0,solver_3_smolvlm2_2b
37,-0.4827958,0.3948546270536386,0.6055408970976254,True,0,solver_3_smolvlm2_2b
38,0.0752486,0.5039879578646068,0.4959709911361805,False,1,solver_3_smolvlm2_2b
39,0.35999912,0.5437412239215857,0.45607978519370923,True,0,solver_3_smolvlm2_2b
40,0.7260916,0.6493130962075122,0.3501346671796845,False,1,solver_3_smolvlm2_2b
41,0.9313601,0.6631179552855515,0.3343949044585987,False,1,solver_3_smolvlm2_2b
42,0.66621864,0.6309244284571485,0.3614457831325301,True,0,solver_3_smolvlm2_2b
44,1.0053674,0.6732802378247744,0.3259566620562471,True,0,solver_3_smolvlm2_2b
45,0.3960534,0.5730953266234979,0.4266263237518911,True,0,solver_3_smolvlm2_2b
46,1.2505826,0.7352296176048997,0.2638997650743931,False,1,solver_3_smolvlm2_2b
47,-0.31801215,0.40527179032019456,0.59500693481276,False,1,solver_3_smolvlm2_2b
48,0.6472683,0.6167607618647547,0.381903642773208,False,1,solver_3_smolvlm2_2b
49,0.37486684,0.5467991232052509,0.45301112389719983,False,1,solver_3_smolvlm2_2b
50,-0.35339496,0.4116770122657889,0.5885792913656691,False,1,solver_3_smolvlm2_2b
51,-0.11966276,0.47104225213010575,0.5290731145653426,True,0,solver_3_smolvlm2_2b
52,0.47844228,0.5884343111975545,0.411199331383201,False,1,solver_3_smolvlm2_2b
53,0.09956439,0.5260274001181584,0.47384219554030876,False,1,solver_3_smolvlm2_2b
54,0.3919805,0.5760907897845002,0.4235565819861432,True,0,solver_3_smolvlm2_2b
55,0.27476126,0.5651225251757543,0.4344317417619368,False,1,solver_3_smolvlm2_2b
56,0.07059334,0.48358275876087364,0.5164498852333589,False,1,solver_3_smolvlm2_2b
57,0.71331537,0.6054534093219259,0.38461538461538464,True,0,solver_3_smolvlm2_2b
58,0.48536673,0.568077932603673,0.4230769230769231,False,1,solver_3_smolvlm2_2b
59,-1.6714716,0.1885683450484783,0.8125244618395303,True,0,solver_3_smolvlm2_2b
60,0.52132803,0.5891497026026031,0.40625,False,1,solver_3_smolvlm2_2b
61,1.1232506,0.7401453920890533,0.23076923076923078,False,1,solver_3_smolvlm2_2b
62,0.33319497,0.5505989076517483,0.4487917146144994,False,1,solver_3_smolvlm2_2b
63,1.0962808,0.6894705331695632,0.3089983022071307,False,1,solver_3_smolvlm2_2b
64,-1.2479839,0.2320697001398372,0.7690205011389522,False,1,solver_3_smolvlm2_2b
65,-1.804932,0.1698647038863953,0.8311733800350263,False,1,solver_3_smolvlm2_2b
66,0.0017014444,0.48221060332377075,0.5178466939730837,False,1,solver_3_smolvlm2_2b
67,0.7153538,0.6287557307030434,0.3678474114441417,False,1,solver_3_smolvlm2_2b
68,0.7915201,0.6957491851794173,0.2823529411764706,False,1,solver_3_smolvlm2_2b
69,-0.14031583,0.4747492879642755,0.525314046440807,True,0,solver_3_smolvlm2_2b
70,1.1237884,0.6988660743799422,0.29896907216494845,True,0,solver_3_smolvlm2_2b
71,0.5043369,0.6018048765262494,0.39780306002353866,False,1,solver_3_smolvlm2_2b
72,-0.2413652,0.4653349536446211,0.5347846663511595,False,1,solver_3_smolvlm2_2b
73,-0.44028708,0.4159185755290552,0.5882352941176471,False,1,solver_3_smolvlm2_2b
74,0.14318228,0.5135775816929176,0.48619447779111646,False,1,solver_3_smolvlm2_2b
75,-0.41732118,0.4089335802567903,0.5913608562691132,False,1,solver_3_smolvlm2_2b
76,0.017138138,0.49611127513514053,0.5038759689922481,False,1,solver_3_smolvlm2_2b
77,1.0011542,0.6588552448424395,0.3385146804835924,True,0,solver_3_smolvlm2_2b
78,-0.7515005,0.32251359096615584,0.6784037558685446,False,1,solver_3_smolvlm2_2b
79,0.8440403,0.6619220832441577,0.3371824480369515,False,1,solver_3_smolvlm2_2b
80,-1.0035397,0.29673981662802384,0.703942380591357,True,0,solver_3_smolvlm2_2b
81,-0.077703506,0.4954475690541159,0.5043478260869565,False,1,solver_3_smolvlm2_2b
82,-0.5829421,0.37155531997768154,0.6288951841359773,False,1,solver_3_smolvlm2_2b
83,-0.02509278,0.4658341400893963,0.5342512908777969,False,1,solver_3_smolvlm2_2b
85,0.36769694,0.5655315431275253,0.4340557275541796,False,1,solver_3_smolvlm2_2b
86,-1.3222138,0.24406541409224158,0.7569794050343249,True,0,solver_3_smolvlm2_2b
87,1.0522958,0.7125224702687569,0.28617571059431524,False,1,solver_3_smolvlm2_2b
88,-0.13689882,0.475572539831285,0.5244969378827646,True,0,solver_3_smolvlm2_2b
89,-0.88631773,0.29572893866450267,0.7048846675712347,False,1,solver_3_smolvlm2_2b
90,-0.31939808,0.4225455609642147,0.5777149777957207,False,1,solver_3_smolvlm2_2b
91,0.23530461,0.53259909033384,0.4672733636681834,True,0,solver_3_smolvlm2_2b
92,-0.08368635,0.4901057202843895,0.5099052540913006,False,1,solver_3_smolvlm2_2b
93,1.442623,0.7709383457613679,0.2279475982532751,True,0,solver_3_smolvlm2_2b
94,1.3071188,0.7433248623581872,0.2549317147192716,False,1,solver_3_smolvlm2_2b
95,0.5883371,0.6147080414083719,0.38443935926773454,False,1,solver_3_smolvlm2_2b
96,0.64397913,0.5935369107961425,0.3950617283950617,False,1,solver_3_smolvlm2_2b
97,-0.3204387,0.41753839169604967,0.5830055074744296,False,1,solver_3_smolvlm2_2b
98,0.123753965,0.5323990596966641,0.46551724137931033,False,1,solver_3_smolvlm2_2b
99,0.16505718,0.5339913730468768,0.4632352941176471,True,0,solver_3_smolvlm2_2b
100,-0.96981895,0.34686589769699594,0.6666666666666666,False,1,solver_3_smolvlm2_2b
101,0.3196538,0.5621817460045295,0.4375724777734828,False,1,solver_3_smolvlm2_2b
102,0.22429724,0.550137881113693,0.44692737430167595,True,0,solver_3_smolvlm2_2b
103,-0.36358812,0.4222053061466372,0.5780661364587694,False,1,solver_3_smolvlm2_2b
104,1.6673428,0.7488889592944832,0.2247191011235955,False,1,solver_3_smolvlm2_2b
105,-0.14420095,0.4447689094560616,0.5554903112155021,False,1,solver_3_smolvlm2_2b
106,-0.06418729,0.4565970305263689,0.5435606060606061,False,1,solver_3_smolvlm2_2b
107,0.30844223,0.613962588466441,0.3717948717948718,True,0,solver_3_smolvlm2_2b
108,0.8729316,0.5615943656618139,0.3333333333333333,False,1,solver_3_smolvlm2_2b
109,0.15934524,0.5452231855837262,0.45045045045045046,False,1,solver_3_smolvlm2_2b
110,1.2916952,0.7254254525303596,0.2727272727272727,False,1,solver_3_smolvlm2_2b
111,-0.87665176,0.32052925880290073,0.6800766283524904,True,0,solver_3_smolvlm2_2b
112,0.92106175,0.6407968690281622,0.34615384615384615,False,1,solver_3_smolvlm2_2b
113,0.24377689,0.5215464174542961,0.45454545454545453,False,1,solver_3_smolvlm2_2b
114,0.22379027,0.517094760056335,0.4807692307692308,False,1,solver_3_smolvlm2_2b
115,0.51366687,0.5701099496156896,0.4230769230769231,True,0,solver_3_smolvlm2_2b
116,-0.010982186,0.4675928560529161,0.532516493873704,True,0,solver_3_smolvlm2_2b
117,1.8457929,0.6008964854759936,0.3,False,1,solver_3_smolvlm2_2b
118,-0.032283902,0.48155303630673374,0.5184887459807074,False,1,solver_3_smolvlm2_2b
119,0.2810939,0.5466558332242071,0.45314401622718053,True,0,solver_3_smolvlm2_2b
120,0.68850875,0.6335554434286734,0.36584227718152124,False,1,solver_3_smolvlm2_2b
121,0.67586744,0.6330193643875897,0.3592814371257485,False,1,solver_3_smolvlm2_2b
122,-0.74560726,0.3449938954806311,0.6556383970177073,False,1,solver_3_smolvlm2_2b
123,0.29207507,0.5561657529486809,0.4435634328358209,True,0,solver_3_smolvlm2_2b
124,0.6622453,0.6181355511914873,0.38095238095238093,True,0,solver_3_smolvlm2_2b
125,-0.14538756,0.4555280506136513,0.5447409733124019,False,1,solver_3_smolvlm2_2b
126,0.97178054,0.7216943489697126,0.25301204819277107,False,1,solver_3_smolvlm2_2b
127,0.48392266,0.5629125817785291,0.43119266055045874,True,0,solver_3_smolvlm2_2b
128,0.7977687,0.6942607362262851,0.28205128205128205,False,1,solver_3_smolvlm2_2b
129,0.0743476,0.5202607646589892,0.4796279893711249,False,1,solver_3_smolvlm2_2b
130,0.818776,0.6510102121384056,0.34807327858496523,False,1,solver_3_smolvlm2_2b
131,0.12021983,0.5362979113930648,0.46017699115044247,False,1,solver_3_smolvlm2_2b
132,0.7035342,0.610947991962429,0.38777908343125733,True,0,solver_3_smolvlm2_2b
133,-0.77504003,0.3416322921548034,0.6589721254355401,False,1,solver_3_smolvlm2_2b
134,-0.66178715,0.35627468061341383,0.6441947565543071,False,1,solver_3_smolvlm2_2b
135,0.3186902,0.552363409001914,0.4472,False,1,solver_3_smolvlm2_2b
136,0.6578183,0.6176761862770876,0.36619718309859156,False,1,solver_3_smolvlm2_2b
137,-0.5218787,0.3758338044194144,0.625,False,1,solver_3_smolvlm2_2b
138,-0.99961424,0.291488912254251,0.7092511013215859,False,1,solver_3_smolvlm2_2b
139,0.8729316,0.5615943656618139,0.3333333333333333,True,0,solver_3_smolvlm2_2b
140,0.42648497,0.5876099991091723,0.40718562874251496,True,0,solver_3_smolvlm2_2b
141,-0.08997935,0.5413417048707408,0.45348837209302323,False,1,solver_3_smolvlm2_2b
142,1.2629557,0.7272485431876887,0.2718762718762719,False,1,solver_3_smolvlm2_2b
143,-0.98533785,0.28933642028214257,0.7113115891741846,True,0,solver_3_smolvlm2_2b
144,0.08693333,0.5164312437556151,0.48201438848920863,False,1,solver_3_smolvlm2_2b
145,0.12873694,0.5219692685790702,0.4779116465863454,False,1,solver_3_smolvlm2_2b
146,1.4893912,0.7716983441259802,0.226507713884993,True,0,solver_3_smolvlm2_2b
147,-0.45294902,0.40611799523672454,0.5942350332594235,False,1,solver_3_smolvlm2_2b
148,0.65250206,0.6201027836209843,0.3794225294835299,True,0,solver_3_smolvlm2_2b
149,1.0289562,0.6584685988812804,0.3269230769230769,False,1,solver_3_smolvlm2_2b
150,-0.2646217,0.43631602796572233,0.563894523326572,False,1,solver_3_smolvlm2_2b
151,0.124825895,0.5069223572441159,0.4928131416837782,True,0,solver_3_smolvlm2_2b
152,0.8284664,0.6502722579658325,0.3487592219986586,False,1,solver_3_smolvlm2_2b
153,-1.1586305,0.4191431051422584,0.75,False,1,solver_3_smolvlm2_2b
154,-1.5345386,0.21443306357308356,0.7866724361748161,False,1,solver_3_smolvlm2_2b
155,2.0230913,0.8333588636238687,0.1647761194029851,False,1,solver_3_smolvlm2_2b
156,0.2552551,0.5157199143965367,0.48392554991539766,False,1,solver_3_smolvlm2_2b
157,-0.9643109,0.30262149435674845,0.6983852364475202,True,0,solver_3_smolvlm2_2b
158,0.50709975,0.5987448849772024,0.4008152173913043,False,1,solver_3_smolvlm2_2b
159,0.6738838,0.6309611974551605,0.3684456928838951,True,0,solver_3_smolvlm2_2b
160,-0.47887918,0.39690683624115064,0.6034868126955745,False,1,solver_3_smolvlm2_2b
161,0.85389113,0.6679989369326755,0.331370239497448,False,1,solver_3_smolvlm2_2b
162,0.6075388,0.6112683219444417,0.3880407124681934,False,1,solver_3_smolvlm2_2b
163,-1.1255041,0.24801068490659128,0.7555555555555555,False,1,solver_3_smolvlm2_2b
164,-1.1148211,0.3021721238213665,0.7130434782608696,False,1,solver_3_smolvlm2_2b
165,-0.31812677,0.44048854647433855,0.5597210113339146,False,1,solver_3_smolvlm2_2b
166,0.92106175,0.6407968690281622,0.34615384615384615,False,1,solver_3_smolvlm2_2b
167,0.45264572,0.5785223299381252,0.42098688319800126,False,1,solver_3_smolvlm2_2b
168,-0.86494875,0.3091540499391672,0.6990291262135923,False,1,solver_3_smolvlm2_2b
169,1.2160097,0.7370805650362668,0.2619461337966985,False,1,solver_3_smolvlm2_2b
170,-0.5516045,0.3699725617445998,0.6307592472420506,False,1,solver_3_smolvlm2_2b
171,0.09878178,0.4900877351210938,0.5099243856332704,False,1,solver_3_smolvlm2_2b
172,1.109535,0.6950408759041666,0.30194805194805197,True,0,solver_3_smolvlm2_2b
173,0.69987535,0.6329549275059415,0.35766423357664234,False,1,solver_3_smolvlm2_2b
174,0.73334515,0.6196823209391651,0.3791748526522593,True,0,solver_3_smolvlm2_2b
175,0.9672705,0.6008964854759936,0.3,False,1,solver_3_smolvlm2_2b
176,-0.2537118,0.42255650880789897,0.5779816513761468,True,0,solver_3_smolvlm2_2b
177,0.1023529,0.5205290158606128,0.4793713163064833,True,0,solver_3_smolvlm2_2b
178,-1.9853796,0.1430278885202294,0.8580778504994833,False,1,solver_3_smolvlm2_2b
179,0.79776883,0.6942607362262851,0.28205128205128205,True,0,solver_3_smolvlm2_2b
180,1.0091763,0.7235455722961344,0.25,False,1,solver_3_smolvlm2_2b
181,1.0061446,0.6782221142401288,0.31881533101045295,False,1,solver_3_smolvlm2_2b
182,1.2036109,0.7384174586038651,0.26057906458797325,False,1,solver_3_smolvlm2_2b
183,0.19571018,0.5391277733773592,0.46070878274268107,False,1,solver_3_smolvlm2_2b
184,-0.5249108,0.3810784062639473,0.6193365695792881,False,1,solver_3_smolvlm2_2b
185,-0.8113723,0.32799736455658135,0.6725598526703499,False,1,solver_3_smolvlm2_2b
186,0.63685596,0.6258756592516299,0.37359792924935287,True,0,solver_3_smolvlm2_2b
187,0.057528883,0.5077215454837543,0.49221611721611724,False,1,solver_3_smolvlm2_2b
188,0.5653318,0.5980683255955505,0.3968253968253968,False,1,solver_3_smolvlm2_2b
189,0.6558449,0.6332159022253558,0.3595505617977528,True,0,solver_3_smolvlm2_2b
190,-0.7001418,0.3525513397776405,0.6479473276529821,False,1,solver_3_smolvlm2_2b
191,0.8406794,0.6530841623592252,0.34522439585730724,True,0,solver_3_smolvlm2_2b
192,0.8539674,0.7011177899031831,0.275,True,0,solver_3_smolvlm2_2b
193,-0.15546721,0.46060309820874346,0.5395248380129589,False,1,solver_3_smolvlm2_2b
194,0.23272738,0.5404558267744463,0.459214501510574,True,0,solver_3_smolvlm2_2b
195,-1.2629656,0.25223491531141584,0.7486296006264683,False,1,solver_3_smolvlm2_2b
196,-0.24334049,0.4331004059816985,0.5672630881378397,False,1,solver_3_smolvlm2_2b
197,0.76804054,0.6516819034957831,0.3476454293628809,False,1,solver_3_smolvlm2_2b
198,0.066831514,0.5117392408967536,0.48773006134969327,True,0,solver_3_smolvlm2_2b
199,-1.3708214,0.22537236702170305,0.7754551584625758,False,1,solver_3_smolvlm2_2b
200,-0.6138333,0.35762331196348607,0.6433734939759036,False,1,solver_3_smolvlm2_2b
201,0.62907994,0.5991658101476542,0.40037593984962405,True,0,solver_3_smolvlm2_2b
202,-1.5033036,0.22342996965449335,0.7776781712236666,False,1,solver_3_smolvlm2_2b
203,0.21521077,0.5282751736865343,0.47134502923976607,False,1,solver_3_smolvlm2_2b
204,0.394136,0.5709036438818067,0.42872117400419285,True,0,solver_3_smolvlm2_2b
205,0.3200178,0.5470655752213636,0.45176470588235296,False,1,solver_3_smolvlm2_2b
207,-0.08180937,0.4558421598581849,0.5443155452436195,False,1,solver_3_smolvlm2_2b
208,1.5150207,0.7286742281233611,0.24358974358974358,False,1,solver_3_smolvlm2_2b
209,-1.0423106,0.2856779764538727,0.7150201983106867,True,0,solver_3_smolvlm2_2b
210,0.6740865,0.6243065750682609,0.3752032520325203,False,1,solver_3_smolvlm2_2b
211,-0.9329413,0.3114936997517076,0.6892430278884463,False,1,solver_3_smolvlm2_2b
212,0.60294616,0.629992349935558,0.36947278911564624,False,1,solver_3_smolvlm2_2b
213,-0.48942742,0.4006127026401146,0.5997458703939009,False,1,solver_3_smolvlm2_2b
214,0.48576596,0.5710820434165214,0.4286701208981002,False,1,solver_3_smolvlm2_2b
215,0.62219787,0.6119369486410096,0.38674698795180723,False,1,solver_3_smolvlm2_2b
216,-0.26065424,0.41888989429785717,0.5814163283716735,False,1,solver_3_smolvlm2_2b
217,0.4896602,0.5956321950944434,0.40392706872370265,False,1,solver_3_smolvlm2_2b
218,1.1750599,0.7162109160386496,0.28251400124455506,False,1,solver_3_smolvlm2_2b
219,0.22302456,0.5416339688215694,0.45816372682044326,False,1,solver_3_smolvlm2_2b
220,0.021884203,0.5064384409137321,0.49264705882352944,False,1,solver_3_smolvlm2_2b
221,-0.048588246,0.44959030144831535,0.5510534846029174,False,1,solver_3_smolvlm2_2b
222,-0.5284691,0.399249407446701,0.6013157894736842,False,1,solver_3_smolvlm2_2b
223,0.982268,0.7100726165733185,0.27,False,1,solver_3_smolvlm2_2b
224,0.1629553,0.5153207865006605,0.4843205574912892,False,1,solver_3_smolvlm2_2b
225,0.9387063,0.6405060316082463,0.34444444444444444,False,1,solver_3_smolvlm2_2b
226,0.494876,0.616090053288839,0.3833729216152019,False,1,solver_3_smolvlm2_2b
227,-0.7239145,0.32776699439149903,0.6731220657276995,False,1,solver_3_smolvlm2_2b
228,0.70789975,0.6053873481096627,0.39285714285714285,False,1,solver_3_smolvlm2_2b
229,0.8443831,0.6307631811086112,0.3670668953687822,False,1,solver_3_smolvlm2_2b
230,1.1023617,0.6987408214290032,0.3,False,1,solver_3_smolvlm2_2b
231,-1.0520762,0.2641961472921779,0.7367694431661298,False,1,solver_3_smolvlm2_2b
232,0.13783392,0.4907580062458644,0.5092748735244519,False,1,solver_3_smolvlm2_2b
233,0.024863556,0.5099170037458707,0.49002302379125096,False,1,solver_3_smolvlm2_2b
234,0.39056256,0.578225819924887,0.4214749713412304,True,0,solver_3_smolvlm2_2b
235,0.41555429,0.5753121472218334,0.4242902208201893,False,1,solver_3_smolvlm2_2b
236,-0.20786458,0.42631587636490276,0.5739098300073909,True,0,solver_3_smolvlm2_2b
237,0.91265,0.6718081392629545,0.3273209549071618,True,0,solver_3_smolvlm2_2b
238,-0.28196773,0.43911112278548414,0.5610789980732177,False,1,solver_3_smolvlm2_2b
239,-0.35487136,0.4688971033228837,0.5555555555555556,False,1,solver_3_smolvlm2_2b
240,0.61662567,0.6284350907678944,0.36036036036036034,True,0,solver_3_smolvlm2_2b
241,1.0100814,0.7096370434792831,0.28942398489140697,False,1,solver_3_smolvlm2_2b
242,0.62538224,0.6252574853644215,0.3742690058479532,False,1,solver_3_smolvlm2_2b
243,-0.6535413,0.3464413980943768,0.6543352601156069,False,1,solver_3_smolvlm2_2b
244,1.0556608,0.6097943231180769,0.3076923076923077,False,1,solver_3_smolvlm2_2b
245,1.5859,0.7685756357925506,0.22587719298245615,False,1,solver_3_smolvlm2_2b
246,1.0208113,0.68948314023911,0.3090909090909091,False,1,solver_3_smolvlm2_2b
247,-0.12429741,0.453294423555072,0.5470899470899471,False,1,solver_3_smolvlm2_2b
248,-1.2207309,0.2561241145934322,0.7447983014861995,False,1,solver_3_smolvlm2_2b
249,-0.3491048,0.4178752819360392,0.5824,False,1,solver_3_smolvlm2_2b
250,-0.98681223,0.30096004890116135,0.6997876857749469,False,1,solver_3_smolvlm2_2b
251,1.5952935,0.7773591989254578,0.2211259431224608,False,1,solver_3_smolvlm2_2b
252,-0.8940954,0.30591375149849465,0.694672131147541,False,1,solver_3_smolvlm2_2b
253,0.12021983,0.5362979113930648,0.46017699115044247,True,0,solver_3_smolvlm2_2b
254,-0.31792936,0.38933847934786747,0.6176470588235294,False,1,solver_3_smolvlm2_2b
255,-0.07478267,0.46851189684074157,0.5315660969654691,False,1,solver_3_smolvlm2_2b
256,-0.7880503,0.33274948885129574,0.6682432432432432,False,1,solver_3_smolvlm2_2b
257,-1.3197662,0.24918012952229918,0.7577639751552795,False,1,solver_3_smolvlm2_2b
258,1.065246,0.6888923592249827,0.30718954248366015,True,0,solver_3_smolvlm2_2b
259,-0.3924549,0.4146262363927584,0.58578856152513,True,0,solver_3_smolvlm2_2b
260,-0.8893509,0.31992451550930545,0.6807675534234627,False,1,solver_3_smolvlm2_2b
261,0.10464169,0.5372697752572861,0.46254071661237783,False,1,solver_3_smolvlm2_2b
262,0.6760029,0.6214530498421795,0.37785588752196836,False,1,solver_3_smolvlm2_2b
263,0.30077267,0.5607125273066944,0.4390435123480988,False,1,solver_3_smolvlm2_2b
264,-0.18867978,0.4361390938300366,0.5641618497109827,False,1,solver_3_smolvlm2_2b
265,0.4384624,0.559672503645406,0.4400921658986175,False,1,solver_3_smolvlm2_2b
266,0.22401184,0.5572287599467022,0.4375,False,1,solver_3_smolvlm2_2b
267,0.33208764,0.5586444379219888,0.44103648863035433,False,1,solver_3_smolvlm2_2b
268,0.9827436,0.6766616130035091,0.32035398230088497,False,1,solver_3_smolvlm2_2b
269,0.78054607,0.6416868876300634,0.3382352941176471,False,1,solver_3_smolvlm2_2b
270,0.21250698,0.5370659581769426,0.45714285714285713,False,1,solver_3_smolvlm2_2b
271,0.6418991,0.61132087803367,0.38748627881448955,False,1,solver_3_smolvlm2_2b
272,-1.2089338,0.2672974329913338,0.7391304347826086,True,0,solver_3_smolvlm2_2b
273,1.1429769,0.7050560846665579,0.2926829268292683,True,0,solver_3_smolvlm2_2b
274,-0.21772775,0.423885207692306,0.5763546798029556,False,1,solver_3_smolvlm2_2b
275,0.47878456,0.5683715812768952,0.4309500489715965,True,0,solver_3_smolvlm2_2b
276,1.2477086,0.7342854780384054,0.26485436893203884,False,1,solver_3_smolvlm2_2b
277,0.011691585,0.49118563187698094,0.5088235294117647,False,1,solver_3_smolvlm2_2b
278,-0.18824798,0.45873338119476503,0.5413844996237773,False,1,solver_3_smolvlm2_2b
279,0.5725107,0.6115330431712214,0.38796296296296295,False,1,solver_3_smolvlm2_2b
280,0.5815852,0.6059092871903032,0.39325842696629215,False,1,solver_3_smolvlm2_2b
281,-0.8947114,0.3134784308635089,0.6872117400419288,False,1,solver_3_smolvlm2_2b
282,1.1909561,0.724803173055286,0.27436399217221136,False,1,solver_3_smolvlm2_2b
283,-0.27686432,0.44619936912318847,0.5539622641509434,False,1,solver_3_smolvlm2_2b
284,-0.6945065,0.35386945904358935,0.6466252909231963,True,0,solver_3_smolvlm2_2b
285,-0.76066136,0.34913971256527265,0.6514188903007201,True,0,solver_3_smolvlm2_2b
286,0.9044838,0.6639136410760061,0.3333333333333333,False,1,solver_3_smolvlm2_2b
287,-0.72797203,0.4297996191072254,0.6666666666666666,False,1,solver_3_smolvlm2_2b
288,0.099912465,0.5046444959542347,0.49522673031026254,False,1,solver_3_smolvlm2_2b
289,0.00052812696,0.5155787387508988,0.4843238184370613,True,0,solver_3_smolvlm2_2b
290,-0.76233184,0.34748104238673294,0.6530156366344005,False,1,solver_3_smolvlm2_2b
291,0.7342293,0.6328413285396581,0.36631716906946266,False,1,solver_3_smolvlm2_2b
292,-0.30488428,0.4339674201407787,0.5662599915860328,False,1,solver_3_smolvlm2_2b
293,-0.33573768,0.43414537771223827,0.5660592255125285,True,0,solver_3_smolvlm2_2b
294,0.14193271,0.49504378993515175,0.5,False,1,solver_3_smolvlm2_2b
295,-1.402322,0.2080903907889572,0.7929061784897025,True,0,solver_3_smolvlm2_2b
296,0.40489,0.5768991615085626,0.4117647058823529,False,1,solver_3_smolvlm2_2b
297,0.20144457,0.532804603530207,0.467046379170057,False,1,solver_3_smolvlm2_2b
298,-0.015504986,0.4698823417796535,0.530213539300318,False,1,solver_3_smolvlm2_2b
299,-0.080910444,0.49659461586302656,0.5,False,1,solver_3_smolvlm2_2b
300,0.011697084,0.4958378721566893,0.5041502839667977,False,1,solver_3_smolvlm2_2b
301,1.1909376,0.7152627294165986,0.2822966507177033,False,1,solver_3_smolvlm2_2b
302,0.609948,0.5948744685950913,0.4041916167664671,False,1,solver_3_smolvlm2_2b
303,1.2390487,0.687773673594191,0.29213483146067415,False,1,solver_3_smolvlm2_2b
304,-0.32695726,0.4386146793870107,0.5616020896821942,False,1,solver_3_smolvlm2_2b
305,-1.3339719,0.21975567846037292,0.7831050228310502,True,0,solver_3_smolvlm2_2b
306,-0.7385483,0.3257538829588109,0.6755186721991702,False,1,solver_3_smolvlm2_2b
307,1.3634636,0.7314496631986991,0.2675336739433349,False,1,solver_3_smolvlm2_2b
308,1.2921301,0.7251008372873237,0.27180232558139533,True,0,solver_3_smolvlm2_2b
309,-0.5840069,0.38933847934786747,0.6176470588235294,False,1,solver_3_smolvlm2_2b
310,0.66823506,0.6306623270424381,0.36875858909757214,False,1,solver_3_smolvlm2_2b
311,-0.0054349303,0.4902053425546362,0.5098039215686274,False,1,solver_3_smolvlm2_2b
312,-2.0355604,0.14171031803668843,0.8594420600858369,False,1,solver_3_smolvlm2_2b
313,0.20047909,0.5239173979262615,0.4444444444444444,False,1,solver_3_smolvlm2_2b
314,-0.72322774,0.3498333323154005,0.6506666666666666,False,1,solver_3_smolvlm2_2b
315,-1.183965,0.35885651411612807,0.7777777777777778,False,1,solver_3_smolvlm2_2b
316,1.099229,0.695154959563467,0.3020833333333333,False,1,solver_3_smolvlm2_2b
317,-0.42207447,0.40659374692520667,0.593939393939394,False,1,solver_3_smolvlm2_2b
318,0.044618756,0.487779784843829,0.5128205128205128,False,1,solver_3_smolvlm2_2b
319,0.0027438104,0.4844077787820559,0.5156195156195156,False,1,solver_3_smolvlm2_2b
320,-1.2483435,0.26059946101636666,0.7460815047021944,True,0,solver_3_smolvlm2_2b
321,-1.121298,0.2512158036753359,0.752542372881356,True,0,solver_3_smolvlm2_2b
322,0.37400973,0.6254337524321331,0.358974358974359,False,1,solver_3_smolvlm2_2b
323,-0.84210503,0.32126431468358263,0.6796511627906977,False,1,solver_3_smolvlm2_2b
324,0.88028324,0.6551044086521596,0.3423728813559322,True,0,solver_3_smolvlm2_2b
325,0.4098695,0.5824873902510531,0.4171899529042386,False,1,solver_3_smolvlm2_2b
326,0.17873834,0.5526829784316142,0.4470588235294118,False,1,solver_3_smolvlm2_2b
327,0.43070042,0.5874031939889968,0.41221033868092694,True,0,solver_3_smolvlm2_2b
328,-0.36339185,0.41931119286835705,0.5809859154929577,False,1,solver_3_smolvlm2_2b
329,1.1506382,0.7108444574178964,0.27710843373493976,False,1,solver_3_smolvlm2_2b
330,-0.29105273,0.4175803175507953,0.5834586466165413,False,1,solver_3_smolvlm2_2b
331,-0.06646237,0.45432736395449635,0.5460750853242321,True,0,solver_3_smolvlm2_2b
332,-0.4277797,0.3965237482976376,0.6037800687285223,True,0,solver_3_smolvlm2_2b
333,-0.14409614,0.4656539590329005,0.5344427244582043,True,0,solver_3_smolvlm2_2b
334,0.6925731,0.6020554565450229,0.39622641509433965,False,1,solver_3_smolvlm2_2b
335,0.3598367,0.5641693858275109,0.4355680449618627,True,0,solver_3_smolvlm2_2b
336,0.3210172,0.5658738458447046,0.43023255813953487,False,1,solver_3_smolvlm2_2b
337,-0.50750124,0.3868675355868453,0.6134992458521871,False,1,solver_3_smolvlm2_2b
338,1.2477547,0.7336067192034303,0.26537216828478966,False,1,solver_3_smolvlm2_2b
339,1.4244701,0.7300746430549542,0.26621160409556316,False,1,solver_3_smolvlm2_2b
340,-0.058415323,0.4709067720830179,0.5316455696202531,True,0,solver_3_smolvlm2_2b
341,0.23861967,0.5389646304744589,0.46077210460772106,True,0,solver_3_smolvlm2_2b
342,0.54531676,0.6067853114483532,0.3928444916755225,False,1,solver_3_smolvlm2_2b
343,-0.5279982,0.3644775775346898,0.6360686138154845,False,1,solver_3_smolvlm2_2b
344,-0.7900661,0.33385686515916857,0.6666666666666666,False,1,solver_3_smolvlm2_2b
345,0.14193279,0.49504378993515175,0.5,True,0,solver_3_smolvlm2_2b
346,-0.26086053,0.4453546975013377,0.5548446069469836,True,0,solver_3_smolvlm2_2b
347,-0.82039726,0.3386546532898328,0.6794871794871795,True,0,solver_3_smolvlm2_2b
348,-0.45508346,0.3895997102538399,0.6111553784860557,True,0,solver_3_smolvlm2_2b
349,-1.0866342,0.25814759201984383,0.7426722497145032,True,0,solver_3_smolvlm2_2b
350,-0.73380435,0.3342276345403321,0.6669322709163347,False,1,solver_3_smolvlm2_2b
351,1.1074435,0.700233706499841,0.2986478542034098,False,1,solver_3_smolvlm2_2b
352,0.9875413,0.6784017644806527,0.30935251798561153,False,1,solver_3_smolvlm2_2b
353,0.2827918,0.5393642313793985,0.4601571268237935,False,1,solver_3_smolvlm2_2b
354,0.4406168,0.5608889272521573,0.4384920634920635,False,1,solver_3_smolvlm2_2b
355,0.19312274,0.5217314034907897,0.4777327935222672,False,1,solver_3_smolvlm2_2b
356,0.6406952,0.6306656846397259,0.3620689655172414,False,1,solver_3_smolvlm2_2b
357,-0.36215362,0.4650513312181356,0.5714285714285714,False,1,solver_3_smolvlm2_2b
358,0.86357474,0.6577860481826849,0.3404255319148936,False,1,solver_3_smolvlm2_2b
359,0.12610176,0.502472003792776,0.49745331069609505,False,1,solver_3_smolvlm2_2b
360,-0.48804638,0.3976347159435839,0.6027027027027027,False,1,solver_3_smolvlm2_2b
361,0.45446345,0.5910115762055699,0.4085974815458098,False,1,solver_3_smolvlm2_2b
362,0.5644532,0.6043626036860019,0.39503252513305737,False,1,solver_3_smolvlm2_2b
363,-0.908968,0.28876647682305756,0.7119341563786008,False,1,solver_3_smolvlm2_2b
364,0.5877079,0.6096810260063528,0.38965087281795513,False,1,solver_3_smolvlm2_2b
365,1.0460759,0.6817333683988822,0.317481884057971,False,1,solver_3_smolvlm2_2b
366,-1.1471188,0.24468558564885812,0.7720588235294118,False,1,solver_3_smolvlm2_2b
367,-0.39192554,0.41219038586237244,0.5881326352530541,False,1,solver_3_smolvlm2_2b
368,-0.31368878,0.42870328694419135,0.5715528490648107,False,1,solver_3_smolvlm2_2b
369,-0.5804459,0.3797245203098498,0.6207354895879486,False,1,solver_3_smolvlm2_2b
370,-0.17439553,0.44769150042567396,0.5524549629106322,True,0,solver_3_smolvlm2_2b
371,0.57316566,0.6043134044172164,0.39528487229862475,False,1,solver_3_smolvlm2_2b
372,-0.52929497,0.3828456559226995,0.6175359032501889,True,0,solver_3_smolvlm2_2b
373,-0.24276498,0.4479379176520707,0.5522454424188529,True,0,solver_3_smolvlm2_2b
374,-0.3913329,0.4074816370839849,0.6025641025641025,True,0,solver_3_smolvlm2_2b
375,-0.10328904,0.4468293922871559,0.5536529680365296,False,1,solver_3_smolvlm2_2b
376,-0.7807981,0.3348116209117097,0.6658097686375322,False,1,solver_3_smolvlm2_2b
377,-0.17387992,0.46475875772113306,0.5360501567398119,True,0,solver_3_smolvlm2_2b
378,0.5424924,0.594613734446972,0.40396341463414637,False,1,solver_3_smolvlm2_2b
379,0.5738238,0.6062956319851958,0.3932938856015779,False,1,solver_3_smolvlm2_2b
380,0.43785918,0.5860943413868984,0.41332426920462273,False,1,solver_3_smolvlm2_2b
381,-0.8571209,0.33586580981054015,0.6724137931034483,False,1,solver_3_smolvlm2_2b
382,1.1193181,0.7013660262486006,0.2846715328467153,False,1,solver_3_smolvlm2_2b
383,-1.5925827,0.19758054153463833,0.8035714285714286,False,1,solver_3_smolvlm2_2b
384,0.55514014,0.6032428911533462,0.39622641509433965,False,1,solver_3_smolvlm2_2b
385,0.6353898,0.6135197501607599,0.38574283810792803,False,1,solver_3_smolvlm2_2b
386,0.09988259,0.48952200716520977,0.5105140186915887,False,1,solver_3_smolvlm2_2b
387,0.90663004,0.665019191098166,0.33212996389891697,False,1,solver_3_smolvlm2_2b
388,0.91654277,0.643670969393555,0.3539518900343643,False,1,solver_3_smolvlm2_2b
389,-0.1441373,0.45899000505714216,0.5411341853035144,False,1,solver_3_smolvlm2_2b
390,0.6764383,0.6224036715172392,0.37545126353790614,False,1,solver_3_smolvlm2_2b
391,0.29944742,0.5564593067333602,0.44333214158026457,True,0,solver_3_smolvlm2_2b
392,-0.18517435,0.4570719760008628,0.5430762291384754,True,0,solver_3_smolvlm2_2b
393,-0.114934325,0.474507518657439,0.5384615384615384,True,0,solver_3_smolvlm2_2b
394,-1.2982483,0.22393986311791403,0.7770088427527874,False,1,solver_3_smolvlm2_2b
395,0.79533815,0.6420491345691939,0.3507853403141361,False,1,solver_3_smolvlm2_2b
396,-1.6296146,0.1872691726968434,0.8141821946169773,False,1,solver_3_smolvlm2_2b
397,0.5014193,0.544141508776576,0.4166666666666667,False,1,solver_3_smolvlm2_2b
398,0.16751926,0.5048323752922304,0.4950592885375494,False,1,solver_3_smolvlm2_2b
399,0.4048782,0.5869916291094762,0.40804597701149425,False,1,solver_3_smolvlm2_2b
400,0.71331537,0.6054534093219259,0.38461538461538464,False,1,solver_3_smolvlm2_2b
401,-0.57861614,0.3988098464377412,0.6086956521739131,True,0,solver_3_smolvlm2_2b
402,0.1876609,0.5373501127645577,0.462472885032538,False,1,solver_3_smolvlm2_2b
403,-0.8024397,0.34830979390061556,0.6522923286427599,False,1,solver_3_smolvlm2_2b
404,0.32395998,0.551354559336567,0.4482213438735178,True,0,solver_3_smolvlm2_2b
405,-1.5038316,0.2049970601715274,0.7959044368600683,True,0,solver_3_smolvlm2_2b
406,-1.3460665,0.2175159661856293,0.7836696386672923,False,1,solver_3_smolvlm2_2b
407,0.28920275,0.5330161333418197,0.4636363636363636,False,1,solver_3_smolvlm2_2b
408,-0.9847908,0.32144162046200575,0.6916666666666667,False,1,solver_3_smolvlm2_2b
409,-0.24252799,0.43365122556590063,0.5665385958784491,False,1,solver_3_smolvlm2_2b
410,-1.6466936,0.19783648486864558,0.8033135089209855,False,1,solver_3_smolvlm2_2b
411,-0.31225517,0.4139586249684053,0.5872,False,1,solver_3_smolvlm2_2b
412,-0.028767139,0.48303899729736577,0.5170149253731343,True,0,solver_3_smolvlm2_2b
413,-0.5686616,0.35386705024084464,0.6467289719626168,False,1,solver_3_smolvlm2_2b
414,-1.6259731,0.18087824719473422,0.8214876033057851,False,1,solver_3_smolvlm2_2b
415,0.5178015,0.575197164914564,0.42392566782810687,False,1,solver_3_smolvlm2_2b
416,0.56449246,0.6032469103431177,0.39634146341463417,False,1,solver_3_smolvlm2_2b
417,0.056491673,0.5080005091605599,0.4919449901768173,False,1,solver_3_smolvlm2_2b
418,1.5156503,0.7285171973943858,0.24719101123595505,False,1,solver_3_smolvlm2_2b
419,0.70288527,0.6287293424057633,0.35294117647058826,True,0,solver_3_smolvlm2_2b
420,-1.3928,0.24113056637260732,0.7599099099099099,True,0,solver_3_smolvlm2_2b
421,-1.2002633,0.25220151777711464,0.7485815602836879,False,1,solver_3_smolvlm2_2b
422,-2.1341484,0.12745058261029718,0.8958333333333334,True,0,solver_3_smolvlm2_2b
423,0.6827825,0.6346518502662815,0.36478260869565216,False,1,solver_3_smolvlm2_2b
424,0.681628,0.6298906720946695,0.36937463471654003,False,1,solver_3_smolvlm2_2b
425,1.5063907,0.7860300479518212,0.1794871794871795,True,0,solver_3_smolvlm2_2b
426,0.77985096,0.6899038987067075,0.2875,False,1,solver_3_smolvlm2_2b
427,-0.01877755,0.4650513312181356,0.5714285714285714,False,1,solver_3_smolvlm2_2b
428,0.8729316,0.5615943656618139,0.3333333333333333,False,1,solver_3_smolvlm2_2b
429,-1.215625,0.339220714196801,0.7692307692307693,False,1,solver_3_smolvlm2_2b
430,1.0581008,0.6863524902826217,0.3107890499194847,False,1,solver_3_smolvlm2_2b
431,-0.8022624,0.32128842778560074,0.6799680766161214,False,1,solver_3_smolvlm2_2b
432,-0.5848037,0.36224447279302385,0.6391875746714456,False,1,solver_3_smolvlm2_2b
433,0.07629198,0.5041669216062665,0.49579158316633265,False,1,solver_3_smolvlm2_2b
434,0.67163914,0.6201020388407806,0.37920850561134084,False,1,solver_3_smolvlm2_2b
435,-0.23795259,0.45574051572719554,0.5444100751215201,False,1,solver_3_smolvlm2_2b
436,-1.1431551,0.27070078564857747,0.7302158273381295,True,0,solver_3_smolvlm2_2b
437,0.86817825,0.651669345526322,0.3470790378006873,False,1,solver_3_smolvlm2_2b
438,-0.5845746,0.3667383946943813,0.6336968785257616,False,1,solver_3_smolvlm2_2b
439,1.3227371,0.7391310809547926,0.25990626331487005,False,1,solver_3_smolvlm2_2b
440,-1.7625786,0.17308461671454756,0.8289473684210527,True,0,solver_3_smolvlm2_2b
441,-1.0982622,0.26881882567227455,0.7328063241106719,False,1,solver_3_smolvlm2_2b
442,1.0091763,0.7235455722961344,0.25,False,1,solver_3_smolvlm2_2b
443,0.21763472,0.5478768044905571,0.4491017964071856,False,1,solver_3_smolvlm2_2b
444,-0.42834082,0.45090580918304846,0.5531914893617021,False,1,solver_3_smolvlm2_2b
445,0.39522946,0.5722379422128212,0.42746536267318663,False,1,solver_3_smolvlm2_2b
446,0.24702476,0.537902864029886,0.46194225721784776,True,0,solver_3_smolvlm2_2b
447,0.051274583,0.47387017364316797,0.5280898876404494,False,1,solver_3_smolvlm2_2b
448,0.17079121,0.5223986237619892,0.4774980930587338,False,1,solver_3_smolvlm2_2b
449,-0.10811517,0.4727412361893115,0.5273243435060326,False,1,solver_3_smolvlm2_2b
450,0.16505721,0.5339913730468768,0.4632352941176471,False,1,solver_3_smolvlm2_2b
451,-1.4725507,0.22000159913189554,0.7810752688172043,False,1,solver_3_smolvlm2_2b
452,-1.05978,0.28590130185411144,0.7151826484018264,False,1,solver_3_smolvlm2_2b
453,0.08704306,0.5060762351806896,0.4938759383642829,False,1,solver_3_smolvlm2_2b
454,0.3909431,0.5649413537094043,0.43157894736842106,False,1,solver_3_smolvlm2_2b
455,1.0913054,0.6962837695484767,0.30035971223021585,True,0,solver_3_smolvlm2_2b
456,0.60834247,0.6143461665933387,0.3850635593220339,False,1,solver_3_smolvlm2_2b
457,-1.186762,0.2653165939821208,0.7355015673981191,False,1,solver_3_smolvlm2_2b
458,-0.8150805,0.3224915526315033,0.6855670103092784,False,1,solver_3_smolvlm2_2b
459,-0.9664234,0.29405709504654987,0.7068876229932677,False,1,solver_3_smolvlm2_2b
460,-0.8334788,0.3170743140909499,0.6834830684174154,True,0,solver_3_smolvlm2_2b
461,-0.8926388,0.31751668165556957,0.6830932524639879,False,1,solver_3_smolvlm2_2b
462,-1.170888,0.24580198919731955,0.7549759780370625,False,1,solver_3_smolvlm2_2b
463,0.018197536,0.4959126032987716,0.5040770941438102,False,1,solver_3_smolvlm2_2b
464,-1.5906484,0.19945396443636365,0.8016701461377871,False,1,solver_3_smolvlm2_2b
465,-0.42356548,0.40917310823933595,0.5911832946635731,True,0,solver_3_smolvlm2_2b
466,-0.45244625,0.3712413910119411,0.6306156405990017,False,1,solver_3_smolvlm2_2b
467,0.5675767,0.612631746354092,0.3866015352407537,False,1,solver_3_smolvlm2_2b
468,-1.0634379,0.2768182575399335,0.7242094349403836,False,1,solver_3_smolvlm2_2b
469,-0.715556,0.3528858157682879,0.647672901261418,False,1,solver_3_smolvlm2_2b
470,0.92035985,0.6656402346049831,0.33157894736842103,False,1,solver_3_smolvlm2_2b
471,0.59350586,0.6181582513386225,0.375,False,1,solver_3_smolvlm2_2b
472,-1.1607276,0.2679593671322914,0.7329113924050633,False,1,solver_3_smolvlm2_2b
473,-1.6042825,0.1975385786475743,0.8035938152946093,True,0,solver_3_smolvlm2_2b
474,0.28668264,0.5554152134301733,0.44424985405720957,False,1,solver_3_smolvlm2_2b
475,-0.143338,0.47783677412468717,0.5222222222222223,False,1,solver_3_smolvlm2_2b
476,0.50582564,0.5719188241016175,0.4272300469483568,False,1,solver_3_smolvlm2_2b
477,0.06970385,0.4956969923845197,0.5,True,0,solver_3_smolvlm2_2b
478,-0.39618334,0.40322597842532104,0.6010362694300518,False,1,solver_3_smolvlm2_2b
479,0.2685413,0.5578020083124711,0.4388888888888889,False,1,solver_3_smolvlm2_2b
480,-1.2948364,0.25232121730113166,0.7486176095278605,False,1,solver_3_smolvlm2_2b
481,0.954896,0.7172030641576692,0.2564102564102564,True,0,solver_3_smolvlm2_2b
482,-0.64253664,0.37108265549615016,0.632398753894081,False,1,solver_3_smolvlm2_2b
483,0.61319727,0.6210617422751092,0.3781398506449423,False,1,solver_3_smolvlm2_2b
484,0.25276214,0.52367839273885,0.4762235334953141,False,1,solver_3_smolvlm2_2b
485,-0.880587,0.32187234985106106,0.6788256227758007,False,1,solver_3_smolvlm2_2b
486,0.6004541,0.6196499539846299,0.3798165137614679,False,1,solver_3_smolvlm2_2b
487,0.56466603,0.6091025307373585,0.3900975243810953,True,0,solver_3_smolvlm2_2b
488,-1.4326257,0.21721100969105478,0.784325637910085,False,1,solver_3_smolvlm2_2b
489,0.24732958,0.5282658812810082,0.47145328719723184,True,0,solver_3_smolvlm2_2b
490,-0.8135965,0.31165660335828893,0.6897119341563785,False,1,solver_3_smolvlm2_2b
491,0.32034177,0.5752132166212394,0.4242828552368246,False,1,solver_3_smolvlm2_2b
492,-0.306295,0.40890190101669555,0.5914522058823529,False,1,solver_3_smolvlm2_2b
493,0.9498458,0.6814298798592477,0.3177947108919767,False,1,solver_3_smolvlm2_2b
494,0.14944574,0.52624378334002,0.4736464682681965,False,1,solver_3_smolvlm2_2b
495,1.0758369,0.7038408638494236,0.29533898305084744,False,1,solver_3_smolvlm2_2b
496,0.11846849,0.5208303448037936,0.4790502793296089,True,0,solver_3_smolvlm2_2b
497,-0.23517767,0.4210904673410254,0.5792220113851992,False,1,solver_3_smolvlm2_2b
498,0.5612043,0.605053234539497,0.39440337909186907,False,1,solver_3_smolvlm2_2b
499,0.14193279,0.49504378993515175,0.5,False,1,solver_3_smolvlm2_2b
500,1.7023333,0.7992992639078215,0.19961315280464217,False,1,solver_3_smolvlm2_2b
501,-1.3933781,0.21040888004257796,0.7908067542213884,False,1,solver_3_smolvlm2_2b
502,0.005804494,0.484926415550087,0.5150989239847276,False,1,solver_3_smolvlm2_2b
503,-1.0286433,0.30649637144773545,0.6942909760589319,False,1,solver_3_smolvlm2_2b
504,0.5685506,0.6162447223245843,0.3739130434782609,False,1,solver_3_smolvlm2_2b
505,-0.43633,0.41221033235041016,0.5881085738905644,False,1,solver_3_smolvlm2_2b
506,-0.45474032,0.4029616522169365,0.5973861720067454,True,0,solver_3_smolvlm2_2b
507,-0.5730815,0.35544178306000873,0.6451319381255687,False,1,solver_3_smolvlm2_2b
508,-1.3336443,0.23214254062122752,0.769276393831554,True,0,solver_3_smolvlm2_2b
509,-0.38142624,0.42053196177896446,0.5797613787008395,True,0,solver_3_smolvlm2_2b
510,-0.12010038,0.45792540155557027,0.5424528301886793,False,1,solver_3_smolvlm2_2b
511,-1.7503718,0.18447874039973822,0.8236994219653179,False,1,solver_3_smolvlm2_2b
512,0.19120538,0.5102517163007503,0.4878048780487805,False,1,solver_3_smolvlm2_2b
513,-0.09222242,0.480250183685633,0.5198019801980198,True,0,solver_3_smolvlm2_2b
514,-0.19393781,0.4478467809290234,0.5523978685612788,True,0,solver_3_smolvlm2_2b
515,0.34654534,0.5533809119713795,0.4457831325301205,True,0,solver_3_smolvlm2_2b
516,0.026640028,0.48973382639741947,0.5104166666666666,False,1,solver_3_smolvlm2_2b
517,-0.56434286,0.37797650070623023,0.6224846894138233,True,0,solver_3_smolvlm2_2b
518,0.20047912,0.5239173979262615,0.4444444444444444,False,1,solver_3_smolvlm2_2b
519,-0.60421157,0.38008233082259735,0.6203547297297297,False,1,solver_3_smolvlm2_2b
520,-0.094141245,0.4512881044051924,0.5488436313427684,True,0,solver_3_smolvlm2_2b
521,-0.2394225,0.46699577889397204,0.5350877192982456,False,1,solver_3_smolvlm2_2b
522,-0.3769931,0.4268744699550041,0.5733846812152332,False,1,solver_3_smolvlm2_2b
523,0.9314563,0.6787589822543085,0.3202725724020443,False,1,solver_3_smolvlm2_2b
524,0.13011053,0.583369498993519,0.4069767441860465,False,1,solver_3_smolvlm2_2b
525,0.002357781,0.4869966058785593,0.5130237825594564,False,1,solver_3_smolvlm2_2b
526,0.15604684,0.52151138862048,0.47835159102764735,False,1,solver_3_smolvlm2_2b
527,-1.0364577,0.2861048491472974,0.7146075854299662,True,0,solver_3_smolvlm2_2b
528,1.4841225,0.7504802622082549,0.24870107377900935,False,1,solver_3_smolvlm2_2b
529,-1.0754781,0.27329917104475066,0.7273986837547627,False,1,solver_3_smolvlm2_2b
530,-0.25732514,0.42106868683516774,0.5793184488836662,False,1,solver_3_smolvlm2_2b
531,0.809682,0.6490381160641578,0.34057971014492755,True,0,solver_3_smolvlm2_2b
532,0.09224443,0.518139220150418,0.4811320754716981,False,1,solver_3_smolvlm2_2b
533,-0.932443,0.29819594330098886,0.7024221453287197,False,1,solver_3_smolvlm2_2b
534,0.51326597,0.5826331066289456,0.4166666666666667,False,1,solver_3_smolvlm2_2b
535,0.4019344,0.5784880495656055,0.42105263157894735,False,1,solver_3_smolvlm2_2b
536,0.45203626,0.5829727437070122,0.4165103189493433,False,1,solver_3_smolvlm2_2b
537,1.0557873,0.6927821810224819,0.3050239234449761,False,1,solver_3_smolvlm2_2b
538,1.1972029,0.6849761936609576,0.2980769230769231,False,1,solver_3_smolvlm2_2b
539,-1.9037901,0.16075126731706268,0.8406055209260909,True,0,solver_3_smolvlm2_2b
540,-0.03846845,0.47823003378938944,0.521875,False,1,solver_3_smolvlm2_2b
541,1.4409136,0.7505885849194767,0.24580152671755726,True,0,solver_3_smolvlm2_2b
542,0.8245138,0.6265519398875732,0.37132987910189985,False,1,solver_3_smolvlm2_2b
543,1.056282,0.6916097299229587,0.30624263839811544,False,1,solver_3_smolvlm2_2b
544,-0.19848019,0.4717432497324219,0.5299145299145299,False,1,solver_3_smolvlm2_2b
545,0.44098985,0.5823997722118629,0.4172443674176776,False,1,solver_3_smolvlm2_2b
546,-0.6572064,0.3727228441688928,0.6280160857908847,False,1,solver_3_smolvlm2_2b
547,-0.007668704,0.48293136389247604,0.5170998632010944,False,1,solver_3_smolvlm2_2b
548,0.41734508,0.54874555066951,0.4,False,1,solver_3_smolvlm2_2b
549,0.021992534,0.48860948191528797,0.5114503816793893,False,1,solver_3_smolvlm2_2b
550,0.47350147,0.5799545944824711,0.41942945258288356,True,0,solver_3_smolvlm2_2b
551,-0.31801143,0.41799475472487335,0.5822472701655512,False,1,solver_3_smolvlm2_2b
552,0.32621655,0.5377486160654198,0.4618434093161546,False,1,solver_3_smolvlm2_2b
553,-1.1575123,0.25761083989116984,0.7438292194796531,False,1,solver_3_smolvlm2_2b
554,0.09290831,0.5242091062499485,0.4756637168141593,False,1,solver_3_smolvlm2_2b
555,0.27508837,0.5530925692502449,0.44658493870402804,False,1,solver_3_smolvlm2_2b
556,0.86803234,0.6359904944665524,0.35185185185185186,False,1,solver_3_smolvlm2_2b
557,-0.0069137216,0.4931208049551158,0.5068493150684932,False,1,solver_3_smolvlm2_2b
558,0.33132845,0.529591107371569,0.4666666666666667,False,1,solver_3_smolvlm2_2b
559,0.6799013,0.6340290290708636,0.36540962288686607,False,1,solver_3_smolvlm2_2b
560,1.0766463,0.6952999424644648,0.303603071470762,False,1,solver_3_smolvlm2_2b
561,-0.5799004,0.35971036495964803,0.6422764227642277,False,1,solver_3_smolvlm2_2b
562,0.33432162,0.5414071470842298,0.45454545454545453,False,1,solver_3_smolvlm2_2b
563,-0.10787588,0.4734214400435848,0.5266821345707656,False,1,solver_3_smolvlm2_2b
564,-0.44130525,0.39212846465971996,0.60859375,True,0,solver_3_smolvlm2_2b
565,0.3233276,0.5521409818018839,0.44751728472658703,False,1,solver_3_smolvlm2_2b
566,-1.8933777,0.17014506166978138,0.8312354312354312,True,0,solver_3_smolvlm2_2b
567,-1.3744643,0.2143760061165979,0.7867881548974943,False,1,solver_3_smolvlm2_2b
568,-1.0414658,0.3031278399784776,0.7092198581560284,True,0,solver_3_smolvlm2_2b
569,0.24462692,0.534108626465422,0.4650655021834061,False,1,solver_3_smolvlm2_2b
570,-0.40406653,0.4003004384971265,0.6002673796791443,False,1,solver_3_smolvlm2_2b
571,-0.28189346,0.4299619588768955,0.5703883495145631,False,1,solver_3_smolvlm2_2b
572,0.5792576,0.6025093693551684,0.3968253968253968,False,1,solver_3_smolvlm2_2b
573,0.43353224,0.5698638684265436,0.42902208201892744,False,1,solver_3_smolvlm2_2b
574,-0.41691658,0.4133195232206146,0.5870165745856354,False,1,solver_3_smolvlm2_2b
575,1.4766009,0.7573613299535236,0.239813736903376,False,1,solver_3_smolvlm2_2b
576,-0.051049888,0.47023092881338524,0.53,False,1,solver_3_smolvlm2_2b
577,-0.8938509,0.3083786259744098,0.692627824019025,False,1,solver_3_smolvlm2_2b
578,-0.19321343,0.4287593580654987,0.5777777777777777,False,1,solver_3_smolvlm2_2b
579,-0.9669957,0.3020102823115667,0.6987632508833922,False,1,solver_3_smolvlm2_2b
580,1.3545243,0.73557157561993,0.24817518248175183,False,1,solver_3_smolvlm2_2b
581,-1.4510288,0.2298161466480002,0.7717897538256819,False,1,solver_3_smolvlm2_2b
582,-0.3395773,0.4100448985230267,0.5908071748878924,True,0,solver_3_smolvlm2_2b
583,0.22655894,0.5340292018521807,0.4658266513936617,False,1,solver_3_smolvlm2_2b
584,-0.2755173,0.4271159653410709,0.5733652312599681,False,1,solver_3_smolvlm2_2b
585,-0.6342684,0.3680852450862435,0.6323644933228594,False,1,solver_3_smolvlm2_2b
586,1.3878443,0.7518398367180474,0.24676089517078917,False,1,solver_3_smolvlm2_2b
587,0.27994505,0.5619938341730224,0.437763309076982,False,1,solver_3_smolvlm2_2b
588,1.0139396,0.6929309674513986,0.3060171919770774,False,1,solver_3_smolvlm2_2b
589,0.5977372,0.6164717701439626,0.3829985987856142,False,1,solver_3_smolvlm2_2b
590,-0.3255454,0.4939973671279805,0.5058823529411764,False,1,solver_3_smolvlm2_2b
591,-0.27386287,0.4183421274751917,0.5822259136212624,False,1,solver_3_smolvlm2_2b
592,-0.43749806,0.4128441959183443,0.5874337623012869,False,1,solver_3_smolvlm2_2b
593,-0.63431203,0.4319844011877686,0.575,False,1,solver_3_smolvlm2_2b
594,-0.70888793,0.3624892018162341,0.6383121232417951,True,0,solver_3_smolvlm2_2b
595,0.2734727,0.5424995723030015,0.4566787003610108,False,1,solver_3_smolvlm2_2b
596,-0.17664185,0.4502056854450075,0.5499430307633878,False,1,solver_3_smolvlm2_2b
597,-0.080910474,0.49659461586302656,0.5,False,1,solver_3_smolvlm2_2b
598,1.5729362,0.7645877220902555,0.2222222222222222,False,1,solver_3_smolvlm2_2b
599,1.2709783,0.7264637686174287,0.27279053583855256,True,0,solver_3_smolvlm2_2b
600,0.20015255,0.5242567059402052,0.4755738669805768,False,1,solver_3_smolvlm2_2b
601,-0.6943681,0.3542798749178686,0.64625,False,1,solver_3_smolvlm2_2b
602,0.18830585,0.542200633830755,0.4550898203592814,False,1,solver_3_smolvlm2_2b
603,1.4462377,0.570944474728045,0.25,False,1,solver_3_smolvlm2_2b
604,0.28688738,0.5364504454290894,0.46320346320346323,True,0,solver_3_smolvlm2_2b
605,1.2105622,0.7279516541999529,0.2712127082526153,True,0,solver_3_smolvlm2_2b
606,0.14193274,0.49504378993515175,0.5,False,1,solver_3_smolvlm2_2b
607,-0.4288065,0.41815280936433274,0.585635359116022,False,1,solver_3_smolvlm2_2b
608,-1.1586304,0.4191431051422584,0.75,True,0,solver_3_smolvlm2_2b
609,0.29894614,0.5470239818762799,0.4526645768025078,False,1,solver_3_smolvlm2_2b
610,-0.5420215,0.3787121039550815,0.6216951788491446,True,0,solver_3_smolvlm2_2b
611,1.1053897,0.7048487680050143,0.2942982456140351,True,0,solver_3_smolvlm2_2b
612,-1.0863154,0.27295026769921793,0.72822910578609,False,1,solver_3_smolvlm2_2b
613,0.9233376,0.6637116097564909,0.328125,False,1,solver_3_smolvlm2_2b
614,-0.65416,0.36945791189989996,0.6309751434034416,False,1,solver_3_smolvlm2_2b
615,-0.41972885,0.41932557757121425,0.5809690091663029,False,1,solver_3_smolvlm2_2b
616,-0.94125175,0.3059065478733771,0.6946996466431096,True,0,solver_3_smolvlm2_2b
617,0.1557816,0.53147288762831,0.46836595357305416,True,0,solver_3_smolvlm2_2b
618,0.8837848,0.6688976598882692,0.32608695652173914,True,0,solver_3_smolvlm2_2b
619,0.9079108,0.6727525590062049,0.31736526946107785,False,1,solver_3_smolvlm2_2b
620,0.43792272,0.5759314677083772,0.4231678486997636,True,0,solver_3_smolvlm2_2b
621,-0.24919358,0.4457642701129054,0.56,False,1,solver_3_smolvlm2_2b
622,-0.64648724,0.35541342703011525,0.6452455590386625,False,1,solver_3_smolvlm2_2b
623,0.8424859,0.6650196383880718,0.3343677269200931,False,1,solver_3_smolvlm2_2b
624,0.65957415,0.6397435785407246,0.35966826713225664,True,0,solver_3_smolvlm2_2b
625,-0.37622717,0.3933902869786581,0.6069225496915696,False,1,solver_3_smolvlm2_2b
626,-0.125458,0.47030062557073404,0.5297805642633229,False,1,solver_3_smolvlm2_2b
627,0.35262424,0.5703440460194007,0.4293381037567084,True,0,solver_3_smolvlm2_2b
628,0.8252958,0.6604425851673521,0.3388505747126437,True,0,solver_3_smolvlm2_2b
629,-1.4914325,0.22096280904072574,0.7801024765157984,False,1,solver_3_smolvlm2_2b
630,-1.0656573,0.4032279559764077,0.7142857142857143,False,1,solver_3_smolvlm2_2b
631,0.20139891,0.5228333907990506,0.4767255216693419,False,1,solver_3_smolvlm2_2b
632,0.54505587,0.6055904880088779,0.38686131386861317,False,1,solver_3_smolvlm2_2b
633,0.07131006,0.5207992549522715,0.4777777777777778,False,1,solver_3_smolvlm2_2b
634,-1.8004621,0.1702884734211273,0.830752990851513,True,0,solver_3_smolvlm2_2b
635,-0.45617858,0.3981033694438707,0.6022181146025878,False,1,solver_3_smolvlm2_2b
636,-1.1600819,0.254052131084449,0.7472270869819031,False,1,solver_3_smolvlm2_2b
637,-0.8496491,0.3202204523807497,0.680377358490566,True,0,solver_3_smolvlm2_2b
638,0.0999558,0.5124469552387764,0.4874859917818454,True,0,solver_3_smolvlm2_2b
639,-0.47509363,0.3865839895598411,0.6137547759638764,False,1,solver_3_smolvlm2_2b
640,0.5371157,0.6136001736022354,0.3859275053304904,False,1,solver_3_smolvlm2_2b
641,1.0105718,0.6864911897665087,0.31238095238095237,False,1,solver_3_smolvlm2_2b
642,-0.003940612,0.48307932557031763,0.5169521146452289,False,1,solver_3_smolvlm2_2b
643,-0.7514782,0.318611515588175,0.6832369942196532,False,1,solver_3_smolvlm2_2b
644,-0.6748394,0.3656884799068376,0.6348008385744235,True,0,solver_3_smolvlm2_2b
645,-0.79907763,0.3318105742095243,0.6688283614353653,True,0,solver_3_smolvlm2_2b
646,-0.81402624,0.3319863323951243,0.6685779816513762,True,0,solver_3_smolvlm2_2b
647,0.94639504,0.6689183231189995,0.32762312633832974,False,1,solver_3_smolvlm2_2b
648,0.23134768,0.522193276740905,0.47435897435897434,False,1,solver_3_smolvlm2_2b
649,0.057524756,0.5133266739470184,0.4852941176470588,False,1,solver_3_smolvlm2_2b
650,-0.19402987,0.45791666186568614,0.5422053231939163,False,1,solver_3_smolvlm2_2b
651,-0.2854829,0.4225084730940374,0.5853658536585366,True,0,solver_3_smolvlm2_2b
652,-0.8621322,0.29488663256304704,0.7081260364842454,False,1,solver_3_smolvlm2_2b
653,-0.6385428,0.36928559180883613,0.6312384473197782,True,0,solver_3_smolvlm2_2b
654,-0.8893676,0.32360361838442064,0.68125,True,0,solver_3_smolvlm2_2b
655,-0.39297482,0.4167153043217996,0.5835789473684211,False,1,solver_3_smolvlm2_2b
656,-0.8444935,0.3254222886355054,0.6754587155963303,False,1,solver_3_smolvlm2_2b
657,-0.71894133,0.33457623629797817,0.6662756598240469,False,1,solver_3_smolvlm2_2b
658,0.074161366,0.5062082116847635,0.4937424303593056,False,1,solver_3_smolvlm2_2b
659,-0.75947034,0.3416135074891964,0.6589595375722543,False,1,solver_3_smolvlm2_2b
660,-5.3691845,0.29800487255263686,1.0,True,0,solver_3_smolvlm2_2b
661,1.4107836,0.7536484162651658,0.24492234169653523,False,1,solver_3_smolvlm2_2b
662,0.13862363,0.5246044394817084,0.4751921733053808,False,1,solver_3_smolvlm2_2b
663,1.0846019,0.7011334123052158,0.2874251497005988,True,0,solver_3_smolvlm2_2b
664,0.4045315,0.5530134669584251,0.4467760396795116,False,1,solver_3_smolvlm2_2b
665,-0.14630365,0.4579166136903001,0.5434782608695652,True,0,solver_3_smolvlm2_2b
666,-0.6000612,0.44189512898106087,0.5641025641025641,False,1,solver_3_smolvlm2_2b
667,0.566888,0.6054054222296007,0.39395807644882863,False,1,solver_3_smolvlm2_2b
668,-0.9702227,0.2804869659118734,0.7201772324471711,False,1,solver_3_smolvlm2_2b
669,0.349887,0.5454006139028955,0.4543795620437956,True,0,solver_3_smolvlm2_2b
670,0.8777914,0.6582240629833029,0.34123893805309735,True,0,solver_3_smolvlm2_2b
671,0.31239074,0.5737337994056837,0.41964285714285715,False,1,solver_3_smolvlm2_2b
672,-1.6195605,0.19210173845955247,0.8094962362478286,False,1,solver_3_smolvlm2_2b
673,-1.4127015,0.2250669687604473,0.7759795570698467,True,0,solver_3_smolvlm2_2b
674,0.5334705,0.6235411473907728,0.375889890840057,True,0,solver_3_smolvlm2_2b
675,0.071872115,0.5109948863285398,0.4889406286379511,False,1,solver_3_smolvlm2_2b
676,-0.2954484,0.42308561482067564,0.5771369006254343,False,1,solver_3_smolvlm2_2b
677,0.42868477,0.5829218196241887,0.4166204986149584,False,1,solver_3_smolvlm2_2b
678,0.29613012,0.5587165092894446,0.44105303319343764,False,1,solver_3_smolvlm2_2b
679,-2.084089,0.14437104576743642,0.8576972833117723,False,1,solver_3_smolvlm2_2b
680,1.3436629,0.5711124379569299,0.36363636363636365,True,0,solver_3_smolvlm2_2b
681,0.16308862,0.5149241898395558,0.48475120385232745,False,1,solver_3_smolvlm2_2b
682,-0.6692401,0.33875311431531396,0.6620610247553252,False,1,solver_3_smolvlm2_2b
683,-1.0055202,0.2733810893198252,0.7275747508305648,False,1,solver_3_smolvlm2_2b
684,0.94356585,0.6944166603728077,0.3044033184428845,False,1,solver_3_smolvlm2_2b
685,-0.53666663,0.397703957677888,0.6028645833333334,False,1,solver_3_smolvlm2_2b
686,-0.20715845,0.4535697595624052,0.5465983224603914,True,0,solver_3_smolvlm2_2b
687,-0.38713697,0.4112755003341889,0.5891608391608392,True,0,solver_3_smolvlm2_2b
688,-1.2705852,0.24969961515199945,0.7515923566878981,False,1,solver_3_smolvlm2_2b
689,-0.50118184,0.3977555722943361,0.6049382716049383,False,1,solver_3_smolvlm2_2b
690,-1.4902261,0.1985349804255786,0.8030480656506448,False,1,solver_3_smolvlm2_2b
691,-0.8235631,0.34494384565666647,0.6556776556776557,False,1,solver_3_smolvlm2_2b
692,-0.071980625,0.4809516702943527,0.5205479452054794,True,0,solver_3_smolvlm2_2b
693,0.3025902,0.5679258610163969,0.4260869565217391,True,0,solver_3_smolvlm2_2b
694,0.528648,0.65327511822122,0.32941176470588235,False,1,solver_3_smolvlm2_2b
695,-0.29000553,0.4284965153650878,0.5718617343844754,False,1,solver_3_smolvlm2_2b
696,-0.1511262,0.4650977448058956,0.5350019554165037,False,1,solver_3_smolvlm2_2b
697,-0.4183388,0.3990558239392108,0.6024518388791593,True,0,solver_3_smolvlm2_2b
698,1.0242246,0.680559523302964,0.29411764705882354,True,0,solver_3_smolvlm2_2b
699,1.1079978,0.6713184082949011,0.3076923076923077,False,1,solver_3_smolvlm2_2b
700,-1.2691166,0.24233205067761276,0.7590290112492599,False,1,solver_3_smolvlm2_2b
701,0.46617416,0.5834019752511168,0.4159362549800797,False,1,solver_3_smolvlm2_2b
702,0.86492825,0.6651758694403261,0.3253012048192771,True,0,solver_3_smolvlm2_2b
703,0.96043015,0.6483760803635171,0.3333333333333333,False,1,solver_3_smolvlm2_2b
704,-0.25063583,0.42289157272882816,0.5774811375507836,True,0,solver_3_smolvlm2_2b
705,0.13108519,0.4953228082966379,0.5046511627906977,False,1,solver_3_smolvlm2_2b
706,-0.32252386,0.44125749691673444,0.5590604026845638,False,1,solver_3_smolvlm2_2b
707,-0.4922944,0.39379258426484065,0.6066079295154185,False,1,solver_3_smolvlm2_2b
708,0.50824654,0.6495539004468047,0.3333333333333333,False,1,solver_3_smolvlm2_2b
709,1.0713612,0.701678817658051,0.297423887587822,False,1,solver_3_smolvlm2_2b
710,-1.0801355,0.26168643709685446,0.7392906494702902,False,1,solver_3_smolvlm2_2b
711,1.066148,0.6981273451705582,0.30069052102950405,False,1,solver_3_smolvlm2_2b
712,-0.0957931,0.4652083017668618,0.5349959774738536,False,1,solver_3_smolvlm2_2b
713,-0.76613927,0.3307587526783047,0.6724890829694323,True,0,solver_3_smolvlm2_2b
714,-0.49884197,0.395983204098159,0.6044003451251079,False,1,solver_3_smolvlm2_2b
715,-0.20164216,0.47198039695166216,0.5454545454545454,True,0,solver_3_smolvlm2_2b
716,-0.072544396,0.4692318565401523,0.5309139784946236,False,1,solver_3_smolvlm2_2b
717,-0.3810136,0.4171184843542902,0.583284968078932,False,1,solver_3_smolvlm2_2b
718,1.910498,0.8116643557791183,0.1838905775075988,False,1,solver_3_smolvlm2_2b
719,0.76437914,0.6142892742484849,0.375,True,0,solver_3_smolvlm2_2b
720,0.52746993,0.5702217834558785,0.42857142857142855,False,1,solver_3_smolvlm2_2b
721,-0.44654557,0.396002910240308,0.604526503871352,True,0,solver_3_smolvlm2_2b
722,0.06970388,0.4956969923845197,0.5,False,1,solver_3_smolvlm2_2b
723,-0.54495513,0.37021608185677646,0.631578947368421,True,0,solver_3_smolvlm2_2b
724,0.14375809,0.5244357265477009,0.4714285714285714,True,0,solver_3_smolvlm2_2b
725,0.6853364,0.6097086944640717,0.38922155688622756,False,1,solver_3_smolvlm2_2b
726,1.173545,0.7159413727565618,0.277602523659306,False,1,solver_3_smolvlm2_2b
727,-1.1757166,0.24502717469275592,0.7557540364136036,True,0,solver_3_smolvlm2_2b
728,-0.51238596,0.42874696809540624,0.5773195876288659,True,0,solver_3_smolvlm2_2b
729,1.4832225,0.7491276753678473,0.24976437323279924,False,1,solver_3_smolvlm2_2b
730,-1.1586304,0.4191431051422584,0.75,True,0,solver_3_smolvlm2_2b
731,-1.3043845,0.23658269229846018,0.7648104265402843,False,1,solver_3_smolvlm2_2b
732,0.3482759,0.5694233409259921,0.4302771855010661,False,1,solver_3_smolvlm2_2b
733,-1.8339313,0.18606038168105077,0.8470588235294118,False,1,solver_3_smolvlm2_2b
734,1.1530043,0.7188067562628361,0.27978216473791695,False,1,solver_3_smolvlm2_2b
735,-0.3913087,0.4251621602261424,0.5751091703056769,True,0,solver_3_smolvlm2_2b
736,0.058805242,0.4965113734066292,0.5034770514603616,False,1,solver_3_smolvlm2_2b
737,-0.019547403,0.48826301407414985,0.5117691723614275,False,1,solver_3_smolvlm2_2b
738,-0.4173675,0.4110670732404458,0.5892179195140471,False,1,solver_3_smolvlm2_2b
739,-0.67317593,0.37408060839950874,0.632183908045977,False,1,solver_3_smolvlm2_2b
740,-0.017009228,0.4852450706777689,0.5147833130822195,False,1,solver_3_smolvlm2_2b
741,-0.94120526,0.2917510343784875,0.7111459968602826,True,0,solver_3_smolvlm2_2b
742,-1.5591831,0.2043899129376513,0.7966432474629196,False,1,solver_3_smolvlm2_2b
743,1.2018231,0.7234730526415067,0.26436781609195403,False,1,solver_3_smolvlm2_2b
744,-0.24773613,0.4481155516074311,0.552073732718894,False,1,solver_3_smolvlm2_2b
745,0.47236282,0.6006959281286792,0.398923904688701,False,1,solver_3_smolvlm2_2b
746,0.6311033,0.606048390158545,0.39236641221374047,False,1,solver_3_smolvlm2_2b
747,-0.37694582,0.4104271771395318,0.5929203539823009,False,1,solver_3_smolvlm2_2b
748,0.47990674,0.5883006998920168,0.4112394957983193,False,1,solver_3_smolvlm2_2b
749,0.3076698,0.5666876718551763,0.4330590875093493,False,1,solver_3_smolvlm2_2b
750,-0.07856986,0.47199034522789973,0.5281231497927767,True,0,solver_3_smolvlm2_2b
751,-1.1122717,0.2764645646915639,0.7243697478991596,False,1,solver_3_smolvlm2_2b
752,1.6317817,0.7468272481468712,0.23076923076923078,True,0,solver_3_smolvlm2_2b
753,-1.1170365,0.2823025426855521,0.718544498027181,False,1,solver_3_smolvlm2_2b
754,0.014145926,0.5009145534296773,0.49905767056162836,False,1,solver_3_smolvlm2_2b
755,0.27608562,0.553921014713503,0.445821854912764,False,1,solver_3_smolvlm2_2b
756,-0.42655727,0.3955750561680066,0.6057838660578386,False,1,solver_3_smolvlm2_2b
757,1.4462377,0.570944474728045,0.25,False,1,solver_3_smolvlm2_2b
758,-0.63916445,0.3634441100541129,0.6369789811186319,False,1,solver_3_smolvlm2_2b
759,0.65171456,0.6218596077288348,0.3695652173913043,False,1,solver_3_smolvlm2_2b
760,-0.72854865,0.4297996191072254,0.6666666666666666,False,1,solver_3_smolvlm2_2b
761,0.6047014,0.5950944480209848,0.40458015267175573,False,1,solver_3_smolvlm2_2b
762,1.1447667,0.7123071969917185,0.28662420382165604,False,1,solver_3_smolvlm2_2b
763,-0.013588756,0.47291543542353964,0.5288461538461539,False,1,solver_3_smolvlm2_2b
764,-0.6699852,0.34829195499388577,0.6521591295477729,False,1,solver_3_smolvlm2_2b
765,0.116688564,0.49929918386994676,0.5,False,1,solver_3_smolvlm2_2b
766,0.5638258,0.5914729142699335,0.4079952968841858,True,0,solver_3_smolvlm2_2b
767,-0.11843163,0.48292832105617356,0.5171102661596958,False,1,solver_3_smolvlm2_2b
768,-0.3486158,0.3971465830681099,0.6031866464339909,True,0,solver_3_smolvlm2_2b
769,0.6476409,0.6286537937091243,0.3708609271523179,False,1,solver_3_smolvlm2_2b
770,0.07982676,0.4982334355763095,0.5017381228273464,False,1,solver_3_smolvlm2_2b
771,1.0143124,0.6716622384318242,0.3055555555555556,True,0,solver_3_smolvlm2_2b
772,-1.0854756,0.2604955451469736,0.7404718693284936,False,1,solver_3_smolvlm2_2b
773,0.1041401,0.48405605459321677,0.5168539325842697,False,1,solver_3_smolvlm2_2b
774,0.9120846,0.6378950482549041,0.345679012345679,False,1,solver_3_smolvlm2_2b
775,0.56884545,0.6562622251172807,0.325,False,1,solver_3_smolvlm2_2b
776,0.11385092,0.5082717074544807,0.491640866873065,False,1,solver_3_smolvlm2_2b
777,1.161464,0.7026928803242904,0.2942122186495177,False,1,solver_3_smolvlm2_2b
778,-0.67323816,0.3338664290922744,0.667828106852497,True,0,solver_3_smolvlm2_2b
779,-0.677745,0.3597088670437081,0.6439169139465876,False,1,solver_3_smolvlm2_2b
780,0.5205673,0.6025053726658844,0.3943217665615142,False,1,solver_3_smolvlm2_2b
781,-0.39912614,0.4061592993028086,0.5941470927993839,False,1,solver_3_smolvlm2_2b
782,-0.38938996,0.4036568963703949,0.5969912905779889,False,1,solver_3_smolvlm2_2b
783,0.44177386,0.5680320197000284,0.42857142857142855,False,1,solver_3_smolvlm2_2b
784,1.9090279,0.8094204693235189,0.18421052631578946,False,1,solver_3_smolvlm2_2b
785,0.086202994,0.5198085463611952,0.48008565310492507,False,1,solver_3_smolvlm2_2b
786,-0.95728576,0.30047128477752794,0.7001862197392924,False,1,solver_3_smolvlm2_2b
787,-0.5621432,0.3903763556249634,0.6100302637267618,False,1,solver_3_smolvlm2_2b
788,-0.782518,0.33824933761495624,0.6622976098689283,False,1,solver_3_smolvlm2_2b
789,0.6724113,0.6315968728139008,0.36787349146899706,True,0,solver_3_smolvlm2_2b
790,-0.21188134,0.4537598358169357,0.5463875205254516,False,1,solver_3_smolvlm2_2b
791,-1.9982508,0.14920952186441938,0.8521777386713595,True,0,solver_3_smolvlm2_2b
792,1.143533,0.7109466435193579,0.2878228782287823,False,1,solver_3_smolvlm2_2b
793,0.85065067,0.6614883959318412,0.32941176470588235,True,0,solver_3_smolvlm2_2b
794,0.10550332,0.5119156675043265,0.48801571709233793,False,1,solver_3_smolvlm2_2b
795,-0.036803007,0.48821201519349766,0.5118074477747502,False,1,solver_3_smolvlm2_2b
796,-0.139873,0.46999970251182355,0.5314685314685315,False,1,solver_3_smolvlm2_2b
797,0.7537005,0.6508875344806102,0.336283185840708,False,1,solver_3_smolvlm2_2b
798,-0.9936147,0.3085037604001478,0.6926121372031663,False,1,solver_3_smolvlm2_2b
799,0.5635259,0.5833622157962801,0.4090909090909091,True,0,solver_3_smolvlm2_2b
800,0.71681017,0.6391974557292192,0.360198108959928,False,1,solver_3_smolvlm2_2b
801,0.9030013,0.6495301308832518,0.3490838958534233,False,1,solver_3_smolvlm2_2b
802,-1.3469594,0.21806680591351713,0.7828038674033149,False,1,solver_3_smolvlm2_2b
803,-1.0144991,0.30161156114362175,0.6991416309012876,False,1,solver_3_smolvlm2_2b
804,-0.90740323,0.3132120274202319,0.6874739908447773,False,1,solver_3_smolvlm2_2b
805,-0.36043593,0.42472455763459915,0.5755627009646302,False,1,solver_3_smolvlm2_2b
806,0.2626355,0.5250498413907128,0.47480988593155893,False,1,solver_3_smolvlm2_2b
807,-1.2663138,0.26454857305659185,0.75,False,1,solver_3_smolvlm2_2b
808,0.07989745,0.5046417302829787,0.4953161592505855,False,1,solver_3_smolvlm2_2b
809,-1.6227301,0.19307050338060705,0.8079301564205166,False,1,solver_3_smolvlm2_2b
810,0.14193282,0.49504378993515175,0.5,False,1,solver_3_smolvlm2_2b
811,-1.0982256,0.27854058315399244,0.7225661226786719,True,0,solver_3_smolvlm2_2b
812,-0.017325222,0.47630862087813697,0.5256410256410257,False,1,solver_3_smolvlm2_2b
813,-1.0317414,0.2870541107097019,0.7136481963555225,True,0,solver_3_smolvlm2_2b
814,-0.86366117,0.31850308788637993,0.6826056826056826,False,1,solver_3_smolvlm2_2b
815,-1.2930071,0.22655389873492782,0.774281805745554,False,1,solver_3_smolvlm2_2b
816,-0.09848297,0.48347268584664627,0.516564952048823,False,1,solver_3_smolvlm2_2b
817,-0.2369633,0.4543934310573109,0.5507246376811594,True,0,solver_3_smolvlm2_2b
818,1.6646111,0.7812589773557349,0.21645021645021645,False,1,solver_3_smolvlm2_2b
819,-0.07898259,0.47057657578320944,0.5295013323182337,False,1,solver_3_smolvlm2_2b
820,0.7079474,0.6202876675997913,0.37902753368482717,True,0,solver_3_smolvlm2_2b
821,0.17022714,0.5895640177839242,0.4,False,1,solver_3_smolvlm2_2b
822,0.97612953,0.6775883897497861,0.3204225352112676,False,1,solver_3_smolvlm2_2b
823,-0.6391082,0.3563751313105058,0.6443538998835856,False,1,solver_3_smolvlm2_2b
824,1.1169369,0.6932722843968496,0.3058769088385007,True,0,solver_3_smolvlm2_2b
825,-2.3224623,0.1130570262024132,0.8883836295990079,False,1,solver_3_smolvlm2_2b
826,0.34134385,0.5743077584303286,0.42536327608982827,False,1,solver_3_smolvlm2_2b
827,0.5202741,0.5898706863780319,0.408207343412527,True,0,solver_3_smolvlm2_2b
828,-2.1715386,0.12725662764713563,0.8739346590909091,False,1,solver_3_smolvlm2_2b
829,-0.56017697,0.37904797431984305,0.6215316315205327,True,0,solver_3_smolvlm2_2b
830,-0.08535212,0.4868924404758268,0.5131304710295956,False,1,solver_3_smolvlm2_2b
831,-0.744593,0.34578872220938206,0.6547256097560976,True,0,solver_3_smolvlm2_2b
832,0.14193279,0.49504378993515175,0.5,False,1,solver_3_smolvlm2_2b
833,0.3717062,0.5745968766143028,0.4251152073732719,True,0,solver_3_smolvlm2_2b
834,0.13001387,0.5193557993897733,0.4805414551607445,True,0,solver_3_smolvlm2_2b
835,-0.8859129,0.3053632659692971,0.6959511077158136,False,1,solver_3_smolvlm2_2b
836,0.004821092,0.48417317227785817,0.515854074326628,False,1,solver_3_smolvlm2_2b
837,-0.54121697,0.37574920737958417,0.6248062015503876,False,1,solver_3_smolvlm2_2b
838,0.38342857,0.5524147518219416,0.44733178654292344,False,1,solver_3_smolvlm2_2b
839,0.33896413,0.5679478876027888,0.42990654205607476,False,1,solver_3_smolvlm2_2b
840,-0.005298525,0.49421260196658556,0.5057803468208093,False,1,solver_3_smolvlm2_2b
841,-5.3703866,0.34324242034936503,1.0,False,1,solver_3_smolvlm2_2b
842,0.8539802,0.6470241448314913,0.3333333333333333,False,1,solver_3_smolvlm2_2b
843,0.79776883,0.6942607362262851,0.28205128205128205,False,1,solver_3_smolvlm2_2b
844,-0.10851073,0.46155858106264025,0.5385435168738899,True,0,solver_3_smolvlm2_2b
845,-0.7966744,0.31551849264584886,0.6858594411515665,False,1,solver_3_smolvlm2_2b
846,1.3597108,0.7460284940111108,0.25251256281407036,False,1,solver_3_smolvlm2_2b
847,-5.3703866,0.34324242034936503,1.0,False,1,solver_3_smolvlm2_2b
848,-0.52096725,0.3628099713799784,0.6385681293302541,False,1,solver_3_smolvlm2_2b
849,0.6634947,0.6293958337828971,0.3700319780721791,False,1,solver_3_smolvlm2_2b
850,0.1063412,0.5122311425712438,0.4876984126984127,True,0,solver_3_smolvlm2_2b
851,0.528648,0.65327511822122,0.32941176470588235,False,1,solver_3_smolvlm2_2b
852,0.07764271,0.5145444296952604,0.4853700516351119,False,1,solver_3_smolvlm2_2b
853,-0.32930627,0.4002921916364972,0.6007025761124122,False,1,solver_3_smolvlm2_2b
854,0.53008324,0.5883242235020131,0.4,True,0,solver_3_smolvlm2_2b
855,-1.2008328,0.2415301159372848,0.7592529711375212,False,1,solver_3_smolvlm2_2b
856,1.2818174,0.7275334677233487,0.2717241379310345,False,1,solver_3_smolvlm2_2b
857,1.4627544,0.7494495951361914,0.23809523809523808,False,1,solver_3_smolvlm2_2b
858,0.19465575,0.5317171946792958,0.4681372549019608,False,1,solver_3_smolvlm2_2b
859,0.0020325482,0.48907082284122083,0.5109430959013131,False,1,solver_3_smolvlm2_2b
861,-0.23233965,0.5098208592786573,0.4883720930232558,True,0,solver_3_smolvlm2_2b
862,0.27404845,0.5406248100033217,0.4592198581560284,True,0,solver_3_smolvlm2_2b
863,-1.5254444,0.19252618230800578,0.8087112707678491,False,1,solver_3_smolvlm2_2b
864,-0.1400381,0.4759942372034558,0.5248618784530387,True,0,solver_3_smolvlm2_2b
865,1.2322574,0.6993262576088266,0.29743589743589743,False,1,solver_3_smolvlm2_2b
866,-0.47006354,0.36901628067589576,0.6329331046312179,False,1,solver_3_smolvlm2_2b
867,-1.3628222,0.22610647234878822,0.7747404844290657,False,1,solver_3_smolvlm2_2b
868,0.31202468,0.5543569602379002,0.4454183266932271,False,1,solver_3_smolvlm2_2b
869,0.65391517,0.6124840321231474,0.3857374392220421,True,0,solver_3_smolvlm2_2b
870,0.3538818,0.5653375715153527,0.43427230046948356,False,1,solver_3_smolvlm2_2b
871,-0.18023735,0.43900891127195896,0.5614186851211073,True,0,solver_3_smolvlm2_2b
872,-0.17762664,0.4317451043317866,0.5687984496124031,True,0,solver_3_smolvlm2_2b
873,0.770085,0.6263304172414815,0.3732075471698113,True,0,solver_3_smolvlm2_2b
874,0.6109809,0.5857477652077422,0.41278065630397237,False,1,solver_3_smolvlm2_2b
875,0.9211376,0.6722646046616698,0.3267504488330341,False,1,solver_3_smolvlm2_2b
876,0.28109556,0.6069995965671109,0.379746835443038,False,1,solver_3_smolvlm2_2b
877,0.0028959215,0.4858095511272843,0.5142314990512334,False,1,solver_3_smolvlm2_2b
878,0.9887222,0.6921041661022642,0.3066104078762307,True,0,solver_3_smolvlm2_2b
879,1.376676,0.7488374778148021,0.24968553459119497,False,1,solver_3_smolvlm2_2b
880,-0.01157397,0.5066003625103825,0.49331550802139035,True,0,solver_3_smolvlm2_2b
881,-1.6991864,0.17866084290308304,0.8224125093075205,False,1,solver_3_smolvlm2_2b
882,0.8034767,0.6571830349441465,0.3421623968736431,True,0,solver_3_smolvlm2_2b
883,0.977327,0.6841049003258093,0.30538922155688625,True,0,solver_3_smolvlm2_2b
884,-0.32378325,0.4133069013455092,0.5878594249201278,True,0,solver_3_smolvlm2_2b
885,-0.120863944,0.4634343018021094,0.5366705471478463,False,1,solver_3_smolvlm2_2b
886,0.95225716,0.6634886902057978,0.3150684931506849,False,1,solver_3_smolvlm2_2b
887,0.2260904,0.5337467139375354,0.46611132146914047,False,1,solver_3_smolvlm2_2b
888,0.8112856,0.6164725069438499,0.3707865168539326,False,1,solver_3_smolvlm2_2b
889,-0.7251631,0.3561330640952167,0.6443974630021142,False,1,solver_3_smolvlm2_2b
890,0.106539905,0.5186721588100482,0.4812353401094605,True,0,solver_3_smolvlm2_2b
891,0.538127,0.5954932719108295,0.4039287906691222,False,1,solver_3_smolvlm2_2b
892,0.0029531717,0.5553372043490002,0.4375,False,1,solver_3_smolvlm2_2b
893,0.06253956,0.5665510955454758,0.425,False,1,solver_3_smolvlm2_2b
894,-1.1311358,0.2603180143654814,0.7421602787456446,True,0,solver_3_smolvlm2_2b
895,0.36608952,0.576257657789568,0.41916167664670656,False,1,solver_3_smolvlm2_2b
896,-0.9319154,0.31119749265730223,0.6895213454075032,False,1,solver_3_smolvlm2_2b
897,0.20047915,0.5239173979262615,0.4444444444444444,False,1,solver_3_smolvlm2_2b
898,-0.10876864,0.473716860370326,0.5263644773358002,True,0,solver_3_smolvlm2_2b
899,-0.9913801,0.29858664362358955,0.7228915662650602,False,1,solver_3_smolvlm2_2b
900,-1.0454047,0.29592158863702656,0.7097791798107256,False,1,solver_3_smolvlm2_2b
901,-0.34080347,0.43081845360972404,0.5709779179810726,False,1,solver_3_smolvlm2_2b
902,0.40028805,0.5666848531445712,0.4327764518695306,False,1,solver_3_smolvlm2_2b
903,0.6090962,0.6135291236914328,0.385793018983466,True,0,solver_3_smolvlm2_2b
904,0.99372053,0.6890405788778519,0.3101409731696226,False,1,solver_3_smolvlm2_2b
905,0.68673575,0.5306665222896011,0.4,True,0,solver_3_smolvlm2_2b
906,0.7289609,0.6182316808203714,0.3806193806193806,False,1,solver_3_smolvlm2_2b
907,-1.8010758,0.15753912072476173,0.8442622950819673,False,1,solver_3_smolvlm2_2b
908,-0.8630142,0.32089372076896505,0.6798051372896369,False,1,solver_3_smolvlm2_2b
909,-0.01914829,0.47155203278454816,0.5308641975308642,False,1,solver_3_smolvlm2_2b
910,-0.30779466,0.4010921629781544,0.6003401360544217,True,0,solver_3_smolvlm2_2b
911,-0.76068354,0.3311282971623505,0.6693739424703892,True,0,solver_3_smolvlm2_2b
912,-0.4681565,0.3900312926521534,0.6103216155572176,False,1,solver_3_smolvlm2_2b
913,0.8399608,0.6455867485094532,0.35359438924605496,False,1,solver_3_smolvlm2_2b
914,-0.6373222,0.3395108406387577,0.6610299769408148,False,1,solver_3_smolvlm2_2b
915,0.5403274,0.6067767691669415,0.389937106918239,False,1,solver_3_smolvlm2_2b
916,0.13740483,0.5129722495234845,0.48690396239086636,False,1,solver_3_smolvlm2_2b
917,0.28187796,0.543052094047616,0.45614035087719296,True,0,solver_3_smolvlm2_2b
918,0.61810845,0.6081604102315932,0.3862433862433862,False,1,solver_3_smolvlm2_2b
919,0.50425076,0.586576294255643,0.4121212121212121,False,1,solver_3_smolvlm2_2b
920,-0.32353792,0.4030007846864989,0.5973843998131714,False,1,solver_3_smolvlm2_2b
921,-0.6166017,0.3684339571339409,0.6319689484827099,True,0,solver_3_smolvlm2_2b
922,-0.9539858,0.29534353915917166,0.7052775873886223,False,1,solver_3_smolvlm2_2b
923,-0.738551,0.3412449192074618,0.6593227254181967,False,1,solver_3_smolvlm2_2b
924,-2.802521,0.07810242067828266,0.9234972677595629,True,0,solver_3_smolvlm2_2b
925,1.3457246,0.7393873249038778,0.2469879518072289,True,0,solver_3_smolvlm2_2b
926,-0.5118556,0.3927156817061922,0.6076388888888888,False,1,solver_3_smolvlm2_2b
927,-0.40527627,0.3908078354956175,0.6097417840375586,False,1,solver_3_smolvlm2_2b
928,-1.7359681,0.36390224582993114,0.8333333333333334,False,1,solver_3_smolvlm2_2b
929,0.57062507,0.6137987079655596,0.3795180722891566,True,0,solver_3_smolvlm2_2b
930,-0.14594442,0.4401989707117179,0.5882352941176471,False,1,solver_3_smolvlm2_2b
931,2.0790637,0.8377414137386373,0.16039952996474735,True,0,solver_3_smolvlm2_2b
932,0.70298004,0.6403719684936213,0.35906040268456374,False,1,solver_3_smolvlm2_2b
933,-1.1935544,0.2589743484022098,0.7425191370911621,False,1,solver_3_smolvlm2_2b
934,0.06328373,0.5046517033405773,0.495304205798285,False,1,solver_3_smolvlm2_2b
935,0.15299919,0.5138577155360301,0.4860302677532014,False,1,solver_3_smolvlm2_2b
936,1.2390487,0.687773673594191,0.29213483146067415,True,0,solver_3_smolvlm2_2b
937,0.17663456,0.5081154805498704,0.49056603773584906,False,1,solver_3_smolvlm2_2b
938,-1.0068071,0.291282231054353,0.709411323584552,False,1,solver_3_smolvlm2_2b
939,-0.53940904,0.39214313142462764,0.6082047421904403,False,1,solver_3_smolvlm2_2b
940,-0.10766062,0.47455748962916067,0.5277777777777778,False,1,solver_3_smolvlm2_2b
941,-0.75444543,0.3393307236606141,0.6611842105263158,False,1,solver_3_smolvlm2_2b
942,0.31264544,0.5375265258067743,0.45871559633027525,False,1,solver_3_smolvlm2_2b
943,-0.25465384,0.4336763018159737,0.5665284583490389,False,1,solver_3_smolvlm2_2b
944,2.2506933,0.840278356860576,0.14285714285714285,False,1,solver_3_smolvlm2_2b
945,0.3883947,0.5773321226000034,0.42233632862644416,False,1,solver_3_smolvlm2_2b
946,0.11547032,0.5369019950653093,0.4594594594594595,True,0,solver_3_smolvlm2_2b
947,-0.45703307,0.3844823723989933,0.617124394184168,True,0,solver_3_smolvlm2_2b
