question_id,content_asset_path,content_asset_sha256,correct_option,n_attempts,n_students,n_correct,empirical_correctness
0,data/eedi_public_download/extracted/data/images/0.jpg,edc30ed5c291c87d9678f2c0c967051281034a92b35b0e6ae9a6fb6366383021,1,2812,2812,1247,0.44345661450924606
1,data/eedi_public_download/extracted/data/images/1.jpg,caf54630ac7128d950f7d180e24f063f6dae21db9e280cddba73546133a0fbdd,3,14,14,8,0.5714285714285714
2,data/eedi_public_download/extracted/data/images/2.jpg,c53be4abcd1fffc629144232926bac51b6806f9fbfeced046b5c07dce7a0f9e0,2,2313,2313,891,0.3852140077821012
3,data/eedi_public_download/extracted/data/images/3.jpg,e4195d22caaef79d3245cc34a2a434653915357374d7cd364e0b3584523022af,2,2672,2672,2161,0.8087574850299402
4,data/eedi_public_download/extracted/data/images/4.jpg,60e2805370f66e1c6527c493f88a5855aace097289c24c233a831c5f0efa79e7,3,1704,1704,684,0.4014084507042254
5,data/eedi_public_download/extracted/data/images/5.jpg,4bc93285901f34d74af529e2d3ead48b880b2b65f2454fd726a31a721717547f,4,833,833,159,0.1908763505402161
6,data/eedi_public_download/extracted/data/images/6.jpg,8f4a8e292cee5b985c612e1ee42d0ff9116ac3e0cba36a99504e70c094e29891,2,1718,1718,908,0.5285215366705471
7,data/eedi_public_download/extracted/data/images/7.jpg,5af7d701f31244db46ff5b1411945a06806acfb996a4abe7736ce6464ff27046,2,89,89,31,0.34831460674157305
8,data/eedi_public_download/extracted/data/images/8.jpg,5d2139ff8eaab03dff92a7a59e9ec9c3342c058c4f36acf13fa3b403f3da2194,1,2327,2327,912,0.3919209282337774
9,data/eedi_public_download/extracted/data/images/9.jpg,93cb658a349c682d97a548dfa0f3717fdfde61323da8b6ddcc4884a146ab35ec,3,834,834,303,0.36330935251798563
10,data/eedi_public_download/extracted/data/images/10.jpg,a78313c1d8a5d565cab3aa20f0630ef4082dd97305eb8fbbdf9b735792744ab7,1,1572,1572,632,0.4020356234096692
11,data/eedi_public_download/extracted/data/images/11.jpg,2815136513a17d4416e919960515a902d9630a3a7c1d30b8aa8127fc723395b5,2,2171,2171,995,0.45831414094887146
12,data/eedi_public_download/extracted/data/images/12.jpg,9034b6951ff73c649270bca34c22958113fd9f1703e847f6c0bd6926dd4783b9,4,1701,1701,679,0.3991769547325103
13,data/eedi_public_download/extracted/data/images/13.jpg,e7dd5e5ee088473b72c026da51126dcab46ef395737707c42676c3000bd34ae6,1,1259,1259,877,0.6965845909451946
14,data/eedi_public_download/extracted/data/images/14.jpg,2e4d957817c5870e76ee926b73747ffac1ba35168da7a63df60fa1e7b63757ae,1,1697,1697,1134,0.6682380671773719
15,data/eedi_public_download/extracted/data/images/15.jpg,dd6b8406d2b100bd54523fe741b0ad71f4e28afec805d30f984b84966d56ca66,3,4,4,2,0.5
16,data/eedi_public_download/extracted/data/images/16.jpg,af5640a1e3493db063494d73d026b11894a6b5a7bd8c44e1a862f22d2281b71c,1,2300,2300,1342,0.5834782608695652
17,data/eedi_public_download/extracted/data/images/17.jpg,6359a0c3531d908a02dee0a6bce00c7b874c19551ec448163fba4cd1d619c3a3,4,848,848,364,0.42924528301886794
18,data/eedi_public_download/extracted/data/images/18.jpg,31e8898852008dc147803b64e6b31bb84de28d7fe0078442258b16dd7aad672a,1,2173,2173,690,0.3175333640128854
19,data/eedi_public_download/extracted/data/images/19.jpg,1fa1d86fb2ee9adfd83845c26668567d9385456092081bf4b57255418b3bb7dc,3,2692,2692,1711,0.6355869242199108
20,data/eedi_public_download/extracted/data/images/20.jpg,9f1d7c95a649c76be704e1f7a62df3b1f023de2ca8abe918ea35a19df51490b8,3,1707,1707,1082,0.6338605741066198
21,data/eedi_public_download/extracted/data/images/21.jpg,1994873ed5c6eb0b21bb3405ace467835bb6ef35ed10b8fb0785ee127a5fbb5a,2,137,137,56,0.40875912408759124
22,data/eedi_public_download/extracted/data/images/22.jpg,10912f9b14c405d5db0281e4293125801fd9bb183667cb49532f93b5678ee478,3,2797,2797,1730,0.618519842688595
23,data/eedi_public_download/extracted/data/images/23.jpg,7d3dea2855ccd6fcc94b3f1dc19d8d2d74b05e0c20dc3a29f8b034d5e4d1c15c,3,579,579,260,0.44905008635578586
24,data/eedi_public_download/extracted/data/images/24.jpg,4d276751b21569f2fe5ac04c53f2a64f3d01729f802e884605c49983a25edcf4,2,2391,2391,1481,0.6194061062317022
25,data/eedi_public_download/extracted/data/images/25.jpg,ac355263028e84298a4592d3c304a4d9cc0ac8dae423e073c94061a54110148e,2,2410,2410,1956,0.8116182572614108
26,data/eedi_public_download/extracted/data/images/26.jpg,82a4d7c68455bc586699d3b6529f9bc06a5694dd4c75e1fbeb4aeeeda4eea931,3,1505,1505,795,0.5282392026578073
27,data/eedi_public_download/extracted/data/images/27.jpg,7035653e7382f9ee1aa467b768a6f6cfd08a3bde51c39d5c620db965351ff305,1,2329,2329,1052,0.45169600686990125
28,data/eedi_public_download/extracted/data/images/28.jpg,c4293baae2e431741c511f22739e79d060953421b70746e87461e84e8d8afbf0,1,90,90,44,0.4888888888888889
29,data/eedi_public_download/extracted/data/images/29.jpg,6da4c05aa874c0ba07e65469ac627d06df8665ce85a18470d3d3aae8c1c0b5d2,4,1730,1730,1066,0.6161849710982659
30,data/eedi_public_download/extracted/data/images/30.jpg,4afab5f0f747b96204e62e984c6b4e63ea345b1e4e6a42ebd39fced57a0df31e,1,2813,2813,1428,0.507643085673658
31,data/eedi_public_download/extracted/data/images/31.jpg,555bd3deeb6a2780570b3541cd1e7420cf5c63222f62d4c85a4ba808d0a5f8ea,3,2256,2256,1516,0.6719858156028369
32,data/eedi_public_download/extracted/data/images/32.jpg,56137e5126526883d8bae259d72690f7fc7911d9d5d57bc1917b2c5a3e781077,1,70,70,27,0.38571428571428573
33,data/eedi_public_download/extracted/data/images/33.jpg,05c71efda4ba336f0fd82746d587bbcc2b2fdbbedcb1af9e2c5a541366499bfb,1,4,4,1,0.25
34,data/eedi_public_download/extracted/data/images/34.jpg,c82f244848fdb3f20a034962c421d67ebcdac6fb5b232a5be131e3082b8df1d2,1,2332,2332,1145,0.49099485420240135
35,data/eedi_public_download/extracted/data/images/35.jpg,81a639da07db8f44cdf090990d19808ab7c60d5c0d3dbfd29a080891e9f95441,2,186,186,96,0.5161290322580645
36,data/eedi_public_download/extracted/data/images/36.jpg,83ffd2eb3f35b0116bf553e77dff0e89731a97bba1a22b87e078eeb016bc9ac3,3,827,827,337,0.407496977025393
37,data/eedi_public_download/extracted/data/images/37.jpg,6a781b337d9d42587f7c74241b92e273e1aaf8596e5cc30b76450014d5954edc,4,2274,2274,1377,0.6055408970976254
38,data/eedi_public_download/extracted/data/images/38.jpg,f15b415703fbf220cadc69f441aa8cba8e31166a57f37dd88553064c9f9bc94d,4,2482,2482,1231,0.4959709911361805
39,data/eedi_public_download/extracted/data/images/39.jpg,b87c071d30c58fdf3fde0e0740fcf21237e8529b121fbc8e09e23b7750a2a979,2,2607,2607,1189,0.45607978519370923
40,data/eedi_public_download/extracted/data/images/40.jpg,c96d81bb578024bff3db903c6285158440bff0eac7edc4eeffeb3075f0fe8da4,1,2599,2599,910,0.3501346671796845
41,data/eedi_public_download/extracted/data/images/41.jpg,c671418407db0d0dd4592283b298806ff1edd46541123c5bf69893c8f42b5783,3,628,628,210,0.3343949044585987
42,data/eedi_public_download/extracted/data/images/42.jpg,2e50568f52f887414713bbfc432e17362c8290ea0bea12c05f3f8d9d43bea2d3,2,166,166,60,0.3614457831325301
44,data/eedi_public_download/extracted/data/images/44.jpg,6ceceeb364a9ea9027b05e8862ec2eac8ae1b40c1affb7d4c93f4e2a983373f1,4,2169,2169,707,0.3259566620562471
45,data/eedi_public_download/extracted/data/images/45.jpg,1cdc266ee5e32ccff79debd08ded4ae139eba0c76b378ce0766a7ca144736dad,3,2644,2644,1128,0.4266263237518911
46,data/eedi_public_download/extracted/data/images/46.jpg,cccd8966558093f4b707db0afc9460b30fa34b3d6312253edbb144ca4b31ec4d,1,2554,2554,674,0.2638997650743931
47,data/eedi_public_download/extracted/data/images/47.jpg,f0ccb751ff772bd58a0e2818f32693f9e4d35918fc6eec4a674d8fec0b00224f,1,2884,2884,1716,0.59500693481276
48,data/eedi_public_download/extracted/data/images/48.jpg,9c8d711a3c740d9e87edaf1b921e24d936f5d38da55dd4018fd3d63100f74e1b,3,851,851,325,0.381903642773208
49,data/eedi_public_download/extracted/data/images/49.jpg,c783571b552057dead39dc3057735a2535ad9039fc06504c98a5337ee1bd3673,2,2607,2607,1181,0.45301112389719983
50,data/eedi_public_download/extracted/data/images/50.jpg,aa1da4f52ed46b1cff246437133b6eafe56f2b50abb384b38150889a2c881073,2,2907,2907,1711,0.5885792913656691
51,data/eedi_public_download/extracted/data/images/51.jpg,4f805ff1fb486027b22107527a6bc981bd1db3486ad5a523ab6f9906bdcaf2f5,2,1737,1737,919,0.5290731145653426
52,data/eedi_public_download/extracted/data/images/52.jpg,09b73b6a11b00060c29cb379f9efca5a5d00a1fb98253a1595b8a3d5fc7f1cdc,1,2393,2393,984,0.411199331383201
53,data/eedi_public_download/extracted/data/images/53.jpg,cb3cce245055308b9a3fb66350dea95da38d696981395a17cae6db0a608cb9b3,3,2332,2332,1105,0.47384219554030876
54,data/eedi_public_download/extracted/data/images/54.jpg,8602b4782804ad610ca0d50da14ab6b2cabee40ac455f2e4050272f391035b66,4,2165,2165,917,0.4235565819861432
55,data/eedi_public_download/extracted/data/images/55.jpg,ab51b7001e2cb905d93f735ff47f5ff179192bad6cd0faf4c9cc731dde859af5,4,1487,1487,646,0.4344317417619368
56,data/eedi_public_download/extracted/data/images/56.jpg,ebd8100cdde9204d8354e8830c69ffb3801f293b5bbf34daf5fa0e73363e0105,3,2614,2614,1350,0.5164498852333589
57,data/eedi_public_download/extracted/data/images/57.jpg,32703d534a6aefaef823f0b7cd0bad2ff0975532151405ac36dc862d6119b7ca,2,104,104,40,0.38461538461538464
58,data/eedi_public_download/extracted/data/images/58.jpg,38e94e63fba728f8e91d79f513de6545241cf2db80f75775ddbb392fb5589a1c,1,78,78,33,0.4230769230769231
59,data/eedi_public_download/extracted/data/images/59.jpg,93f16f9ce03fc638cd52b35227dd2dc3777ffc03a5566891ad9d16003a49f9f9,2,2555,2555,2076,0.8125244618395303
60,data/eedi_public_download/extracted/data/images/60.jpg,d0db9d1859a9091330890b353796e39a530a8838bcc56d39eba18f239a1e6e58,3,192,192,78,0.40625
61,data/eedi_public_download/extracted/data/images/61.jpg,492bab2edaec300d843245b58da2329c3216e802a00b7d707d1441764b100343,4,78,78,18,0.23076923076923078
62,data/eedi_public_download/extracted/data/images/62.jpg,a0f055b685f75fd008d812b0b79c41856659570edd71abed1329cac015539ee5,1,869,869,390,0.4487917146144994
63,data/eedi_public_download/extracted/data/images/63.jpg,bc2b575855283064491d070818caf450e9b5732e37ef813114f5e7fd4554f851,4,1178,1178,364,0.3089983022071307
64,data/eedi_public_download/extracted/data/images/64.jpg,afeff64cd3c92fed98476d02ddaaa91126a419414ff633688ee3365583d48d7a,3,2195,2195,1688,0.7690205011389522
65,data/eedi_public_download/extracted/data/images/65.jpg,9444c73bdee95dce3f6ec053b4c0db32204f2b85f6c7787cb5b4d10711fbaace,1,2855,2855,2373,0.8311733800350263
66,data/eedi_public_download/extracted/data/images/66.jpg,f7a487033e0be9b4209908a765794955d67cbc5f0d8575adb53af8ad49bd193b,1,1709,1709,885,0.5178466939730837
67,data/eedi_public_download/extracted/data/images/67.jpg,6e5754b0810173a6bda75d26f12c1e5026a085aa810a28348352e3fb7bb4a513,1,367,367,135,0.3678474114441417
68,data/eedi_public_download/extracted/data/images/68.jpg,0d7112172975943d5452d3ec0b3e1befe3ac12c267ae1310eb5ce283b13ae5ae,3,85,85,24,0.2823529411764706
69,data/eedi_public_download/extracted/data/images/69.jpg,caecb0250a35cc26a312820e53c4fb22bb232046fb83b454f4a31e0df1fdca9e,2,2627,2627,1380,0.525314046440807
70,data/eedi_public_download/extracted/data/images/70.jpg,dc0d839ab3ecb4a13b3b265b71a47399988d8d78b727e79e56b8f16138176a7c,2,873,873,261,0.29896907216494845
71,data/eedi_public_download/extracted/data/images/71.jpg,c6491727e7234a1e07489b9169d28d3573f4182b5c17e3bde6afe359cb78fff5,3,2549,2549,1014,0.39780306002353866
72,data/eedi_public_download/extracted/data/images/72.jpg,52beb0ae73ee666fe01efaa69d161e2be30e4d29c187e322fab148785881a574,1,2113,2113,1130,0.5347846663511595
73,data/eedi_public_download/extracted/data/images/73.jpg,f9a47f8462c7f377c682ce8234dbeacdb37572080f7dfcb66b284691917ca663,3,170,170,100,0.5882352941176471
74,data/eedi_public_download/extracted/data/images/74.jpg,755a28715338bde58b901705aec29a1420098317d30b0b6a34b6accdcd605f8d,1,833,833,405,0.48619447779111646
75,data/eedi_public_download/extracted/data/images/75.jpg,69829910e5ab9b2c9551f31da0387e5ce6e1964cfdb4d50594e5fed505243ff3,1,2616,2616,1547,0.5913608562691132
76,data/eedi_public_download/extracted/data/images/76.jpg,483b60f04317bdc3740c38f80a4b7744f5d35fc6cfa455e18dd2fdc3c462fc16,2,2322,2322,1170,0.5038759689922481
77,data/eedi_public_download/extracted/data/images/77.jpg,f4c7b251b757b9b99d8a40db1890b11c0de8dab329c38addd4cdc4908e29725e,3,579,579,196,0.3385146804835924
78,data/eedi_public_download/extracted/data/images/78.jpg,c8ba5205a01cbe11ac406b4365fa429deb68372cb11cf0bc7ac8eb5734ed49d5,3,1704,1704,1156,0.6784037558685446
79,data/eedi_public_download/extracted/data/images/79.jpg,e7a7401e3ef1674617e400812e4d1ac429fa13b8c86c3a618d8a3f9a5764bec4,1,1732,1732,584,0.3371824480369515
80,data/eedi_public_download/extracted/data/images/80.jpg,dc90af13a77e462525f60fc921787b9778599c82b51af69406a0d22b9d657c38,2,2638,2638,1857,0.703942380591357
81,data/eedi_public_download/extracted/data/images/81.jpg,d199142a581895576e9a35baafe31067414f6d2919a18513b1d97ccaa34e5233,1,115,115,58,0.5043478260869565
82,data/eedi_public_download/extracted/data/images/82.jpg,e6af765dc50eb68c3636d6c2f4fc1d97e6d3128428bfbbe3d4ccd73fab221495,4,2471,2471,1554,0.6288951841359773
83,data/eedi_public_download/extracted/data/images/83.jpg,7c553964dda4373726f88d3b71201d4cdd86dd207da7408cae82189f57ac93b6,2,2905,2905,1552,0.5342512908777969
85,data/eedi_public_download/extracted/data/images/85.jpg,bf7c44920cf747d6ac7e8bee664402e3cd6beeeb2052b4208b9e8a09fafdb478,4,1615,1615,701,0.4340557275541796
86,data/eedi_public_download/extracted/data/images/86.jpg,dfee001044df640a572b40d44b77e7956092c24c09af1886cc8668b0a9517815,2,2185,2185,1654,0.7569794050343249
87,data/eedi_public_download/extracted/data/images/87.jpg,a73f494c1d441c4fc675079522f557c2d2d4ef4f793bd099e4534796f0b4afd0,4,1548,1548,443,0.28617571059431524
88,data/eedi_public_download/extracted/data/images/88.jpg,b1403155b2d398d09b826b9e25a1a31cc8554e60d154cb76cbc634fa7b2a3d2b,2,2286,2286,1199,0.5244969378827646
89,data/eedi_public_download/extracted/data/images/89.jpg,0c20a7dfd56ecbd9ad324a2911899297657c7df1cf725d166c8ef748d303e8cc,4,2948,2948,2078,0.7048846675712347
90,data/eedi_public_download/extracted/data/images/90.jpg,99d49db12d3e03263fff922f2ce426a1896b8caa0bd9405d279dc6e69e6d91a8,1,2477,2477,1431,0.5777149777957207
91,data/eedi_public_download/extracted/data/images/91.jpg,a4c75e960cff447237f1ae46c23b99a123b236b47d5bcc6b1a8937debb521518,4,2857,2857,1335,0.4672733636681834
92,data/eedi_public_download/extracted/data/images/92.jpg,99a83faac366c18793fc3661079655072acdb00836564e606f3463cbe122a451,1,2322,2322,1184,0.5099052540913006
93,data/eedi_public_download/extracted/data/images/93.jpg,c5e24b58fce601dcd5a1415082b956a7e045b2273ba3b81d35bba7c673aeb43b,2,2290,2290,522,0.2279475982532751
94,data/eedi_public_download/extracted/data/images/94.jpg,bddcbe8ff2db532809817276f18f91df6ac4e277a40732fda3a07d079e287771,1,1318,1318,336,0.2549317147192716
95,data/eedi_public_download/extracted/data/images/95.jpg,2c19963e9b51d1bdc25d08b32a4df590aef56e4743308e026b44a10c1d6f4468,3,1311,1311,504,0.38443935926773454
96,data/eedi_public_download/extracted/data/images/96.jpg,d17e20a1047275a662769beb2cce33c397a16c9ba28d731a8256d107d5227134,1,81,81,32,0.3950617283950617
97,data/eedi_public_download/extracted/data/images/97.jpg,c0f7387b07ef9230db4da656f487120855a35f213af6a91eacaf360d4b452849,1,1271,1271,741,0.5830055074744296
98,data/eedi_public_download/extracted/data/images/98.jpg,cf9594bd64cc91059dae0a4aca255362779a74f225e93b48a7b58fcffa29cbf1,2,174,174,81,0.46551724137931033
99,data/eedi_public_download/extracted/data/images/99.jpg,16acd6c16bc8436000d4228a1164f3595a6b9c31220da9ad4bb84a4c7445fdba,2,136,136,63,0.4632352941176471
100,data/eedi_public_download/extracted/data/images/100.jpg,fb21c2395cfea5a9502aec811f718289513d12f57b29260d47513033c19eb724,1,99,99,66,0.6666666666666666
101,data/eedi_public_download/extracted/data/images/101.jpg,174d95957dd3b89f730524ff4147350dc4db7a7fb49af9e4f79511c0dd89c130,1,2587,2587,1132,0.4375724777734828
102,data/eedi_public_download/extracted/data/images/102.jpg,4a3cf7b6856765dc2fb553c7eeff61dd7e40d6fd89dc885dffae32bf30b0157d,2,179,179,80,0.44692737430167595
103,data/eedi_public_download/extracted/data/images/103.jpg,b790c97c1243bacc1ae75fd22db1d5371a8e2493109b7263066e1ceb6bb2f4c3,4,2389,2389,1381,0.5780661364587694
104,data/eedi_public_download/extracted/data/images/104.jpg,dd64738f93bcdae0d370e5d4017fd010eec2c2d8f4f40a6f34a7d6b44ad7a24c,3,89,89,20,0.2247191011235955
105,data/eedi_public_download/extracted/data/images/105.jpg,3fcea268d941a3198c4dee7c241f6536a4c06dfacdca4beacdb9db64366b8251,1,1703,1703,946,0.5554903112155021
106,data/eedi_public_download/extracted/data/images/106.jpg,729c59f88447ed94526e0a40243ae6e177a801ae54869b8d22c6b47baac7b42a,3,2112,2112,1148,0.5435606060606061
107,data/eedi_public_download/extracted/data/images/107.jpg,edf4a74883d0faaefc66278272c44e53d8de64fe6baea455a9a2de1951ad8d76,2,78,78,29,0.3717948717948718
108,data/eedi_public_download/extracted/data/images/108.jpg,bc62e8fed90c00d6b0b0cb1a0886a6d4a3468913e82f73a959440e76dbcfa1c3,3,6,6,2,0.3333333333333333
109,data/eedi_public_download/extracted/data/images/109.jpg,e896f1c481759ab519313d8bed616d18973920f358cca008a4c48724b8fea2a6,1,111,111,50,0.45045045045045046
110,data/eedi_public_download/extracted/data/images/110.jpg,9b8051b68f8d7cc59ca3fee35eff75b8d58b1eae8f730cc1131ffca200ced106,1,1155,1155,315,0.2727272727272727
111,data/eedi_public_download/extracted/data/images/111.jpg,683c3b359d7b14aacb930f5ca2ea5569392532efe8e231632a2f446f7b9a932b,2,2610,2610,1775,0.6800766283524904
112,data/eedi_public_download/extracted/data/images/112.jpg,00177a55073e08ecc05240ce62f2902be2df9ca09427f49762ebb85efc62765e,3,104,104,36,0.34615384615384615
113,data/eedi_public_download/extracted/data/images/113.jpg,0f1f298777c3a40f901198e44f5ecf98cde3adfb1ec9c59522c0d54b006a4b2d,4,11,11,5,0.45454545454545453
114,data/eedi_public_download/extracted/data/images/114.jpg,cb2a7f2391675b1c7ab18a13a05aae75b02aaab1f03a6fe33dca7ec4004a9477,3,104,104,50,0.4807692307692308
115,data/eedi_public_download/extracted/data/images/115.jpg,c95c30b1e1d93dbe430bdf7b6dd309cb62596c7e73884f9f98bd6cb4fb108a84,2,104,104,44,0.4230769230769231
116,data/eedi_public_download/extracted/data/images/116.jpg,8a1e40878705844a41aba0524513e09a1902f67b7a5a7927deaf12f299782f41,2,2122,2122,1130,0.532516493873704
117,data/eedi_public_download/extracted/data/images/117.jpg,1749b9e268663763823e1e5db7c6f0afe0a3dcdba1cba759971b0f20f7059189,4,10,10,3,0.3
118,data/eedi_public_download/extracted/data/images/118.jpg,80fe1d24656b33e9589096e9222e717acb7769dfb62d611ff3243e136a70840c,4,2488,2488,1290,0.5184887459807074
119,data/eedi_public_download/extracted/data/images/119.jpg,b99bf344563b4591dc10d71ddb0cf69ee93dec41583588b39e2775fe90270a6e,2,2465,2465,1117,0.45314401622718053
120,data/eedi_public_download/extracted/data/images/120.jpg,3f8c02ec280c65a64b6d35b167b80deb2850e2ce20b76cfa3b82a1b242df12a5,1,2143,2143,784,0.36584227718152124
121,data/eedi_public_download/extracted/data/images/121.jpg,ca55c296af64b4bcadd89dbed12824e74c3d269b7f7eb15f603ab3801b91e29d,4,167,167,60,0.3592814371257485
122,data/eedi_public_download/extracted/data/images/122.jpg,a8cd653aa6a6dd31c8bfa20af2317c23fe9aad2511e308a7ce815f03397b6fec,2,2146,2146,1407,0.6556383970177073
123,data/eedi_public_download/extracted/data/images/123.jpg,6fedcf5f625c1836676ccf9374a76f76ea74e2998f0fe5a04c28668eb607495c,2,2144,2144,951,0.4435634328358209
124,data/eedi_public_download/extracted/data/images/124.jpg,fb80d56a6258c88a42a92db8c4e3bb20be4df07ad861e425772b1358715590b2,2,1260,1260,480,0.38095238095238093
125,data/eedi_public_download/extracted/data/images/125.jpg,012cac287225f198d71cbc07b9e9f02c1866797efeb2bb2e556ccb39d7956c0d,1,1274,1274,694,0.5447409733124019
126,data/eedi_public_download/extracted/data/images/126.jpg,bd7126cb2459858d5e795fbb2731fd625a239e05fd58357e7b9194c66aa1e2c5,1,83,83,21,0.25301204819277107
127,data/eedi_public_download/extracted/data/images/127.jpg,dadaad3dd84e662b2a09fe35fb03824c1a228e0eabeaf39561b57f69b277b3b6,2,109,109,47,0.43119266055045874
128,data/eedi_public_download/extracted/data/images/128.jpg,a6eb4e06a81bf5d19d7e71c011d091ca3e61dac47c6d0f4a948083b73f4a9172,1,78,78,22,0.28205128205128205
129,data/eedi_public_download/extracted/data/images/129.jpg,aacca28c2ca85c0d54f1deb0171376a0e0011e91b32958c5ced733e40a036510,3,2258,2258,1083,0.4796279893711249
130,data/eedi_public_download/extracted/data/images/130.jpg,94932bd50e02e8393ef3d38260265140146249b1fdae5cc6525d0ea30c05f3fa,1,1583,1583,551,0.34807327858496523
131,data/eedi_public_download/extracted/data/images/131.jpg,64b1aaa2ab97f3d76b9dff89336e63670ff5e1f29d468ea05036153d27ccfaac,1,113,113,52,0.46017699115044247
132,data/eedi_public_download/extracted/data/images/132.jpg,b10f13b5a27ad048a694737be65a016d885507892932f2e01590c7727405b7b8,3,851,851,330,0.38777908343125733
133,data/eedi_public_download/extracted/data/images/133.jpg,d3f6a029e2ee7bfb47a59cb4fe8f29f8bed98e7497185383ff8eb4d20e423186,3,2296,2296,1513,0.6589721254355401
134,data/eedi_public_download/extracted/data/images/134.jpg,8447fd7317230db6dea2b08587c403c51d380d2d8538ad2bb7c8e99b0295797a,1,2670,2670,1720,0.6441947565543071
135,data/eedi_public_download/extracted/data/images/135.jpg,11749ac50e3cc17c6c98b1cb0f564cd09ed5c73385740b5645bf00871cd5b090,1,1250,1250,559,0.4472
136,data/eedi_public_download/extracted/data/images/136.jpg,1e72dfe20d76b98cb850b91bbe71d42a0a032e18bf3e3cfa8eb5a9a2bb15d682,4,71,71,26,0.36619718309859156
137,data/eedi_public_download/extracted/data/images/137.jpg,9a0711f98673600639a2fd43b2ffd2bb9e80b58c5165b3ee8ff004ce2d677fe0,1,1288,1288,805,0.625
138,data/eedi_public_download/extracted/data/images/138.jpg,7df86954caf172b02a0a6021a448b1796f512dc12909bb2b2f4f348269f19e1d,3,2497,2497,1771,0.7092511013215859
139,data/eedi_public_download/extracted/data/images/139.jpg,817a8e50fc7b1932cd71eb66fcffb8d6a2dee1759b20e1349aada41b7791ecf5,3,6,6,2,0.3333333333333333
140,data/eedi_public_download/extracted/data/images/140.jpg,54cfc6129ec256d3dc73fa903d042c28008e19e0e3ea9c2c04d21deeaa411cb6,2,167,167,68,0.40718562874251496
141,data/eedi_public_download/extracted/data/images/141.jpg,fe24cc17697a0879f64748d0b27d1245c3ef77136169711ccbe01d68712aa1c5,2,86,86,39,0.45348837209302323
142,data/eedi_public_download/extracted/data/images/142.jpg,073a6d054e3f98f3c111717ddf3d99fdc1b8c038e753012f2e7f6875de3f2f1b,2,2457,2457,668,0.2718762718762719
143,data/eedi_public_download/extracted/data/images/143.jpg,836d8cf33ae577b2675713d880d2048e5566e2849db730031da4be6748bb075b,2,2882,2882,2050,0.7113115891741846
144,data/eedi_public_download/extracted/data/images/144.jpg,2386edf10bf106c9c22ea910ae9fea6262fe28594b934784f26e2d65b8ccc315,3,139,139,67,0.48201438848920863
145,data/eedi_public_download/extracted/data/images/145.jpg,78aade273695ddb83239bd2bcf70efab5d5b0cfa06b00c20c82d915bc6031302,1,2241,2241,1071,0.4779116465863454
146,data/eedi_public_download/extracted/data/images/146.jpg,dd246e16e9fed8fc122417e2764737f1e4745bac2ea6a77171a39373bffb1331,4,1426,1426,323,0.226507713884993
147,data/eedi_public_download/extracted/data/images/147.jpg,0c3013b4d490ac19dcb0951aae848f7624a07f1cc8ab406d39058bc0e22d0511,2,2255,2255,1340,0.5942350332594235
148,data/eedi_public_download/extracted/data/images/148.jpg,81ca91b2920632a7e668995d159b82392893436dca2fe28ccb2243ba67139ec9,2,2459,2459,933,0.3794225294835299
149,data/eedi_public_download/extracted/data/images/149.jpg,df0e3eb203415581ab8fc48757656bf0a35237f6aa81ed3955fe512e591e5c83,3,104,104,34,0.3269230769230769
150,data/eedi_public_download/extracted/data/images/150.jpg,92677e6904c5d19bba6841d6a8a6fd49a585425ee080cb3554eed987301e4363,3,2465,2465,1390,0.563894523326572
151,data/eedi_public_download/extracted/data/images/151.jpg,f70f8cd73ccdb7486b198b66e046f9c2079377ebb882cc5cf2ac3aa85f350463,2,487,487,240,0.4928131416837782
152,data/eedi_public_download/extracted/data/images/152.jpg,6e1cbd0f2f35d327caa22626f7ce8c164117ba31593bdc6a6d1a8b84bfd60430,3,1491,1491,520,0.3487592219986586
153,data/eedi_public_download/extracted/data/images/153.jpg,9609dd63978c3a465206da0bdf45506317e9bb347564fc306d552e465fcc879d,1,4,4,3,0.75
154,data/eedi_public_download/extracted/data/images/154.jpg,6dabe7181be8298ab33a607390107e7156989d62243ec799fec5c69eb32444ea,4,2311,2311,1818,0.7866724361748161
155,data/eedi_public_download/extracted/data/images/155.jpg,2dbead21bfb5752f077e2ef3e7c8cc5c16392993d0d66fb78156afe4eb269bac,4,1675,1675,276,0.1647761194029851
156,data/eedi_public_download/extracted/data/images/156.jpg,c157d9c5804faa7adeeac1bcce09dff51a8d2678097ae54e4907778d5b544a93,3,591,591,286,0.48392554991539766
157,data/eedi_public_download/extracted/data/images/157.jpg,73706872dc2c59be2dbf9b652d85b8e0f3b4a0376b985eba533e2622c47b7598,3,1734,1734,1211,0.6983852364475202
158,data/eedi_public_download/extracted/data/images/158.jpg,7cbcefce51f6b3e18b3246c9430704b007d987db686660be9c52e624810ec62b,3,2208,2208,885,0.4008152173913043
159,data/eedi_public_download/extracted/data/images/159.jpg,f21428e5394d9127227519a5c0a8498da54d81e68d2c5f4316dced8a57315f56,2,2136,2136,787,0.3684456928838951
160,data/eedi_public_download/extracted/data/images/160.jpg,7dde138bf276ed3ed3a03816c7578bac7c4a95d30cd751850369261be05fdbbe,3,2237,2237,1350,0.6034868126955745
161,data/eedi_public_download/extracted/data/images/161.jpg,3bec39aadee47c58e2369c9b6b99e7fed0c02413e439e7216116db8c75d24ca6,1,2547,2547,844,0.331370239497448
162,data/eedi_public_download/extracted/data/images/162.jpg,7b675db9419bd4fe8adaf26b0459ee27f3623ee97bfb31ae67da359825a8a56f,3,1572,1572,610,0.3880407124681934
163,data/eedi_public_download/extracted/data/images/163.jpg,875c69ab5216067dc547429820f4756560feb1841baf531cd2960056b8005477,4,630,630,476,0.7555555555555555
164,data/eedi_public_download/extracted/data/images/164.jpg,6ec90bc45674b9728fa80d1f41c1833ea90f1d4d74373aa177dffa38f6e3d6b3,2,115,115,82,0.7130434782608696
165,data/eedi_public_download/extracted/data/images/165.jpg,a9107ed9e19205a0a03954ab7346e4201a630da24216e39583c176e6cb7e6b00,2,2294,2294,1284,0.5597210113339146
166,data/eedi_public_download/extracted/data/images/166.jpg,6201da145938544ba5c44f9b1b2f1d335af7cbb8241e25243edac53d3d7fffa3,1,104,104,36,0.34615384615384615
167,data/eedi_public_download/extracted/data/images/167.jpg,50d5dace9ccbdeee9e6b684baa67f91762dd59349f48b7ace655f5bb7e30ad78,3,1601,1601,674,0.42098688319800126
168,data/eedi_public_download/extracted/data/images/168.jpg,592504bfe329d9ebcb2ba09ae912fff06cb28a52f84ecaa9a046febc8e338d6a,4,206,206,144,0.6990291262135923
169,data/eedi_public_download/extracted/data/images/169.jpg,fdc3a4d74b8b53ce4d74c2d1e90b5d7d95cfb5b9ffb54ef9cd2c73798635cae6,4,2302,2302,603,0.2619461337966985
170,data/eedi_public_download/extracted/data/images/170.jpg,bf57fc629eae6b0bcf34b4c44c20d156a689eb026caa1ae6c0f31cd53db37aed,1,1541,1541,972,0.6307592472420506
171,data/eedi_public_download/extracted/data/images/171.jpg,65ebc8a551a834423ec562beb49a4d3fced6698f0c6c92632019726228adfcbf,3,2116,2116,1079,0.5099243856332704
172,data/eedi_public_download/extracted/data/images/172.jpg,7cd909793b96563f054ed694b648ecb3b45e5680bb820d27153ccfa3250a28d1,2,616,616,186,0.30194805194805197
173,data/eedi_public_download/extracted/data/images/173.jpg,c48db751d32675a86f79360cbf84e6a92ac8426c66f84a2c9628c1285cf58a83,4,137,137,49,0.35766423357664234
174,data/eedi_public_download/extracted/data/images/174.jpg,d7091670bf6dcdbe1b46c961b8f71824059d5d2b1be0c256777539041d8963bb,3,1018,1018,386,0.3791748526522593
175,data/eedi_public_download/extracted/data/images/175.jpg,30fb8c3436d5937804608a78dd3c5497137a92b1482e23bafa278cc92c218bab,2,10,10,3,0.3
176,data/eedi_public_download/extracted/data/images/176.jpg,50195cfea2e51887107cb0a20b51b96f3855a4a055c408287ef139db747914a9,2,1199,1199,693,0.5779816513761468
177,data/eedi_public_download/extracted/data/images/177.jpg,ed659685b12720a9bd40ce76a8d04407bcf6b0864a233254392fb5885972b92c,2,2545,2545,1220,0.4793713163064833
178,data/eedi_public_download/extracted/data/images/178.jpg,7ce4a55e3c74ff13ba7fb38e550e2ebe01846814ce22c1d73da6cc42a9f1f870,4,2903,2903,2491,0.8580778504994833
179,data/eedi_public_download/extracted/data/images/179.jpg,ae899fff32b080b46977c1225a210b0d63d46e5b099caefa202a868e7850d3ac,2,78,78,22,0.28205128205128205
180,data/eedi_public_download/extracted/data/images/180.jpg,827d0b0a8d0f1216f12e4ee859c3b10a7183d895a20a76974f37b223a84c65ab,4,80,80,20,0.25
181,data/eedi_public_download/extracted/data/images/181.jpg,fe98328dcc5a0a083451ad9952715d01dd678f5689766993a963fb50d43a3198,3,574,574,183,0.31881533101045295
182,data/eedi_public_download/extracted/data/images/182.jpg,d3f480d21e34de0274df0c8a40e7498e092f25557f900aa78799f4143c0eb827,3,2245,2245,585,0.26057906458797325
183,data/eedi_public_download/extracted/data/images/183.jpg,beb16d75a289ac5799d75d44392e32f5794b53af938f07319f3ef4695cfcb72a,3,2596,2596,1196,0.46070878274268107
184,data/eedi_public_download/extracted/data/images/184.jpg,b40563ebd4526ab9b7a25805cdce971c4facac36b7eee3c770f30f8b5751f558,1,2472,2472,1531,0.6193365695792881
185,data/eedi_public_download/extracted/data/images/185.jpg,2f123063334b31e8ed9fbb6633cdb3335830b7ac7b1eb4508b37e220e81b1907,4,2715,2715,1826,0.6725598526703499
186,data/eedi_public_download/extracted/data/images/186.jpg,0f9fabcbbe52392bc6bd98fe9be46426a8abb5bab65941d6c14aa16cd3694af9,2,2318,2318,866,0.37359792924935287
187,data/eedi_public_download/extracted/data/images/187.jpg,1216885c19568662b3953b4045dfce5b9bf948876b472569a2ed35f1cfe5413e,1,2184,2184,1075,0.49221611721611724
188,data/eedi_public_download/extracted/data/images/188.jpg,088ffda3d2384d2a24d7d7bc7f5fae52845fae0c487ba19d1379c390614d7229,3,189,189,75,0.3968253968253968
189,data/eedi_public_download/extracted/data/images/189.jpg,824f17492e08d9248c39d8bb0e07e8ab12c03e8b49005eff91cbe58fba4defbc,2,178,178,64,0.3595505617977528
190,data/eedi_public_download/extracted/data/images/190.jpg,83944022616cc4816989a6b4e567d922fad49e387cfc1cef036f8dab2787be3a,2,2582,2582,1673,0.6479473276529821
191,data/eedi_public_download/extracted/data/images/191.jpg,0f3ef265f8d77ab3eb27da1c720080e257fe5c0b068ace896eba18aae89c3308,4,869,869,300,0.34522439585730724
192,data/eedi_public_download/extracted/data/images/192.jpg,82a7a2187e370564d7cc790fa7fc13d3bf35f5defe4aea24cabd36d36bdf652d,4,80,80,22,0.275
193,data/eedi_public_download/extracted/data/images/193.jpg,021a9f00ed28f76bb2c55271798904d0ce1b9d85e0c6916515dafd680e2c9c10,3,2315,2315,1249,0.5395248380129589
194,data/eedi_public_download/extracted/data/images/194.jpg,4c1398d54250f977a51ea8db08047508294b3389a09195369723f88e22a67f04,2,1324,1324,608,0.459214501510574
195,data/eedi_public_download/extracted/data/images/195.jpg,571b6a80205c4a3ea0a0f7a20873cd9cff6558ee1d41bb6964fb0d942fed676c,4,2554,2554,1912,0.7486296006264683
196,data/eedi_public_download/extracted/data/images/196.jpg,018890cbea754600f1f2f93f1a26dfcf0ec0998ef213151f67e2495e356c46ad,1,1509,1509,856,0.5672630881378397
197,data/eedi_public_download/extracted/data/images/197.jpg,2076ab0da5babab4186d60595939f6d96a1de1696ecbe459f91faa6e9ead93cf,3,2166,2166,753,0.3476454293628809
198,data/eedi_public_download/extracted/data/images/198.jpg,63fe1da82faafd98abf6e375c84d244e4f9fd3f5658f12dc32140418f4ad32f9,3,326,326,159,0.48773006134969327
199,data/eedi_public_download/extracted/data/images/199.jpg,3a1a18085aba8c30d6b2f3927a8ded9f52cea7ce41b3d664cdb7e267c33a152f,1,2966,2966,2300,0.7754551584625758
200,data/eedi_public_download/extracted/data/images/200.jpg,3a48cd42ee0254c8a844b3e990b202d0e5ae08632160e68162c35662f242ba29,1,1245,1245,801,0.6433734939759036
201,data/eedi_public_download/extracted/data/images/201.jpg,f130fcd0f3406da171d930ebe1cf1a2193cdaa4599e1ddf8ebf19958ff5e0d2c,2,2128,2128,852,0.40037593984962405
202,data/eedi_public_download/extracted/data/images/202.jpg,a36798681c9042e65a38583341fe476b175706bde17cadbbe5f4c59c7b75fe69,1,2231,2231,1735,0.7776781712236666
203,data/eedi_public_download/extracted/data/images/203.jpg,bb8803cb06324b3153793448e85f94cb942e9e810e1d527a288b85bf00645344,1,855,855,403,0.47134502923976607
204,data/eedi_public_download/extracted/data/images/204.jpg,b9c0908dbab6b05e29e6fb91c461644aea026f9b5e00f840f5e35a8274113341,2,1908,1908,818,0.42872117400419285
205,data/eedi_public_download/extracted/data/images/205.jpg,dd8b5361380ab58db88c788e0e0e792de45007c8b532bcf79dc000eb710799f5,4,425,425,192,0.45176470588235296
207,data/eedi_public_download/extracted/data/images/207.jpg,502c8bc7c3c2ca2b07e0f5bd0eb326727ed5db4665e452eb3a67465eb83c08d2,3,2155,2155,1173,0.5443155452436195
208,data/eedi_public_download/extracted/data/images/208.jpg,bdfbe2204e78e68e82025828ca566b50cbd8bf1601bde14ddcc20426ac0ac19b,3,78,78,19,0.24358974358974358
209,data/eedi_public_download/extracted/data/images/209.jpg,c548f64677460fc1454a20ac14de96b5e99e43dcef5f811bc61248e431f117fe,2,2723,2723,1947,0.7150201983106867
210,data/eedi_public_download/extracted/data/images/210.jpg,8ca1f18cec669966a024579dd182c1860517f0324c4d1463ecc1f466fc271e5f,1,2460,2460,923,0.3752032520325203
211,data/eedi_public_download/extracted/data/images/211.jpg,9df6bc56d670fdf69956cd1f83d7aae897c6ad11b381981930c4fd6abc3c0acb,4,2259,2259,1557,0.6892430278884463
212,data/eedi_public_download/extracted/data/images/212.jpg,9c3ca44b63a61c0e66ea767ab70045e95177a00112dd3154f0cab856b7b42964,4,2352,2352,869,0.36947278911564624
213,data/eedi_public_download/extracted/data/images/213.jpg,cd82ab12d6ede46467b17d585a8c1c6defe005e52c6ee3c1a496377ddf58a530,2,2361,2361,1416,0.5997458703939009
214,data/eedi_public_download/extracted/data/images/214.jpg,4622b2b2f41ae11536fd7eacb35a1c824bd7a2ac27911b8c01694c1052209b0c,3,2895,2895,1241,0.4286701208981002
215,data/eedi_public_download/extracted/data/images/215.jpg,fe6b92a635d82d5e4bfd8805606deb1bb06233d2dc57e81af6871c4b3f9ac747,2,830,830,321,0.38674698795180723
216,data/eedi_public_download/extracted/data/images/216.jpg,706c4a559a4c01b0becb9c04f49286f644ef0a287620f264ed23afda6fde0c4f,4,2217,2217,1289,0.5814163283716735
217,data/eedi_public_download/extracted/data/images/217.jpg,b39bbe1f8553e56a3db9961ccd817ce704d084e512ee393b5fe7ac3ab91dab09,1,2139,2139,864,0.40392706872370265
218,data/eedi_public_download/extracted/data/images/218.jpg,72b0f191007a7ec9e2503742e547f1ad121fe589e3775aaed7ed8bf33da4d1fa,1,1607,1607,454,0.28251400124455506
219,data/eedi_public_download/extracted/data/images/219.jpg,5c63da1cc12b311fe3b70e1f5a58f2c4e168e6697d8987b9218eedfd905d6cc6,3,2211,2211,1013,0.45816372682044326
220,data/eedi_public_download/extracted/data/images/220.jpg,82174ba6b371fcfa11cadd5571aeac3bfef8d0ad33a8e2518a3ff03c5817b822,4,136,136,67,0.49264705882352944
221,data/eedi_public_download/extracted/data/images/221.jpg,06bed53d3a45838c875be2ad0f8252e77bc27d8aa443b6bb29a34a0a8721f7c6,3,617,617,340,0.5510534846029174
222,data/eedi_public_download/extracted/data/images/222.jpg,f023794872442898075c68a08854766792b505bc73d122ce3217ad038f28415a,4,1520,1520,914,0.6013157894736842
223,data/eedi_public_download/extracted/data/images/223.jpg,c3954cc3a3f5b60de9cd4da2926f11f1de8ee6ad104b40bfa014767ba1d15d42,4,100,100,27,0.27
224,data/eedi_public_download/extracted/data/images/224.jpg,80f023703359c000dd6942894f5e9a1d1ec20ad8455ba5678c6246e399a36e24,4,574,574,278,0.4843205574912892
225,data/eedi_public_download/extracted/data/images/225.jpg,6b7650518454b80bd4e3785a771818fa79c73c7a021b90c697f9c85fe679a8e7,1,90,90,31,0.34444444444444444
226,data/eedi_public_download/extracted/data/images/226.jpg,290b4035ffe73fd894c4107a49ec829cf27d42caad9039938af0cf57a91d642b,1,2105,2105,807,0.3833729216152019
227,data/eedi_public_download/extracted/data/images/227.jpg,ddf28de426ca3e518fa9900d8130a9ae7fbe20b96edeacc231b4c8a2be82a6ef,4,1704,1704,1147,0.6731220657276995
228,data/eedi_public_download/extracted/data/images/228.jpg,47e4b1ac83f4e408503a946bcb0431fc927a2b9b10c118bc41221a5a61de3197,1,588,588,231,0.39285714285714285
229,data/eedi_public_download/extracted/data/images/229.jpg,0a0b0838e592049e299da124369c2a313622beed42f95559468af2808a634f09,1,583,583,214,0.3670668953687822
230,data/eedi_public_download/extracted/data/images/230.jpg,0757479a77e88cde6a22ad8c5e2b843b0cc2809f351a1efa4106b7c4486b2cea,1,1500,1500,450,0.3
231,data/eedi_public_download/extracted/data/images/231.jpg,696ad0eeb0e38ed39b193a0f375d5a146ccdcf28c8806ae1b05d128a458c33d2,3,2173,2173,1601,0.7367694431661298
232,data/eedi_public_download/extracted/data/images/232.jpg,3246b275ed16d57d763140820e5e594dd9d8942506f1db07c9ed1afdb44b45ef,2,593,593,302,0.5092748735244519
233,data/eedi_public_download/extracted/data/images/233.jpg,832b6fb9dd5009f67214d6ceed8460629450cd53b21b600e88fd554b284ebaed,3,2606,2606,1277,0.49002302379125096
234,data/eedi_public_download/extracted/data/images/234.jpg,04af07a89aaa5202a9aa91cb62e55abc9ccb2c93de7c3cf8ae678f91e4f85846,2,2617,2617,1103,0.4214749713412304
235,data/eedi_public_download/extracted/data/images/235.jpg,587295a6a00a2ca4fe6ca4883966fa10dc7a6870adc98f685ca56fe7d7bc29e3,3,1902,1902,807,0.4242902208201893
236,data/eedi_public_download/extracted/data/images/236.jpg,75128b9ac819099d3553e19aea707e59fc6ef7271fc2a8e42dddae34772be9d5,2,2706,2706,1553,0.5739098300073909
237,data/eedi_public_download/extracted/data/images/237.jpg,e329461cbc932e25b11ad6ea8c0d1fc4fa9d063dbd5912ca2468974986c0c706,3,1885,1885,617,0.3273209549071618
238,data/eedi_public_download/extracted/data/images/238.jpg,90c099e1e9345b712158186f7019bb8e73ea52409f2f1d529539065ed2fea41c,4,2595,2595,1456,0.5610789980732177
239,data/eedi_public_download/extracted/data/images/239.jpg,719dfbeee33cc5e61c833d26e8055d4778d1c6ca5903708e0445cb1577eac8ff,3,9,9,5,0.5555555555555556
240,data/eedi_public_download/extracted/data/images/240.jpg,da2990fc8dc70111b8eb112d170e29b919e1fa06b6231e3c2007246257c9eae2,2,111,111,40,0.36036036036036034
241,data/eedi_public_download/extracted/data/images/241.jpg,1ad361a53133ac27f1fe64316306e21e4112f92f1b97974835e4ec6df83400f1,4,2118,2118,613,0.28942398489140697
242,data/eedi_public_download/extracted/data/images/242.jpg,ceb3482a65f594294879c0d291c5592e1097e5e3e41f5384094fbdc34debb3ec,3,2565,2565,960,0.3742690058479532
243,data/eedi_public_download/extracted/data/images/243.jpg,f69c424d369a8d9a81f00fff8eb4afc1ab054c3f43e79c036a64f08482c86df1,3,1730,1730,1132,0.6543352601156069
244,data/eedi_public_download/extracted/data/images/244.jpg,ac527b0d48ec277394c5c9e3d13b6fd3de27bc956452f44b71000058f7ba1aef,3,13,13,4,0.3076923076923077
245,data/eedi_public_download/extracted/data/images/245.jpg,e209ce4b3cce4cbe7f781e611094f39a20d238f5740a0b52a84ecbf21fb2e0d2,4,456,456,103,0.22587719298245615
246,data/eedi_public_download/extracted/data/images/246.jpg,b30c73f14db939ebba47bc3d03adbbda35fc0b6c7ce49ae3caca27c2b4163555,4,1265,1265,391,0.3090909090909091
247,data/eedi_public_download/extracted/data/images/247.jpg,91e2d35125180d35bafd8e879c4704605b769460890659ce91d96574c2f8d5cc,4,945,945,517,0.5470899470899471
248,data/eedi_public_download/extracted/data/images/248.jpg,a2617783a1545fb66f9a733c0d5837b517365321eddf4fa86ce54a543597f533,3,2355,2355,1754,0.7447983014861995
249,data/eedi_public_download/extracted/data/images/249.jpg,61ce2ea67f834840f53f14bef8c06786eefb66deb3d1232a043fe7343a1e7d4c,3,2500,2500,1456,0.5824
250,data/eedi_public_download/extracted/data/images/250.jpg,5a7d532dfdb9d9aa53075333c242fa9c9167a5170a6f69f599534a9009f473e8,3,2355,2355,1648,0.6997876857749469
251,data/eedi_public_download/extracted/data/images/251.jpg,bc0960b0b23624f979b1e56c94e98cb18cf0a188d66732c184e7a3d522896680,4,1723,1723,381,0.2211259431224608
252,data/eedi_public_download/extracted/data/images/252.jpg,f4571eed61810c2ff4e2f8ff7b06a850c1ea92a8a2c8e66b9eaa79220c8c53ac,3,2928,2928,2034,0.694672131147541
253,data/eedi_public_download/extracted/data/images/253.jpg,a0c3509a6fcce079b3b7b4acf0f7fc06d63d66aa590f5db68166b3f0a838a90f,2,113,113,52,0.46017699115044247
254,data/eedi_public_download/extracted/data/images/254.jpg,aad0a3a16d14195bb964935991ebf4f92bd7dccf50ea6285dfa4347694d08ba4,1,136,136,84,0.6176470588235294
255,data/eedi_public_download/extracted/data/images/255.jpg,e24ca6a28b5977967c8a8b3b0c6491df783306ddc8ac354fd3bb30d4000f8475,2,2867,2867,1524,0.5315660969654691
256,data/eedi_public_download/extracted/data/images/256.jpg,fecc398d25b2f353202c0a684f62f9f56a4e7279c83ccd944845fcd9fc28db6d,4,1480,1480,989,0.6682432432432432
257,data/eedi_public_download/extracted/data/images/257.jpg,f287f8916d6e6d0b701ca21de4eb52b63f356ea5344ca4aec90d8ca0c15201b3,1,322,322,244,0.7577639751552795
258,data/eedi_public_download/extracted/data/images/258.jpg,65fcbb436d92fa4492c41ff517f54db87837e52f53201e85f4dc096325f0b159,2,459,459,141,0.30718954248366015
259,data/eedi_public_download/extracted/data/images/259.jpg,1efbad26424cedc04ffec192b53e5cb1a887fb06a2c972e54f874f44c324dcf9,3,1731,1731,1014,0.58578856152513
260,data/eedi_public_download/extracted/data/images/260.jpg,a2dd560cc9a09432962a0352f186611dd280b511404789f3bd33db99bd5240c1,3,2293,2293,1561,0.6807675534234627
261,data/eedi_public_download/extracted/data/images/261.jpg,036911a57ce14cadf2927e70e87b4244c53510ef553cc01d66aa14f0b8b4a5df,4,2149,2149,994,0.46254071661237783
262,data/eedi_public_download/extracted/data/images/262.jpg,7feb1af25ade9e968a39462d728a6f31acb9e780c0ef0a99578381b26a47dd32,3,1707,1707,645,0.37785588752196836
263,data/eedi_public_download/extracted/data/images/263.jpg,58a67e83597ebdf2eff31824d9c401e8212eb4d25da281ae6b143d9d38d46c3f,1,2551,2551,1120,0.4390435123480988
264,data/eedi_public_download/extracted/data/images/264.jpg,afd7698aad919774c80155feb099f71ef42d6f7cf601c8f166543b4254f0b2d1,3,1730,1730,976,0.5641618497109827
265,data/eedi_public_download/extracted/data/images/265.jpg,8aec8eb041c68d119a5e2ff8a62f8360635dc5060d1fdace7498a1344061dc80,4,2604,2604,1146,0.4400921658986175
266,data/eedi_public_download/extracted/data/images/266.jpg,8ebd800a84f27ef1aba974c078498ddfac9d783952bd74da1c6e57bbf0e7e7b2,1,112,112,49,0.4375
267,data/eedi_public_download/extracted/data/images/267.jpg,210dd50eac7394c53a942642fadde5182597452f2bce96bb1efd29b478eca49b,1,1891,1891,834,0.44103648863035433
268,data/eedi_public_download/extracted/data/images/268.jpg,efc41186652d6942059e09e15d760947d24abc7ba6f55f132119b6449ae6b361,2,565,565,181,0.32035398230088497
269,data/eedi_public_download/extracted/data/images/269.jpg,ce0e02360e5c280f5a66d4ac47fd625f4d72c022c9329e67241a5bc057b64ece,1,68,68,23,0.3382352941176471
270,data/eedi_public_download/extracted/data/images/270.jpg,d3e02ac1d02069644594b9c934055dd857ca3680b21733cf2db4327889d6c542,4,70,70,32,0.45714285714285713
271,data/eedi_public_download/extracted/data/images/271.jpg,d8d586a1a7eb28a0c8f70e953de9a982961e70d85fa9ce8820b5ec16524d77ac,3,911,911,353,0.38748627881448955
272,data/eedi_public_download/extracted/data/images/272.jpg,659aa169575a23269f3515266d8d7f35301d472c0a018687bf4cb232699a6e82,2,322,322,238,0.7391304347826086
273,data/eedi_public_download/extracted/data/images/273.jpg,2ba6aed141a28027f9483fbe2d262182eed2efb1060958c2ddba2e8ecc372713,2,861,861,252,0.2926829268292683
274,data/eedi_public_download/extracted/data/images/274.jpg,61a5711ed5ce90267d01dd9cb6ec7667694ca28b37ed366dcc996cfbfbe4c166,2,2639,2639,1521,0.5763546798029556
275,data/eedi_public_download/extracted/data/images/275.jpg,cfc69963cd143bf16695a5936dec3fde6e7ff88dbb4563fb77feeeaa388132e6,2,1021,1021,440,0.4309500489715965
276,data/eedi_public_download/extracted/data/images/276.jpg,329d98edb3d12da34a425c4d28fdc22fce1d55d53d8fc8fbe26cde222ccd3f7e,4,2575,2575,682,0.26485436893203884
277,data/eedi_public_download/extracted/data/images/277.jpg,9086b92fe277f92c7b4d8e48a84fde71dc3d195462bf10270a6a151f36e3d39d,3,1700,1700,865,0.5088235294117647
278,data/eedi_public_download/extracted/data/images/278.jpg,bf5952c067a2b946e248b095e3f11bd1efdf0f442e0970237f5b8610634111e2,3,2658,2658,1439,0.5413844996237773
279,data/eedi_public_download/extracted/data/images/279.jpg,d22685fffbacf2ec69a197b5760c801f58e6fb4a2e92a8639cb6082623d4070b,3,2160,2160,838,0.38796296296296295
280,data/eedi_public_download/extracted/data/images/280.jpg,facfbb5572e2d40e95fbce16a57dea6bb52509402f699363c6f1918ed95f68d8,2,1246,1246,490,0.39325842696629215
281,data/eedi_public_download/extracted/data/images/281.jpg,ac12355fcbaacf4c11671c9998a83940681271ef20a70b78e71fe941b387e648,2,2385,2385,1639,0.6872117400419288
282,data/eedi_public_download/extracted/data/images/282.jpg,ffac7efbd5cc38e734ff8eaca229a20f2d3eed4f9e27421ce8ae9ee64abc0d68,2,2555,2555,701,0.27436399217221136
283,data/eedi_public_download/extracted/data/images/283.jpg,87bd3fbe43ea9e70273e275faee233a7b584424bbb4af87b047bf98ff69308cd,2,2650,2650,1468,0.5539622641509434
284,data/eedi_public_download/extracted/data/images/284.jpg,196335e7d570375829240ae80bf099212224ec641aac7c4e256ab9583a2f0141,2,2578,2578,1667,0.6466252909231963
285,data/eedi_public_download/extracted/data/images/285.jpg,c83a10d9ecad19a457e1847ca165af3f06c2503568d77ddd9a4ab7642baab3e0,2,2361,2361,1538,0.6514188903007201
286,data/eedi_public_download/extracted/data/images/286.jpg,d37b0f9127f9c77c8a4adecc0b868b2b11b0b24432fb9b76edad645dbfd1ca41,4,570,570,190,0.3333333333333333
287,data/eedi_public_download/extracted/data/images/287.jpg,3a53054a832da2c64ad14aed4e4f19cf9b17384596b7b3513558d743e2ec75a0,1,6,6,4,0.6666666666666666
288,data/eedi_public_download/extracted/data/images/288.jpg,32150a909b7112379e61d9c7ccf8f4443d610851365f0c6ad0ad617f655d41d5,3,838,838,415,0.49522673031026254
289,data/eedi_public_download/extracted/data/images/289.jpg,3de4b160947e479738ee093d62b3de96f3d9bdcf341ab9d991a310e06ca0718a,2,2137,2137,1035,0.4843238184370613
290,data/eedi_public_download/extracted/data/images/290.jpg,61160b99d18367a3d5eba8c0f498d5213a49394b349a6cf7aa718b00780b3c6c,2,2686,2686,1754,0.6530156366344005
291,data/eedi_public_download/extracted/data/images/291.jpg,033bcf73c74b32869116fb66a85b1351f78d959f89a3b8d3182e3eb0d248a0c2,3,1526,1526,559,0.36631716906946266
292,data/eedi_public_download/extracted/data/images/292.jpg,5ded66e43c3cbf61a32ebefc3642d68843ec72fe11c0c0cc4702fb46c9dcd65c,3,2377,2377,1346,0.5662599915860328
293,data/eedi_public_download/extracted/data/images/293.jpg,a2b25539c2654549cf45734a4be715d9fb08fce7c02e55a38660a7dc83b5de89,2,2634,2634,1491,0.5660592255125285
294,data/eedi_public_download/extracted/data/images/294.jpg,bc27e3963bacdbb89a8af2aa907fb6d6655d111d3777fe94c0c4b4d25db974c2,3,4,4,2,0.5
295,data/eedi_public_download/extracted/data/images/295.jpg,52a62a08de57c8aad9ce0ca7a9f19157e71b9007b77a37443606cef806942fe9,2,2622,2622,2079,0.7929061784897025
296,data/eedi_public_download/extracted/data/images/296.jpg,7febc4922763bc5f4fcf91b73cc7ba355c06bc6e3e36297f074cbeb23f2122b4,2,68,68,28,0.4117647058823529
297,data/eedi_public_download/extracted/data/images/297.jpg,09c3b9785852ae92561130e0f034e03363512452a97e3aeac15c5eddb0a26cfc,3,2458,2458,1148,0.467046379170057
298,data/eedi_public_download/extracted/data/images/298.jpg,5d1a26505d05e943c96f6e0579f410316dbe94a226313d26440bb64084850f06,3,2201,2201,1167,0.530213539300318
299,data/eedi_public_download/extracted/data/images/299.jpg,419274d147568794103e932862371ad5406b066ea3308937e7d055e744e5ec05,4,10,10,5,0.5
300,data/eedi_public_download/extracted/data/images/300.jpg,47d435ee17a4879af4ab1bbbea91f227cc5b8444da865c96f768533a2d8e1450,4,2289,2289,1154,0.5041502839667977
301,data/eedi_public_download/extracted/data/images/301.jpg,3b7d8036a851f64e98f2bd018abafd77a477193f63a341a6760163d8673c362e,1,836,836,236,0.2822966507177033
302,data/eedi_public_download/extracted/data/images/302.jpg,4d6101dfb07611e752fc928b42219b15f43e4717f87a7c0d6c4f575df493dc9b,3,1002,1002,405,0.4041916167664671
303,data/eedi_public_download/extracted/data/images/303.jpg,e7e9aed21620325f9e56775d0e28a08cd9c59eec2896824580e2b8309708567e,1,89,89,26,0.29213483146067415
304,data/eedi_public_download/extracted/data/images/304.jpg,3a966081cb820e5a96462519b5beff3965253a2bf2776d5c91905d15bae71d60,1,2297,2297,1290,0.5616020896821942
305,data/eedi_public_download/extracted/data/images/305.jpg,510a9cd9ff6f819193b87684a4450e933042f8730975d6fe347082d2dd24980a,2,876,876,686,0.7831050228310502
306,data/eedi_public_download/extracted/data/images/306.jpg,56eb40d24d41c4627118890a13b0ffa208968fbc40cdb854575b5505c2caa438,3,1205,1205,814,0.6755186721991702
307,data/eedi_public_download/extracted/data/images/307.jpg,cbac3fc1f5124ef0ae63bb6ab87dabe7197d9bf441c8044a57c3ea8802a86464,1,2153,2153,576,0.2675336739433349
308,data/eedi_public_download/extracted/data/images/308.jpg,e679fff6faf2b14c863915e069ff456dded836dfe0e1bafea8a5f4d98a2b323d,3,688,688,187,0.27180232558139533
309,data/eedi_public_download/extracted/data/images/309.jpg,ff8a734653dc8ded3512a4ec9371d248f9c7c97db4b32ad46e394a509eeb5366,3,136,136,84,0.6176470588235294
310,data/eedi_public_download/extracted/data/images/310.jpg,fd4d2cb0a6540309c4786403c7dc0f269cf5c01d00a5b8373410604450220f82,3,2183,2183,805,0.36875858909757214
311,data/eedi_public_download/extracted/data/images/311.jpg,ad49f171f68443e1f301cb152e229d00dd654b361c410cde04996e6fc4a463f5,4,2652,2652,1352,0.5098039215686274
312,data/eedi_public_download/extracted/data/images/312.jpg,471f4da53d5fcba036200fd48cc309853018dc9a2e1f210649a1e91b4b4ce8a2,1,2796,2796,2403,0.8594420600858369
313,data/eedi_public_download/extracted/data/images/313.jpg,ba9b8b1ca5e514037abb9b58a3d23b9d4a92aa72d3d7473a9377fbf94a37a91b,3,9,9,4,0.4444444444444444
314,data/eedi_public_download/extracted/data/images/314.jpg,3e0e6b7d80219c4c92c70d273565ae1c40ab39f7dd7854be639d68e868488711,1,2625,2625,1708,0.6506666666666666
315,data/eedi_public_download/extracted/data/images/315.jpg,71d2f6443deaaead04e19e25aa76e1a40a3e50eada9ca40fcaa2606629999ade,1,9,9,7,0.7777777777777778
316,data/eedi_public_download/extracted/data/images/316.jpg,d0ce2fbd13275a1a0be0e3dda4f2f6b831eb44426f8dbd71f2d4ce4a666a2e04,1,672,672,203,0.3020833333333333
317,data/eedi_public_download/extracted/data/images/317.jpg,9a42987fe74249765144aad71e098beffce34ba7cd58871f2d6044fcabb1dd74,3,1485,1485,882,0.593939393939394
318,data/eedi_public_download/extracted/data/images/318.jpg,8a27a3eb27602fcb66ae11775cb63508d62d6bec585924e029f137cd217e8771,2,78,78,40,0.5128205128205128
319,data/eedi_public_download/extracted/data/images/319.jpg,e866ceeaf09128cb163a6d3e74c25336674300fb8fa75d2eec2a7ce91dc41a8f,2,2849,2849,1469,0.5156195156195156
320,data/eedi_public_download/extracted/data/images/320.jpg,f41c1034ea231385b258cba609f4a6fc28143b45a836cb47c5f369edb818d38a,2,319,319,238,0.7460815047021944
321,data/eedi_public_download/extracted/data/images/321.jpg,831c0266a0e8e0005fe147ff3158f0b92a3dc935c230e597adfc223e8b128335,2,590,590,444,0.752542372881356
322,data/eedi_public_download/extracted/data/images/322.jpg,3d77bb91c5eed8e228331e28dd877a971433c02a02c8c9e06afded4f7f0a3738,4,78,78,28,0.358974358974359
323,data/eedi_public_download/extracted/data/images/323.jpg,b2c33bdfd09b60590be7f742bc3a9ec381499041444831627d2c1feda249570b,3,1720,1720,1169,0.6796511627906977
324,data/eedi_public_download/extracted/data/images/324.jpg,60b3edfd43eb6e1d4638f43374f49036b06816a1423269428fbd2f9b17851e1a,4,590,590,202,0.3423728813559322
325,data/eedi_public_download/extracted/data/images/325.jpg,b1d5f41efc7f4597bd4f21bb71b5a02b316f1d68a40a0c5dc59483d5a8b5d12f,4,2548,2548,1063,0.4171899529042386
326,data/eedi_public_download/extracted/data/images/326.jpg,b95be0d02be3bc2ef67438e1ce450f6039fd4a497a017d8b0436e9f73b88e4f9,3,2125,2125,950,0.4470588235294118
327,data/eedi_public_download/extracted/data/images/327.jpg,b87301ed42525bcf8211bbe04a6d591dce455eb5516a6396b02afe0ea559bf7a,4,2244,2244,925,0.41221033868092694
328,data/eedi_public_download/extracted/data/images/328.jpg,6a549a69150b1fc398de3133ac22d540969404f02e932ab41076ff5e30c8bede,1,2272,2272,1320,0.5809859154929577
329,data/eedi_public_download/extracted/data/images/329.jpg,c85d1b5083e31c67b1f85f815c64ba94f5fab3f70383049c4c403023addf0e22,4,166,166,46,0.27710843373493976
330,data/eedi_public_download/extracted/data/images/330.jpg,67a9a4bd299d9e29708bd495b348f21aeac7b7b8093fdf1d5a4817c224360117,1,665,665,388,0.5834586466165413
331,data/eedi_public_download/extracted/data/images/331.jpg,0f34549d19339cc1203e1de70290159ed65659e31b070684faa5a462689b0068,2,879,879,480,0.5460750853242321
332,data/eedi_public_download/extracted/data/images/332.jpg,704e6853d4fa1bf32dd5069e34ec55c025be44264c9292808863895005d899c4,2,2910,2910,1757,0.6037800687285223
333,data/eedi_public_download/extracted/data/images/333.jpg,b09d00bbc57fc45ef6f190382c365f8a6cbac00e4c3d663a4d3632972b5d7b42,2,2584,2584,1381,0.5344427244582043
334,data/eedi_public_download/extracted/data/images/334.jpg,1c5dc16a6a479751581e71e2cf715300edb35d091077feb2849beba0dad29741,3,583,583,231,0.39622641509433965
335,data/eedi_public_download/extracted/data/images/335.jpg,f31784f5fcdf4d4944242ada35351fb69e847901fd8888d0b3385276fa236de4,4,2491,2491,1085,0.4355680449618627
336,data/eedi_public_download/extracted/data/images/336.jpg,d22329aa41b9ca094cc93ae58c99391e4b21c2a43ef4364141c191d8701462fe,4,172,172,74,0.43023255813953487
337,data/eedi_public_download/extracted/data/images/337.jpg,3231712379f5dd43a68f55472b6036bfe8b12311e7b3e318de5a82e530033e53,1,2652,2652,1627,0.6134992458521871
338,data/eedi_public_download/extracted/data/images/338.jpg,b171cba25edb04492bb4a64c5f51bfbb500ff8fc637d39fb0a6bb84d6c97983b,3,2163,2163,574,0.26537216828478966
339,data/eedi_public_download/extracted/data/images/339.jpg,9f3f2ff801c7d925c0a889f733d9defe7d1b122ec651cf7ae92fc2cd45156d41,4,586,586,156,0.26621160409556316
340,data/eedi_public_download/extracted/data/images/340.jpg,5f75bf15969fd4aeb1dfa63af40b72d9f11dbca64867d7e4e590db3c44f54e42,2,79,79,42,0.5316455696202531
341,data/eedi_public_download/extracted/data/images/341.jpg,30627a735736590387b4829c3a7fddca70be19d88282979933cc664f3e34eca6,4,1606,1606,740,0.46077210460772106
342,data/eedi_public_download/extracted/data/images/342.jpg,73cdfc1208dc8da39a26c499bf71065d3958b27c0da146a36d956d94cdf193e4,1,2823,2823,1109,0.3928444916755225
343,data/eedi_public_download/extracted/data/images/343.jpg,3fee331c3384ad22110a15dc750570ead3377cb4568cbfabd5c38c95e4a8af28,3,2157,2157,1372,0.6360686138154845
344,data/eedi_public_download/extracted/data/images/344.jpg,6d5c88271fc3fb9c09bd2e8fe93a26eadfe0920c4b89fd410111644fc883cc87,1,2787,2787,1858,0.6666666666666666
345,data/eedi_public_download/extracted/data/images/345.jpg,b61f24b51949cfcd8fff92c5dc9da3eeb343e75992a3d61f3f33db1ed3348eb5,2,4,4,2,0.5
346,data/eedi_public_download/extracted/data/images/346.jpg,1903bbd11038da07bd1313cadd5ac7ac941ae70f6bc0f51f6183d4e3557e7cab,2,2188,2188,1214,0.5548446069469836
347,data/eedi_public_download/extracted/data/images/347.jpg,cf851022eed6ca54f1d365b06a3d82d12ec345f1aba5a80b7d1e9e832eedefbd,2,78,78,53,0.6794871794871795
348,data/eedi_public_download/extracted/data/images/348.jpg,861dc0a0fc99b5a168367a6bc80c1c6822f0494ae9aae317a2e38e9f41ab064e,2,1255,1255,767,0.6111553784860557
349,data/eedi_public_download/extracted/data/images/349.jpg,644254d17e8e2c97722fd4d52df8ea51a543454191e684b6401151c082f76c2d,2,2627,2627,1951,0.7426722497145032
350,data/eedi_public_download/extracted/data/images/350.jpg,ed4977b9c992fd6ba4fd43a0c2c296502e01809374b3c3b79d67027bf1cbbaac,3,1255,1255,837,0.6669322709163347
351,data/eedi_public_download/extracted/data/images/351.jpg,664272790e992e1e1f0ba75bdd7ce5f770292ca4c11808d6749ef8f0ca3fc85a,2,1701,1701,508,0.2986478542034098
352,data/eedi_public_download/extracted/data/images/352.jpg,81e63a998ef7aa333aaa1049eb6f58afa6f3078cf210f6ac68e847f72b50ea16,3,139,139,43,0.30935251798561153
353,data/eedi_public_download/extracted/data/images/353.jpg,db8668d8e6cf4e44022c8bf9a4d3648f03cf686707908c4f6997cb1cd9148d63,4,891,891,410,0.4601571268237935
354,data/eedi_public_download/extracted/data/images/354.jpg,0f32802479b09442c8fbaa8f3eef524a03c58de7543499e8c4004f8c0af1ea43,4,1008,1008,442,0.4384920634920635
355,data/eedi_public_download/extracted/data/images/355.jpg,e5016e44dc5c167ffa9470de309896e9677bc901f473859c5d28be59bdb2e238,3,494,494,236,0.4777327935222672
356,data/eedi_public_download/extracted/data/images/356.jpg,6f25bc372d0d54f10060179a5439ed216eb020d7f7fe015fdef9da6c45e126aa,3,174,174,63,0.3620689655172414
357,data/eedi_public_download/extracted/data/images/357.jpg,8f2943b9900c51d852a1b9115798f608b6b7514d375c953c69ed648073b3698d,4,7,7,4,0.5714285714285714
358,data/eedi_public_download/extracted/data/images/358.jpg,fec3f84304e9c830bea4ca9ae64ca993be27fa3622edfcdfd0114463155171ed,3,846,846,288,0.3404255319148936
359,data/eedi_public_download/extracted/data/images/359.jpg,f4504579061ab6d91ba6ad2577123d02c127a52b11a791387d5cfecab04df992,3,1178,1178,586,0.49745331069609505
360,data/eedi_public_download/extracted/data/images/360.jpg,122dcb1b2d7a481e372d411a802cdc3a2055b71a432b7a688aad332b43eeb42d,1,2590,2590,1561,0.6027027027027027
361,data/eedi_public_download/extracted/data/images/361.jpg,965889468989d81a85994b974edd7a5384d9192570047335cc0ce713c42746fa,4,2303,2303,941,0.4085974815458098
362,data/eedi_public_download/extracted/data/images/362.jpg,cf423a32366e3af17cc1263628b9370e0c17ca0294f4e52ce1b79327fc881257,2,1691,1691,668,0.39503252513305737
363,data/eedi_public_download/extracted/data/images/363.jpg,1c5afbea5d4bbc10abe30652e06c67faec4806e67e6567287a078a91756f05a9,1,2673,2673,1903,0.7119341563786008
364,data/eedi_public_download/extracted/data/images/364.jpg,a78cb06e47e3bd2d123dfdd05b0505b841b128332aef2bc0af49b505ed0b0323,2,1604,1604,625,0.38965087281795513
365,data/eedi_public_download/extracted/data/images/365.jpg,8fdb8d8b1d61eb3f417aad727542ed95f26140bdab50125e955d27f15c6713e8,1,2208,2208,701,0.317481884057971
366,data/eedi_public_download/extracted/data/images/366.jpg,a2b6cdd9c174e8e10132bbee5f11f45671d8a45f62afc0f7c511afd1bd7cb9b5,2,136,136,105,0.7720588235294118
367,data/eedi_public_download/extracted/data/images/367.jpg,c2f5bc79a546fc0f331d199e64e29a585fdd026c04d85ea5ddef04ab97a48f1b,1,2292,2292,1348,0.5881326352530541
368,data/eedi_public_download/extracted/data/images/368.jpg,6c3166c064452ef0bf49cd404a3198e8c59fe0ae490cb03333b87343ac24193e,1,2299,2299,1314,0.5715528490648107
369,data/eedi_public_download/extracted/data/images/369.jpg,0eb9fca10a388d0a4229c6433eeb46a657163d6cdbf28a0ebf8c44af9457393f,3,2257,2257,1401,0.6207354895879486
370,data/eedi_public_download/extracted/data/images/370.jpg,75c40f0e8ce443231c25239f11a97aae96af2206332be87cff0b0eb602cdc7c4,2,2831,2831,1564,0.5524549629106322
371,data/eedi_public_download/extracted/data/images/371.jpg,738cd2eab329c8ade651e23f8ed4eb91d841faa32488254118248e968814dc33,1,2545,2545,1006,0.39528487229862475
372,data/eedi_public_download/extracted/data/images/372.jpg,8bc1752f051720fef7d736e7303bab4e68c48c83c25dbcc8502e63c16eaa6234,2,2646,2646,1634,0.6175359032501889
373,data/eedi_public_download/extracted/data/images/373.jpg,2abe942ef4c25cc0b0e074915ccf8751436361f0a8bdcb80524997191619f174,2,2249,2249,1242,0.5522454424188529
374,data/eedi_public_download/extracted/data/images/374.jpg,244dc90411df9b15e7e93e2a853323f4dde1a09f1d720a9f7956769949d9282d,2,78,78,47,0.6025641025641025
375,data/eedi_public_download/extracted/data/images/375.jpg,1d02aa9a2beb2c69b860c8788aba924d4e990c7aafc6986935d234b7305e3ab2,3,876,876,485,0.5536529680365296
376,data/eedi_public_download/extracted/data/images/376.jpg,6d5548b4e7ce260d5a5c4eab0755b218feb236f3e63fba753556961dc4289244,2,2334,2334,1554,0.6658097686375322
377,data/eedi_public_download/extracted/data/images/377.jpg,2a1dee1e14817ea9876ae3c00c4df3befc05a61418f56409766c3a61b834fbf6,2,319,319,171,0.5360501567398119
378,data/eedi_public_download/extracted/data/images/378.jpg,bf835818759920d80ea736af32dbfb86821f62a63a76969d07b6f4ca919510ed,1,656,656,265,0.40396341463414637
379,data/eedi_public_download/extracted/data/images/379.jpg,421328048da774c5554b7f1c3296505cfe9ad7745e70a47e1b7807f62c943def,1,2535,2535,997,0.3932938856015779
380,data/eedi_public_download/extracted/data/images/380.jpg,21282b5b4dc14763a3439b4da340c042de74fdb18dbed578074632f9fb43afed,3,1471,1471,608,0.41332426920462273
381,data/eedi_public_download/extracted/data/images/381.jpg,5d81d86b8c77336ad5a60f234fd76e2d6cba2a84874d23303a8be71e6348a3b2,3,174,174,117,0.6724137931034483
382,data/eedi_public_download/extracted/data/images/382.jpg,f09edc826a7d334fbfe2a24d1b2f2e3e0b87a4e9f1cf99621664250fedbd59bd,4,137,137,39,0.2846715328467153
383,data/eedi_public_download/extracted/data/images/383.jpg,24cef57ab6ccc57208ab6548d7e839e10c3e944fc4fe0fcc788b04254e8c4b94,3,2352,2352,1890,0.8035714285714286
384,data/eedi_public_download/extracted/data/images/384.jpg,c821e653cb00843218a6475feff561fa11b7c77c354b68e7b2ca238e0c9b5b8b,4,1908,1908,756,0.39622641509433965
385,data/eedi_public_download/extracted/data/images/385.jpg,96fb3daa014207ec11f889156445dda1f936f8fa94b243e8ebf3b11b526a4499,4,1501,1501,579,0.38574283810792803
386,data/eedi_public_download/extracted/data/images/386.jpg,12f5622a3e23bb128c9d7dbf5004f95da56a1b02a41a71f155d2f58f273d141c,2,856,856,437,0.5105140186915887
387,data/eedi_public_download/extracted/data/images/387.jpg,2c9338373c4a8b5604908d7ff9a192e904330c8efb2981678ee32eb92916d200,2,554,554,184,0.33212996389891697
388,data/eedi_public_download/extracted/data/images/388.jpg,5606a26412f4ce1b8e41ceceb90d7015083cd6069dbc6ad2007c3a5e2baa4949,3,582,582,206,0.3539518900343643
389,data/eedi_public_download/extracted/data/images/389.jpg,9cb82760cc3540b2275c179a3c4ef06ae45a4e97dd04d3e566458088c283e1f8,3,2504,2504,1355,0.5411341853035144
390,data/eedi_public_download/extracted/data/images/390.jpg,63b3538eebce96884065548824eeb312743bfd8c076580e7d52eb6355a871237,3,554,554,208,0.37545126353790614
391,data/eedi_public_download/extracted/data/images/391.jpg,2cc112e895056a258fa5d2e6a77f65ae21c0f0743543130a49da8423c3437c69,4,2797,2797,1240,0.44333214158026457
392,data/eedi_public_download/extracted/data/images/392.jpg,88dd77c07e68515e8783ac4a163402d64d0b08d88cd18f9c898448baa949a405,2,2217,2217,1204,0.5430762291384754
393,data/eedi_public_download/extracted/data/images/393.jpg,85857c3ccdd8915c6bf6cc22f6d572d1e88f47b7a3661adc83a3360b83901acb,2,13,13,7,0.5384615384615384
394,data/eedi_public_download/extracted/data/images/394.jpg,5da8fcfd5286341f230aa219877cbfc9fd7d0eb8cc5c403c134ff3ec2d132275,3,2601,2601,2021,0.7770088427527874
395,data/eedi_public_download/extracted/data/images/395.jpg,3b8281dd63f072045a47d8a5f9f73852d5954c76d2827dd3bb9e4a242418bad6,1,191,191,67,0.3507853403141361
396,data/eedi_public_download/extracted/data/images/396.jpg,233dd2a912053be4ed7989d19294a784d04346478c53812f609cea18a983bee4,1,1932,1932,1573,0.8141821946169773
397,data/eedi_public_download/extracted/data/images/397.jpg,1bc7b20b65e602caa25d39a08cb9f78d21d77105039f79be3540c460c1eafd55,4,12,12,5,0.4166666666666667
398,data/eedi_public_download/extracted/data/images/398.jpg,4bc3e5fdba50316ef241e3b653e0f03db99b98cf5bf2e1fd66e2246db6409d65,3,1012,1012,501,0.4950592885375494
399,data/eedi_public_download/extracted/data/images/399.jpg,b09fd6f4cd27e90f6cc3ff3d210e0aab79cc0fb2f95c47dfb4b6a449e6c14a3a,2,174,174,71,0.40804597701149425
400,data/eedi_public_download/extracted/data/images/400.jpg,e338db913efc75a381e54b76b237555ef9f741ba9a44aeaa60c7a71ad63b984c,4,104,104,40,0.38461538461538464
401,data/eedi_public_download/extracted/data/images/401.jpg,05685ecce960df87033365edf2506ec1b64f9c5c27f193403a8870cb297f6be9,2,115,115,70,0.6086956521739131
402,data/eedi_public_download/extracted/data/images/402.jpg,3ac311816fb3c22b8c454afa6d1ddbfe980ca8a74847c7b230f22ae34744d2be,3,2305,2305,1066,0.462472885032538
403,data/eedi_public_download/extracted/data/images/403.jpg,469ccc0662ae411526713cebf37fcbde5cf36aee81860a1d82115cde283a1142,3,2203,2203,1437,0.6522923286427599
404,data/eedi_public_download/extracted/data/images/404.jpg,0bbf407b27692df6ddf92a9e7f40928c107a638e731f3a712cf06ab9ab10041e,2,1265,1265,567,0.4482213438735178
405,data/eedi_public_download/extracted/data/images/405.jpg,ef6210f3c0b389fd20d18505c539fe2caad244d6dff3cb270c3985321e4b0458,2,2930,2930,2332,0.7959044368600683
406,data/eedi_public_download/extracted/data/images/406.jpg,960412095b10473fe5f221fe96c9ca3a206ebed7b8ee06c861fde32901acc044,1,2131,2131,1670,0.7836696386672923
407,data/eedi_public_download/extracted/data/images/407.jpg,e8785e556f2c7128d6723186eaea58b6928c7b1b5b7816d5cbb9e7e422da30d1,1,110,110,51,0.4636363636363636
408,data/eedi_public_download/extracted/data/images/408.jpg,1a125bf12030dc6db1fa66ed4e7c7b460a8efc0e1d126f0c9444ab7fde520ec3,4,120,120,83,0.6916666666666667
409,data/eedi_public_download/extracted/data/images/409.jpg,019ed38af07a7cf2bd2893ad883bf7432cda924de25b0235d3883047a7d59ce8,4,2863,2863,1622,0.5665385958784491
410,data/eedi_public_download/extracted/data/images/410.jpg,816fde7f776cceb4879790ea1dbf7250321f0a695a4aa69039d350292227d332,3,2354,2354,1891,0.8033135089209855
411,data/eedi_public_download/extracted/data/images/411.jpg,b348b6ee1edb353a2c5ea8ad40ef78ccb42edaf9dacda11e022245004285d9cf,3,625,625,367,0.5872
412,data/eedi_public_download/extracted/data/images/412.jpg,31ba8ec17b460a2a2ab9935848f10da364cb913bab1dd60da87613cc262371f7,2,1675,1675,866,0.5170149253731343
413,data/eedi_public_download/extracted/data/images/413.jpg,fe93764110a364f58d42bc16454373f135e247861c6a03e0c6f47e70413ef9c3,3,2140,2140,1384,0.6467289719626168
414,data/eedi_public_download/extracted/data/images/414.jpg,ee387390e4c29fbea8ba512d2e8a04f9ee7e97d8033be130132ddfec6f819487,1,1210,1210,994,0.8214876033057851
415,data/eedi_public_download/extracted/data/images/415.jpg,ffa694e0ba8782ee710e9c1c5445fd98ea23461a6da7c41c92658b48ad169f15,2,861,861,365,0.42392566782810687
416,data/eedi_public_download/extracted/data/images/416.jpg,5c2ba0c3d98b0e3744740a5c1bd8f6f1a80f8d91f5e82407b72054e7e798fee4,3,2460,2460,975,0.39634146341463417
417,data/eedi_public_download/extracted/data/images/417.jpg,e092cb8c4b193f57252195e433db7000fb0ce89e955540c6b5423c07796fef49,4,2545,2545,1252,0.4919449901768173
418,data/eedi_public_download/extracted/data/images/418.jpg,5471a13a8a262ee582b2559f52401e493718b58433fa78a6a3510840d523f712,1,89,89,22,0.24719101123595505
419,data/eedi_public_download/extracted/data/images/419.jpg,fa48224acab368c98e7b25da346c9c50cb2e75b011077e07369d12a38af396d2,2,68,68,24,0.35294117647058826
420,data/eedi_public_download/extracted/data/images/420.jpg,bfa68b1b790a80bc136e95008301e0f2057ca9b8d2ac249dd7dbebca305d235c,2,2220,2220,1687,0.7599099099099099
421,data/eedi_public_download/extracted/data/images/421.jpg,8bd46445fdb8c975ca35e7b48924dedc1eeea9f80f1446a2bf55101e971987e1,4,2820,2820,2111,0.7485815602836879
422,data/eedi_public_download/extracted/data/images/422.jpg,ae87343adf86fc0920fec1817bfb8d73fbb0b3333226a050556db21ad2c013a7,2,144,144,129,0.8958333333333334
423,data/eedi_public_download/extracted/data/images/423.jpg,73f87f281647578834decf65399d93a3e5ec25efb07181b9e41c3a0ed09fe0ef,4,2300,2300,839,0.36478260869565216
424,data/eedi_public_download/extracted/data/images/424.jpg,859f480aa459f3b2e93bdea79fba44c1cf4512bb228d0e71475314164ced3884,4,1711,1711,632,0.36937463471654003
425,data/eedi_public_download/extracted/data/images/425.jpg,0dfb9c330274e0d2ae21f80bea06cb99b769e7197037f3459d1dc637a733998e,4,78,78,14,0.1794871794871795
426,data/eedi_public_download/extracted/data/images/426.jpg,a6cd17fe9e315d5938b3c5c0092076be535c66adb397f94cf6b325df571160f2,1,80,80,23,0.2875
427,data/eedi_public_download/extracted/data/images/427.jpg,29a6e52f21e7b6b7463e4c0a5a73adffa4d3b6ed87d2638f839161f26d54c34d,1,7,7,4,0.5714285714285714
428,data/eedi_public_download/extracted/data/images/428.jpg,2121499e0f58edf52e838ae913214f973736f97e75c77df42b87b9614ab7fda8,4,6,6,2,0.3333333333333333
429,data/eedi_public_download/extracted/data/images/429.jpg,a54c07758d58e23bf11d78b7e559b08f51074f0aba6459c543bcd45f7fe250b1,1,13,13,10,0.7692307692307693
430,data/eedi_public_download/extracted/data/images/430.jpg,3dec48271c76a2534e5c44bc0f50b5c8c7effea53f51a6fe9ccde471dea8ee71,1,621,621,193,0.3107890499194847
431,data/eedi_public_download/extracted/data/images/431.jpg,50f4bbdb9a555dd71fb635048ebe864626f7f4cfaaffe9e2cf8c0f2e0f00f330,1,1253,1253,852,0.6799680766161214
432,data/eedi_public_download/extracted/data/images/432.jpg,e066dc6d44625714b089f6a5e4d875d9ced77f849bd0bc63fec8d9d972b16909,1,837,837,535,0.6391875746714456
433,data/eedi_public_download/extracted/data/images/433.jpg,b7684e5017877fd91f2fc8336f7067aba946f88f5cbd1c8762a2a6ad63af992a,2,2495,2495,1237,0.49579158316633265
434,data/eedi_public_download/extracted/data/images/434.jpg,e9cc245abce476de7dd7d6d73aed24d2ad6d01c81a898bdf7f1174d0a82b4d16,3,1693,1693,642,0.37920850561134084
435,data/eedi_public_download/extracted/data/images/435.jpg,c41ac6e3c90f5e66620b40d3364b0ca968df701123010aa24fa1acbac4773320,3,2263,2263,1232,0.5444100751215201
436,data/eedi_public_download/extracted/data/images/436.jpg,3ca7cf325c4f6dc0683527e4015bea87cfbdd54ec40702ef35d11b40ef18dd8d,2,2224,2224,1624,0.7302158273381295
437,data/eedi_public_download/extracted/data/images/437.jpg,baa669d66b68b9fe334f850a45a456ddc3846890d1cdc978fad7214a44dba03b,3,1164,1164,404,0.3470790378006873
438,data/eedi_public_download/extracted/data/images/438.jpg,0d3a4b3440296b52368c6f074e3c602e885f88534e0e6dc542623afd5f7e82e3,1,2659,2659,1685,0.6336968785257616
439,data/eedi_public_download/extracted/data/images/439.jpg,600858bba2d43930a748b42372b802528c7da2a4f60a81857b6c4168a05b5fd3,2,2347,2347,610,0.25990626331487005
440,data/eedi_public_download/extracted/data/images/440.jpg,e7f6675ae0a10d4de1e804e230cb049bfbf2d2fea5a36c61409c1aa3b973b226,2,1444,1444,1197,0.8289473684210527
441,data/eedi_public_download/extracted/data/images/441.jpg,d0a0e7b7f047bebf24a8ee4557f3f0b69f3f5f16419df6320ca6b89794885a43,4,1265,1265,927,0.7328063241106719
442,data/eedi_public_download/extracted/data/images/442.jpg,a34fe6ff78f0ddc8ba7129699fe55db0b6bec9bae819b81e1911337c413b132a,1,80,80,20,0.25
443,data/eedi_public_download/extracted/data/images/443.jpg,d7d59c1c3f21480760374f2e1f4b287644277870ad6e6a81e1640683f72b4b67,3,167,167,75,0.4491017964071856
444,data/eedi_public_download/extracted/data/images/444.jpg,9450b80b07550340016dd40b9be18292c5ced2e775465c1e9c4fd7c014ff93f5,4,94,94,52,0.5531914893617021
445,data/eedi_public_download/extracted/data/images/445.jpg,b343d2ca6e9e214a396d24c6b991d15d6b10d8e9caf99cb32a33f4a86fdeff99,3,2454,2454,1049,0.42746536267318663
446,data/eedi_public_download/extracted/data/images/446.jpg,789f5b08654ba4e2742ec20b98f55a6000d0f99b6a208592b2fc39ba9cb4ca31,3,2667,2667,1232,0.46194225721784776
447,data/eedi_public_download/extracted/data/images/447.jpg,fcf04328ec6118b9a10850a6b95def98da87f17f6ebd2a16abf360392a93c8e4,3,89,89,47,0.5280898876404494
448,data/eedi_public_download/extracted/data/images/448.jpg,9fa056feb9aa5dadf6c369f0f4b9cc2af47913ff2ce329bb00230190fc955c3f,2,2622,2622,1252,0.4774980930587338
449,data/eedi_public_download/extracted/data/images/449.jpg,71f6506fe7d012d9d19373326184d8768e6a44c3ed1b037fee852bc545d89ebd,2,2818,2818,1486,0.5273243435060326
450,data/eedi_public_download/extracted/data/images/450.jpg,e86be18332efee96047cf7891f236a8c856eb42fca061a53d183bb4fffaad84e,4,136,136,63,0.4632352941176471
451,data/eedi_public_download/extracted/data/images/451.jpg,c032a9d41e8a0dc3c66e7fe0663348e9f5f690faad3c5fdaf9fd81df199e3fa1,4,2325,2325,1816,0.7810752688172043
452,data/eedi_public_download/extracted/data/images/452.jpg,22ce78ee7915031123f16b5c3a983f90dc18604a44d813cf7dbd973ff28d3863,1,1752,1752,1253,0.7151826484018264
453,data/eedi_public_download/extracted/data/images/453.jpg,9d85f54d0e7687ebaa231584d560334ae31755eca5dadfdef6c1fd3d04c92c55,4,2531,2531,1250,0.4938759383642829
454,data/eedi_public_download/extracted/data/images/454.jpg,0a0b437142b74dd9982ecabed7bd1a5c52bb37bf7160795cce5a5fdc0b6a15c1,1,190,190,82,0.43157894736842106
455,data/eedi_public_download/extracted/data/images/455.jpg,670befc1a7664babcaf09786a42ce401fe4a362336ac8f0f33541f5511600812,2,556,556,167,0.30035971223021585
456,data/eedi_public_download/extracted/data/images/456.jpg,bcf763af9183ff12742df0dcb01aa2a91b05868d2a94ab4f8db3d42d7265ec5d,1,1888,1888,727,0.3850635593220339
457,data/eedi_public_download/extracted/data/images/457.jpg,671c97cd6deb1274fea14329c9cfd766d395f52fb6a6348378e46b58c6faa71b,1,2552,2552,1877,0.7355015673981191
458,data/eedi_public_download/extracted/data/images/458.jpg,da261e5f958f66dbd6e62bdd924e288aa97a4f02c053e49946dd0e81d2f2d0b3,3,194,194,133,0.6855670103092784
459,data/eedi_public_download/extracted/data/images/459.jpg,c12966483b6e89aaf697b2a43bdce7656b7e906b9123dbe66149c54c6b08a388,4,1931,1931,1365,0.7068876229932677
460,data/eedi_public_download/extracted/data/images/460.jpg,aad5a666091f0e24466ad2d13a4d0694c3608514a7bc44ab32940ba8e82b6ee0,2,2894,2894,1978,0.6834830684174154
461,data/eedi_public_download/extracted/data/images/461.jpg,c2bcbfe3f432bb6b27bed6383900263f4e7155c6404cc87a9b78264b8e6d3fde,4,2638,2638,1802,0.6830932524639879
462,data/eedi_public_download/extracted/data/images/462.jpg,d571c8a1bf730085360a928e122de8bd944a7af2abfb489083dc295c52dc1a93,3,2914,2914,2200,0.7549759780370625
463,data/eedi_public_download/extracted/data/images/463.jpg,764e4d0a241830ef23815105abfecdebc0f466034600d417830948af3b6def8f,1,2698,2698,1360,0.5040770941438102
464,data/eedi_public_download/extracted/data/images/464.jpg,62cfc152071944d5515671f2197d38903911588b9b108b0f8cad8c3e5cd44be2,2,2395,2395,1920,0.8016701461377871
465,data/eedi_public_download/extracted/data/images/465.jpg,4d5d551ee4b5aecedd4b969854b64acff4af43742d311e58577db09f0537174e,2,2155,2155,1274,0.5911832946635731
466,data/eedi_public_download/extracted/data/images/466.jpg,dbad6283d5f2fb01bc23cb7a3e7b9c6a42aa178de1348fdc730fa27c18840209,4,601,601,379,0.6306156405990017
467,data/eedi_public_download/extracted/data/images/467.jpg,99d2287b309be00a4f0bb5aedfedb536f921bc0933ffa6af48e1b37e7b0459d1,3,1433,1433,554,0.3866015352407537
468,data/eedi_public_download/extracted/data/images/468.jpg,3e78d8f7e5163cee4b5141239fe9a395502b4ea768f82221ad739ff110c2fb75,1,1929,1929,1397,0.7242094349403836
469,data/eedi_public_download/extracted/data/images/469.jpg,a416e254b97c0a0c60241e57a7a67caf211baa0cfbf6fd83e6030cf87031b111,1,2299,2299,1489,0.647672901261418
470,data/eedi_public_download/extracted/data/images/470.jpg,243dba8cad036a13bb470aa7a11e68a894fb201367eff04c68380ae5c6d242f5,1,570,570,189,0.33157894736842103
471,data/eedi_public_download/extracted/data/images/471.jpg,62f43ab2ed4513717133420d90f78ec355c1cc77e195597890795ce58aad9005,1,168,168,63,0.375
472,data/eedi_public_download/extracted/data/images/472.jpg,938019b3926cff09e930ed3f1f72622586e08f450f916459260a4cde7154795b,4,2370,2370,1737,0.7329113924050633
473,data/eedi_public_download/extracted/data/images/473.jpg,178313608070c82922ec21c0c6b81f3736de1f4ea4a2b0f0af4e07cd56ba7d12,4,2393,2393,1923,0.8035938152946093
474,data/eedi_public_download/extracted/data/images/474.jpg,16a8f673ffc513cc1a8d90e4c81517187d23c0b8d0a118338d9672564d17ee25,1,1713,1713,761,0.44424985405720957
475,data/eedi_public_download/extracted/data/images/475.jpg,e87ab6057456625c52842965beadb81ff0aa0c87b3369c1f546be3ab031be474,1,2340,2340,1222,0.5222222222222223
476,data/eedi_public_download/extracted/data/images/476.jpg,fa1a571687bf43fdc57d715c70a499fd861e80f62eee134e4f653b0c159d203f,1,852,852,364,0.4272300469483568
477,data/eedi_public_download/extracted/data/images/477.jpg,a952038bc03125f5663d69e99dd56960e7e66a132af902ca33113da906cde57b,2,6,6,3,0.5
478,data/eedi_public_download/extracted/data/images/478.jpg,e2b135a6bb884c73e5733e8b099d7f7145afe8c5d2bc64ba8017f5406cddb3dc,1,193,193,116,0.6010362694300518
479,data/eedi_public_download/extracted/data/images/479.jpg,ae2a13554c051465dff4540258d79e38eddfbf6a0e2bba4680f81cc5a50aa055,1,180,180,79,0.4388888888888889
480,data/eedi_public_download/extracted/data/images/480.jpg,143f4604573f2f2cee1c47752598b93c17350dd78e297619d88a8fed70e4a8ef,1,2351,2351,1760,0.7486176095278605
481,data/eedi_public_download/extracted/data/images/481.jpg,52b1750b88e60941b2ce27047ae9ea1038724af614e2ac6badf2dbc754d46389,4,78,78,20,0.2564102564102564
482,data/eedi_public_download/extracted/data/images/482.jpg,5c89fcf5210a5df53e86e4282f3b9ce9a047882643a1e7d281765f5fd21ab502,3,321,321,203,0.632398753894081
483,data/eedi_public_download/extracted/data/images/483.jpg,b5fd7cf48314eeddd84dbfdfcd690beb0bebc553b2b768ac130fdc491858873a,3,1473,1473,557,0.3781398506449423
484,data/eedi_public_download/extracted/data/images/484.jpg,fb5c397111ed7ded85385559972ea3cab2c40cdda6467126b5a8fa63b629d944,3,2881,2881,1372,0.4762235334953141
485,data/eedi_public_download/extracted/data/images/485.jpg,eeaa59392b795444d3a713c62d4d93fc821898ea57a6b173e2c28f99b0873379,4,2248,2248,1526,0.6788256227758007
486,data/eedi_public_download/extracted/data/images/486.jpg,158c2eee9359eef3f74403a232161a002032478f8139994d3488f117cb726830,3,2180,2180,828,0.3798165137614679
487,data/eedi_public_download/extracted/data/images/487.jpg,cf534a4d90292b7ccf613cd4226c428b4c6872f4f5724b3eff726c421639e71e,2,1333,1333,520,0.3900975243810953
488,data/eedi_public_download/extracted/data/images/488.jpg,9aa0474fe4854d0f294538b43a86104e72c3f31eb179332a08c7e4cfeaaeebaf,3,1646,1646,1291,0.784325637910085
489,data/eedi_public_download/extracted/data/images/489.jpg,9348fb940ba26a1bb57524cb9d1b5b409f335fcffb76cea54550dc1d66e65ff8,2,1156,1156,545,0.47145328719723184
490,data/eedi_public_download/extracted/data/images/490.jpg,c02d2e5c350abc9ce1eec4d4eb339697d751ae193d2dd6e1e101e82f8fb59b05,4,1215,1215,838,0.6897119341563785
491,data/eedi_public_download/extracted/data/images/491.jpg,b8d3ae4e97654e97805b51c847696a5f92f585b70ce9e48e346fbf14ea9b9bf3,1,1499,1499,636,0.4242828552368246
492,data/eedi_public_download/extracted/data/images/492.jpg,890b7c4ac9fe414be709b0ba552cb5de802d5aaac35e134d73382e1815e4bd78,4,2176,2176,1287,0.5914522058823529
493,data/eedi_public_download/extracted/data/images/493.jpg,d6582c6d615b22f4d2a5740848e0a6f3be5364a42f4259fe7e9b784a9dec5210,1,2231,2231,709,0.3177947108919767
494,data/eedi_public_download/extracted/data/images/494.jpg,74fac9d85f0f4ef203cdeb703006986c5c95ac08ba22d57e1c4f0c66cf55298f,3,2789,2789,1321,0.4736464682681965
495,data/eedi_public_download/extracted/data/images/495.jpg,ce6ce89b6ee0891ca9dac1f1ea3d8deadfb29adf70ffa84cc0539b33af726c6e,3,2360,2360,697,0.29533898305084744
496,data/eedi_public_download/extracted/data/images/496.jpg,f0c8784781242bbc21af694a7482ac1c4efa6c94bd49572e8938710c2c4a5a0c,2,2148,2148,1029,0.4790502793296089
497,data/eedi_public_download/extracted/data/images/497.jpg,4beabff279e8e4dce4b204e8e67142f7a7dd139330ba9186e9def858d26eba8b,1,2108,2108,1221,0.5792220113851992
498,data/eedi_public_download/extracted/data/images/498.jpg,17d779c4424452741cd462e78d81c54e5548a8eff1c8e15c304443fab19dc470,1,1894,1894,747,0.39440337909186907
499,data/eedi_public_download/extracted/data/images/499.jpg,9a2ef8b7ee4edd2fabc9283b197325634633bd36b7053058116e6e820fa0f0f2,3,4,4,2,0.5
500,data/eedi_public_download/extracted/data/images/500.jpg,a4510f60de59c3e7bcb439273e3b8964d78976187fd77628151a788be8fa51df,4,2585,2585,516,0.19961315280464217
501,data/eedi_public_download/extracted/data/images/501.jpg,e497f3b5654bd36bade7ee8e33b830579381b8c4fb15b4f7939bcf57fd772917,3,2132,2132,1686,0.7908067542213884
502,data/eedi_public_download/extracted/data/images/502.jpg,c4cccb6bb6a6152d8754df6f7b372932f3af855449739811c6a6a036f40ab07c,1,2881,2881,1484,0.5150989239847276
503,data/eedi_public_download/extracted/data/images/503.jpg,3316e9d02c93dd6fd44aa72e7ab425ec1cf596b573804fa15bbc60cc52d34cf8,4,2172,2172,1508,0.6942909760589319
504,data/eedi_public_download/extracted/data/images/504.jpg,b81e20bb80ca60c599e004efdc15f1b100ea21828d0a138dd632d826a2e2a15b,4,115,115,43,0.3739130434782609
505,data/eedi_public_download/extracted/data/images/505.jpg,432141aba41c1e2062b0c3514b9147b4848b32f79d449df66604e94b2dcdd751,3,2321,2321,1365,0.5881085738905644
506,data/eedi_public_download/extracted/data/images/506.jpg,5d5461c02acc1b285e2662dee1f252f196f7154a356a4bb40ac6f6b75d54ab6e,2,2372,2372,1417,0.5973861720067454
507,data/eedi_public_download/extracted/data/images/507.jpg,d830eea70730f59497dfa9566a24fe5d112f338f69e01b9c080042af6ba50a30,3,2198,2198,1418,0.6451319381255687
508,data/eedi_public_download/extracted/data/images/508.jpg,334e7e4a893ee587b80d9b285cb424ea4a96d70fd5f77556e38d22aab1edfb08,3,1686,1686,1297,0.769276393831554
509,data/eedi_public_download/extracted/data/images/509.jpg,956adc8d13cc86c573a57ae9fa94f1b817399ef8ad94f22751181fb544c0c531,2,2263,2263,1312,0.5797613787008395
510,data/eedi_public_download/extracted/data/images/510.jpg,15e90fccfb7e580554c246c4aa5fcc7ac9a3f1c637756fb09da8bb8db590ba54,3,848,848,460,0.5424528301886793
511,data/eedi_public_download/extracted/data/images/511.jpg,b0ee9ec9ddff0567691853aaa672bc494a1ca99d6b44cc3a881b7bf7946ab6df,3,346,346,285,0.8236994219653179
512,data/eedi_public_download/extracted/data/images/512.jpg,dd41e95b11fe68f32eec4214b830466c0b2a110f5a25f3585df0d6567a92f65b,1,82,82,40,0.4878048780487805
513,data/eedi_public_download/extracted/data/images/513.jpg,24137e9d770fc4727c21abe49a8d7ffefa4556bd932ec5b879e9a9e0e69b2c30,2,2222,2222,1155,0.5198019801980198
514,data/eedi_public_download/extracted/data/images/514.jpg,dc25cdc8b2c918bc1e2c42ed9989b100507c1c64981cc70cda693af849941788,4,1689,1689,933,0.5523978685612788
515,data/eedi_public_download/extracted/data/images/515.jpg,6e410dc520f00ee86c0f8bce367afd4c39d102aee33b8927857d8e3d8cd25de7,2,664,664,296,0.4457831325301205
516,data/eedi_public_download/extracted/data/images/516.jpg,67a3b01d40584cb5493a6e3792ff925e35efa4f23dd720e6d3c23d88190193b6,1,192,192,98,0.5104166666666666
517,data/eedi_public_download/extracted/data/images/517.jpg,bac14c41575c09dc04d8f4fa1671b6457a2f99e11c5adb7c67216d799a2d7413,3,2286,2286,1423,0.6224846894138233
518,data/eedi_public_download/extracted/data/images/518.jpg,b29493e9d6f115cdec90a6e21e00f949dd38d52fb3b172bc5a85c1da303bb25d,4,9,9,4,0.4444444444444444
519,data/eedi_public_download/extracted/data/images/519.jpg,2ca8713fb52a5a8a7a5315d219a3621dfe0c0168f947dc9e2d780232e3895ff3,1,2368,2368,1469,0.6203547297297297
520,data/eedi_public_download/extracted/data/images/520.jpg,547aca426415202b045b78ec09851069c8a529fde27ca5c3e9102da08de1e7c9,2,2897,2897,1590,0.5488436313427684
521,data/eedi_public_download/extracted/data/images/521.jpg,005b40ed9ccc666eae9ef94532bbaa99241ae154e2c8d96451f7a6007d722a4c,3,114,114,61,0.5350877192982456
522,data/eedi_public_download/extracted/data/images/522.jpg,6f57b8748b0ff489e5b30bb6f27aa812e51faa986dc6ff3023b390547bf772ff,4,2337,2337,1340,0.5733846812152332
523,data/eedi_public_download/extracted/data/images/523.jpg,8f8b61c03fc4c9641f8a70677fd9e1ee2300b9ebf846e022a38e4eb8edbf92f1,1,1761,1761,564,0.3202725724020443
524,data/eedi_public_download/extracted/data/images/524.jpg,e85d15e223f85868d818588ae4ae03cd0225c59cb19324e671fb4d2dd93161e8,1,86,86,35,0.4069767441860465
525,data/eedi_public_download/extracted/data/images/525.jpg,e5d3f3dd9baa0e3d1bc6126d2c9a5be8f3878be10690b9568834765f37829bf7,4,2649,2649,1359,0.5130237825594564
526,data/eedi_public_download/extracted/data/images/526.jpg,1e434f575d960ee04c32f62bd018dae67a582cd35360125928d2733baf531a29,1,1917,1917,917,0.47835159102764735
527,data/eedi_public_download/extracted/data/images/527.jpg,dc7e4fc8756016ce4035637c435701f39fe2ac5ca3c13b1cd0bb62cb60964d52,2,2663,2663,1903,0.7146075854299662
528,data/eedi_public_download/extracted/data/images/528.jpg,11c6bc2718a384c4f1b0d8869ef4b42a54f6b881efcafb5fa5c818c4b6076e35,1,2887,2887,718,0.24870107377900935
529,data/eedi_public_download/extracted/data/images/529.jpg,ac38a82a707014b41f138b33b9fbd6acd8e0a94d52e7f8c08f55383a470e5b03,1,2887,2887,2100,0.7273986837547627
530,data/eedi_public_download/extracted/data/images/530.jpg,e08ea75f9a7a9245d19491f51b836ea322dbcc9a19e716c4d0cf51c43f91a1e4,1,1702,1702,986,0.5793184488836662
531,data/eedi_public_download/extracted/data/images/531.jpg,30c936105e6900366792edd271ede5964771377e3ec422ce26d800a67e3b5dc8,2,138,138,47,0.34057971014492755
532,data/eedi_public_download/extracted/data/images/532.jpg,20212f0092448bbc338c339611440cdd9a50a5e70b6113d323f62471ece55516,3,318,318,153,0.4811320754716981
533,data/eedi_public_download/extracted/data/images/533.jpg,ee1a520759a90cd903d1c08afcefa96fa65862cdb12bc8648f992886c4e2f768,3,2890,2890,2030,0.7024221453287197
534,data/eedi_public_download/extracted/data/images/534.jpg,ee7cf3b6a0933fddb6287d5ace855ed49f02ff2ae435aea2ca6ff56115ce0bce,3,1176,1176,490,0.4166666666666667
535,data/eedi_public_download/extracted/data/images/535.jpg,b28006084e738d0fbb81bcc39cdae12878afe719cfc4299bdc29daf7f08edddd,1,1710,1710,720,0.42105263157894735
536,data/eedi_public_download/extracted/data/images/536.jpg,77bf19d42381848d6cc7b4074602084066f13de59f2bdabf6b3e395853725988,3,1599,1599,666,0.4165103189493433
537,data/eedi_public_download/extracted/data/images/537.jpg,a3f6d6692b1c784a1dfd011a5ba5cd220b55062e8eb6a4e24daed3f0dd23973c,1,836,836,255,0.3050239234449761
538,data/eedi_public_download/extracted/data/images/538.jpg,d6f4381cfcd5f1dd6b55cf9d7fc4e6ecbea04cb0b42234d2df8c96d551eb83e4,1,104,104,31,0.2980769230769231
539,data/eedi_public_download/extracted/data/images/539.jpg,07af41127c7baae70c96d37fa3810b1bf71b261d7a917f7fe834e032ca110fdf,2,2246,2246,1888,0.8406055209260909
540,data/eedi_public_download/extracted/data/images/540.jpg,f5675bc19eaec370bde1375327328f063a7c6ff4d44ee98e95fdc6cf9921758f,1,1280,1280,668,0.521875
541,data/eedi_public_download/extracted/data/images/541.jpg,3bf6b4a60a5692c06b868a2479a7b7c3a8400d69bd41379825fe82ab604fce04,2,655,655,161,0.24580152671755726
542,data/eedi_public_download/extracted/data/images/542.jpg,1154cd67eb93dbfa1dcdbd58679ff6e36e382448cf630e2281777651407a4396,3,579,579,215,0.37132987910189985
543,data/eedi_public_download/extracted/data/images/543.jpg,8311716460883d09dfe0e4435f5a0ea9621cafeb168796a2c08cf5401ed8ba1f,3,849,849,260,0.30624263839811544
544,data/eedi_public_download/extracted/data/images/544.jpg,86b326fa992ffa838fe1c7a8eed382aa4281791ce320f4a0e336208d56e481c5,1,117,117,62,0.5299145299145299
545,data/eedi_public_download/extracted/data/images/545.jpg,2497df16522e70bb8fd39e28aa45d0dd06dfee4c16d4620e1403343a75d47648,2,2308,2308,963,0.4172443674176776
546,data/eedi_public_download/extracted/data/images/546.jpg,160727f0c6168e7b4131bba3bc84874b06dda3d7cbfbca0bb54b9ad844b0d158,3,1492,1492,937,0.6280160857908847
547,data/eedi_public_download/extracted/data/images/547.jpg,a4c37741d6c0141d7649b379863effaf1e2ac44855eff5b1ecbb4e17372593d1,4,2924,2924,1512,0.5170998632010944
548,data/eedi_public_download/extracted/data/images/548.jpg,b054b151ab88d33d5832b97060acec1af1679cb48b1204621c231e7ad69284ea,3,10,10,4,0.4
549,data/eedi_public_download/extracted/data/images/549.jpg,2d17a4ba18e7e964839ff80545e61057ab3a9b4eb2f0a06360ec8f21bb10b364,3,655,655,335,0.5114503816793893
550,data/eedi_public_download/extracted/data/images/550.jpg,be07f2366d6d0335e8bf6abfaa04d8a510b8166c7420d9e312901e4fd150290a,2,1297,1297,544,0.41942945258288356
551,data/eedi_public_download/extracted/data/images/551.jpg,51e8a2b421ff352a2a0cf527f1ddef67a50acb171f945e1e7713a4275c52c42b,1,2839,2839,1653,0.5822472701655512
552,data/eedi_public_download/extracted/data/images/552.jpg,175f790c21510ff47ed6606ebe4bc2c3d786834d1859d795c683a9267775da79,2,1009,1009,466,0.4618434093161546
553,data/eedi_public_download/extracted/data/images/553.jpg,93a2478d9fd06e56a97c9d913f7d0606b55da003ab06c7f1acdeaf72fb74c74f,1,1499,1499,1115,0.7438292194796531
554,data/eedi_public_download/extracted/data/images/554.jpg,1caf4f0a60eb949fa41cdd030f6db6f884f773f621912f022a8ba5a8c5ef0ca6,2,2260,2260,1075,0.4756637168141593
555,data/eedi_public_download/extracted/data/images/555.jpg,cc33f67f87236901df503ca7561c069a46658f83e772ac1bc52f53b4d1f5d99f,2,1713,1713,765,0.44658493870402804
556,data/eedi_public_download/extracted/data/images/556.jpg,6c7a922c55c50266380bf7d0f35827e61d68baf67d41de0b69b7452ebc8ece69,3,108,108,38,0.35185185185185186
557,data/eedi_public_download/extracted/data/images/557.jpg,e0880f09f986ad69b37135380a0770319d5f2e5e0366269b68f5a6ead917ca9d,3,73,73,37,0.5068493150684932
558,data/eedi_public_download/extracted/data/images/558.jpg,f6b2b81fb715e34a6698cbf7c084c837b1b24579de5252e5aedcf71b6abeb969,2,90,90,42,0.4666666666666667
559,data/eedi_public_download/extracted/data/images/559.jpg,22daa0e61bd31847578bec005d630090bacbb5e0a0c9c19aa018f1d5b729ae8f,1,2307,2307,843,0.36540962288686607
560,data/eedi_public_download/extracted/data/images/560.jpg,3ea3eae85d51e198137f2abbfb60c45496d964ce70fb181806aa81eef21cd28b,3,1693,1693,514,0.303603071470762
561,data/eedi_public_download/extracted/data/images/561.jpg,da2e5ca45fc1f5f0c0bee3675b8368dd23b275e13a9b28c9b32130416f6b756b,3,615,615,395,0.6422764227642277
562,data/eedi_public_download/extracted/data/images/562.jpg,1b3a46773b8b434148dd0073e657eebaeccc9894c20bcbaa5c291ced0ccfa0db,3,110,110,50,0.45454545454545453
563,data/eedi_public_download/extracted/data/images/563.jpg,3fadccf4bb631fe6b606f9e3428e8374ece36c574cb654ea0d8990826212f8e2,1,1724,1724,908,0.5266821345707656
564,data/eedi_public_download/extracted/data/images/564.jpg,2fc39e79abb9f87623659fe68c81fadbc27ccec1c94d735451178724dc2c49b4,2,1280,1280,779,0.60859375
565,data/eedi_public_download/extracted/data/images/565.jpg,62819201b01273de217e52fefd9e5b0df0eab517b200a2a2a2c4093c0cdc7848,2,1591,1591,712,0.44751728472658703
566,data/eedi_public_download/extracted/data/images/566.jpg,ed25a58b545f46af2f19106bf988adc4e968fa578dbbb1ba6f91ac352af0aaf2,2,2145,2145,1783,0.8312354312354312
567,data/eedi_public_download/extracted/data/images/567.jpg,51b975c39f609886379ebc00e95acc0b3b481e9641703650c56170b0512e067c,1,2195,2195,1727,0.7867881548974943
568,data/eedi_public_download/extracted/data/images/568.jpg,07f8684c9015ed48325dcecdbb91c2e0dcabd215e3459682e0991bfda1ce179c,2,141,141,100,0.7092198581560284
569,data/eedi_public_download/extracted/data/images/569.jpg,1615382b7367cb96d8a1bd78a180ae4dfeaf889ffe39c8adf53af1d7f8ad43e6,1,458,458,213,0.4650655021834061
570,data/eedi_public_download/extracted/data/images/570.jpg,feb6fafdc0babcb481fe1d85456ecdfa926645f54d7e2a2115ab6a193d1aa4cb,1,1496,1496,898,0.6002673796791443
571,data/eedi_public_download/extracted/data/images/571.jpg,601cd5ab3d8fd4fa58b7f49fab38f8835f268591f2c6695856277612f3b0b584,1,1648,1648,940,0.5703883495145631
572,data/eedi_public_download/extracted/data/images/572.jpg,4d712c3354aa153128d9949e0ad5df3479281ea7f7fb5fb50b003e3ede5abdb8,4,1512,1512,600,0.3968253968253968
573,data/eedi_public_download/extracted/data/images/573.jpg,9b64af04a8d7a248269d82a706953f1c3feee0632d3f08aff5ef4a1d47d2c63d,1,634,634,272,0.42902208201892744
574,data/eedi_public_download/extracted/data/images/574.jpg,218b7902b77058bd5689f2555be2a5ebf5d3c3d4f399728867e0001264964538,2,2172,2172,1275,0.5870165745856354
575,data/eedi_public_download/extracted/data/images/575.jpg,c9c958ae3d367d068f63b8f37bc7a7057a90f9608f6501cbae400001dad4ef7d,4,859,859,206,0.239813736903376
576,data/eedi_public_download/extracted/data/images/576.jpg,f8bc0c53a0c2a48934159a957023598ddb6cee7af9ab6129490a0813f711c158,3,900,900,477,0.53
577,data/eedi_public_download/extracted/data/images/577.jpg,85f0593e131c0424ba20c384fc9b36341395c6453770b88f0e4ab377e7f7b19f,3,1682,1682,1165,0.692627824019025
578,data/eedi_public_download/extracted/data/images/578.jpg,c9c370dea35a73e2905a67e88e33b5007b993d94ef8d033efc41d54de0aec0d3,2,90,90,52,0.5777777777777777
579,data/eedi_public_download/extracted/data/images/579.jpg,8bb248cadce66d29cfd76bcf262a753d87f681d60272ec6c05b503a6da5a1bb6,3,2264,2264,1582,0.6987632508833922
580,data/eedi_public_download/extracted/data/images/580.jpg,dada4e0fb48dd025b56a1f14f7acbddcbff3a5f9e3f1a3b4fa083ecd3dca3048,3,137,137,34,0.24817518248175183
581,data/eedi_public_download/extracted/data/images/581.jpg,f513d1419ae364c0da0be1ec3c2ac9e45829b032eeec6b69dc57695ebb37ee0b,3,1503,1503,1160,0.7717897538256819
582,data/eedi_public_download/extracted/data/images/582.jpg,bb20faf17cc860e9619eb362bd42ccfb0424d6cb2716f9113f489bf70c72c130,2,892,892,527,0.5908071748878924
583,data/eedi_public_download/extracted/data/images/583.jpg,d5790726df26dfdb910b455853f23ca3b6a341292b66ef73d9788f8de64074ff,3,2619,2619,1220,0.4658266513936617
584,data/eedi_public_download/extracted/data/images/584.jpg,d8425adbd9e076493eaca2d631d49f3eebe09ff8abaa2c2e287cfb42f88c8554,4,1254,1254,719,0.5733652312599681
585,data/eedi_public_download/extracted/data/images/585.jpg,0cc2ab2b24cf3db5b58e56a40612c3c7cce469a614a06ee650314826a926c8ea,3,2546,2546,1610,0.6323644933228594
586,data/eedi_public_download/extracted/data/images/586.jpg,34b9bcefd5360763b965812b45dd57ffa17104fd8c14ed0cc79bdc18e148ed97,1,1698,1698,419,0.24676089517078917
587,data/eedi_public_download/extracted/data/images/587.jpg,b1f97caf4af680b6ba9b53fc46d0047037b35068be99c4cc556214998ee7c437,1,2611,2611,1143,0.437763309076982
588,data/eedi_public_download/extracted/data/images/588.jpg,11522866442081a60bbc42b8ce2481d341ff22e6bde74331367c4717ff996364,4,1745,1745,534,0.3060171919770774
589,data/eedi_public_download/extracted/data/images/589.jpg,a35e31176be42a7505e95b03ae9bf2f751b167a003463c3f995be28d52a3487c,3,2141,2141,820,0.3829985987856142
590,data/eedi_public_download/extracted/data/images/590.jpg,b74018ef6e5b0c8ce0092187643fa0169e201c746f91df7480e144617a0aefac,2,85,85,43,0.5058823529411764
591,data/eedi_public_download/extracted/data/images/591.jpg,162e281d6260aa5b373305ab30d8f0e6d0bb58b2fc5e54f422743948bce7bc48,3,1204,1204,701,0.5822259136212624
592,data/eedi_public_download/extracted/data/images/592.jpg,92832b7f579fa62406a0893d6953eef5547640f967920b576ae9f67cfedb84f7,3,2642,2642,1552,0.5874337623012869
593,data/eedi_public_download/extracted/data/images/593.jpg,774a653fed6c0f3653f9fea07f0db5ca59419e939157e16d904f46c4cd9a9585,3,80,80,46,0.575
594,data/eedi_public_download/extracted/data/images/594.jpg,b93d110e6a3e7d65bfb25a367b92a396263b255351721d780883416dcaba8c26,2,1493,1493,953,0.6383121232417951
595,data/eedi_public_download/extracted/data/images/595.jpg,3cdadabf779759776ea1b24cffa030a8ea8576c683ba237ad496c0446a702c49,3,554,554,253,0.4566787003610108
596,data/eedi_public_download/extracted/data/images/596.jpg,63d7d62e05f166ccbbb1e961870ab08ed6d17988a332c8858f6c4e2e2de4c059,2,2633,2633,1448,0.5499430307633878
597,data/eedi_public_download/extracted/data/images/597.jpg,e01297ed3559ac537f96e3f4182272b53f8495517a30a5f6b8d8017a4d0e1ea6,1,10,10,5,0.5
598,data/eedi_public_download/extracted/data/images/598.jpg,4a27ad7fc299db73b73b3c43222756922d3165e35f854feea69f05912c74daec,3,189,189,42,0.2222222222222222
599,data/eedi_public_download/extracted/data/images/599.jpg,2c0659124e248551ac786f28ff8f2ac9ba6fee2548fd86af867b0d58c552bc89,3,2874,2874,784,0.27279053583855256
600,data/eedi_public_download/extracted/data/images/600.jpg,2c096a5952d7cc75e762cc0656173df63412cdc80d7b8b3f6963c3ffb60e201e,4,1699,1699,808,0.4755738669805768
601,data/eedi_public_download/extracted/data/images/601.jpg,438badcde5d9cecd44ef99cb3cd52d36b59c5444704bd167edafc8ae8e783482,1,2400,2400,1551,0.64625
602,data/eedi_public_download/extracted/data/images/602.jpg,bfdeb1b2a913074a96ef7dff0b3bc5d5452d1207b581eb2af09876dd8f4ca5ce,3,167,167,76,0.4550898203592814
603,data/eedi_public_download/extracted/data/images/603.jpg,5e55307804a73bf7eca45937cb334a5d716d23fbd26ebdfb25e3cc344e4a6594,4,4,4,1,0.25
604,data/eedi_public_download/extracted/data/images/604.jpg,466e394e9a6bd47c0bd8609c54b3b6180865d0a2e08015fe14e8302d6018b709,3,1155,1155,535,0.46320346320346323
605,data/eedi_public_download/extracted/data/images/605.jpg,c392cf081ed3dff0c64fdfbe446120e654570d1ac8f0b41b8e3e6700cee1c7fb,2,2581,2581,700,0.2712127082526153
606,data/eedi_public_download/extracted/data/images/606.jpg,4fe9a596fb36d82524b33178e96afb9e699f2abe6e635dbbb130694ec59884cd,1,4,4,2,0.5
607,data/eedi_public_download/extracted/data/images/607.jpg,1a2ebee24f8264f6b75ddd0d01eb2fec87a6368a0ce87fe93827e3f79d61d34c,2,181,181,106,0.585635359116022
608,data/eedi_public_download/extracted/data/images/608.jpg,31c18ae91891ad6486cb8394171b25eae2970fc215f0f68e5675e7945270262a,4,4,4,3,0.75
609,data/eedi_public_download/extracted/data/images/609.jpg,080c4734499eff145fa795ec428018567a72dbdf3a4be3228257c33838bde231,1,1595,1595,722,0.4526645768025078
610,data/eedi_public_download/extracted/data/images/610.jpg,9f5fcf1665aef6b8610966568fa51c187fbea2012450e0917647e6414731ae05,2,2572,2572,1599,0.6216951788491446
611,data/eedi_public_download/extracted/data/images/611.jpg,cd1d4b76ec6801842a4860465ff8dca4e508351c92c882550c8006321fa626b9,2,2280,2280,671,0.2942982456140351
612,data/eedi_public_download/extracted/data/images/612.jpg,c048d4ab8c0364d546028a6151308e3355e0a05f0e9cdabce309c60a9ba08092,4,1711,1711,1246,0.72822910578609
613,data/eedi_public_download/extracted/data/images/613.jpg,836f3f1679aaf05f568aacbc3bd83edf4201565f4a094c572a4fc08f6bf2724f,3,192,192,63,0.328125
614,data/eedi_public_download/extracted/data/images/614.jpg,12feb3929daaa9057d1246fa72bd13702b891ed73f2c9c067f109bf32de64115,1,2615,2615,1650,0.6309751434034416
615,data/eedi_public_download/extracted/data/images/615.jpg,63cdb2bf6aa16d3a15796f3256615d6ee7ccdf5d64f1c51a2d88738e61051093,2,2291,2291,1331,0.5809690091663029
616,data/eedi_public_download/extracted/data/images/616.jpg,55117025f67f9ae3d85d2446fd07e8303aca792863f6be240985b7e5ad142337,3,2830,2830,1966,0.6946996466431096
617,data/eedi_public_download/extracted/data/images/617.jpg,2db880d286d65f52a50ae796166a2916f5a5239903694ad57fa3a0cace607dce,2,2197,2197,1029,0.46836595357305416
618,data/eedi_public_download/extracted/data/images/618.jpg,92764de1b28f4028f2590a3eff5a1adf823ffa39368e462033c2c68d7d35d0a4,2,322,322,105,0.32608695652173914
619,data/eedi_public_download/extracted/data/images/619.jpg,ccc446c4da6e7ee3ac1abc5a62a772b0c23f44ee434ae49d3dfa63f6ad61e543,1,167,167,53,0.31736526946107785
620,data/eedi_public_download/extracted/data/images/620.jpg,64851b327aac27cc2b7d00209d083f7567ae32d2118fb4a42225208e046470b5,2,846,846,358,0.4231678486997636
621,data/eedi_public_download/extracted/data/images/621.jpg,3d950d8d40ca8a8b67d2eab8deecda749b464a1805a041097bbd540a0724f591,3,75,75,42,0.56
622,data/eedi_public_download/extracted/data/images/622.jpg,a33ce3c445fe7b7257f7f53d8833319c08cfcaeb976f08325d566df9e3392acf,3,1914,1914,1235,0.6452455590386625
623,data/eedi_public_download/extracted/data/images/623.jpg,7e3bcf83ffa491076bcdddc93113df513a69227a1681c2e42103d1266fdc161e,3,2578,2578,862,0.3343677269200931
624,data/eedi_public_download/extracted/data/images/624.jpg,26573a1d26b20329d955b0ec47d1fb277f4e2fce6ef6a5ca4a24546476531de9,2,2291,2291,824,0.35966826713225664
625,data/eedi_public_download/extracted/data/images/625.jpg,b4783ca66a63cda0c9a071c781887fc2053ea525a69f7ae08d84105803e1d2ef,1,2918,2918,1771,0.6069225496915696
626,data/eedi_public_download/extracted/data/images/626.jpg,0b80559a29e80fce9c051dfff5c10050415e6201987fbd3ece3f2b68a1fd5cb2,2,2552,2552,1352,0.5297805642633229
627,data/eedi_public_download/extracted/data/images/627.jpg,16d76aec294c92fa458098a1a65d0eb3201fc6004fec6ed09394b2e3545234ce,3,2236,2236,960,0.4293381037567084
628,data/eedi_public_download/extracted/data/images/628.jpg,a2b3436dfb068fcc2617d65b5dcdec695a9b5d18334f88d7a1798f03492f6d5f,2,2175,2175,737,0.3388505747126437
629,data/eedi_public_download/extracted/data/images/629.jpg,8562db1b55e1127c909323755acbb9a9ae1e44578d9d186069b3d06f78e5635f,3,2342,2342,1827,0.7801024765157984
630,data/eedi_public_download/extracted/data/images/630.jpg,98564744ba8f17f459a1e23ac2b876e5e1a5b75ceca953fe8a34d1aaa3ced4a4,3,7,7,5,0.7142857142857143
631,data/eedi_public_download/extracted/data/images/631.jpg,59f943c7a9089102f57aef68884fa7d37c2803e23ddf9cbe7155e482c574adf3,2,623,623,297,0.4767255216693419
632,data/eedi_public_download/extracted/data/images/632.jpg,dafd7881d74a11f63e7294ace532819461ccaf9c180c219724339c5f3db50949,3,137,137,53,0.38686131386861317
633,data/eedi_public_download/extracted/data/images/633.jpg,16941495e2666f7b04e5cd91e33960f0b452d8c52a45fc14d84dc841b80f2d31,2,180,180,86,0.4777777777777778
634,data/eedi_public_download/extracted/data/images/634.jpg,555be9f87008a5e147601e05982f72875a37951dc21492f03f0cd4fd3e78d353,3,2842,2842,2361,0.830752990851513
635,data/eedi_public_download/extracted/data/images/635.jpg,de76990df252e9183cad92bf166c4796cb1dd20c7526c48a2e40406c24a6b61b,4,2705,2705,1629,0.6022181146025878
636,data/eedi_public_download/extracted/data/images/636.jpg,dc695f33c161fdcfc95a58fed3faf209e033792b6905dcd93284e686e92f53d5,4,1713,1713,1280,0.7472270869819031
637,data/eedi_public_download/extracted/data/images/637.jpg,3c6641bf899a5d3088f12de49bcf21bc1c8c5ba432d86bae2e15e0872d039571,2,2650,2650,1803,0.680377358490566
638,data/eedi_public_download/extracted/data/images/638.jpg,d1918319251d255451078cc6471908cc3c0b2731a639d05f223d2e96759419e4,4,2677,2677,1305,0.4874859917818454
639,data/eedi_public_download/extracted/data/images/639.jpg,50988ac03ff1ded223ed237c087c9dde86967a5563ac9973da955896b82255e1,1,2879,2879,1767,0.6137547759638764
640,data/eedi_public_download/extracted/data/images/640.jpg,57023bf6a2c55ed8415c4fb8b96391ec67e6dda08c50bfa910398943c762c9ad,1,2345,2345,905,0.3859275053304904
641,data/eedi_public_download/extracted/data/images/641.jpg,def5c1a5dbbd51b3421ce0515b89e6ea96214e00c01a9f7f4d3401a7e365a60c,3,1575,1575,492,0.31238095238095237
642,data/eedi_public_download/extracted/data/images/642.jpg,3a5fdd7bee3e63e56a46285d83657a23322fca068314475412061fd8061b2a79,2,2861,2861,1479,0.5169521146452289
643,data/eedi_public_download/extracted/data/images/643.jpg,0919e8c3c2511e3a4785e8457a1d3a5771334611765f8e23aefa55cf9528a2e2,3,865,865,591,0.6832369942196532
644,data/eedi_public_download/extracted/data/images/644.jpg,fa9ec18156da403c6382cca336c0ce33cfbbe7641f6527e7012be72b22bb1eed,2,2385,2385,1514,0.6348008385744235
645,data/eedi_public_download/extracted/data/images/645.jpg,cc57d1180e350080d81b590ba5dd14424382cad3bcaaa9eac92861557ce6c802,2,2313,2313,1547,0.6688283614353653
646,data/eedi_public_download/extracted/data/images/646.jpg,fa787e7017344871de9cb251eb83f184c99180dd50a609db9b6a77029bbf8ebf,2,2616,2616,1749,0.6685779816513762
647,data/eedi_public_download/extracted/data/images/647.jpg,b1290edf7db82aae9c6a4e8e34bf7c13844336e8ade25ae93082a39fb31c097e,4,467,467,153,0.32762312633832974
648,data/eedi_public_download/extracted/data/images/648.jpg,24f4adaeab66e024f69846b4f7631bc101da124b6170e4f77b8694d2d3f2ce40,3,78,78,37,0.47435897435897434
649,data/eedi_public_download/extracted/data/images/649.jpg,b18589611fd8237e68dee78a590e6083549b120fe0350561069e0233b4585fb0,3,136,136,66,0.4852941176470588
650,data/eedi_public_download/extracted/data/images/650.jpg,7e96cb5ec216bd851ceb448997a8d719ad6dabcbaa84b0dc685de5eee24e4797,4,2630,2630,1426,0.5422053231939163
651,data/eedi_public_download/extracted/data/images/651.jpg,b863037688fb9d3210212ce5da22e3e5cfa32c24542f7dc6a1614a798717ef9b,2,82,82,48,0.5853658536585366
652,data/eedi_public_download/extracted/data/images/652.jpg,21d0c1bc8f2ce8c26c084c12a77772387425a0072d10c74ab06e072099237dd5,1,603,603,427,0.7081260364842454
653,data/eedi_public_download/extracted/data/images/653.jpg,e9f8965a222ade8940d2d6456aed378d91da00ae4404370f99c463651a77fa1e,4,2164,2164,1366,0.6312384473197782
654,data/eedi_public_download/extracted/data/images/654.jpg,0dd359900fd7450c7a753923273b319db20b414fad8d521dda7e44cf93bfb7f1,2,320,320,218,0.68125
655,data/eedi_public_download/extracted/data/images/655.jpg,45d405422167d0d6d3cf29940d05023061815657e13862734a647fae1caecb29,3,2375,2375,1386,0.5835789473684211
656,data/eedi_public_download/extracted/data/images/656.jpg,0e70271beed1ea8d14cac4e672a34dfc34a8b32ac954b8df227bb6ffa14285d8,1,1744,1744,1178,0.6754587155963303
657,data/eedi_public_download/extracted/data/images/657.jpg,b498c90dc938cc2352303cc8b7ceb4647a454b2209d26f03b6c1feb04610db7c,3,1705,1705,1136,0.6662756598240469
658,data/eedi_public_download/extracted/data/images/658.jpg,9b7d22ea902954c925f99139701e123969c87895099bd0aee654ff646b6b84bf,1,2477,2477,1223,0.4937424303593056
659,data/eedi_public_download/extracted/data/images/659.jpg,c19581da4cc81326f32970624007e65aa66f899920b981e32e73b22970f52ea3,3,2422,2422,1596,0.6589595375722543
660,data/eedi_public_download/extracted/data/images/660.jpg,a900ee7339d7ad33520bd42c61f4a73d3788baf67a6cb9b58d212152abe5def8,4,6,6,6,1.0
661,data/eedi_public_download/extracted/data/images/661.jpg,877aaa95a4d0f0c9136a3d23ac3ad288352bd4592723b6e35e7acfad6281b33c,2,1674,1674,410,0.24492234169653523
662,data/eedi_public_download/extracted/data/images/662.jpg,e9a69f98eeee61be94d0b7ebecf8eed37dc8c72974ea3050618c6cd0581eb44a,1,1431,1431,680,0.4751921733053808
663,data/eedi_public_download/extracted/data/images/663.jpg,d4608398500eea9d1647ab5ca9bbd7c0b7fe90ee74bdff1f6fa13897a5c8fe86,2,167,167,48,0.2874251497005988
664,data/eedi_public_download/extracted/data/images/664.jpg,7a76934a38f840bcb665524888ea029ce38b540c64cd9e888d4f0dc10c92f1e5,3,2621,2621,1171,0.4467760396795116
665,data/eedi_public_download/extracted/data/images/665.jpg,3a1b67c73bef699464c2eb890a7e72206cfef318cd764a76602280bf0635bd01,4,230,230,125,0.5434782608695652
666,data/eedi_public_download/extracted/data/images/666.jpg,bc642fef86891a7ef88f46c7d4ed9077d461265fd12d1648087b3b85602865e2,1,78,78,44,0.5641025641025641
667,data/eedi_public_download/extracted/data/images/667.jpg,39c7a032038319843f03478a8ac2a9148e9b48cc16c0c9d86c3ae7c88b13c846,1,1622,1622,639,0.39395807644882863
668,data/eedi_public_download/extracted/data/images/668.jpg,e7637b781e190eaf4f9fbaab00be4d782752510363f5d0ab59026c93a4abf865,3,2934,2934,2113,0.7201772324471711
669,data/eedi_public_download/extracted/data/images/669.jpg,a5670b2860ab415aa521f501a756e8f0b6a15722b95fb1afd739718d43e01ce1,4,2192,2192,996,0.4543795620437956
670,data/eedi_public_download/extracted/data/images/670.jpg,5f4e7586fe23c125da65464df59e52be5f7c39556b6ed0e2f519a7541a6c0053,3,2825,2825,964,0.34123893805309735
671,data/eedi_public_download/extracted/data/images/671.jpg,7687e342b0b6af861139ff0da9afcbce9e84194950e84d50134430a0fba47c78,4,112,112,47,0.41964285714285715
672,data/eedi_public_download/extracted/data/images/672.jpg,058c027a1f466e53472df084324c9c29f2be0a0e60314ea53b093182b7ba9c02,1,1727,1727,1398,0.8094962362478286
673,data/eedi_public_download/extracted/data/images/673.jpg,7a1a906cd53b61f6b012ec9be78c24c4f31738439360be6d89c85e79ef9ed4a7,2,2348,2348,1822,0.7759795570698467
674,data/eedi_public_download/extracted/data/images/674.jpg,0c18bfbdeaf7941a7222bda925b027f9282f1cfa7134bd8ae16d9975e5f832f7,2,2107,2107,792,0.375889890840057
675,data/eedi_public_download/extracted/data/images/675.jpg,681156132ccf6b1e259c54d14f3f16d0df6528a02c1d8e43a49f812095390b79,2,2577,2577,1260,0.4889406286379511
676,data/eedi_public_download/extracted/data/images/676.jpg,3528cf3e771b8842eee20c5f737663abfabe144570bb9df66fdccccf70938b20,1,2878,2878,1661,0.5771369006254343
677,data/eedi_public_download/extracted/data/images/677.jpg,9b6f06ea3043ce69085a9fc97183a7f44eb128602b1429fd9ed0531914ac9a1c,4,1805,1805,752,0.4166204986149584
678,data/eedi_public_download/extracted/data/images/678.jpg,fee113465485a5bb75a4a326517b913a921674a086785fb607843f7b15185ce7,4,2621,2621,1156,0.44105303319343764
679,data/eedi_public_download/extracted/data/images/679.jpg,4f75b26f6c02cbb9e96c1a6c9005259a72d8474674ec4b31a0acbf77581e708c,3,1546,1546,1326,0.8576972833117723
680,data/eedi_public_download/extracted/data/images/680.jpg,2ad7478004cc8ae674c3967d3799b890901badb77da6ced8ead93cc8a9e60ed7,2,11,11,4,0.36363636363636365
681,data/eedi_public_download/extracted/data/images/681.jpg,21ca4badb9e6e77900573c1f57e631a1689955dabfc38a139bb5760cf05fb90c,3,623,623,302,0.48475120385232745
682,data/eedi_public_download/extracted/data/images/682.jpg,cc494dfbfc1eb722e433297eeb67f11b6c15bafbde3270e1a60df5ee8d5ba71a,3,1737,1737,1150,0.6620610247553252
683,data/eedi_public_download/extracted/data/images/683.jpg,589a87eef0f4fb928ad7cf8a6f0e20d9fbd8be46931eac20565041dfa89a1f82,1,2107,2107,1533,0.7275747508305648
684,data/eedi_public_download/extracted/data/images/684.jpg,d60965c0678c16a8885377a14ed02264c2cb36b8683f4fd1df3664feab4924ac,1,1567,1567,477,0.3044033184428845
685,data/eedi_public_download/extracted/data/images/685.jpg,d08b382c939a60babe0222c6298474023e839ddc46cf64830b69f1188ea48e31,1,1536,1536,926,0.6028645833333334
686,data/eedi_public_download/extracted/data/images/686.jpg,d3e7fffdffc07a80d23bec0aed53799d7a89f2a4643e6bc3b9e4405b9cefec59,2,2146,2146,1173,0.5465983224603914
687,data/eedi_public_download/extracted/data/images/687.jpg,ab77245749487e6ea039dda929d362619a5c39af81594ac7bf6a158df6efaa09,4,1716,1716,1011,0.5891608391608392
688,data/eedi_public_download/extracted/data/images/688.jpg,df8664fa2b8e783a438dba2de55be6dadcdf8bb502116f674345f2ab2209cd86,3,1727,1727,1298,0.7515923566878981
689,data/eedi_public_download/extracted/data/images/689.jpg,45c29f7e7d8ab8b6c5f8ada62b2b2735fab81e75bdf0314b0f48cf88896d8777,3,324,324,196,0.6049382716049383
690,data/eedi_public_download/extracted/data/images/690.jpg,f30abe5ec70da510e83a9f6235ce728a3c1c5fc25e2b544968498427914ac64d,1,1706,1706,1370,0.8030480656506448
691,data/eedi_public_download/extracted/data/images/691.jpg,a5e9bcfde603df8a3488a0a7d8b5f4d2b07dc5eb6dc700a6459b3656089100a1,3,2184,2184,1432,0.6556776556776557
692,data/eedi_public_download/extracted/data/images/692.jpg,2f5f76f236714c7522237028228986768db9f23d09cbf72f63749f4415a5abfa,2,73,73,38,0.5205479452054794
693,data/eedi_public_download/extracted/data/images/693.jpg,3332cfa05cccc446289e3f0007c058267bc5d1a313205baab1d8044ad2aa2111,2,115,115,49,0.4260869565217391
694,data/eedi_public_download/extracted/data/images/694.jpg,2ea907a666776906609c06fbbd4fb0f7a6ffafab06d9778f003eb63e72f08857,3,85,85,28,0.32941176470588235
695,data/eedi_public_download/extracted/data/images/695.jpg,c36c78cf919830e4ae890f01f14f4fa418e7ce80b1c5341ccecf2b62b9b1edab,1,1649,1649,943,0.5718617343844754
696,data/eedi_public_download/extracted/data/images/696.jpg,2210c28104f489ff05d56af7bbccdd4bad0b60f8c37c8fe21d4a09e2e77d733e,1,2557,2557,1368,0.5350019554165037
697,data/eedi_public_download/extracted/data/images/697.jpg,88ead9b3aafd337e71567072536f3960d5b0c7be6db798a25c4126ef45454a51,2,571,571,344,0.6024518388791593
698,data/eedi_public_download/extracted/data/images/698.jpg,7c04fcea66537c6b10f15e47db68a5977c5de46e3a8683c9bb9be9fa991563fb,2,68,68,20,0.29411764705882354
699,data/eedi_public_download/extracted/data/images/699.jpg,33dbce80c73897dc0f736aacec4aba206230f8adf75e6da484517b54cc79e61e,1,78,78,24,0.3076923076923077
700,data/eedi_public_download/extracted/data/images/700.jpg,b5c09d25ac64f57a9e5f7a8f9b9eeeee8a90d6b893667db4dfd7566a59a0340a,3,1689,1689,1282,0.7590290112492599
701,data/eedi_public_download/extracted/data/images/701.jpg,f7d0d262289bbcbd82e1d81f9e1f13fc8a406d2a21ac09d945454929a81012dd,3,1255,1255,522,0.4159362549800797
702,data/eedi_public_download/extracted/data/images/702.jpg,90b4a761c22878c719c4df9f9448a7cde690031e0816fff079b906d7addf1711,4,166,166,54,0.3253012048192771
703,data/eedi_public_download/extracted/data/images/703.jpg,5a19e1438a652da60fefac47a83413bc134510b8fb5ab7ab7a3375afc2880729,4,78,78,26,0.3333333333333333
704,data/eedi_public_download/extracted/data/images/704.jpg,60f6e07589c543c1c769bc2f8f54e2f08ae1ca0ae3aaac2f70c0a0b6e4301e57,2,1723,1723,995,0.5774811375507836
705,data/eedi_public_download/extracted/data/images/705.jpg,10327664b5828b765a8c113e05d42f812057a02ade693be6b56c566d7bcd3778,1,860,860,434,0.5046511627906977
706,data/eedi_public_download/extracted/data/images/706.jpg,eec0601d8b6f9bc1872d4b3e88d93951a280b036f36f440cd2f2f88ba70700b6,1,1490,1490,833,0.5590604026845638
707,data/eedi_public_download/extracted/data/images/707.jpg,c6930b1993169d7609335f5f06275dee8304bb6eba494ba1363cf0f2751ea7a4,2,2270,2270,1377,0.6066079295154185
708,data/eedi_public_download/extracted/data/images/708.jpg,744e724002c243074e22ff9e1e5c1269742783688c4f745b08763e6a5fcd4771,2,84,84,28,0.3333333333333333
709,data/eedi_public_download/extracted/data/images/709.jpg,253f5d1d917dc1f0cbcbf0c6a0d8b9ba6b958ce26d3979de8eed5ebdf1c8f301,1,2135,2135,635,0.297423887587822
710,data/eedi_public_download/extracted/data/images/710.jpg,f7d3fb42d0ee43b38ae0bcbaecd72a0a36b7a4ee8c2ac341d5b2050cf4275c77,4,2171,2171,1605,0.7392906494702902
711,data/eedi_public_download/extracted/data/images/711.jpg,6654935fe78405ece9e11566544144ff3e1d12b6f5877f4170c2dc8ddfd7776b,1,1593,1593,479,0.30069052102950405
712,data/eedi_public_download/extracted/data/images/712.jpg,1c168cf70479e163974ec268c7e6fb3e8e3bf68ab1e9075c2c4614779a5d3052,2,1243,1243,665,0.5349959774738536
713,data/eedi_public_download/extracted/data/images/713.jpg,cd4af3c88d2533b9ef849523d11506090473cf2b1db3129d515f49d92592c401,2,458,458,308,0.6724890829694323
714,data/eedi_public_download/extracted/data/images/714.jpg,528f4274c91cd83ed34284eae5de49f47aac6520161ac325e89eda3ece598206,1,2318,2318,1401,0.6044003451251079
715,data/eedi_public_download/extracted/data/images/715.jpg,90e9854ef3b0f13e73b7772d89ed0803c19077f05d0b3ee76d496ffd8f714968,2,11,11,6,0.5454545454545454
716,data/eedi_public_download/extracted/data/images/716.jpg,cc5fa9e304d1c93bf07093cf81204a69c212e44312d96c1cbc5cdb4e791e154f,1,1488,1488,790,0.5309139784946236
717,data/eedi_public_download/extracted/data/images/717.jpg,24ca0b0a016a80afb58dc33fe3e3fc4b459172bb701f447b355b87f14be1eeeb,2,1723,1723,1005,0.583284968078932
718,data/eedi_public_download/extracted/data/images/718.jpg,b8ce30b3737204c448a182fbe7131a9afe8b76635ec1fd3cd651fe5841b63b67,4,658,658,121,0.1838905775075988
719,data/eedi_public_download/extracted/data/images/719.jpg,c7933a4a53eaabef202d720f8c271d4067f4997892cfa15229d9898628d281d1,2,104,104,39,0.375
720,data/eedi_public_download/extracted/data/images/720.jpg,8999bc0e0de4cb8fd03786f0ee93ded6ee3a9d3f9c4d5b4285a4d66b47a71773,4,588,588,252,0.42857142857142855
721,data/eedi_public_download/extracted/data/images/721.jpg,677be71f03dba06b2b51ca6d71b0e9696777cd3e354d14dc01f1a96fff606563,2,1679,1679,1015,0.604526503871352
722,data/eedi_public_download/extracted/data/images/722.jpg,7c27dbd1e831de281fa1ef12a20e5158944c8910db0fe109952442719840ecdb,3,6,6,3,0.5
723,data/eedi_public_download/extracted/data/images/723.jpg,b9689ede5b9203d0d6744a22bc7203a564561000897a3beb094e44aa6d730589,2,627,627,396,0.631578947368421
724,data/eedi_public_download/extracted/data/images/724.jpg,2001232ea2baefdea317ca6a3d093987ca219d4309ce53c4d4c398de3152fa10,3,70,70,33,0.4714285714285714
725,data/eedi_public_download/extracted/data/images/725.jpg,89e9e82192c0bd5fc75526e11cfd924da0f8b20631d5738c7e606fde790705f8,3,1002,1002,390,0.38922155688622756
726,data/eedi_public_download/extracted/data/images/726.jpg,19b9dc7d36690fb7a37f4da5257c3e483372b6ed9170cf8ac50938cd2c971b27,3,317,317,88,0.277602523659306
727,data/eedi_public_download/extracted/data/images/727.jpg,5bf11a5027e372ec6cc5e9f73dcf0c730c2a5ce54d3af0d315a8bd3747028892,2,2911,2911,2200,0.7557540364136036
728,data/eedi_public_download/extracted/data/images/728.jpg,f305d75530e59c98731337fe9b0b357456a8b4a47a05c83fa3b85aeec429a55e,2,97,97,56,0.5773195876288659
729,data/eedi_public_download/extracted/data/images/729.jpg,4337e0cbfdd37cf3a4d346a0b0e60bf1ce75e53c7866c10335722029b0aa46c5,4,2122,2122,530,0.24976437323279924
730,data/eedi_public_download/extracted/data/images/730.jpg,c00c025372bf7939be911d11a067f92e08bb12826589dd8f46421d3bea350f85,2,4,4,3,0.75
731,data/eedi_public_download/extracted/data/images/731.jpg,1c26f4c8e914c4eeb8786000d1c55613dd9d89cd0287abcdeec1bf00338d754e,3,1688,1688,1291,0.7648104265402843
732,data/eedi_public_download/extracted/data/images/732.jpg,299c7516e575f12a9241a8ed37254b7b7aa5d1cbc8f388291a780388d648fe2e,3,2345,2345,1009,0.4302771855010661
733,data/eedi_public_download/extracted/data/images/733.jpg,ec52fd7f9207c8f2f796075be5104d31375235d6c61ef7901f4965b431d0a1d6,3,85,85,72,0.8470588235294118
734,data/eedi_public_download/extracted/data/images/734.jpg,5c20970eda0429e1157c7b0bc0f99a8f6c86faa37c7aa61b39b845aad326f18c,4,1469,1469,411,0.27978216473791695
735,data/eedi_public_download/extracted/data/images/735.jpg,e6d6093f1827ccccd7c0f45b855c19a7a8ae8b35cb9a5c341b242c9551c9e680,3,2290,2290,1317,0.5751091703056769
736,data/eedi_public_download/extracted/data/images/736.jpg,1490135afd4dfb30c7224f1baf6728ae5657f6e9160fc7edb425ccd658376121,4,2876,2876,1448,0.5034770514603616
737,data/eedi_public_download/extracted/data/images/737.jpg,aeb835a70ad8089f551722d12a26cdb4be008b33cb8260a3f5438be46dd46588,3,1317,1317,674,0.5117691723614275
738,data/eedi_public_download/extracted/data/images/738.jpg,33e7ac2c3dde502c54269b2fe6c9532fc1bea6e17896f12eebf5bae1d76fbc8f,3,2634,2634,1552,0.5892179195140471
739,data/eedi_public_download/extracted/data/images/739.jpg,3433d26f708c19498fc0e1527714b9550ad617ae7028a347f53abf6130608f00,2,174,174,110,0.632183908045977
740,data/eedi_public_download/extracted/data/images/740.jpg,a9be97b9faa2ce7adcb2ac51659d7686be3ef42e1764f218e6b31aaba0114cc6,1,2469,2469,1271,0.5147833130822195
741,data/eedi_public_download/extracted/data/images/741.jpg,8fd6aaebd9cbb44507d15cb49aa5e866ae49051b45be9a738a590fb58577a92d,2,637,637,453,0.7111459968602826
742,data/eedi_public_download/extracted/data/images/742.jpg,e62af97c9b2fc0156b676f2a46ce8a9d41740ce532d3c242273eb03c7223017c,3,2562,2562,2041,0.7966432474629196
743,data/eedi_public_download/extracted/data/images/743.jpg,8a4d253504dc3f8b0368c3b98afb9f5e2f5ca8ecdaaf547ab784af5c48ec4e9b,1,174,174,46,0.26436781609195403
744,data/eedi_public_download/extracted/data/images/744.jpg,85ee56c0728da2b70110ff636f4662d7f3913c968d5eb80528c7de2120ff62fe,1,2170,2170,1198,0.552073732718894
745,data/eedi_public_download/extracted/data/images/745.jpg,5c66072b1bea5022904c2c359e2a5ee1e059f1d252f05268eea5e71b187ee71f,2,2602,2602,1038,0.398923904688701
746,data/eedi_public_download/extracted/data/images/746.jpg,8f44f01fd5043d14221e0d0b50848e87e7e176dbc195731236dc05db3337985e,3,655,655,257,0.39236641221374047
747,data/eedi_public_download/extracted/data/images/747.jpg,d7b1e07bac15b368e4e577cfc81b6562ca7c3c893f76776b8aa68ad56244d010,4,226,226,134,0.5929203539823009
748,data/eedi_public_download/extracted/data/images/748.jpg,8077e509e7c0e3c971a20538f6da49baa42f0c9728901a3b0f55daddfda688b2,1,1904,1904,783,0.4112394957983193
749,data/eedi_public_download/extracted/data/images/749.jpg,038e088a4f5d2e7c1f915259c6fe055ae43864e1aea352e9b1d0881f36ed14a1,1,2674,2674,1158,0.4330590875093493
750,data/eedi_public_download/extracted/data/images/750.jpg,75f07c7574f81f1ce37ecd80999cb4d60572581105d6ef1ce6e531ef14f47c35,2,1689,1689,892,0.5281231497927767
751,data/eedi_public_download/extracted/data/images/751.jpg,2a275ac2202f3de2a04249d7adfbc5dad52c6b27a80bde479a4fffe8f2d128e0,1,2380,2380,1724,0.7243697478991596
752,data/eedi_public_download/extracted/data/images/752.jpg,0b1951380889dcd99013f9c7a54ac704f6d3542f214d6a52201bc4e08b0f0065,3,104,104,24,0.23076923076923078
753,data/eedi_public_download/extracted/data/images/753.jpg,e25911e238a7679a261e5f59f34445644de74a71e69bc5930d8ff7e1c26fc2ac,3,2281,2281,1639,0.718544498027181
754,data/eedi_public_download/extracted/data/images/754.jpg,479697b0870b1a87fe72adcb25048f61825dda586c6a473c2c8e471870ec77c9,3,2653,2653,1324,0.49905767056162836
755,data/eedi_public_download/extracted/data/images/755.jpg,f09f94fd076e023ddffd7f9426a54c1387ee339ac77f9e2834e35cf849d41ad7,4,2178,2178,971,0.445821854912764
756,data/eedi_public_download/extracted/data/images/756.jpg,7c77f1106fcaf4456cf86c13d263c476d5a5591acc4d2699ea4d6ffff0bf7778,1,657,657,398,0.6057838660578386
757,data/eedi_public_download/extracted/data/images/757.jpg,8c6a687f9aeaa78d8b1287e90883f42e443c1c05026e81947ea27de0d4a346f5,4,4,4,1,0.25
758,data/eedi_public_download/extracted/data/images/758.jpg,72672cfe13c54364ee482bedab8ee6b01f02af77ffe88760ce11f747710daf51,1,2807,2807,1788,0.6369789811186319
759,data/eedi_public_download/extracted/data/images/759.jpg,498b75236ece12b9070143c2e5ac1ef4ed4250384a2f438366f502de29680618,1,138,138,51,0.3695652173913043
760,data/eedi_public_download/extracted/data/images/760.jpg,7954ab7fa0463ca1495874e8cf19755d7ba68c54b82340b8f3620a7a3875046c,1,6,6,4,0.6666666666666666
761,data/eedi_public_download/extracted/data/images/761.jpg,67b7c50a14dc7bd11e7ef3bb06fba874fb00bc129b6664f1497fe8215b16878b,2,2882,2882,1166,0.40458015267175573
762,data/eedi_public_download/extracted/data/images/762.jpg,ce64428e50696be9a535b3838107eb22dec63446fd822e43ca8f0c29691a9408,3,1884,1884,540,0.28662420382165604
763,data/eedi_public_download/extracted/data/images/763.jpg,18ce0fbd3cdd963651af01d173c726651b21723bd3a5beca6e1262711da9f2eb,3,104,104,55,0.5288461538461539
764,data/eedi_public_download/extracted/data/images/764.jpg,c8e87ad42820f2612f9a684793c6332820eff2352b9fa9e18c11b871bd66a4c1,4,2941,2941,1918,0.6521591295477729
765,data/eedi_public_download/extracted/data/images/765.jpg,fd1e9195302bc5a5c79290266efc21c482a1a4b35cceaec63538d3709f4bb8cc,1,84,84,42,0.5
766,data/eedi_public_download/extracted/data/images/766.jpg,47355ab1c7fcd9e79a31e7268c72b56a1035c2fa52dceceb3e8091ef2d6f211b,2,1701,1701,694,0.4079952968841858
767,data/eedi_public_download/extracted/data/images/767.jpg,6d53d463a9f17c7f9ca9456232a031a866535e0e08524a62ee29994c637d489d,3,2367,2367,1224,0.5171102661596958
768,data/eedi_public_download/extracted/data/images/768.jpg,bf2e5d63bdadfb6f9cd74a7fc13a08905fa8e3d15cc36d83fe702a5291a9a910,4,2636,2636,1590,0.6031866464339909
769,data/eedi_public_download/extracted/data/images/769.jpg,2b0ea171f140c998fc0c72d5a276074497074d333572c713fd9e3cdca3d88e6a,1,2567,2567,952,0.3708609271523179
770,data/eedi_public_download/extracted/data/images/770.jpg,a21ff936d04f26d575b00123599c1941311703e541eb463f07c404446629e19d,1,1726,1726,866,0.5017381228273464
771,data/eedi_public_download/extracted/data/images/771.jpg,78f368d3bf4e7440a0682bf9313369220dd5c5162c471b906f4c89ed124c7799,3,72,72,22,0.3055555555555556
772,data/eedi_public_download/extracted/data/images/772.jpg,6c77539e8a5450b9a7587011b86aafb3acd5265d7471ae9b71ff387df9d20a0b,3,2204,2204,1632,0.7404718693284936
773,data/eedi_public_download/extracted/data/images/773.jpg,01449e8760d070aa8f1c7e186bcf24173bd631547020f7292008077c7d61d33d,3,89,89,46,0.5168539325842697
774,data/eedi_public_download/extracted/data/images/774.jpg,98f1bd2f3567c763669b4bf7ddc4938813f8016932dbddca172e1ed3744a36ed,3,81,81,28,0.345679012345679
775,data/eedi_public_download/extracted/data/images/775.jpg,51bcc3710365e05d054fee2041d722b8a5bbbe2576d405bbeca510310c9e7b97,1,80,80,26,0.325
776,data/eedi_public_download/extracted/data/images/776.jpg,9acb3f6d437768cd5ce3774d1b01d90c597e2f38dd3341e76a07e7f5be96cb45,1,1615,1615,794,0.491640866873065
777,data/eedi_public_download/extracted/data/images/777.jpg,c077454691fbf7afc4a29b00f107e95cfd6c28213381bd629c595e838872071b,3,622,622,183,0.2942122186495177
778,data/eedi_public_download/extracted/data/images/778.jpg,f697018d239c7b1d22643d50d33451932199c0f6dff981ac16957290648c19c0,2,861,861,575,0.667828106852497
779,data/eedi_public_download/extracted/data/images/779.jpg,00e15b3432a3b298933c14d444d4391d8973d01b84ffc43f65fc4279021f1b1a,1,337,337,217,0.6439169139465876
780,data/eedi_public_download/extracted/data/images/780.jpg,f3b0daf76061dbcd9bbc041628579a8ad12c954490172c90fe739944a0bd49ac,3,317,317,125,0.3943217665615142
781,data/eedi_public_download/extracted/data/images/781.jpg,ea4f105afcb629fe131d7c2a7143d232160552d8eecd340f7c66b5e809f759b5,4,2597,2597,1543,0.5941470927993839
782,data/eedi_public_download/extracted/data/images/782.jpg,2d3317e56d12927fc1b41eef38bee724d30ec94742ef7d46faa78622ac486c0a,1,1263,1263,754,0.5969912905779889
783,data/eedi_public_download/extracted/data/images/783.jpg,e845959f39285ebaf01a275c1228e7af580828a23017a5c0a09b7bbcbd402104,3,203,203,87,0.42857142857142855
784,data/eedi_public_download/extracted/data/images/784.jpg,4619f0d2298f5c1a13cc0a2511194d2ba3112f07e40f7ed12a2bf087fce14940,4,456,456,84,0.18421052631578946
785,data/eedi_public_download/extracted/data/images/785.jpg,88ea5ac90b83a95ef1a3e08cc9003b41810dcd8632192443992a77ce1d8fac48,2,2335,2335,1121,0.48008565310492507
786,data/eedi_public_download/extracted/data/images/786.jpg,650ad669dfbc699e4872865ae364e305dc4f8f899dd25f128e9938c2358deec0,3,2685,2685,1880,0.7001862197392924
787,data/eedi_public_download/extracted/data/images/787.jpg,4ce129c3a3cd0075fd53b1da4d9089c0af1676b86a1e3e8b33b7222c4b82caf2,4,2313,2313,1411,0.6100302637267618
788,data/eedi_public_download/extracted/data/images/788.jpg,75ff6a0e057125139af3c55f95eda1de9477ef6b3becdca55374ed2ddc444fd1,3,2594,2594,1718,0.6622976098689283
789,data/eedi_public_download/extracted/data/images/789.jpg,d3166b9d41b5cf0bd8f6540f6152f69dd4e276e65228a82ebfc76fe5a5e06740,3,2403,2403,884,0.36787349146899706
790,data/eedi_public_download/extracted/data/images/790.jpg,67cd8990ee4901593e63adbef13b038b9773f9905dd8d73c2c47a08bb3b5c734,3,2436,2436,1331,0.5463875205254516
791,data/eedi_public_download/extracted/data/images/791.jpg,dac10636b7c9de0240ad54b2d576bc09fb1be039c3fda11b6505e9c5204939fa,2,2273,2273,1937,0.8521777386713595
792,data/eedi_public_download/extracted/data/images/792.jpg,d0be96c516b6c18d6b0f42bdad13a8ca4edb539cb5c1d6476863b507930cd469,3,1626,1626,468,0.2878228782287823
793,data/eedi_public_download/extracted/data/images/793.jpg,ab68dc8a11be058b39724bc209d359d1ed94886011b62bbe9c0c2adc5c705f78,2,170,170,56,0.32941176470588235
794,data/eedi_public_download/extracted/data/images/794.jpg,e2a235b0189ea56f1c2e185f569cc9e99ec14a07e237fad6e1870b608a70f6c4,1,2545,2545,1242,0.48801571709233793
795,data/eedi_public_download/extracted/data/images/795.jpg,af4cdc6b7d4493f1f8324db94e869a997045173f6f7bb89f0fd6e663e80c5e46,2,2202,2202,1127,0.5118074477747502
796,data/eedi_public_download/extracted/data/images/796.jpg,5e09e335cc820bfc6cb87ea6ab278bd104c958bb192ada354704bf3c387fdcb7,3,143,143,76,0.5314685314685315
797,data/eedi_public_download/extracted/data/images/797.jpg,03dba0904d01853211f7583363926de511ffbcc5c119fbc01ea158101b4d7ff8,1,113,113,38,0.336283185840708
798,data/eedi_public_download/extracted/data/images/798.jpg,6eb6689a63bf8647b61f199172cbdc27aee5f3012c97ecaabc920c31eb494c21,1,1516,1516,1050,0.6926121372031663
799,data/eedi_public_download/extracted/data/images/799.jpg,37bdc54717bee6b9512835d910bb27ac3a42c958b9e88b30834d35b188cac47b,4,110,110,45,0.4090909090909091
800,data/eedi_public_download/extracted/data/images/800.jpg,4527a4255280d18ec4469cfeef46ae79aab055aeabe0255d4afe4eb583307382,1,2221,2221,800,0.360198108959928
801,data/eedi_public_download/extracted/data/images/801.jpg,3080ee6663aaed0d380e85c567f94e4f8eca2e5ee4e2c7a5c31f39c961b8893e,1,1037,1037,362,0.3490838958534233
802,data/eedi_public_download/extracted/data/images/802.jpg,6ad67075957a5f19215ff2173f9052e63a5045443af93c9f9e2f30b0a71faf74,3,2896,2896,2267,0.7828038674033149
803,data/eedi_public_download/extracted/data/images/803.jpg,60f331c80098f2e5f8116a86c833690d5311603907b17cf298732a332409ffd0,3,2330,2330,1629,0.6991416309012876
804,data/eedi_public_download/extracted/data/images/804.jpg,2cd2350d3882c586ab8418181f14626285a324c8d5144523d56412b92869fd4d,1,2403,2403,1652,0.6874739908447773
805,data/eedi_public_download/extracted/data/images/805.jpg,b6b0fbed7798f462cb4d33f05bb8c216d640a9dc956b8d3e893ab8515cb4f538,2,2177,2177,1253,0.5755627009646302
806,data/eedi_public_download/extracted/data/images/806.jpg,f492634d3ea45df3389f256f37edc992efe8722ec704903651363e3c0052122e,3,2104,2104,999,0.47480988593155893
807,data/eedi_public_download/extracted/data/images/807.jpg,696a9abe28d39a39c54db864918f0c845e995b7ca1ecace8c996e52c5a7b9268,4,144,144,108,0.75
808,data/eedi_public_download/extracted/data/images/808.jpg,33258e9247747522daef26df567395f142444b50d12b2d1620134ac243e526a4,1,2562,2562,1269,0.4953161592505855
809,data/eedi_public_download/extracted/data/images/809.jpg,27d06561616b460b120eff0ba7564d3d7775feaed5c6228731a79581138e145e,3,2749,2749,2221,0.8079301564205166
810,data/eedi_public_download/extracted/data/images/810.jpg,039b3fb18c7c54851c677789961200947c9138f3f748b450c20e30726f84178c,4,4,4,2,0.5
811,data/eedi_public_download/extracted/data/images/811.jpg,ff90a7eabe7e4c66d53180e28a80cdea1b349a288b4c8a73fda48c116bd0851a,2,1777,1777,1284,0.7225661226786719
812,data/eedi_public_download/extracted/data/images/812.jpg,82174ba6b371fcfa11cadd5571aeac3bfef8d0ad33a8e2518a3ff03c5817b822,4,78,78,41,0.5256410256410257
813,data/eedi_public_download/extracted/data/images/813.jpg,fd6f97acde28ce082282ab84ca735773298a6f2aa652251b5c95a01aefe46caf,2,2689,2689,1919,0.7136481963555225
814,data/eedi_public_download/extracted/data/images/814.jpg,09c21c1f9e152f5a4678a597baa34e12dd49efb9bac812a70a38c74309a82c0e,4,1443,1443,985,0.6826056826056826
815,data/eedi_public_download/extracted/data/images/815.jpg,6fa55ddb8c521f387ec410da366f5e4ed814111f824560c70a49d44acbd50aa4,1,2924,2924,2264,0.774281805745554
816,data/eedi_public_download/extracted/data/images/816.jpg,8d06b5403268c5d0243ff38b713f75ae83a6b3edd543c1190ed0d91ba9231c7f,1,2294,2294,1185,0.516564952048823
817,data/eedi_public_download/extracted/data/images/817.jpg,361e6d598f70ac0a227f9346f4210578e2ef0f36d4219ef96c1653a11b8ae882,2,69,69,38,0.5507246376811594
818,data/eedi_public_download/extracted/data/images/818.jpg,8128c09844c35d61bf50fe3ec1808a26585e78429b41ab7558fb3caa95927e70,2,1155,1155,250,0.21645021645021645
819,data/eedi_public_download/extracted/data/images/819.jpg,eba3ac6c10ce72d1757f172a1271810f3478c55b3042aba52052fbf27185c1e4,1,2627,2627,1391,0.5295013323182337
820,data/eedi_public_download/extracted/data/images/820.jpg,56137d5d8126360a49627b9fa649fcb02ef9d3ef4934a5367f4efd1f6da27539,4,1707,1707,647,0.37902753368482717
821,data/eedi_public_download/extracted/data/images/821.jpg,300219964178caf0e1932681c575625a5e4a86f46b7ec7b48a6266d398e3fa73,1,85,85,34,0.4
822,data/eedi_public_download/extracted/data/images/822.jpg,eae9096c2e76026a3ca7fec7caa4f1dfcaa951211daa335b36930ec8033dd5ac,3,852,852,273,0.3204225352112676
823,data/eedi_public_download/extracted/data/images/823.jpg,655d4ddb6711014c07940e8a84a607b4ead5e6d223fbf8d6f655c4b458c3c2cf,4,1718,1718,1107,0.6443538998835856
824,data/eedi_public_download/extracted/data/images/824.jpg,e12b7418068480940dd6fa4dbe5425e36a05afb2f55f0a5425f5ec83c627fa79,4,2161,2161,661,0.3058769088385007
825,data/eedi_public_download/extracted/data/images/825.jpg,587221282eb93b77de469107e6952be9524f58882d1bca9bfa515b084022f4fb,4,2419,2419,2149,0.8883836295990079
826,data/eedi_public_download/extracted/data/images/826.jpg,4f81bafb8f022e3947c704a50b36d7ec9af0d27663430f4220e0bf783b5c3b5e,3,2271,2271,966,0.42536327608982827
827,data/eedi_public_download/extracted/data/images/827.jpg,7760eccc2e6bfcffc22939924d584ba2210b406052290e053865257d31252b03,2,463,463,189,0.408207343412527
828,data/eedi_public_download/extracted/data/images/828.jpg,622bf8620cfb68da262ce81524da6ee76f443cdd34faef9974f14436850d90e6,3,2816,2816,2461,0.8739346590909091
829,data/eedi_public_download/extracted/data/images/829.jpg,89f87758f9454de7de4104db51f7b408d833e36acd4726737105d5cd9ce6684e,4,1802,1802,1120,0.6215316315205327
830,data/eedi_public_download/extracted/data/images/830.jpg,d02484ff99436790ea914f3afb069459b3f8f6051069c70d477b0758e7c643ec,4,2399,2399,1231,0.5131304710295956
831,data/eedi_public_download/extracted/data/images/831.jpg,9b6cce8b8509b3eff9750bd0a46b38523da3a019e6deadd193c20fb7e3b46468,2,2624,2624,1718,0.6547256097560976
832,data/eedi_public_download/extracted/data/images/832.jpg,1b8378a7202dafc44a088f0f62010e3d67cce778c191beafed8e565c07104ab9,1,4,4,2,0.5
833,data/eedi_public_download/extracted/data/images/833.jpg,9eeb1fc3e05767b7a70b056b8726292afec4b593542ad43eff48762aee052de7,2,2604,2604,1107,0.4251152073732719
834,data/eedi_public_download/extracted/data/images/834.jpg,f8bc80f60d75d3b9166c8ddab8cd366ef9297f2412c844ce01d07ecb1a951c44,2,2364,2364,1136,0.4805414551607445
835,data/eedi_public_download/extracted/data/images/835.jpg,52357e5fe5398e75e1f84d607e51d52597c63c0c33dfe9e1c08938e60740af10,3,1309,1309,911,0.6959511077158136
836,data/eedi_public_download/extracted/data/images/836.jpg,c9cb23050a91849d3ad7fcf2e5db9b24dec9a981bd611e6004aa334ece707f5c,4,2933,2933,1513,0.515854074326628
837,data/eedi_public_download/extracted/data/images/837.jpg,603a1c376ea93e0c0f327657761306ea1f076e3f6f8bc154b6182900f74fde2e,3,1935,1935,1209,0.6248062015503876
838,data/eedi_public_download/extracted/data/images/838.jpg,85e9b06d791388325cf68d0d4f26251d449532c2a62213b27e1f85eb6ef00d4b,1,2155,2155,964,0.44733178654292344
839,data/eedi_public_download/extracted/data/images/839.jpg,d6187edda8220e979cf6b3a787046ce3af1a9b3b08432c6827c583205d20d0f0,4,321,321,138,0.42990654205607476
840,data/eedi_public_download/extracted/data/images/840.jpg,a18a38308a0f56e328c55b0933fb8b15c910a86479ae2ba44216af13c2bc8fc6,1,1730,1730,875,0.5057803468208093
841,data/eedi_public_download/extracted/data/images/841.jpg,dba4a50e9c9e20b628f0c4773741eaef9dd234bdd04a932a11523c460d000a2a,3,4,4,4,1.0
842,data/eedi_public_download/extracted/data/images/842.jpg,faee1972ec7528ebeb3431988870ca3af62c58300fdb7633b8f11db24ce941f5,4,72,72,24,0.3333333333333333
843,data/eedi_public_download/extracted/data/images/843.jpg,9d85a043ebc73f5b68d2ec06e7c5fb57a31e277a75385ca76a784498a8f924c1,4,78,78,22,0.28205128205128205
844,data/eedi_public_download/extracted/data/images/844.jpg,f135a7ba09fa03d256c961c9b446feac388824880faf27df15c40d0fdd3f7f42,2,2815,2815,1516,0.5385435168738899
845,data/eedi_public_download/extracted/data/images/845.jpg,9b5a4987a5afaeec22f7d4e96751e258b77db0c40c9b73b4a2aae6a6f457984c,1,1181,1181,810,0.6858594411515665
846,data/eedi_public_download/extracted/data/images/846.jpg,463bdeb50fce5f5d1b759e72318c8f15685b9393d951593a52a48f3e36eacd56,3,1592,1592,402,0.25251256281407036
847,data/eedi_public_download/extracted/data/images/847.jpg,4bfa021134124459a40746fb1a3bcbff8218eb45c1b88d986c906ec090f9d3bf,3,4,4,4,1.0
848,data/eedi_public_download/extracted/data/images/848.jpg,2e2fafbe7781a5490282c18df1dafa384c0cfecc3ee06c7c049d4b3afaa5eeb6,4,866,866,553,0.6385681293302541
849,data/eedi_public_download/extracted/data/images/849.jpg,463ab0ae5b9dc27a0c3ecde039b6de8cb7e1a4ccb63f978cd4f5c8e2d9c3c774,4,2189,2189,810,0.3700319780721791
850,data/eedi_public_download/extracted/data/images/850.jpg,149d2ac4cf792c6c4aa46376bd9893a7e8739c8ab5aa8191035dcf0fc54318bb,2,2520,2520,1229,0.4876984126984127
851,data/eedi_public_download/extracted/data/images/851.jpg,e97c2eb6f25bcbf2dd1c3703835fcca6726a18ce34e307f6dcfbfac32e4a269f,3,85,85,28,0.32941176470588235
852,data/eedi_public_download/extracted/data/images/852.jpg,189e8a433446300b1c4eae1d4e431630cb0d9d4797b911abb711faf9ba29d0b2,2,2324,2324,1128,0.4853700516351119
853,data/eedi_public_download/extracted/data/images/853.jpg,c02b9034eaaed0eb0e656c6a5e47c0bf9a1fa6a0d316b196ac27c210038f86fc,3,854,854,513,0.6007025761124122
854,data/eedi_public_download/extracted/data/images/854.jpg,18cddadab1604348776cadf4df5841ef339824645a7a03b0d97a8bebac662ae3,2,75,75,30,0.4
855,data/eedi_public_download/extracted/data/images/855.jpg,234741d6f0787de23c15cfeba15aee95009a0f6ae613dd9cdad0fc7a9bdef520,3,2945,2945,2236,0.7592529711375212
856,data/eedi_public_download/extracted/data/images/856.jpg,79bdcce3ca7c17a2075b68e49c8c6147f798c7256e02390d61b51fd498065f6f,3,2900,2900,788,0.2717241379310345
857,data/eedi_public_download/extracted/data/images/857.jpg,45c6813ee880b41a776d9d2065ff2f9c1f361d822b21c8db2d208d8a6fd735df,1,189,189,45,0.23809523809523808
858,data/eedi_public_download/extracted/data/images/858.jpg,a7f30955882b3cc02791e843feacd9958f40373d1d2e19e3f663d00c68c51a5d,3,2448,2448,1146,0.4681372549019608
859,data/eedi_public_download/extracted/data/images/859.jpg,6f6e6e08354005e12e07814418d33e2add219a07576769883472d205360dc140,3,2513,2513,1284,0.5109430959013131
861,data/eedi_public_download/extracted/data/images/861.jpg,f79cfcd32afd1df723c32e3d84baba833b6c03035d7eb821ae3dd18fb84dd2ae,2,86,86,42,0.4883720930232558
862,data/eedi_public_download/extracted/data/images/862.jpg,e8e9c196cc43a4b452837af7effc87e7ea3216c7e1cbbc1936ee082446513813,2,2820,2820,1295,0.4592198581560284
863,data/eedi_public_download/extracted/data/images/863.jpg,56d86778797332d5941c2b7281a24b036068ae16a40c96c082bde584dbd8b06c,1,2227,2227,1801,0.8087112707678491
864,data/eedi_public_download/extracted/data/images/864.jpg,d9c58000ede025dd5d921e82adf79333ae2d81fc42e2799f71118d2a4ab5c5ac,3,181,181,95,0.5248618784530387
865,data/eedi_public_download/extracted/data/images/865.jpg,5f30c3c1176fcaa1a83105167ca91063fc2d37f9c5160b39f1aed8dec33461df,2,585,585,174,0.29743589743589743
866,data/eedi_public_download/extracted/data/images/866.jpg,6389e5c5402915d413f919475e8770804b11d2fd6e124afd2cd9274beacc2144,1,583,583,369,0.6329331046312179
867,data/eedi_public_download/extracted/data/images/867.jpg,a6a2db30539bd58df7faf444af2f2e489acadf83a722471c6f85273bb83d083e,1,2890,2890,2239,0.7747404844290657
868,data/eedi_public_download/extracted/data/images/868.jpg,e1751d7e784926ee36102b1a4dc0082399c1d1675dbb059e99b5f59859aa591c,3,2510,2510,1118,0.4454183266932271
869,data/eedi_public_download/extracted/data/images/869.jpg,542781ef5e2b11fc6f59188722e185d6bb1b9afa5db065f4ebe912def652d75c,2,617,617,238,0.3857374392220421
870,data/eedi_public_download/extracted/data/images/870.jpg,923ba155b658058d46f1e2f836330acf963127fec6d218832135445c02ce9c91,3,1704,1704,740,0.43427230046948356
871,data/eedi_public_download/extracted/data/images/871.jpg,b435c1fa5172fb098803becf033a9513a8b9134ef80986181744bb497534a78d,2,1156,1156,649,0.5614186851211073
872,data/eedi_public_download/extracted/data/images/872.jpg,1144d174972e9fae5daaca041d2c10a88d1502422f5f053574b695a54cd6e2b5,4,1032,1032,587,0.5687984496124031
873,data/eedi_public_download/extracted/data/images/873.jpg,c29767558dae9e383479e2b9cc6562a91c46a8ebaa8b10ec7a3eb58e41bba265,2,2650,2650,989,0.3732075471698113
874,data/eedi_public_download/extracted/data/images/874.jpg,83ed819c869b7f65cba18355a350ff62c2881865def271daa36cbf88842e291d,1,579,579,239,0.41278065630397237
875,data/eedi_public_download/extracted/data/images/875.jpg,2bddf0d219c7bf7fa116922cb2776e9d98ef44dfb0062e2200bbbb0bef0fa97f,1,1671,1671,546,0.3267504488330341
876,data/eedi_public_download/extracted/data/images/876.jpg,66e652205747827b28e6b57856ebdbf6d3b80eb9f407bc92a0f3ace4401704c8,1,79,79,30,0.379746835443038
877,data/eedi_public_download/extracted/data/images/877.jpg,ea2054365d76683ad3296c67a3c4244f74bc5ecdce6f41e142fae38ea6a4f309,1,1581,1581,813,0.5142314990512334
878,data/eedi_public_download/extracted/data/images/878.jpg,7a15008c88413aa0d9b223bc739969bd2a4c844e5869fd8684b7ab1db01ee73d,4,1422,1422,436,0.3066104078762307
879,data/eedi_public_download/extracted/data/images/879.jpg,a76090401084ebb481c316341288cdf6be73f38972b474d80de5b70cae512e51,3,1590,1590,397,0.24968553459119497
880,data/eedi_public_download/extracted/data/images/880.jpg,3eaf38f844cecc4cf777b8a34a9520d1a4efa2ca33f1ea42429a6a3bd6e3c064,2,1496,1496,738,0.49331550802139035
881,data/eedi_public_download/extracted/data/images/881.jpg,a916caf49fa0823256014b0d220c39e51a95623af30b045f9502eb6ba79ea746,3,2686,2686,2209,0.8224125093075205
882,data/eedi_public_download/extracted/data/images/882.jpg,53551041851dc7867e448ab9a990cef04bc85d3c42cee07aad731f93108744b9,2,2303,2303,788,0.3421623968736431
883,data/eedi_public_download/extracted/data/images/883.jpg,83e1ae9315786f5cc6a656381bf7a79417ad66fecf2c52bd06c4d44ee9d7b379,2,167,167,51,0.30538922155688625
884,data/eedi_public_download/extracted/data/images/884.jpg,8a589f2c8b48102c4bfb773aa6e535c113fbcfdbb06efea4d5daab55b1de7136,2,626,626,368,0.5878594249201278
885,data/eedi_public_download/extracted/data/images/885.jpg,c8c565d8bad86b95c6ee598946b512163711b78a9300cbd86983b23ba399f0b0,1,2577,2577,1383,0.5366705471478463
886,data/eedi_public_download/extracted/data/images/886.jpg,681120fe92b4c75710458be0713dd0559c2abdb86e0e82645138ec3fd815a933,4,73,73,23,0.3150684931506849
887,data/eedi_public_download/extracted/data/images/887.jpg,b70f565510377d9c656fd1481b4e8ea9cee5ab1d169b75fcac0ed434187de994,3,2641,2641,1231,0.46611132146914047
888,data/eedi_public_download/extracted/data/images/888.jpg,8e614502881bee3e5b6c7f8efad1e27193e84f298e9f6671585d2b81014e59c1,3,89,89,33,0.3707865168539326
889,data/eedi_public_download/extracted/data/images/889.jpg,ba3796106b040065ece6d0af9c0a44f8b3dde992260ec98f38c5362927a4c41c,1,2365,2365,1524,0.6443974630021142
890,data/eedi_public_download/extracted/data/images/890.jpg,826a1acf08872ed5ab1f3da1310068ed3a3df0801272f31a34220a725b876589,2,2558,2558,1231,0.4812353401094605
891,data/eedi_public_download/extracted/data/images/891.jpg,6d8039b2491bd0cf7db75f029a2d35f30336be008cc70279e85c5967cfe9deb2,4,1629,1629,658,0.4039287906691222
892,data/eedi_public_download/extracted/data/images/892.jpg,ee44426743966905bc471d3ea3d166b1e9a315857c263263a0b68fd7dd03dc35,1,80,80,35,0.4375
893,data/eedi_public_download/extracted/data/images/893.jpg,b162cee30157a59003316f03db270a976bdb0fbd3085df48bb26888ec3456dc6,3,80,80,34,0.425
894,data/eedi_public_download/extracted/data/images/894.jpg,10dab2278e6744f4a6af8edfa9c4ac539284d294c0959c05c6180e4584c97c2d,2,861,861,639,0.7421602787456446
895,data/eedi_public_download/extracted/data/images/895.jpg,145d43dbaec1c534f618a040e47052d28347ba8e19b91e2874119c33e205e2f2,1,167,167,70,0.41916167664670656
896,data/eedi_public_download/extracted/data/images/896.jpg,5ccd0668cf57ad55f5c38bfbd2c354a03cd4c450d8ca13ccab389dc0d0003be6,3,2319,2319,1599,0.6895213454075032
897,data/eedi_public_download/extracted/data/images/897.jpg,cc1db5d70f598c655d44ccf553b8deb41b749fe86b8be5b1bd9f9d7782694c25,1,9,9,4,0.4444444444444444
898,data/eedi_public_download/extracted/data/images/898.jpg,2bb2b5e8bcf1720756b24e69aebd19664bdaee7165562f59a04299399c12bd6f,2,2162,2162,1138,0.5263644773358002
899,data/eedi_public_download/extracted/data/images/899.jpg,2d54ba69cb64bcf1e1d6b40a691c83a381243317ed4612087f3a624b9d35007c,4,83,83,60,0.7228915662650602
900,data/eedi_public_download/extracted/data/images/900.jpg,428f8866a1f774c9d69995757627e7680a912f0441ce72efc6caba1b29949775,1,317,317,225,0.7097791798107256
901,data/eedi_public_download/extracted/data/images/901.jpg,d2e53b19daac497b3df4b4c119128d5e754266de3d6a72ff8fddad927c28b702,1,317,317,181,0.5709779179810726
902,data/eedi_public_download/extracted/data/images/902.jpg,a98fc443dddca48f3be3aa1d285bdb0d68b22d54fa55d151b17db2125a2a5ef8,4,1257,1257,544,0.4327764518695306
903,data/eedi_public_download/extracted/data/images/903.jpg,1a58f7cbf2a9023d2fdc1edd798183c4cc6cf2361df1d0319127167940576468,2,1633,1633,630,0.385793018983466
904,data/eedi_public_download/extracted/data/images/904.jpg,3f0e756ab4bb382e0f135dffe1ef0c668d865a8ffe133a7c49a8b50573d0551b,1,2199,2199,682,0.3101409731696226
905,data/eedi_public_download/extracted/data/images/905.jpg,a1468bd58f264b0ffa4f4b98da211a8c88acbfad757dfe9f19e13ce1443d4044,2,5,5,2,0.4
906,data/eedi_public_download/extracted/data/images/906.jpg,a197b236a6f6074cf4bbbdb7276abb6253bbea66beaedd5ca8bc4a18700f09dc,3,1001,1001,381,0.3806193806193806
907,data/eedi_public_download/extracted/data/images/907.jpg,90aaad7818e5d8f9d40960fcbc5157225de4b80f3fc944c1c625ba8f47ce06e2,4,1708,1708,1442,0.8442622950819673
908,data/eedi_public_download/extracted/data/images/908.jpg,328372ba24caac91ccb8cf7899937af1c97ef72aa41cbb1c096f51f28612f701,4,2258,2258,1535,0.6798051372896369
909,data/eedi_public_download/extracted/data/images/909.jpg,5317107eeb41f2e2203e401eee69858f56630e1240013842821b30e58fa50ad7,4,81,81,43,0.5308641975308642
910,data/eedi_public_download/extracted/data/images/910.jpg,5663c863c2081832ed8184cd9d6b93370bd16654324e705fa89fcb7c6c737c6f,2,588,588,353,0.6003401360544217
911,data/eedi_public_download/extracted/data/images/911.jpg,75ad3310703579d35c6795b70924eb1d54a3355fe636278a0b7604711dfe48b2,2,2955,2955,1978,0.6693739424703892
912,data/eedi_public_download/extracted/data/images/912.jpg,887718a1bfdcede5293f72da17bf0cd3000227753ba67e62a4328185f7503b4d,1,2674,2674,1632,0.6103216155572176
913,data/eedi_public_download/extracted/data/images/913.jpg,5cf4f05d03e17b6c3f603508d6313d2ce6dd68292325edcaca2731abe961dcc9,1,1711,1711,605,0.35359438924605496
914,data/eedi_public_download/extracted/data/images/914.jpg,ed2ca3e2c4e5ecd71b3bb5e326aa676e7d7c3344c88db44943a213d490d832b0,3,2602,2602,1720,0.6610299769408148
915,data/eedi_public_download/extracted/data/images/915.jpg,a879fca955d64de14eccaab74b72beee94da8a1831999d7c49f5119533c1b17a,1,318,318,124,0.389937106918239
916,data/eedi_public_download/extracted/data/images/916.jpg,30f14004161941a55571e094b62de2fc5a879028a13d78bc54350a66377a7d19,1,1489,1489,725,0.48690396239086636
917,data/eedi_public_download/extracted/data/images/917.jpg,1973aa8ed904d5609d9bb1f187c3f117c49d8f9312266d841bcb3a101e1fb351,2,570,570,260,0.45614035087719296
918,data/eedi_public_download/extracted/data/images/918.jpg,c38e42c657fc040591fa6ef2c235225c4fd41fedddf90cf4a9d5f6f1b8686e94,2,189,189,73,0.3862433862433862
919,data/eedi_public_download/extracted/data/images/919.jpg,2b4559fe8288a1470c7a4acad1f8deb04f7eb3bdfb5fa8534e4dd923c9c0788d,4,660,660,272,0.4121212121212121
920,data/eedi_public_download/extracted/data/images/920.jpg,31f698e76343471d6225e70dfa210cb73ff221433df60be2aa975aadffd65145,1,2141,2141,1279,0.5973843998131714
921,data/eedi_public_download/extracted/data/images/921.jpg,5990f1465c4aa249921102aa29303b8b8aec03279dd0855f6ac3f33b4a3ed23a,2,2834,2834,1791,0.6319689484827099
922,data/eedi_public_download/extracted/data/images/922.jpg,aa8857d75d6cf38ebe8a218ab73e0886263e048faec97075084f4a2b30caf9a5,4,2918,2918,2058,0.7052775873886223
923,data/eedi_public_download/extracted/data/images/923.jpg,4005a27819d0aa5480b5b286f77ab9152efab4d925729452161b6c9fd334ce9e,1,2451,2451,1616,0.6593227254181967
924,data/eedi_public_download/extracted/data/images/924.jpg,f95ba155a327db1b9ceb5e8f805226daee21703ecda9e61a8ed356b9af963e6c,2,2379,2379,2197,0.9234972677595629
925,data/eedi_public_download/extracted/data/images/925.jpg,7230e0302766daeba549c260d47bd0a9fd9704dc1d1528d8e7166d225acaea88,2,166,166,41,0.2469879518072289
926,data/eedi_public_download/extracted/data/images/926.jpg,33799dbdfafe5db85ce60db37bdfd8fc62ee18b775b421288d6792f89ecbe5c0,3,2592,2592,1575,0.6076388888888888
927,data/eedi_public_download/extracted/data/images/927.jpg,7edcf9ec2de41f1e34c4920f963459d849ef8ffa97754ce7226cbfea4567e79e,1,1704,1704,1039,0.6097417840375586
928,data/eedi_public_download/extracted/data/images/928.jpg,931aa6ad0f0502c340327697a2128714afab00452eb2769657e1005d38757e4a,4,6,6,5,0.8333333333333334
929,data/eedi_public_download/extracted/data/images/929.jpg,ffd335556d52780ef652bd848871931decbd3f36883fa9873a3e792d202da0e0,2,166,166,63,0.3795180722891566
930,data/eedi_public_download/extracted/data/images/930.jpg,5f603e7d00cbc568c6eff5692725edbdb5c0f87f61e0399e4a477df836c3fe9e,3,17,17,10,0.5882352941176471
931,data/eedi_public_download/extracted/data/images/931.jpg,6ac5bee798a94e24a131270711ca215e09da9ed027b4b177ce7f1fb3e2efbfdf,4,1702,1702,273,0.16039952996474735
932,data/eedi_public_download/extracted/data/images/932.jpg,65d28f4e40514bc64ca49397d234cf4ef677ccc886df9c35094f4fac625adf8f,4,2384,2384,856,0.35906040268456374
933,data/eedi_public_download/extracted/data/images/933.jpg,bb32206cc65c8d2ce903c932803f8261a7f56e92b5f94ff69af80047d91c5513,2,1437,1437,1067,0.7425191370911621
934,data/eedi_public_download/extracted/data/images/934.jpg,095725ef80e377307945d4a513ec54f3ba8c32d3daaed7f847cbb7c4f60b8851,1,2449,2449,1213,0.495304205798285
935,data/eedi_public_download/extracted/data/images/935.jpg,73b7a755ee36d356fc61285cdbdf7f6c30fba23b53af669ba86d360a86aa4260,1,1718,1718,835,0.4860302677532014
936,data/eedi_public_download/extracted/data/images/936.jpg,956ef5da35ec2c774b2015856712c4564e057c22f15e10d650b55f5e87d9c1c0,4,89,89,26,0.29213483146067415
937,data/eedi_public_download/extracted/data/images/937.jpg,57951e67a374426c3efaea0c067546ca061c1321f5042b233c4ca5058926c8e1,4,106,106,52,0.49056603773584906
938,data/eedi_public_download/extracted/data/images/938.jpg,b4258992f37b6c4efea84c242d2ff6d46b9126789855997db58c753bb6e2bb2a,4,2667,2667,1892,0.709411323584552
939,data/eedi_public_download/extracted/data/images/939.jpg,af01d10a4b4201175f36003fa5ea8f6b06d4afca1670f37199f93d9ff71a5dae,4,2657,2657,1616,0.6082047421904403
940,data/eedi_public_download/extracted/data/images/940.jpg,25ad72901227fae5c108ab19a88ad9c6ffaedb966d6f89d2a9d50d4371b84153,1,72,72,38,0.5277777777777778
941,data/eedi_public_download/extracted/data/images/941.jpg,10b54b1c16cc026adf6ac09c10807f5bb549accf7d950fbbf6cd0bba41de7d2f,4,2736,2736,1809,0.6611842105263158
942,data/eedi_public_download/extracted/data/images/942.jpg,e2ec68676cb4145c0378edc552c79cebab6ec2824870a65e8485d51af370a2a5,3,109,109,50,0.45871559633027525
943,data/eedi_public_download/extracted/data/images/943.jpg,47d495552e900402b1063a076509cf077404b11350fb7f8e7087e5caa908b7ad,4,2653,2653,1503,0.5665284583490389
944,data/eedi_public_download/extracted/data/images/944.jpg,b0eb4524d73d089a1162bb68cad9060d84dfce954cea959bfcae02f92082ae04,4,189,189,27,0.14285714285714285
945,data/eedi_public_download/extracted/data/images/945.jpg,aa8529a423e416721f411fe0286b61401c21e98a047f30da307e3b85d33e82cc,1,2337,2337,987,0.42233632862644416
946,data/eedi_public_download/extracted/data/images/946.jpg,3df4270c01c9f8ebfff33e1654b9c78fe0719b53fd6a784541032d5321921e62,2,111,111,51,0.4594594594594595
947,data/eedi_public_download/extracted/data/images/947.jpg,491c59a2a79f1994594f98d36a98e212aca2de204e9445b4d369e31b87337ef1,2,619,619,382,0.617124394184168
