question_id,epoch,prob_correct,is_correct
high2941.txt_q1,4.0,0.3971841633319855,0
high3670.txt_q2,4.0,0.9999645948410034,1
high12059.txt_q3,4.0,0.9999991655349731,1
high20632.txt_q2,4.0,0.9998378753662109,1
high10875.txt_q4,4.0,0.9953994154930115,1
middle6714.txt_q1,4.0,1.0,1
high18033.txt_q1,4.0,0.7984731793403625,1
middle8089.txt_q1,4.0,1.0,1
high6654.txt_q2,4.0,0.9044894576072693,1
middle5998.txt_q4,4.0,0.9914912581443787,1
high14054.txt_q1,4.0,0.9886908531188965,1
high24177.txt_q4,4.0,0.9941104054450989,1
high10270.txt_q0,4.0,0.9807190895080566,1
high629.txt_q1,4.0,0.9865929484367371,1
high20221.txt_q3,4.0,0.9953990578651428,1
high15094.txt_q0,4.0,0.9999992847442627,1
high8183.txt_q0,4.0,0.9999731779098511,1
high18967.txt_q0,4.0,0.9855853915214539,1
middle2226.txt_q2,4.0,0.00031905752257443964,0
high11003.txt_q1,4.0,0.9999984502792358,1
middle8218.txt_q1,4.0,0.5335500240325928,1
high16652.txt_q2,4.0,0.9977978467941284,1
high5260.txt_q2,4.0,0.9999929666519165,1
middle4778.txt_q2,4.0,0.9999841451644897,1
high5072.txt_q1,4.0,0.9997628331184387,1
high121.txt_q3,4.0,0.9999839067459106,1
middle2902.txt_q0,4.0,0.7441045045852661,1
middle5228.txt_q0,4.0,0.9972695708274841,1
high12278.txt_q2,4.0,1.0,1
high14246.txt_q2,4.0,0.9611485004425049,1
high23229.txt_q0,4.0,0.9960712194442749,1
middle6311.txt_q1,4.0,0.27725541591644287,0
high7909.txt_q2,4.0,0.5584614872932434,1
high8836.txt_q2,4.0,0.9999485015869141,1
high12903.txt_q1,4.0,0.9973663687705994,1
middle6516.txt_q4,4.0,0.999991774559021,1
high5863.txt_q2,4.0,0.9999833106994629,1
middle3879.txt_q3,4.0,0.9999980926513672,1
middle6172.txt_q0,4.0,0.9999889135360718,1
high12188.txt_q1,4.0,0.999993085861206,1
high21837.txt_q2,4.0,0.9999984502792358,1
high4313.txt_q0,4.0,0.9998363256454468,1
middle6654.txt_q0,4.0,0.9962199330329895,1
middle1033.txt_q0,4.0,0.9989074468612671,1
high4442.txt_q4,4.0,0.9818733930587769,1
middle261.txt_q2,4.0,0.9999918937683105,1
high21318.txt_q2,4.0,0.9984676241874695,1
high10256.txt_q2,4.0,0.999998927116394,1
high16043.txt_q1,4.0,0.9999967813491821,1
middle1928.txt_q1,4.0,0.9799398183822632,1
middle6221.txt_q1,4.0,0.9999724626541138,1
high21634.txt_q1,4.0,0.9995856881141663,1
high4910.txt_q0,4.0,0.9997876286506653,1
middle7815.txt_q1,4.0,0.9102551341056824,1
high3480.txt_q0,4.0,0.9999977350234985,1
high21127.txt_q1,4.0,0.9862815737724304,1
high5078.txt_q1,4.0,0.999868631362915,1
high23755.txt_q2,4.0,0.9999849796295166,1
high20112.txt_q3,4.0,1.0,1
high1307.txt_q4,4.0,0.9999966621398926,1
middle8163.txt_q3,4.0,0.9999425411224365,1
middle7726.txt_q0,4.0,0.9975184202194214,1
high20287.txt_q2,4.0,0.9999978542327881,1
middle3787.txt_q2,4.0,0.9910681843757629,1
high14779.txt_q0,4.0,0.9848710894584656,1
high284.txt_q3,4.0,0.9999868869781494,1
high16445.txt_q2,4.0,0.9876152276992798,1
high6417.txt_q0,4.0,0.9999682903289795,1
high2692.txt_q1,4.0,0.9999990463256836,1
high11940.txt_q1,4.0,0.9022683501243591,1
high14020.txt_q1,4.0,0.9994890689849854,1
high11166.txt_q2,4.0,0.9496839642524719,1
middle120.txt_q0,4.0,0.22872895002365112,0
middle2314.txt_q3,4.0,0.9979044198989868,1
middle5642.txt_q1,4.0,0.9998114705085754,1
middle2304.txt_q1,4.0,0.9997547268867493,1
high21319.txt_q2,4.0,0.9999948740005493,1
high520.txt_q2,4.0,0.96353679895401,1
high10863.txt_q2,4.0,0.9883982539176941,1
high14696.txt_q0,4.0,0.9999971389770508,1
high419.txt_q2,4.0,0.22337161004543304,0
high22454.txt_q0,4.0,0.9891154766082764,1
high9256.txt_q1,4.0,0.8936372995376587,1
high149.txt_q2,4.0,0.18428176641464233,0
high14467.txt_q3,4.0,0.9999771118164062,1
middle4147.txt_q2,4.0,0.9996073842048645,1
high8159.txt_q1,4.0,0.9999032020568848,1
high1420.txt_q1,4.0,0.9997853636741638,1
high2698.txt_q2,4.0,0.9973135590553284,1
high20129.txt_q1,4.0,0.9982268214225769,1
high9454.txt_q3,4.0,1.0,1
high9080.txt_q2,4.0,0.9999699592590332,1
middle2056.txt_q2,4.0,0.998974084854126,1
high16179.txt_q0,4.0,0.9860549569129944,1
middle2000.txt_q2,4.0,0.999921441078186,1
high2574.txt_q1,4.0,0.9999274015426636,1
high6163.txt_q2,4.0,0.3835175037384033,0
high6319.txt_q1,4.0,0.9759989976882935,1
high16421.txt_q0,4.0,0.2938258945941925,0
middle2733.txt_q0,4.0,0.4995126724243164,1
middle6741.txt_q0,4.0,0.9999954700469971,1
middle4800.txt_q0,4.0,0.9999967813491821,1
high20577.txt_q2,4.0,0.9997507929801941,1
middle4469.txt_q2,4.0,0.9960507750511169,1
middle4530.txt_q1,4.0,0.9999345541000366,1
high14421.txt_q1,4.0,0.99972003698349,1
middle2537.txt_q2,4.0,0.9999837875366211,1
high3442.txt_q1,4.0,0.9999990463256836,1
high14990.txt_q0,4.0,0.9999973773956299,1
high9561.txt_q4,4.0,0.8880136609077454,1
high11399.txt_q0,4.0,0.9985452890396118,1
high10820.txt_q1,4.0,0.9999843835830688,1
high8609.txt_q1,4.0,0.9999988079071045,1
high15504.txt_q1,4.0,0.9999998807907104,1
high1581.txt_q3,4.0,0.9249133467674255,1
high16363.txt_q0,4.0,0.995698094367981,1
middle1652.txt_q0,4.0,0.9999871253967285,1
high22564.txt_q2,4.0,0.9965924620628357,1
high11371.txt_q1,4.0,0.999984860420227,1
middle5281.txt_q1,4.0,0.999453604221344,1
high1242.txt_q2,4.0,0.9996449947357178,1
high5914.txt_q0,4.0,0.9923032522201538,1
middle32.txt_q2,4.0,0.9977750182151794,1
high24250.txt_q3,4.0,0.9952442049980164,1
middle7115.txt_q0,4.0,0.9999001026153564,1
high13032.txt_q2,4.0,0.9999388456344604,1
high16893.txt_q0,4.0,1.0,1
high16637.txt_q1,4.0,0.9999967813491821,1
high17360.txt_q1,4.0,0.9999940395355225,1
middle5158.txt_q3,4.0,0.8192169666290283,1
middle2142.txt_q2,4.0,0.9852904081344604,1
high7650.txt_q1,4.0,0.8569275736808777,1
high1339.txt_q0,4.0,0.9964514970779419,1
high22455.txt_q2,4.0,0.9991797804832458,1
high20996.txt_q1,4.0,0.19428548216819763,0
middle5094.txt_q1,4.0,0.9999997615814209,1
middle655.txt_q3,4.0,0.9997513890266418,1
middle1888.txt_q1,4.0,0.9998883008956909,1
middle5584.txt_q0,4.0,0.28610798716545105,0
high19889.txt_q1,4.0,0.9997851252555847,1
middle6802.txt_q1,4.0,0.999821126461029,1
middle2372.txt_q0,4.0,0.9999940395355225,1
high4944.txt_q1,4.0,1.0,1
high4671.txt_q2,4.0,0.9957094192504883,1
middle4534.txt_q3,4.0,0.999560534954071,1
high16435.txt_q1,4.0,0.9956203103065491,1
high7609.txt_q1,4.0,1.0,1
high443.txt_q0,4.0,0.5629520416259766,1
middle4526.txt_q4,4.0,0.9999953508377075,1
high11812.txt_q0,4.0,0.8258972764015198,1
high6408.txt_q1,4.0,0.9999151229858398,1
middle2871.txt_q4,4.0,0.9999334812164307,1
high18114.txt_q0,4.0,0.9999258518218994,1
middle4160.txt_q1,4.0,0.9998881816864014,1
high20816.txt_q3,4.0,0.9999845027923584,1
high14166.txt_q1,4.0,0.9999971389770508,1
high23768.txt_q0,4.0,0.9966380596160889,1
middle939.txt_q2,4.0,0.9994785189628601,1
high21585.txt_q2,4.0,0.9999995231628418,1
middle7620.txt_q3,4.0,0.9998419284820557,1
high24057.txt_q3,4.0,0.9999775886535645,1
middle1580.txt_q3,4.0,0.14309421181678772,0
high118.txt_q0,4.0,0.9967213273048401,1
middle6585.txt_q1,4.0,0.9983962178230286,1
high13587.txt_q2,4.0,0.9932818412780762,1
high6040.txt_q1,4.0,0.9999798536300659,1
middle3654.txt_q2,4.0,0.9872265458106995,1
middle5267.txt_q2,4.0,0.9996498823165894,1
high2563.txt_q1,4.0,0.8940368294715881,1
high2782.txt_q3,4.0,0.9609965682029724,1
high2890.txt_q2,4.0,0.9985244870185852,1
high7565.txt_q2,4.0,0.9978922009468079,1
high1193.txt_q1,4.0,0.9999179840087891,1
high16306.txt_q1,4.0,0.9998739957809448,1
high5729.txt_q3,4.0,0.9995162487030029,1
high3955.txt_q1,4.0,0.9948423504829407,1
high7118.txt_q0,4.0,0.9994427561759949,1
high12402.txt_q3,4.0,0.9998993873596191,1
high1672.txt_q3,4.0,1.0,1
high12684.txt_q3,4.0,0.9999881982803345,1
high494.txt_q1,4.0,0.999530553817749,1
middle3765.txt_q3,4.0,0.9999442100524902,1
middle6183.txt_q3,4.0,0.9986687898635864,1
high12503.txt_q1,4.0,0.9999998807907104,1
high11983.txt_q0,4.0,0.9999990463256836,1
high11978.txt_q2,4.0,0.999962329864502,1
middle6870.txt_q0,4.0,0.9999988079071045,1
high20170.txt_q1,4.0,0.9999997615814209,1
high17613.txt_q1,4.0,0.9996769428253174,1
high11300.txt_q0,4.0,0.9994474053382874,1
high13316.txt_q1,4.0,0.999834418296814,1
middle2379.txt_q2,4.0,0.9999926090240479,1
high949.txt_q2,4.0,0.9999113082885742,1
high2564.txt_q2,4.0,0.978935956954956,1
high1231.txt_q2,4.0,0.999882698059082,1
high19345.txt_q1,4.0,0.9999960660934448,1
high3925.txt_q1,4.0,0.9998378753662109,1
high3431.txt_q2,4.0,0.9999994039535522,1
middle1432.txt_q2,4.0,0.9999855756759644,1
high11357.txt_q1,4.0,0.9795243144035339,1
high14214.txt_q1,4.0,0.966149091720581,1
high216.txt_q2,4.0,0.9909313917160034,1
middle6368.txt_q2,4.0,0.9997068047523499,1
high4766.txt_q2,4.0,0.9999967813491821,1
middle6229.txt_q1,4.0,0.9999613761901855,1
middle4112.txt_q4,4.0,0.9999959468841553,1
high17896.txt_q3,4.0,0.9995245933532715,1
high3759.txt_q3,4.0,0.9999654293060303,1
high9721.txt_q0,4.0,0.9995110034942627,1
high13243.txt_q0,4.0,0.999996542930603,1
middle1311.txt_q3,4.0,0.991995096206665,1
middle3679.txt_q4,4.0,0.9999997615814209,1
high8015.txt_q1,4.0,0.9999978542327881,1
middle3176.txt_q0,4.0,0.8435717821121216,1
high14422.txt_q1,4.0,0.9916611909866333,1
middle5163.txt_q0,4.0,1.0,1
high18597.txt_q2,4.0,0.9999881982803345,1
high4972.txt_q3,4.0,1.0,1
middle7398.txt_q0,4.0,0.944782555103302,1
high19757.txt_q1,4.0,0.9977424144744873,1
high20256.txt_q2,4.0,0.9999985694885254,1
middle6391.txt_q0,4.0,0.9999996423721313,1
high14657.txt_q2,4.0,0.9999592304229736,1
high2893.txt_q1,4.0,1.0,1
high18499.txt_q2,4.0,0.9999998807907104,1
high3361.txt_q0,4.0,0.9999827146530151,1
high7875.txt_q1,4.0,1.0,1
high12537.txt_q1,4.0,0.9841843843460083,1
high2741.txt_q2,4.0,0.6923813819885254,1
high11378.txt_q2,4.0,0.9972345232963562,1
high7523.txt_q2,4.0,0.9948263764381409,1
middle2186.txt_q0,4.0,0.9999998807907104,1
high24072.txt_q0,4.0,0.9999017715454102,1
high15232.txt_q3,4.0,0.6501185297966003,1
high5456.txt_q4,4.0,0.939418613910675,1
high13523.txt_q3,4.0,0.9757311940193176,1
high6126.txt_q1,4.0,0.9988908171653748,1
middle6012.txt_q1,4.0,0.9999474287033081,1
high6480.txt_q4,4.0,0.9981849789619446,1
high12410.txt_q0,4.0,0.9998759031295776,1
middle4480.txt_q4,4.0,0.9999998807907104,1
high13961.txt_q1,4.0,0.9946552515029907,1
middle651.txt_q2,4.0,0.9987000226974487,1
middle6070.txt_q1,4.0,0.9980814456939697,1
high23910.txt_q1,4.0,0.9581610560417175,1
high7989.txt_q3,4.0,0.9998075366020203,1
high15232.txt_q0,4.0,0.9898244738578796,1
high17534.txt_q0,4.0,0.9999890327453613,1
high7373.txt_q2,4.0,0.9990966320037842,1
high9561.txt_q3,4.0,0.9996671676635742,1
high17.txt_q3,4.0,0.9975916147232056,1
high23319.txt_q2,4.0,0.9968481659889221,1
high8649.txt_q0,4.0,0.9944878220558167,1
high20021.txt_q1,4.0,0.9988665580749512,1
middle7277.txt_q1,4.0,0.9991462230682373,1
middle7804.txt_q0,4.0,1.0,1
high9416.txt_q0,4.0,0.9957929849624634,1
middle2256.txt_q2,4.0,0.9999934434890747,1
high22586.txt_q1,4.0,0.9999966621398926,1
high5112.txt_q2,4.0,0.9999992847442627,1
high7261.txt_q1,4.0,0.9990053772926331,1
middle7164.txt_q3,4.0,0.9967647790908813,1
high8727.txt_q0,4.0,0.9999934434890747,1
high20628.txt_q1,4.0,0.44880571961402893,1
middle5367.txt_q3,4.0,0.28162917494773865,0
high9606.txt_q1,4.0,0.637700617313385,1
middle4102.txt_q2,4.0,1.0,1
middle2593.txt_q2,4.0,0.9954078793525696,1
high10562.txt_q2,4.0,0.9999916553497314,1
high13989.txt_q1,4.0,0.9978911280632019,1
high258.txt_q2,4.0,0.5000515580177307,1
high18978.txt_q3,4.0,0.9999861717224121,1
high21591.txt_q0,4.0,0.999984860420227,1
high9677.txt_q3,4.0,0.9998488426208496,1
high3810.txt_q0,4.0,0.9999029636383057,1
high6265.txt_q2,4.0,0.9993150234222412,1
high4507.txt_q2,4.0,0.9982848763465881,1
high12441.txt_q0,4.0,0.9999723434448242,1
high5739.txt_q2,4.0,0.9999994039535522,1
middle6942.txt_q0,4.0,1.0,1
high322.txt_q1,4.0,0.9999736547470093,1
high23756.txt_q2,4.0,0.9981870055198669,1
high1454.txt_q1,4.0,0.9994055032730103,1
middle3657.txt_q0,4.0,0.9999984502792358,1
middle773.txt_q3,4.0,0.5046952366828918,1
middle6347.txt_q1,4.0,0.9996094107627869,1
high21915.txt_q0,4.0,0.8893080353736877,1
high1440.txt_q0,4.0,0.999969482421875,1
middle2931.txt_q0,4.0,0.9929868578910828,1
high14509.txt_q3,4.0,0.9853599667549133,1
middle1679.txt_q2,4.0,0.9990560412406921,1
high20813.txt_q1,4.0,0.9675387144088745,1
middle3932.txt_q0,4.0,0.9975797533988953,1
middle402.txt_q1,4.0,0.999972939491272,1
high14166.txt_q0,4.0,0.9991095662117004,1
high10440.txt_q1,4.0,0.9840483665466309,1
high5019.txt_q4,4.0,0.9998608827590942,1
middle5842.txt_q4,4.0,0.9938014149665833,1
high23575.txt_q1,4.0,0.9901949763298035,1
middle7247.txt_q2,4.0,0.9555220007896423,1
high14169.txt_q2,4.0,0.5281768441200256,1
middle5980.txt_q3,4.0,0.9999945163726807,1
high16294.txt_q3,4.0,0.9998553991317749,1
middle863.txt_q1,4.0,0.9999699592590332,1
middle7026.txt_q2,4.0,1.0,1
middle4504.txt_q0,4.0,0.9999719858169556,1
high1827.txt_q1,4.0,0.9989909529685974,1
high1368.txt_q0,4.0,0.9841277003288269,1
high4944.txt_q2,4.0,0.9998791217803955,1
high17558.txt_q0,4.0,0.9999632835388184,1
middle4472.txt_q2,4.0,0.7291931509971619,1
high1358.txt_q0,4.0,0.9937090873718262,1
high22921.txt_q2,4.0,0.9809562563896179,1
middle1004.txt_q2,4.0,0.7103837728500366,1
middle4230.txt_q1,4.0,0.9988248944282532,1
middle4344.txt_q0,4.0,0.9999716281890869,1
high19942.txt_q1,4.0,0.9998927116394043,1
high15657.txt_q2,4.0,0.9999874830245972,1
middle4496.txt_q2,4.0,0.9635350108146667,1
high23656.txt_q1,4.0,0.3826177716255188,0
high19014.txt_q0,4.0,0.9999842643737793,1
high14791.txt_q0,4.0,0.999998927116394,1
high22425.txt_q2,4.0,0.9999966621398926,1
high21849.txt_q0,4.0,0.9998476505279541,1
high3036.txt_q0,4.0,0.9943687319755554,1
middle3060.txt_q1,4.0,0.9941633343696594,1
middle7888.txt_q0,4.0,0.9998170733451843,1
high7568.txt_q2,4.0,0.6850454807281494,1
middle4421.txt_q2,4.0,0.9980489015579224,1
middle2433.txt_q3,4.0,0.9999998807907104,1
high102.txt_q0,4.0,0.9771644473075867,1
high24124.txt_q2,4.0,0.9999523162841797,1
high11661.txt_q3,4.0,0.9995624423027039,1
high15560.txt_q2,4.0,0.9999780654907227,1
high9447.txt_q3,4.0,0.9839608669281006,1
high6541.txt_q3,4.0,0.9977993369102478,1
high18822.txt_q1,4.0,0.9436153173446655,1
high5620.txt_q2,4.0,0.9974867105484009,1
middle3694.txt_q1,4.0,0.9999974966049194,1
high16865.txt_q1,4.0,0.8920184969902039,1
high2182.txt_q0,4.0,0.9981281161308289,1
middle2495.txt_q0,4.0,0.902616560459137,1
high10744.txt_q0,4.0,0.9999997615814209,1
high21014.txt_q0,4.0,0.9992169141769409,1
high15227.txt_q3,4.0,0.9997521042823792,1
high14176.txt_q0,4.0,0.9698625802993774,1
middle491.txt_q1,4.0,0.9999998807907104,1
high2750.txt_q0,4.0,0.9430437684059143,1
high14041.txt_q0,4.0,1.0,1
high18179.txt_q1,4.0,0.9999839067459106,1
high18228.txt_q0,4.0,0.9999998807907104,1
high778.txt_q1,4.0,0.9989218711853027,1
high23424.txt_q2,4.0,0.9999362230300903,1
middle838.txt_q3,4.0,0.9999964237213135,1
high21911.txt_q4,4.0,0.9999308586120605,1
high15019.txt_q3,4.0,0.9759028553962708,1
high18250.txt_q0,4.0,0.9999903440475464,1
high11933.txt_q1,4.0,0.9999431371688843,1
high19577.txt_q0,4.0,0.8455395698547363,1
middle3808.txt_q1,4.0,0.9994860887527466,1
middle233.txt_q3,4.0,0.9999990463256836,1
high22855.txt_q2,4.0,0.9998936653137207,1
middle1084.txt_q0,4.0,0.9999967813491821,1
high125.txt_q0,4.0,0.9998288154602051,1
high2327.txt_q0,4.0,0.9999988079071045,1
middle4947.txt_q3,4.0,1.0,1
high16031.txt_q0,4.0,1.0,1
middle7219.txt_q0,4.0,0.9999127388000488,1
high15987.txt_q2,4.0,0.9904621243476868,1
high21678.txt_q2,4.0,0.9280938506126404,1
high1325.txt_q0,4.0,0.6899010539054871,1
middle5312.txt_q1,4.0,0.9999995231628418,1
high18135.txt_q2,4.0,0.9814520478248596,1
high5836.txt_q0,4.0,0.5073413252830505,1
middle6878.txt_q1,4.0,0.9999995231628418,1
high8839.txt_q0,4.0,0.9998323917388916,1
high15493.txt_q0,4.0,0.9988721013069153,1
high9645.txt_q0,4.0,0.9999830722808838,1
middle2973.txt_q3,4.0,0.9999985694885254,1
high19080.txt_q1,4.0,0.999870777130127,1
high11627.txt_q0,4.0,0.9999444484710693,1
high13790.txt_q1,4.0,0.9989547729492188,1
high10164.txt_q0,4.0,0.9988250136375427,1
middle7056.txt_q2,4.0,0.9999996423721313,1
middle75.txt_q3,4.0,0.9993507266044617,1
high12301.txt_q3,4.0,0.9999957084655762,1
middle2906.txt_q3,4.0,0.9920125603675842,1
high21557.txt_q1,4.0,0.9999254941940308,1
high17346.txt_q1,4.0,0.999998927116394,1
high3918.txt_q1,4.0,0.9997925162315369,1
middle207.txt_q4,4.0,0.999778687953949,1
middle461.txt_q0,4.0,0.9999548196792603,1
high510.txt_q2,4.0,0.9998199343681335,1
high5630.txt_q1,4.0,0.9955021739006042,1
middle5664.txt_q1,4.0,0.9999998807907104,1
high20673.txt_q1,4.0,0.9994527697563171,1
high23863.txt_q0,4.0,0.9999991655349731,1
high20662.txt_q2,4.0,0.6892445683479309,1
high6037.txt_q0,4.0,0.9999997615814209,1
high1906.txt_q2,4.0,0.9995286464691162,1
middle1058.txt_q1,4.0,0.9999915361404419,1
high19699.txt_q2,4.0,0.9999829530715942,1
high19128.txt_q2,4.0,0.9701046943664551,1
high13782.txt_q3,4.0,0.999869704246521,1
high18337.txt_q1,4.0,0.7579735517501831,1
middle7313.txt_q0,4.0,0.9999980926513672,1
middle467.txt_q2,4.0,0.999995231628418,1
middle2385.txt_q3,4.0,0.9925587177276611,1
high12318.txt_q2,4.0,0.9527654051780701,1
middle30.txt_q4,4.0,1.0,1
high22155.txt_q2,4.0,0.9823023676872253,1
high13083.txt_q2,4.0,0.9945114850997925,1
high3976.txt_q3,4.0,0.9999995231628418,1
middle4427.txt_q1,4.0,1.0,1
high9681.txt_q1,4.0,0.999997615814209,1
middle1100.txt_q4,4.0,0.9976038336753845,1
middle7327.txt_q1,4.0,0.6125377416610718,1
middle2279.txt_q0,4.0,0.9999994039535522,1
high22478.txt_q0,4.0,0.9999538660049438,1
high2173.txt_q2,4.0,0.9995414018630981,1
high570.txt_q2,4.0,0.9665301442146301,1
high22775.txt_q0,4.0,0.9917953610420227,1
high21138.txt_q2,4.0,0.9979774355888367,1
high16328.txt_q3,4.0,0.9999985694885254,1
high17620.txt_q0,4.0,0.9987391829490662,1
middle5767.txt_q3,4.0,0.9999827146530151,1
high1383.txt_q0,4.0,0.995867133140564,1
middle2649.txt_q2,4.0,0.9999997615814209,1
high24052.txt_q0,4.0,0.2560872733592987,0
middle7035.txt_q1,4.0,0.8576875329017639,1
middle1313.txt_q3,4.0,0.9994848966598511,1
middle2772.txt_q3,4.0,0.7267504930496216,1
high20105.txt_q3,4.0,1.0,1
high10462.txt_q0,4.0,0.9988834261894226,1
high20874.txt_q0,4.0,0.9999728202819824,1
high6196.txt_q1,4.0,0.6541194319725037,1
middle5078.txt_q1,4.0,1.0,1
middle4691.txt_q0,4.0,0.9953663349151611,1
high804.txt_q2,4.0,0.9669904112815857,1
high11596.txt_q1,4.0,0.9999988079071045,1
high18841.txt_q1,4.0,0.5311623215675354,1
high12590.txt_q1,4.0,0.9999089241027832,1
middle7371.txt_q2,4.0,0.9759986400604248,1
high18188.txt_q2,4.0,0.999996542930603,1
high555.txt_q1,4.0,0.9999980926513672,1
high5995.txt_q0,4.0,0.9999881982803345,1
high686.txt_q2,4.0,0.9975563287734985,1
middle5829.txt_q3,4.0,0.9995386600494385,1
high6991.txt_q1,4.0,0.7659916281700134,1
high11123.txt_q3,4.0,0.9999949932098389,1
high16047.txt_q0,4.0,0.9990070462226868,1
middle7490.txt_q1,4.0,0.9490051865577698,1
high14343.txt_q0,4.0,0.9999959468841553,1
high1940.txt_q1,4.0,0.999976634979248,1
high16722.txt_q3,4.0,1.0,1
high6256.txt_q1,4.0,0.9771239161491394,1
middle6074.txt_q0,4.0,0.9194534420967102,1
high696.txt_q2,4.0,1.0,1
high5936.txt_q2,4.0,0.9417312741279602,1
middle7474.txt_q4,4.0,0.9838864207267761,1
high2656.txt_q1,4.0,0.9905401468276978,1
high23900.txt_q1,4.0,1.0,1
high17096.txt_q2,4.0,0.9926387071609497,1
middle5565.txt_q1,4.0,0.9999247789382935,1
high20347.txt_q0,4.0,0.999721348285675,1
high15301.txt_q1,4.0,0.9999912977218628,1
high23334.txt_q1,4.0,0.999438464641571,1
high9256.txt_q0,4.0,0.9997126460075378,1
high23327.txt_q2,4.0,0.9981122016906738,1
high22510.txt_q2,4.0,0.9999854564666748,1
high12707.txt_q0,4.0,0.9999405145645142,1
high1339.txt_q2,4.0,0.9984689354896545,1
high9676.txt_q0,4.0,0.4297944903373718,0
high3421.txt_q3,4.0,0.9560714364051819,1
high13476.txt_q0,4.0,0.9915341734886169,1
high11486.txt_q0,4.0,0.9939174056053162,1
high21900.txt_q2,4.0,0.9999631643295288,1
high4224.txt_q1,4.0,0.9989663362503052,1
high706.txt_q0,4.0,0.9959010481834412,1
middle2367.txt_q0,4.0,0.9999252557754517,1
high15724.txt_q0,4.0,0.9998594522476196,1
middle5865.txt_q0,4.0,0.9091418981552124,1
high20648.txt_q3,4.0,0.9905417561531067,1
high6998.txt_q1,4.0,0.9997581839561462,1
high15156.txt_q1,4.0,0.999725878238678,1
middle5982.txt_q2,4.0,0.9990646243095398,1
high17896.txt_q0,4.0,0.978807806968689,1
high2916.txt_q1,4.0,0.9999995231628418,1
high8815.txt_q4,4.0,0.740806519985199,1
middle7546.txt_q1,4.0,0.9626749753952026,1
high3621.txt_q1,4.0,0.9999136924743652,1
high16654.txt_q2,4.0,0.9990056157112122,1
middle2911.txt_q1,4.0,0.9999967813491821,1
high23349.txt_q0,4.0,0.9959447979927063,1
middle3643.txt_q3,4.0,0.9990652203559875,1
high9482.txt_q1,4.0,0.9999992847442627,1
middle1574.txt_q2,4.0,0.9999923706054688,1
high17637.txt_q2,4.0,0.9987995624542236,1
high276.txt_q1,4.0,0.9950135350227356,1
middle708.txt_q2,4.0,0.9986706972122192,1
high354.txt_q2,4.0,0.999992847442627,1
high17480.txt_q0,4.0,0.9990761280059814,1
middle5716.txt_q1,4.0,1.0,1
high22942.txt_q0,4.0,0.9998106360435486,1
high4876.txt_q0,4.0,0.9999464750289917,1
high15504.txt_q3,4.0,0.9999998807907104,1
middle1659.txt_q3,4.0,1.0,1
middle5062.txt_q0,4.0,0.9999985694885254,1
high2991.txt_q0,4.0,0.9627574682235718,1
middle7413.txt_q1,4.0,0.9948770403862,1
high22212.txt_q2,4.0,0.9945079684257507,1
high8891.txt_q1,4.0,1.0,1
high21443.txt_q1,4.0,0.9999825954437256,1
high5948.txt_q0,4.0,0.5962809324264526,1
high6935.txt_q2,4.0,0.996623158454895,1
middle1580.txt_q2,4.0,0.9999915361404419,1
high16401.txt_q0,4.0,0.9999774694442749,1
high4214.txt_q3,4.0,1.0,1
high20041.txt_q3,4.0,0.9979385733604431,1
high15298.txt_q0,4.0,0.9999943971633911,1
high16733.txt_q0,4.0,0.9323483109474182,1
high18946.txt_q1,4.0,1.0,1
high16574.txt_q2,4.0,0.9995236396789551,1
high8077.txt_q1,4.0,0.43295541405677795,1
high9531.txt_q3,4.0,0.9992870688438416,1
high11650.txt_q1,4.0,0.9999868869781494,1
middle5829.txt_q1,4.0,0.9999144077301025,1
high5772.txt_q3,4.0,0.9557302594184875,1
middle6606.txt_q1,4.0,0.9976252913475037,1
middle5003.txt_q4,4.0,0.9999997615814209,1
high6161.txt_q2,4.0,0.9812435507774353,1
high17527.txt_q3,4.0,0.9998154044151306,1
high10679.txt_q2,4.0,0.9999490976333618,1
high2728.txt_q1,4.0,0.34872758388519287,1
high8148.txt_q1,4.0,0.9961264729499817,1
high521.txt_q0,4.0,0.9999475479125977,1
middle1509.txt_q0,4.0,0.9999994039535522,1
high23685.txt_q2,4.0,0.993783712387085,1
middle2131.txt_q3,4.0,0.9999898672103882,1
high637.txt_q0,4.0,0.9452749490737915,1
high20448.txt_q0,4.0,0.973042368888855,1
high19410.txt_q3,4.0,0.9990216493606567,1
high23525.txt_q1,4.0,1.0,1
middle5475.txt_q1,4.0,0.99996018409729,1
high10423.txt_q1,4.0,0.9835034608840942,1
high14564.txt_q0,4.0,0.9999995231628418,1
middle8015.txt_q0,4.0,0.9999982118606567,1
middle2720.txt_q3,4.0,0.9990233182907104,1
middle7931.txt_q3,4.0,1.0,1
high4874.txt_q1,4.0,0.9994138479232788,1
high21751.txt_q2,4.0,0.998484194278717,1
high15471.txt_q0,4.0,0.9996626377105713,1
high7870.txt_q0,4.0,0.9999685287475586,1
high1264.txt_q2,4.0,0.9947463870048523,1
high9019.txt_q1,4.0,0.9971656203269958,1
high22759.txt_q1,4.0,0.9999788999557495,1
high17600.txt_q0,4.0,0.32750651240348816,0
high18549.txt_q2,4.0,0.9992281198501587,1
middle6693.txt_q1,4.0,0.3227389454841614,0
middle2086.txt_q1,4.0,0.994347870349884,1
high3627.txt_q1,4.0,0.9770123958587646,1
high13488.txt_q2,4.0,0.9999631643295288,1
high16809.txt_q0,4.0,0.9996457099914551,1
middle6027.txt_q3,4.0,0.9943684935569763,1
middle4339.txt_q4,4.0,0.9999748468399048,1
high17461.txt_q0,4.0,0.9808164238929749,1
high7962.txt_q0,4.0,0.9999922513961792,1
high6731.txt_q2,4.0,0.9944939017295837,1
high5434.txt_q2,4.0,0.9996737241744995,1
high3561.txt_q1,4.0,1.0,1
high21971.txt_q2,4.0,0.9999456405639648,1
high18187.txt_q1,4.0,0.9999526739120483,1
middle3076.txt_q1,4.0,0.9970337152481079,1
middle2915.txt_q2,4.0,0.9079901576042175,1
high14323.txt_q2,4.0,0.9928633570671082,1
middle6109.txt_q4,4.0,0.978363037109375,1
high8007.txt_q0,4.0,0.9972389936447144,1
high11940.txt_q3,4.0,0.8589934706687927,1
middle6335.txt_q0,4.0,0.9829581379890442,1
high20892.txt_q1,4.0,0.9169049263000488,1
high3556.txt_q1,4.0,0.9999788999557495,1
high22537.txt_q1,4.0,0.9999996423721313,1
high15241.txt_q1,4.0,0.9999433755874634,1
high23622.txt_q0,4.0,0.9826762676239014,1
high16276.txt_q2,4.0,0.9862070083618164,1
middle23.txt_q1,4.0,0.9997850060462952,1
high12839.txt_q0,4.0,0.9906949996948242,1
middle7311.txt_q1,4.0,0.9999434947967529,1
middle6991.txt_q1,4.0,0.5245977640151978,1
high1336.txt_q3,4.0,0.9999948740005493,1
middle2960.txt_q3,4.0,0.9877568483352661,1
high20830.txt_q3,4.0,0.9994981288909912,1
high2978.txt_q3,4.0,0.9999674558639526,1
middle1138.txt_q0,4.0,0.9999994039535522,1
high542.txt_q2,4.0,0.9998348951339722,1
middle464.txt_q4,4.0,0.9999254941940308,1
high12357.txt_q1,4.0,1.0,1
middle6714.txt_q0,4.0,0.9989128112792969,1
middle7488.txt_q4,4.0,0.9999984502792358,1
middle4619.txt_q3,4.0,0.8676829934120178,1
high13587.txt_q1,4.0,0.48834818601608276,1
high5671.txt_q3,4.0,0.9990656971931458,1
high23403.txt_q1,4.0,0.9996415376663208,1
high8823.txt_q1,4.0,0.99962317943573,1
high20748.txt_q4,4.0,0.9964501857757568,1
high18551.txt_q0,4.0,0.999993085861206,1
high11221.txt_q0,4.0,0.9999765157699585,1
high10517.txt_q1,4.0,0.24555756151676178,0
high19145.txt_q0,4.0,0.9960651993751526,1
middle3871.txt_q3,4.0,0.9999951124191284,1
middle550.txt_q1,4.0,0.9999954700469971,1
middle7572.txt_q1,4.0,0.9937313199043274,1
high14902.txt_q2,4.0,0.9989109039306641,1
high13645.txt_q3,4.0,0.9988330006599426,1
middle2230.txt_q2,4.0,1.0,1
high21688.txt_q0,4.0,0.7740998268127441,1
high7840.txt_q0,4.0,0.4272513687610626,1
middle3831.txt_q1,4.0,1.0,1
high18417.txt_q3,4.0,0.9921696782112122,1
middle1402.txt_q3,4.0,0.9987118244171143,1
middle4479.txt_q3,4.0,0.9999998807907104,1
middle6402.txt_q1,4.0,0.4172717332839966,1
high23299.txt_q1,4.0,0.9999945163726807,1
high6020.txt_q0,4.0,0.9999991655349731,1
middle7322.txt_q1,4.0,0.9999998807907104,1
high12721.txt_q0,4.0,0.9999518394470215,1
high9076.txt_q2,4.0,0.999995231628418,1
middle2997.txt_q2,4.0,0.7552500367164612,1
high15299.txt_q3,4.0,0.32924872636795044,0
middle7570.txt_q2,4.0,0.999997615814209,1
high21722.txt_q0,4.0,0.9999903440475464,1
high10304.txt_q1,4.0,0.9995679259300232,1
middle6030.txt_q0,4.0,0.9999997615814209,1
high18119.txt_q0,4.0,0.9999498128890991,1
high3579.txt_q0,4.0,0.999713122844696,1
middle2431.txt_q0,4.0,0.9999995231628418,1
middle6947.txt_q1,4.0,0.9999884366989136,1
high3893.txt_q1,4.0,0.9865155220031738,1
high20523.txt_q1,4.0,0.9775148034095764,1
high12512.txt_q2,4.0,0.9999974966049194,1
high20144.txt_q2,4.0,0.9998748302459717,1
high7209.txt_q0,4.0,0.999974250793457,1
high16419.txt_q3,4.0,0.999333918094635,1
middle4288.txt_q1,4.0,0.9999899864196777,1
high5710.txt_q0,4.0,0.9984506368637085,1
high1345.txt_q1,4.0,0.9999940395355225,1
middle792.txt_q4,4.0,0.9964615702629089,1
middle5585.txt_q3,4.0,1.0,1
middle5836.txt_q4,4.0,1.0,1
high10047.txt_q0,4.0,1.0,1
high13120.txt_q2,4.0,0.9923930168151855,1
high3626.txt_q0,4.0,0.9945755004882812,1
high14178.txt_q2,4.0,0.9961981177330017,1
high6358.txt_q4,4.0,0.9997288584709167,1
high10102.txt_q2,4.0,0.9844775199890137,1
high8548.txt_q0,4.0,1.0,1
high2227.txt_q0,4.0,0.9977942705154419,1
high7965.txt_q1,4.0,0.9926948547363281,1
high8704.txt_q1,4.0,0.9478272795677185,1
middle2506.txt_q1,4.0,0.6362453699111938,1
middle6148.txt_q2,4.0,0.9997925162315369,1
middle7561.txt_q4,4.0,0.9999450445175171,1
middle5007.txt_q0,4.0,0.999997615814209,1
middle5147.txt_q1,4.0,0.9955511093139648,1
high7589.txt_q1,4.0,0.8381117582321167,1
high7164.txt_q1,4.0,0.9998536109924316,1
middle8074.txt_q0,4.0,0.6044053435325623,1
middle8284.txt_q0,4.0,0.9999991655349731,1
middle4951.txt_q3,4.0,0.9997367262840271,1
middle3300.txt_q3,4.0,1.0,1
middle6760.txt_q1,4.0,0.9949855804443359,1
high1656.txt_q2,4.0,0.9999181032180786,1
high3962.txt_q3,4.0,0.9391752481460571,1
middle4295.txt_q1,4.0,0.9967978596687317,1
high9496.txt_q2,4.0,0.9997588992118835,1
middle2223.txt_q0,4.0,0.9973177313804626,1
high5014.txt_q1,4.0,0.9997987151145935,1
high22817.txt_q0,4.0,1.0,1
middle2142.txt_q3,4.0,0.9925191402435303,1
middle2329.txt_q2,4.0,0.6132180094718933,1
high22393.txt_q4,4.0,0.9999997615814209,1
middle7114.txt_q1,4.0,0.9965375661849976,1
high21413.txt_q2,4.0,0.6119565963745117,1
high22484.txt_q1,4.0,0.9988495111465454,1
high7396.txt_q1,4.0,0.9984548091888428,1
high13423.txt_q1,4.0,0.7428463101387024,1
middle566.txt_q2,4.0,0.9999681711196899,1
high6584.txt_q0,4.0,0.9998230338096619,1
high7654.txt_q0,4.0,0.9988986253738403,1
high11387.txt_q2,4.0,0.9969782829284668,1
middle2438.txt_q0,4.0,0.9999985694885254,1
high1815.txt_q4,4.0,0.9589000344276428,1
middle2705.txt_q2,4.0,0.6746727228164673,1
high14242.txt_q0,4.0,0.9995812773704529,1
high24271.txt_q2,4.0,0.9999867677688599,1
middle2532.txt_q0,4.0,0.9986481070518494,1
high21462.txt_q1,4.0,0.9999699592590332,1
high8233.txt_q3,4.0,0.9996423721313477,1
high3410.txt_q0,4.0,0.9851468205451965,1
high5700.txt_q3,4.0,0.9999536275863647,1
high22175.txt_q1,4.0,0.996684730052948,1
high2016.txt_q1,4.0,0.9999921321868896,1
high2168.txt_q3,4.0,0.9991563558578491,1
middle307.txt_q1,4.0,0.9251189827919006,1
middle7096.txt_q2,4.0,0.9999903440475464,1
high1413.txt_q3,4.0,0.12546406686306,0
high13015.txt_q0,4.0,0.9999996423721313,1
high6461.txt_q0,4.0,0.9997269511222839,1
middle767.txt_q3,4.0,0.9970815777778625,1
middle3434.txt_q3,4.0,0.9984856247901917,1
high7661.txt_q4,4.0,0.003926589619368315,0
high7339.txt_q2,4.0,0.9951808452606201,1
high21262.txt_q1,4.0,0.9998335838317871,1
middle4977.txt_q2,4.0,0.9932101368904114,1
high6890.txt_q1,4.0,0.9991760849952698,1
high20064.txt_q1,4.0,0.9985401630401611,1
high23766.txt_q1,4.0,0.9994235038757324,1
middle2040.txt_q2,4.0,0.30455219745635986,0
high6450.txt_q0,4.0,0.17215293645858765,0
high23758.txt_q2,4.0,0.1386168897151947,0
high5889.txt_q2,4.0,0.49668532609939575,1
high7321.txt_q2,4.0,0.9741031527519226,1
middle2331.txt_q4,4.0,0.999943733215332,1
middle4054.txt_q0,4.0,0.999997615814209,1
middle4205.txt_q2,4.0,0.9999637603759766,1
high4787.txt_q2,4.0,0.9899465441703796,1
high16813.txt_q0,4.0,0.9999998807907104,1
middle7787.txt_q3,4.0,0.9999977350234985,1
high22538.txt_q2,4.0,0.9999417066574097,1
middle2553.txt_q1,4.0,0.8157415390014648,1
high17327.txt_q1,4.0,0.9999852180480957,1
middle3854.txt_q3,4.0,0.9995335340499878,1
high13904.txt_q1,4.0,0.9895830154418945,1
high20802.txt_q1,4.0,0.9008644223213196,1
high21471.txt_q0,4.0,0.9992209672927856,1
middle6603.txt_q0,4.0,0.9999998807907104,1
high936.txt_q1,4.0,0.9986515641212463,1
high24141.txt_q2,4.0,0.9999943971633911,1
high21192.txt_q1,4.0,0.9989481568336487,1
high12362.txt_q2,4.0,0.9953882694244385,1
high5818.txt_q0,4.0,0.9995357990264893,1
high18059.txt_q3,4.0,0.9999885559082031,1
high2701.txt_q1,4.0,0.9978935122489929,1
middle6850.txt_q1,4.0,0.9997065663337708,1
high3868.txt_q3,4.0,0.9991432428359985,1
high14134.txt_q0,4.0,1.0,1
middle5404.txt_q1,4.0,0.9999088048934937,1
high12811.txt_q2,4.0,0.9998329877853394,1
high13387.txt_q0,4.0,0.9648100137710571,1
high12749.txt_q2,4.0,0.9999704360961914,1
high8097.txt_q2,4.0,0.9625658392906189,1
high16672.txt_q1,4.0,0.9999986886978149,1
high9804.txt_q0,4.0,0.9999969005584717,1
middle4577.txt_q0,4.0,0.9999984502792358,1
high22958.txt_q3,4.0,0.9948239326477051,1
high15988.txt_q1,4.0,0.9613175392150879,1
middle6777.txt_q1,4.0,1.0,1
middle4703.txt_q1,4.0,0.971554696559906,1
middle4477.txt_q0,4.0,0.9989245533943176,1
high16913.txt_q1,4.0,0.47028419375419617,1
middle8050.txt_q2,4.0,0.9999980926513672,1
middle1167.txt_q1,4.0,0.9998917579650879,1
middle7098.txt_q1,4.0,0.9999982118606567,1
middle7611.txt_q4,4.0,0.9999628067016602,1
high6486.txt_q2,4.0,0.9996740818023682,1
middle2671.txt_q1,4.0,0.9208124876022339,1
high10010.txt_q2,4.0,0.9999990463256836,1
high8445.txt_q1,4.0,0.9997820258140564,1
middle1020.txt_q0,4.0,0.9449297189712524,1
high7717.txt_q0,4.0,0.9999485015869141,1
middle2951.txt_q3,4.0,0.9995323419570923,1
high1879.txt_q0,4.0,0.9994276165962219,1
middle7977.txt_q3,4.0,0.9857698678970337,1
middle3181.txt_q0,4.0,0.9839434623718262,1
middle3925.txt_q1,4.0,0.9819712042808533,1
middle1624.txt_q1,4.0,0.9994968175888062,1
high18652.txt_q0,4.0,0.9999994039535522,1
high21172.txt_q0,4.0,0.9998964071273804,1
high1860.txt_q0,4.0,0.9999862909317017,1
middle6741.txt_q1,4.0,0.9999613761901855,1
middle6125.txt_q1,4.0,0.9995167255401611,1
high17663.txt_q2,4.0,0.999592125415802,1
middle6581.txt_q0,4.0,0.3548153340816498,1
middle3513.txt_q4,4.0,0.983667254447937,1
high2726.txt_q2,4.0,0.9277704358100891,1
high5168.txt_q2,4.0,0.9213546514511108,1
high2823.txt_q2,4.0,0.9999992847442627,1
high19716.txt_q1,4.0,0.9716722965240479,1
high7956.txt_q0,4.0,0.9992795586585999,1
middle7611.txt_q2,4.0,0.9994277358055115,1
high15051.txt_q1,4.0,1.0,1
middle2211.txt_q0,4.0,0.9999983310699463,1
high2025.txt_q1,4.0,0.9999995231628418,1
high14872.txt_q3,4.0,0.9999457597732544,1
middle7532.txt_q0,4.0,0.9662148952484131,1
middle1651.txt_q0,4.0,0.4798491895198822,0
high12396.txt_q2,4.0,0.9999991655349731,1
high10335.txt_q0,4.0,0.9999561309814453,1
high13560.txt_q1,4.0,0.9333058595657349,1
high13806.txt_q0,4.0,0.9947903156280518,1
middle5791.txt_q4,4.0,0.9943642616271973,1
high14845.txt_q2,4.0,0.9998470544815063,1
high16547.txt_q1,4.0,0.999998927116394,1
middle855.txt_q1,4.0,0.6032267808914185,1
high1134.txt_q0,4.0,0.8580402135848999,1
high4723.txt_q1,4.0,0.6478345990180969,1
high2907.txt_q2,4.0,0.9999957084655762,1
high16576.txt_q3,4.0,0.9999265670776367,1
middle6680.txt_q1,4.0,0.691345751285553,1
high21160.txt_q1,4.0,0.9999411106109619,1
high19981.txt_q2,4.0,0.7669596672058105,1
high13027.txt_q1,4.0,0.9999611377716064,1
high22923.txt_q2,4.0,1.0,1
high10691.txt_q2,4.0,0.999852180480957,1
high7499.txt_q2,4.0,0.9980206489562988,1
high5661.txt_q1,4.0,0.9670926332473755,1
high17922.txt_q2,4.0,0.9754519462585449,1
high16782.txt_q2,4.0,0.9999997615814209,1
high15830.txt_q2,4.0,1.0,1
high15370.txt_q1,4.0,0.9994812607765198,1
high2846.txt_q1,4.0,0.9999837875366211,1
high21490.txt_q1,4.0,0.9993199110031128,1
high22314.txt_q0,4.0,0.25285276770591736,0
high9877.txt_q2,4.0,0.9998427629470825,1
high7914.txt_q2,4.0,0.9992789626121521,1
middle7979.txt_q0,4.0,0.9999872446060181,1
high21962.txt_q1,4.0,0.6549669504165649,1
high23817.txt_q3,4.0,0.9999996423721313,1
high8493.txt_q0,4.0,0.9714345932006836,1
high5238.txt_q1,4.0,0.9999997615814209,1
high3794.txt_q1,4.0,1.0,1
middle4833.txt_q3,4.0,0.9999998807907104,1
high10084.txt_q0,4.0,0.9808500409126282,1
middle1806.txt_q2,4.0,0.9999629259109497,1
middle841.txt_q3,4.0,0.9999983310699463,1
high15171.txt_q3,4.0,0.9989140033721924,1
high20371.txt_q1,4.0,0.9997801184654236,1
high19326.txt_q0,4.0,0.9995417594909668,1
middle1333.txt_q3,4.0,0.8534555435180664,1
high19153.txt_q0,4.0,0.9996929168701172,1
middle2405.txt_q0,4.0,0.9999998807907104,1
high17187.txt_q1,4.0,0.9970985651016235,1
high21755.txt_q0,4.0,0.9999998807907104,1
high4574.txt_q3,4.0,0.999994158744812,1
high18362.txt_q1,4.0,0.9998500347137451,1
high17643.txt_q1,4.0,0.9997857213020325,1
high18964.txt_q2,4.0,0.9992049336433411,1
high1692.txt_q3,4.0,0.9999986886978149,1
high15709.txt_q2,4.0,0.9999805688858032,1
high9798.txt_q2,4.0,0.9999963045120239,1
high23882.txt_q0,4.0,0.9327447414398193,1
high10398.txt_q2,4.0,0.9999978542327881,1
high11859.txt_q1,4.0,0.2219965010881424,0
high1644.txt_q2,4.0,0.9900801777839661,1
high3232.txt_q2,4.0,0.9999998807907104,1
high23815.txt_q2,4.0,0.9969274401664734,1
high6630.txt_q1,4.0,0.9999998807907104,1
middle59.txt_q3,4.0,0.9999996423721313,1
middle3680.txt_q0,4.0,0.9999505281448364,1
high18829.txt_q1,4.0,0.9999990463256836,1
high1705.txt_q1,4.0,0.9999897480010986,1
middle6966.txt_q1,4.0,0.9998624324798584,1
high6154.txt_q0,4.0,0.9973973035812378,1
middle7263.txt_q1,4.0,0.9999271631240845,1
high22345.txt_q2,4.0,0.9952675104141235,1
middle7318.txt_q4,4.0,0.9961141347885132,1
high10680.txt_q1,4.0,0.9999920129776001,1
middle4333.txt_q1,4.0,0.9999958276748657,1
middle255.txt_q3,4.0,0.9975007176399231,1
high23057.txt_q0,4.0,0.9972906708717346,1
high746.txt_q0,4.0,0.9997591376304626,1
high24097.txt_q1,4.0,0.9999947547912598,1
high18380.txt_q1,4.0,0.7586770057678223,1
middle5418.txt_q0,4.0,0.9999957084655762,1
middle6695.txt_q3,4.0,0.9968172311782837,1
middle1644.txt_q1,4.0,0.9997633099555969,1
high9278.txt_q2,4.0,0.9997612833976746,1
middle1962.txt_q1,4.0,0.9973114728927612,1
middle8145.txt_q2,4.0,0.9999998807907104,1
high1577.txt_q2,4.0,0.8457147479057312,1
middle7499.txt_q4,4.0,0.9687256217002869,1
high23761.txt_q1,4.0,0.9769567847251892,1
high11269.txt_q2,4.0,0.9999997615814209,1
high5683.txt_q2,4.0,0.9942728877067566,1
high15527.txt_q1,4.0,0.9893631339073181,1
high21454.txt_q3,4.0,0.9997995495796204,1
high1963.txt_q0,4.0,0.8914039731025696,1
middle158.txt_q2,4.0,0.9955706000328064,1
high4302.txt_q1,4.0,0.9999977350234985,1
high17733.txt_q1,4.0,1.0,1
high19724.txt_q0,4.0,0.9944987893104553,1
high9493.txt_q0,4.0,0.9998905658721924,1
high14397.txt_q3,4.0,0.9999884366989136,1
middle7607.txt_q2,4.0,0.9999843835830688,1
middle6741.txt_q2,4.0,0.99994957447052,1
high19524.txt_q1,4.0,0.9999994039535522,1
high12423.txt_q0,4.0,0.2101411521434784,0
high539.txt_q1,4.0,0.9547459483146667,1
high4002.txt_q0,4.0,0.9999996423721313,1
high24221.txt_q3,4.0,0.8654052019119263,1
high13495.txt_q1,4.0,0.9999942779541016,1
middle4976.txt_q0,4.0,0.9976255297660828,1
middle4133.txt_q3,4.0,0.6611006259918213,1
high16311.txt_q2,4.0,0.9968517422676086,1
high11574.txt_q0,4.0,0.996013879776001,1
high22153.txt_q0,4.0,0.9910964965820312,1
high4180.txt_q2,4.0,0.9967435002326965,1
high22249.txt_q0,4.0,0.9989670515060425,1
high19695.txt_q2,4.0,0.9998810291290283,1
high1700.txt_q3,4.0,1.0,1
middle1287.txt_q3,4.0,0.9999431371688843,1
high10810.txt_q3,4.0,0.996269702911377,1
middle4152.txt_q0,4.0,0.998755693435669,1
middle77.txt_q0,4.0,0.999961256980896,1
middle273.txt_q0,4.0,0.9917569756507874,1
high21558.txt_q2,4.0,0.2598136365413666,0
high3820.txt_q2,4.0,0.9837996959686279,1
high10148.txt_q0,4.0,0.9999983310699463,1
high9973.txt_q0,4.0,0.9999996423721313,1
high322.txt_q3,4.0,0.9985343217849731,1
high8477.txt_q0,4.0,0.9999653100967407,1
middle5559.txt_q2,4.0,0.999180018901825,1
high4563.txt_q1,4.0,0.9981006979942322,1
high15060.txt_q1,4.0,0.9999887943267822,1
high12571.txt_q2,4.0,1.0,1
middle2727.txt_q3,4.0,0.9608880281448364,1
middle1410.txt_q2,4.0,0.9997698664665222,1
high21152.txt_q3,4.0,0.9999778270721436,1
high9665.txt_q1,4.0,0.9999973773956299,1
high5809.txt_q1,4.0,0.9998534917831421,1
high24106.txt_q0,4.0,0.9999055862426758,1
high21809.txt_q2,4.0,0.9999998807907104,1
high3418.txt_q1,4.0,0.9986878037452698,1
high5490.txt_q1,4.0,0.9998606443405151,1
high9694.txt_q0,4.0,0.9996322393417358,1
high18007.txt_q1,4.0,0.9999971389770508,1
high18217.txt_q3,4.0,0.9692743420600891,1
middle3570.txt_q1,4.0,0.9809503555297852,1
high4374.txt_q2,4.0,0.991331934928894,1
high2462.txt_q0,4.0,0.9990196228027344,1
middle6166.txt_q0,4.0,1.0,1
high7799.txt_q0,4.0,0.984626829624176,1
high23062.txt_q0,4.0,0.999782383441925,1
middle1389.txt_q0,4.0,0.7870859503746033,1
high8152.txt_q1,4.0,0.8549987077713013,1
high16361.txt_q3,4.0,0.9999988079071045,1
high3416.txt_q1,4.0,0.744689404964447,1
high18766.txt_q0,4.0,0.9936367273330688,1
middle4209.txt_q2,4.0,0.9999995231628418,1
middle7939.txt_q1,4.0,0.9999953508377075,1
high982.txt_q0,4.0,0.9998679161071777,1
high8165.txt_q1,4.0,0.9998676776885986,1
middle6771.txt_q0,4.0,0.9850805401802063,1
high959.txt_q3,4.0,0.9999992847442627,1
high6494.txt_q1,4.0,0.0009690290316939354,0
middle540.txt_q1,4.0,0.9991801381111145,1
high5487.txt_q0,4.0,0.9999282360076904,1
high8176.txt_q0,4.0,0.9897456169128418,1
middle799.txt_q2,4.0,0.9999977350234985,1
high8799.txt_q1,4.0,0.9229350090026855,1
middle6545.txt_q0,4.0,0.4579756557941437,1
high15341.txt_q1,4.0,0.9999293088912964,1
high18111.txt_q1,4.0,0.9995916485786438,1
high4815.txt_q0,4.0,0.9028555750846863,1
high11437.txt_q1,4.0,0.8688612580299377,1
high12785.txt_q1,4.0,0.999051034450531,1
high20200.txt_q3,4.0,0.9999592304229736,1
high21809.txt_q1,4.0,0.9975563287734985,1
high23209.txt_q0,4.0,0.9653497934341431,1
high17880.txt_q2,4.0,0.9951855540275574,1
middle2210.txt_q2,4.0,0.9992098808288574,1
middle5923.txt_q1,4.0,0.9996438026428223,1
high13614.txt_q1,4.0,0.9999991655349731,1
high5242.txt_q3,4.0,0.9999555349349976,1
high879.txt_q1,4.0,0.9844812154769897,1
middle3938.txt_q4,4.0,0.9915807843208313,1
high6443.txt_q2,4.0,0.874483585357666,1
high5182.txt_q0,4.0,0.9966403245925903,1
high21734.txt_q3,4.0,0.9992089867591858,1
high10218.txt_q0,4.0,0.9999370574951172,1
high20120.txt_q2,4.0,0.9999992847442627,1
middle2514.txt_q2,4.0,0.9999676942825317,1
high19007.txt_q2,4.0,0.9999998807907104,1
high9561.txt_q0,4.0,0.9996944665908813,1
high17881.txt_q1,4.0,0.9999992847442627,1
high4226.txt_q0,4.0,0.9984097480773926,1
high9996.txt_q1,4.0,0.9999135732650757,1
high16939.txt_q2,4.0,0.9999817609786987,1
high1369.txt_q0,4.0,1.0,1
high16971.txt_q0,4.0,0.9979225993156433,1
high2971.txt_q2,4.0,0.9360417723655701,1
high19673.txt_q0,4.0,0.9999997615814209,1
high489.txt_q1,4.0,0.9982232451438904,1
middle4750.txt_q2,4.0,1.0,1
high21480.txt_q1,4.0,0.4809607267379761,1
high5161.txt_q1,4.0,0.9999986886978149,1
high12738.txt_q1,4.0,0.9999979734420776,1
high8656.txt_q3,4.0,0.9999991655349731,1
high22298.txt_q0,4.0,0.9999809265136719,1
middle7947.txt_q2,4.0,0.9976239800453186,1
middle7654.txt_q3,4.0,0.9944717884063721,1
high21983.txt_q1,4.0,0.9997585415840149,1
high9686.txt_q3,4.0,1.0,1
high11789.txt_q2,4.0,0.9999101161956787,1
high20674.txt_q1,4.0,0.9999868869781494,1
high12565.txt_q1,4.0,0.9992177486419678,1
high7213.txt_q0,4.0,0.9949861764907837,1
high14540.txt_q2,4.0,0.999972939491272,1
middle1561.txt_q0,4.0,0.9084805846214294,1
middle4151.txt_q3,4.0,0.47568479180336,1
high10988.txt_q0,4.0,0.7560108304023743,1
high4950.txt_q0,4.0,0.2301809936761856,0
high1001.txt_q1,4.0,0.9677433967590332,1
high1053.txt_q1,4.0,0.9991753697395325,1
high5057.txt_q0,4.0,0.9996896982192993,1
high15288.txt_q2,4.0,0.961875855922699,1
high5846.txt_q0,4.0,1.0,1
high23030.txt_q1,4.0,0.9999990463256836,1
high16440.txt_q3,4.0,0.9989964365959167,1
high18483.txt_q2,4.0,0.997962474822998,1
middle7498.txt_q1,4.0,1.0,1
high10226.txt_q0,4.0,0.9958274960517883,1
middle458.txt_q3,4.0,0.9799507856369019,1
high16102.txt_q1,4.0,0.9916598200798035,1
middle273.txt_q1,4.0,0.9841753840446472,1
high772.txt_q4,4.0,0.9986804127693176,1
high15436.txt_q2,4.0,0.9995393753051758,1
high9600.txt_q1,4.0,0.7114260792732239,1
middle6994.txt_q1,4.0,0.9998186230659485,1
middle679.txt_q0,4.0,0.999775230884552,1
high13271.txt_q2,4.0,0.9999998807907104,1
middle6898.txt_q2,4.0,0.9555977582931519,1
high4707.txt_q3,4.0,0.9888328313827515,1
high19887.txt_q3,4.0,0.9588213562965393,1
high8214.txt_q3,4.0,0.9381009936332703,1
high4824.txt_q0,4.0,0.999339759349823,1
high23783.txt_q3,4.0,0.9999380111694336,1
middle5530.txt_q3,4.0,0.9932212829589844,1
high8762.txt_q1,4.0,0.9999692440032959,1
high8186.txt_q0,4.0,0.999995231628418,1
high4198.txt_q0,4.0,0.9999994039535522,1
middle2452.txt_q2,4.0,0.9993174076080322,1
high11189.txt_q1,4.0,0.9995148181915283,1
high9300.txt_q1,4.0,0.9821964502334595,1
middle2670.txt_q0,4.0,1.0,1
high15313.txt_q2,4.0,0.02135666459798813,0
high12705.txt_q1,4.0,0.9998132586479187,1
high8590.txt_q0,4.0,0.9999985694885254,1
high12104.txt_q0,4.0,0.9990498423576355,1
middle7219.txt_q3,4.0,0.9999988079071045,1
middle3294.txt_q1,4.0,0.9999994039535522,1
middle7384.txt_q1,4.0,0.9999969005584717,1
middle4976.txt_q4,4.0,0.999754011631012,1
middle6447.txt_q1,4.0,0.9978854060173035,1
high22649.txt_q0,4.0,0.9989640712738037,1
high11899.txt_q1,4.0,0.9773837327957153,1
high20948.txt_q1,4.0,0.9958868622779846,1
high13631.txt_q3,4.0,0.4661928117275238,1
high19671.txt_q0,4.0,0.9268210530281067,1
high77.txt_q2,4.0,0.999997615814209,1
high20717.txt_q2,4.0,0.9999932050704956,1
high23584.txt_q1,4.0,0.9996159076690674,1
middle2300.txt_q2,4.0,0.9974059462547302,1
high1749.txt_q0,4.0,0.9999737739562988,1
middle7465.txt_q1,4.0,0.999935507774353,1
middle1928.txt_q3,4.0,0.9832862615585327,1
high7646.txt_q2,4.0,0.9999613761901855,1
high11017.txt_q0,4.0,0.999962329864502,1
middle7617.txt_q4,4.0,0.9996410608291626,1
high23145.txt_q1,4.0,0.9999997615814209,1
middle1092.txt_q3,4.0,0.9997660517692566,1
high20975.txt_q0,4.0,0.9962499737739563,1
middle1812.txt_q1,4.0,0.8482322096824646,1
middle6717.txt_q1,4.0,0.21062913537025452,0
high23233.txt_q1,4.0,0.9980970025062561,1
middle2637.txt_q3,4.0,0.997586727142334,1
middle542.txt_q1,4.0,0.9999918937683105,1
high16628.txt_q3,4.0,0.998379111289978,1
high22683.txt_q2,4.0,0.5166406631469727,1
high6090.txt_q2,4.0,0.9968492388725281,1
high16330.txt_q3,4.0,0.9999998807907104,1
high11445.txt_q3,4.0,0.9999591112136841,1
middle2941.txt_q2,4.0,0.9999994039535522,1
high22513.txt_q1,4.0,0.999903678894043,1
high17789.txt_q2,4.0,0.99895179271698,1
high9554.txt_q1,4.0,0.9999997615814209,1
high21636.txt_q0,4.0,0.9999980926513672,1
high18407.txt_q0,4.0,1.0,1
middle748.txt_q1,4.0,0.9996058344841003,1
high16181.txt_q0,4.0,0.843955934047699,1
high22484.txt_q3,4.0,0.9844968318939209,1
high22677.txt_q2,4.0,1.0,1
high794.txt_q3,4.0,0.9999996423721313,1
high19283.txt_q0,4.0,0.9942994117736816,1
middle253.txt_q0,4.0,0.9999990463256836,1
middle4755.txt_q1,4.0,0.9999998807907104,1
high7511.txt_q1,4.0,0.9999873638153076,1
middle7081.txt_q2,4.0,0.6325057148933411,1
middle1775.txt_q0,4.0,0.8223320245742798,1
high19177.txt_q1,4.0,0.9999274015426636,1
high12415.txt_q0,4.0,0.9999765157699585,1
high11087.txt_q1,4.0,0.9995044469833374,1
middle1563.txt_q1,4.0,0.999994158744812,1
middle2593.txt_q1,4.0,0.9986114501953125,1
middle3291.txt_q3,4.0,0.9999254941940308,1
high11869.txt_q1,4.0,0.9999982118606567,1
high16642.txt_q1,4.0,0.9947465062141418,1
high11523.txt_q1,4.0,0.9997320771217346,1
high20497.txt_q3,4.0,0.998940646648407,1
high10692.txt_q2,4.0,0.999962329864502,1
middle2547.txt_q3,4.0,0.9996795654296875,1
high19637.txt_q1,4.0,0.9999198913574219,1
middle6308.txt_q3,4.0,0.9998052716255188,1
high2438.txt_q1,4.0,0.9897845387458801,1
high23327.txt_q0,4.0,0.9978413581848145,1
high18621.txt_q0,4.0,0.9942102432250977,1
middle3877.txt_q0,4.0,0.9954107403755188,1
high4670.txt_q1,4.0,0.9999337196350098,1
middle4707.txt_q2,4.0,0.9999481439590454,1
middle1635.txt_q2,4.0,0.9999998807907104,1
high19743.txt_q0,4.0,0.9984307885169983,1
high2014.txt_q0,4.0,0.9999997615814209,1
middle1945.txt_q2,4.0,0.9999958276748657,1
middle2228.txt_q0,4.0,0.9605340361595154,1
high9998.txt_q2,4.0,0.7858272790908813,1
high15257.txt_q1,4.0,0.9995517134666443,1
high15030.txt_q2,4.0,0.9991626739501953,1
high6440.txt_q1,4.0,0.9999997615814209,1
high22084.txt_q0,4.0,0.9996899366378784,1
high13429.txt_q0,4.0,1.0,1
middle5422.txt_q2,4.0,0.7492204904556274,1
high3786.txt_q3,4.0,0.9999978542327881,1
high11922.txt_q2,4.0,0.9962194561958313,1
high6169.txt_q3,4.0,0.9953153133392334,1
high13648.txt_q1,4.0,0.7523371577262878,1
high22815.txt_q0,4.0,0.999996542930603,1
high15369.txt_q2,4.0,0.9989174604415894,1
middle2630.txt_q2,4.0,0.9998489618301392,1
high16119.txt_q1,4.0,0.9999762773513794,1
high22239.txt_q1,4.0,0.9992629885673523,1
high12485.txt_q0,4.0,0.999869704246521,1
high18426.txt_q3,4.0,0.9989618062973022,1
high6842.txt_q1,4.0,0.9999994039535522,1
high2665.txt_q3,4.0,1.0,1
middle4201.txt_q4,4.0,0.8735439777374268,1
middle5234.txt_q4,4.0,0.9999921321868896,1
middle3945.txt_q0,4.0,0.9999972581863403,1
high10482.txt_q1,4.0,0.9998420476913452,1
high22499.txt_q2,4.0,0.7848614454269409,1
high3190.txt_q1,4.0,0.9999806880950928,1
high11222.txt_q0,4.0,0.9999498128890991,1
middle1354.txt_q4,4.0,0.9999942779541016,1
high19503.txt_q2,4.0,0.9999405145645142,1
middle77.txt_q3,4.0,0.9998090863227844,1
high6371.txt_q0,4.0,0.9969062209129333,1
middle7484.txt_q0,4.0,0.9994229078292847,1
high11497.txt_q3,4.0,0.9785675406455994,1
high22729.txt_q2,4.0,0.9992591738700867,1
middle5592.txt_q2,4.0,0.9999997615814209,1
high2560.txt_q1,4.0,0.9999368190765381,1
high7075.txt_q0,4.0,0.9999831914901733,1
high9432.txt_q3,4.0,0.9999932050704956,1
high4904.txt_q1,4.0,0.9999998807907104,1
middle6506.txt_q2,4.0,0.9993738532066345,1
high18179.txt_q0,4.0,0.9957161545753479,1
high23834.txt_q1,4.0,0.9989919066429138,1
high7825.txt_q0,4.0,0.9897108674049377,1
high2627.txt_q3,4.0,0.6537517309188843,1
middle4139.txt_q3,4.0,0.9989303946495056,1
middle4830.txt_q1,4.0,0.4778324067592621,1
high13019.txt_q0,4.0,0.9558097720146179,1
middle3837.txt_q1,4.0,0.9999997615814209,1
high23647.txt_q3,4.0,0.9999926090240479,1
high8366.txt_q0,4.0,0.9954728484153748,1
high11396.txt_q0,4.0,0.9870833158493042,1
high20970.txt_q1,4.0,0.9999841451644897,1
middle7452.txt_q3,4.0,0.9992652535438538,1
high1971.txt_q1,4.0,0.9743722081184387,1
middle400.txt_q3,4.0,0.8938519358634949,1
high23270.txt_q1,4.0,0.9999985694885254,1
middle3988.txt_q1,4.0,0.9999872446060181,1
high3768.txt_q2,4.0,0.9645377397537231,1
high20471.txt_q3,4.0,0.9979164004325867,1
high22685.txt_q0,4.0,0.9999982118606567,1
high12511.txt_q0,4.0,0.9982845187187195,1
high3100.txt_q1,4.0,0.9979419112205505,1
high23954.txt_q2,4.0,0.9999836683273315,1
high7776.txt_q0,4.0,0.9863229990005493,1
high21753.txt_q1,4.0,0.9294860363006592,1
high3172.txt_q3,4.0,0.9999994039535522,1
high16005.txt_q0,4.0,0.9999864101409912,1
high2109.txt_q1,4.0,0.6185810565948486,1
high10719.txt_q0,4.0,0.9999995231628418,1
high13842.txt_q0,4.0,0.9999229907989502,1
middle475.txt_q0,4.0,0.9498167037963867,1
high19810.txt_q1,4.0,0.999988317489624,1
high19865.txt_q2,4.0,0.6086152791976929,1
high4236.txt_q2,4.0,0.9999996423721313,1
high15020.txt_q2,4.0,0.9999154806137085,1
high1163.txt_q0,4.0,0.9999489784240723,1
high14787.txt_q0,4.0,0.9957696199417114,1
middle3881.txt_q4,4.0,0.9993775486946106,1
middle1541.txt_q2,4.0,0.9735759496688843,1
high15031.txt_q2,4.0,0.9966069459915161,1
high12242.txt_q0,4.0,0.9881141781806946,1
high710.txt_q1,4.0,0.9999393224716187,1
high19812.txt_q1,4.0,0.9980725049972534,1
middle1815.txt_q1,4.0,0.9999619722366333,1
high20769.txt_q0,4.0,0.9999405145645142,1
middle628.txt_q3,4.0,0.9967312812805176,1
high20181.txt_q2,4.0,0.8714516758918762,1
high18397.txt_q0,4.0,0.9372894167900085,1
middle2304.txt_q2,4.0,0.9999957084655762,1
middle3748.txt_q2,4.0,0.9999880790710449,1
middle6668.txt_q0,4.0,0.9999173879623413,1
high229.txt_q0,4.0,0.9999890327453613,1
middle2029.txt_q2,4.0,0.35567593574523926,1
high9892.txt_q3,4.0,0.999995231628418,1
high17732.txt_q1,4.0,0.9999939203262329,1
high6325.txt_q1,4.0,0.9996626377105713,1
middle1414.txt_q3,4.0,0.9999691247940063,1
high24060.txt_q1,4.0,0.9913334250450134,1
middle7153.txt_q1,4.0,0.9994919300079346,1
high11398.txt_q1,4.0,0.9999148845672607,1
high5962.txt_q3,4.0,1.0,1
high10345.txt_q0,4.0,0.9976546764373779,1
high20720.txt_q2,4.0,0.49559012055397034,1
high4119.txt_q0,4.0,0.9999231100082397,1
middle1955.txt_q2,4.0,0.9999992847442627,1
middle3014.txt_q0,4.0,0.9999532699584961,1
middle5178.txt_q1,4.0,0.9999997615814209,1
middle1027.txt_q1,4.0,0.9992423057556152,1
middle5955.txt_q2,4.0,0.9995571970939636,1
high13798.txt_q0,4.0,0.9997032284736633,1
middle7343.txt_q0,4.0,0.9999940395355225,1
high15369.txt_q1,4.0,0.9359637498855591,1
high6339.txt_q2,4.0,0.24613769352436066,0
high3294.txt_q3,4.0,0.9915274977684021,1
high22999.txt_q3,4.0,0.9359998106956482,1
high20881.txt_q1,4.0,0.9999939203262329,1
high5894.txt_q3,4.0,0.9999500513076782,1
middle6431.txt_q3,4.0,0.9998354911804199,1
high21202.txt_q1,4.0,0.9875117540359497,1
high17716.txt_q3,4.0,0.5415424704551697,1
middle7982.txt_q2,4.0,0.9995688796043396,1
high13800.txt_q0,4.0,0.9793236255645752,1
high13316.txt_q0,4.0,0.9998447895050049,1
high23425.txt_q1,4.0,0.9999998807907104,1
middle5793.txt_q0,4.0,0.9999862909317017,1
middle25.txt_q3,4.0,0.9999997615814209,1
high7915.txt_q0,4.0,0.9999979734420776,1
middle7721.txt_q2,4.0,0.9616149067878723,1
high18975.txt_q0,4.0,0.9961296319961548,1
high8261.txt_q3,4.0,0.9999920129776001,1
high24104.txt_q3,4.0,0.9999188184738159,1
high15376.txt_q1,4.0,0.9931305050849915,1
high14834.txt_q3,4.0,0.9982268214225769,1
high630.txt_q3,4.0,0.7216038703918457,1
middle3445.txt_q2,4.0,0.9964941143989563,1
high239.txt_q2,4.0,0.9996103644371033,1
middle1770.txt_q1,4.0,0.9991438388824463,1
middle2029.txt_q1,4.0,0.9992640614509583,1
high3104.txt_q4,4.0,0.9991549253463745,1
middle2150.txt_q3,4.0,0.9999984502792358,1
high7077.txt_q2,4.0,0.3153678774833679,0
high6601.txt_q1,4.0,0.999957799911499,1
high17113.txt_q1,4.0,0.9999692440032959,1
high23954.txt_q0,4.0,0.9995736479759216,1
middle7733.txt_q0,4.0,0.9999921321868896,1
middle1475.txt_q2,4.0,0.9903035759925842,1
middle3944.txt_q1,4.0,0.9998503923416138,1
high8518.txt_q2,4.0,1.0,1
high13449.txt_q0,4.0,0.9173790812492371,1
high21026.txt_q3,4.0,1.0,1
middle634.txt_q2,4.0,0.9999797344207764,1
middle1033.txt_q2,4.0,0.9999955892562866,1
middle2328.txt_q1,4.0,0.45826271176338196,1
middle503.txt_q0,4.0,0.9998136162757874,1
middle317.txt_q3,4.0,0.9995889067649841,1
high16019.txt_q0,4.0,0.9979244470596313,1
middle2807.txt_q0,4.0,0.9984018206596375,1
middle1057.txt_q2,4.0,0.9998155236244202,1
middle7596.txt_q1,4.0,0.9932101368904114,1
middle3324.txt_q3,4.0,0.991138756275177,1
high15868.txt_q1,4.0,0.961319088935852,1
high850.txt_q2,4.0,0.46541109681129456,0
middle7874.txt_q2,4.0,0.9990801811218262,1
high21577.txt_q1,4.0,0.9998692274093628,1
high23959.txt_q1,4.0,0.9999333620071411,1
middle5365.txt_q4,4.0,0.9993345141410828,1
high2510.txt_q3,4.0,0.955913782119751,1
middle6797.txt_q4,4.0,0.2697160542011261,0
middle5951.txt_q3,4.0,0.9999339580535889,1
high6719.txt_q3,4.0,0.9999926090240479,1
high2479.txt_q2,4.0,0.997448742389679,1
high21377.txt_q0,4.0,0.9999010562896729,1
middle7627.txt_q3,4.0,0.9696105718612671,1
high18191.txt_q0,4.0,0.9999865293502808,1
high22099.txt_q3,4.0,0.9999990463256836,1
high11975.txt_q1,4.0,0.9302946329116821,1
high16838.txt_q1,4.0,0.2836487293243408,0
middle3813.txt_q0,4.0,0.9999659061431885,1
high3506.txt_q0,4.0,0.9987315535545349,1
high4021.txt_q2,4.0,0.9887170791625977,1
middle4680.txt_q4,4.0,0.9896542429924011,1
high3923.txt_q2,4.0,0.99994957447052,1
middle7584.txt_q4,4.0,0.9999980926513672,1
high21595.txt_q2,4.0,0.9757739901542664,1
middle5781.txt_q1,4.0,1.0,1
high23814.txt_q1,4.0,0.9610796570777893,1
middle107.txt_q0,4.0,1.0,1
high793.txt_q0,4.0,0.9998582601547241,1
high997.txt_q3,4.0,0.9999138116836548,1
high11820.txt_q1,4.0,0.999940037727356,1
middle2956.txt_q2,4.0,0.9996894598007202,1
high22498.txt_q0,4.0,0.9999818801879883,1
high4221.txt_q2,4.0,0.9993341565132141,1
high12371.txt_q0,4.0,0.9791570901870728,1
middle1669.txt_q0,4.0,0.9999992847442627,1
high17062.txt_q1,4.0,0.9998946189880371,1
high1619.txt_q1,4.0,0.44836705923080444,1
high19495.txt_q2,4.0,0.9292755126953125,1
middle7821.txt_q1,4.0,0.9976365566253662,1
high21073.txt_q1,4.0,0.9905377626419067,1
middle4208.txt_q1,4.0,0.9999994039535522,1
high2525.txt_q2,4.0,0.9992307424545288,1
middle773.txt_q0,4.0,0.999626636505127,1
middle2403.txt_q2,4.0,0.5681317448616028,1
high3526.txt_q0,4.0,0.9685632586479187,1
high23013.txt_q2,4.0,0.9999969005584717,1
middle1943.txt_q2,4.0,0.906611442565918,1
high9361.txt_q1,4.0,0.9998910427093506,1
middle4835.txt_q3,4.0,0.9998131394386292,1
middle2940.txt_q0,4.0,0.9900658130645752,1
high5578.txt_q0,4.0,0.9998873472213745,1
high23820.txt_q2,4.0,0.9960830211639404,1
high18176.txt_q2,4.0,0.8288828134536743,1
high13002.txt_q0,4.0,0.999998927116394,1
middle3734.txt_q0,4.0,0.9999526739120483,1
high15257.txt_q3,4.0,0.9994574189186096,1
middle2998.txt_q2,4.0,0.9999991655349731,1
high9209.txt_q1,4.0,0.9989727735519409,1
high766.txt_q2,4.0,0.9235080480575562,1
middle433.txt_q0,4.0,0.9999208450317383,1
middle7787.txt_q4,4.0,0.999138355255127,1
high9773.txt_q0,4.0,0.9692134261131287,1
high9665.txt_q2,4.0,0.9185532927513123,1
high15109.txt_q1,4.0,0.6221514940261841,1
high6203.txt_q0,4.0,0.9999998807907104,1
high12586.txt_q2,4.0,0.9905885457992554,1
middle7227.txt_q3,4.0,0.9062624573707581,1
middle3715.txt_q3,4.0,1.0,1
middle5848.txt_q0,4.0,0.992440938949585,1
middle2411.txt_q1,4.0,0.9976396560668945,1
high6886.txt_q0,4.0,0.9952870607376099,1
high19714.txt_q1,4.0,0.2619193196296692,0
high21144.txt_q0,4.0,0.9999593496322632,1
high19180.txt_q0,4.0,0.9999370574951172,1
high8888.txt_q2,4.0,1.0,1
high16064.txt_q1,4.0,0.9999558925628662,1
high971.txt_q2,4.0,0.9999955892562866,1
high22047.txt_q3,4.0,0.9967177510261536,1
high8660.txt_q3,4.0,0.9539056420326233,1
high8124.txt_q0,4.0,0.9999781847000122,1
high4238.txt_q0,4.0,0.9995054006576538,1
high1202.txt_q2,4.0,0.9995766282081604,1
high22739.txt_q1,4.0,0.9992085099220276,1
high14870.txt_q0,4.0,0.9999998807907104,1
high7622.txt_q2,4.0,0.9998854398727417,1
high4133.txt_q0,4.0,0.9998306035995483,1
high7728.txt_q2,4.0,1.0,1
middle5905.txt_q1,4.0,0.9993057250976562,1
high16856.txt_q2,4.0,0.9999468326568604,1
high1636.txt_q3,4.0,0.9998878240585327,1
high21189.txt_q1,4.0,0.9997358918190002,1
middle7006.txt_q0,4.0,0.9999997615814209,1
high607.txt_q0,4.0,0.9989101886749268,1
middle2628.txt_q0,4.0,0.9975213408470154,1
high14377.txt_q1,4.0,0.9775006175041199,1
middle2773.txt_q0,4.0,0.9999884366989136,1
high19300.txt_q0,4.0,0.9999992847442627,1
high24271.txt_q1,4.0,0.9996649026870728,1
high4885.txt_q1,4.0,0.9992160797119141,1
high16310.txt_q0,4.0,0.9926355481147766,1
high14786.txt_q1,4.0,0.9999948740005493,1
high14215.txt_q0,4.0,0.03463038429617882,0
high6548.txt_q1,4.0,1.0,1
middle850.txt_q2,4.0,0.9967522621154785,1
high22053.txt_q0,4.0,0.9998607635498047,1
high15727.txt_q1,4.0,0.9996721744537354,1
high12128.txt_q1,4.0,0.999839186668396,1
middle257.txt_q1,4.0,0.9757750034332275,1
high8741.txt_q1,4.0,0.9992399215698242,1
high5714.txt_q1,4.0,0.5325151085853577,1
high18561.txt_q4,4.0,0.9997841715812683,1
middle7639.txt_q0,4.0,0.9999979734420776,1
high5583.txt_q1,4.0,0.986781895160675,1
high2531.txt_q2,4.0,0.9999986886978149,1
high17625.txt_q3,4.0,0.989231526851654,1
middle7704.txt_q3,4.0,1.0,1
high3911.txt_q1,4.0,0.9965956807136536,1
high22877.txt_q3,4.0,0.9999617338180542,1
middle8011.txt_q2,4.0,0.9999978542327881,1
high9085.txt_q3,4.0,0.9999997615814209,1
middle4.txt_q3,4.0,0.9998689889907837,1
high16963.txt_q2,4.0,0.9999386072158813,1
high1666.txt_q2,4.0,0.9999654293060303,1
middle6465.txt_q3,4.0,0.9996668100357056,1
high2041.txt_q0,4.0,0.9999817609786987,1
middle5118.txt_q0,4.0,0.9999793767929077,1
middle7812.txt_q0,4.0,0.16825608909130096,0
middle5159.txt_q4,4.0,0.999976634979248,1
high6108.txt_q1,4.0,0.9900026321411133,1
high1540.txt_q1,4.0,0.9705811738967896,1
high2126.txt_q1,4.0,0.9949361085891724,1
high19910.txt_q1,4.0,0.9999675750732422,1
middle166.txt_q3,4.0,0.9998880624771118,1
high2677.txt_q2,4.0,0.9999986886978149,1
high18201.txt_q1,4.0,0.9979912042617798,1
high1805.txt_q0,4.0,0.9955803751945496,1
middle7651.txt_q3,4.0,0.998559296131134,1
high23765.txt_q2,4.0,0.9962701797485352,1
high15204.txt_q4,4.0,0.9999988079071045,1
high10396.txt_q3,4.0,0.9999998807907104,1
high18983.txt_q2,4.0,0.9999560117721558,1
high16813.txt_q2,4.0,0.9999334812164307,1
high1886.txt_q1,4.0,0.9457622766494751,1
high1003.txt_q1,4.0,0.6184043288230896,1
high4157.txt_q1,4.0,0.9995697140693665,1
middle715.txt_q1,4.0,0.9999964237213135,1
high7116.txt_q1,4.0,0.9996527433395386,1
middle574.txt_q0,4.0,0.9999997615814209,1
high5655.txt_q0,4.0,0.9998558759689331,1
high3271.txt_q1,4.0,0.31991633772850037,0
middle6681.txt_q2,4.0,0.9999997615814209,1
high18682.txt_q0,4.0,0.8990239500999451,1
high9242.txt_q3,4.0,0.9999966621398926,1
high14349.txt_q0,4.0,0.9979647397994995,1
middle6342.txt_q0,4.0,0.9999979734420776,1
high6418.txt_q3,4.0,0.9986817240715027,1
high5260.txt_q0,4.0,0.999997615814209,1
high11008.txt_q3,4.0,0.9957494735717773,1
middle2992.txt_q2,4.0,0.999789297580719,1
high15960.txt_q3,4.0,0.99998939037323,1
high4264.txt_q2,4.0,0.9995232820510864,1
high8572.txt_q0,4.0,0.9999496936798096,1
middle997.txt_q2,4.0,0.9992951154708862,1
middle1336.txt_q1,4.0,0.9454497694969177,1
high10780.txt_q1,4.0,0.9991869330406189,1
high11430.txt_q1,4.0,0.9994285702705383,1
high12909.txt_q1,4.0,0.999962568283081,1
high14713.txt_q1,4.0,0.9016067981719971,1
middle7876.txt_q1,4.0,1.0,1
high20901.txt_q2,4.0,0.9983036518096924,1
middle5574.txt_q4,4.0,0.9999982118606567,1
high4429.txt_q1,4.0,0.9999741315841675,1
high5387.txt_q0,4.0,0.9615082144737244,1
high11613.txt_q0,4.0,0.7989751100540161,1
high23651.txt_q1,4.0,0.9491097927093506,1
high14101.txt_q1,4.0,0.7390665411949158,1
high6484.txt_q0,4.0,0.9078124165534973,1
middle7488.txt_q2,4.0,1.0,1
high3876.txt_q2,4.0,0.9831868410110474,1
middle232.txt_q1,4.0,0.9999994039535522,1
middle5898.txt_q4,4.0,0.9999997615814209,1
middle3743.txt_q1,4.0,0.9999918937683105,1
high1114.txt_q0,4.0,0.9979943037033081,1
high19499.txt_q3,4.0,0.9940552711486816,1
high3652.txt_q1,4.0,0.9988344311714172,1
middle8203.txt_q1,4.0,1.0,1
middle2278.txt_q3,4.0,0.9999998807907104,1
high23118.txt_q4,4.0,0.9999997615814209,1
high20934.txt_q1,4.0,0.9989306330680847,1
high3814.txt_q0,4.0,0.9999964237213135,1
high7187.txt_q2,4.0,0.9956775307655334,1
high3602.txt_q0,4.0,0.9986088871955872,1
high22144.txt_q2,4.0,0.9998202919960022,1
high2068.txt_q0,4.0,0.9998806715011597,1
middle6418.txt_q4,4.0,0.9999876022338867,1
high17999.txt_q1,4.0,0.9999555349349976,1
high21460.txt_q1,4.0,0.9996256828308105,1
high11326.txt_q2,4.0,0.7045936584472656,1
high14274.txt_q2,4.0,0.9999997615814209,1
high19363.txt_q0,4.0,0.9999947547912598,1
high11936.txt_q0,4.0,0.9990994930267334,1
high9392.txt_q0,4.0,0.28559908270835876,1
middle4094.txt_q2,4.0,0.9999902248382568,1
high21383.txt_q0,4.0,0.9831601977348328,1
high10899.txt_q1,4.0,0.998145341873169,1
middle2220.txt_q4,4.0,0.9986761212348938,1
high13294.txt_q1,4.0,0.8998504877090454,1
middle1460.txt_q3,4.0,0.999984860420227,1
middle1754.txt_q2,4.0,1.0,1
middle4571.txt_q3,4.0,0.9999523162841797,1
middle3115.txt_q1,4.0,0.9998922348022461,1
high10123.txt_q1,4.0,0.9999995231628418,1
high7030.txt_q1,4.0,0.011292105540633202,0
middle6050.txt_q1,4.0,0.04482867568731308,0
high524.txt_q1,4.0,0.999763548374176,1
high15523.txt_q0,4.0,0.9994809031486511,1
middle6301.txt_q0,4.0,0.999708354473114,1
middle8223.txt_q4,4.0,0.9798827767372131,1
high1962.txt_q1,4.0,0.9848597645759583,1
high1610.txt_q0,4.0,0.9997368454933167,1
high9860.txt_q1,4.0,1.0,1
middle2519.txt_q1,4.0,1.0,1
high2832.txt_q2,4.0,0.4721134901046753,1
high19929.txt_q1,4.0,0.9718427062034607,1
high19328.txt_q2,4.0,0.9283782839775085,1
middle3927.txt_q4,4.0,0.9999980926513672,1
middle6807.txt_q3,4.0,0.9868796467781067,1
high1989.txt_q0,4.0,0.9999942779541016,1
high13630.txt_q1,4.0,0.9987614154815674,1
high20561.txt_q4,4.0,0.9990854263305664,1
high6218.txt_q2,4.0,0.9981714487075806,1
middle5289.txt_q0,4.0,0.9999988079071045,1
middle2622.txt_q1,4.0,0.9999977350234985,1
middle5382.txt_q0,4.0,0.9999387264251709,1
middle7086.txt_q1,4.0,0.9976494908332825,1
middle7701.txt_q3,4.0,0.9830217361450195,1
high3162.txt_q2,4.0,0.9998568296432495,1
high5606.txt_q1,4.0,0.9718465209007263,1
high1505.txt_q0,4.0,0.9230267405509949,1
high23670.txt_q0,4.0,1.0,1
high12411.txt_q2,4.0,0.9988147020339966,1
high7554.txt_q3,4.0,0.9994814991950989,1
high10562.txt_q0,4.0,0.9825432896614075,1
middle418.txt_q1,4.0,0.9998284578323364,1
middle3166.txt_q0,4.0,0.9998911619186401,1
middle4316.txt_q2,4.0,0.999861478805542,1
middle555.txt_q2,4.0,0.9977436065673828,1
high7953.txt_q1,4.0,0.9248842000961304,1
high18129.txt_q1,4.0,0.9999731779098511,1
high20502.txt_q1,4.0,0.9999997615814209,1
high22462.txt_q4,4.0,0.9999878406524658,1
high17404.txt_q4,4.0,0.9999998807907104,1
high6046.txt_q0,4.0,0.9977450370788574,1
high3955.txt_q0,4.0,0.9999830722808838,1
middle5635.txt_q0,4.0,0.9924319982528687,1
middle2853.txt_q2,4.0,0.9998830556869507,1
high9283.txt_q2,4.0,0.999301552772522,1
middle6672.txt_q2,4.0,0.39283332228660583,0
high6234.txt_q2,4.0,0.9996415376663208,1
high8804.txt_q3,4.0,0.9999721050262451,1
high17615.txt_q1,4.0,0.9999825954437256,1
high5254.txt_q3,4.0,0.9910985827445984,1
middle6016.txt_q3,4.0,0.9999978542327881,1
middle7303.txt_q1,4.0,0.9999996423721313,1
high23943.txt_q1,4.0,0.9997391104698181,1
middle3933.txt_q1,4.0,0.9999775886535645,1
high5638.txt_q3,4.0,0.9985876083374023,1
middle2639.txt_q3,4.0,1.0,1
middle7780.txt_q3,4.0,0.9785676598548889,1
high5249.txt_q1,4.0,0.9998613595962524,1
high15758.txt_q0,4.0,0.9999245405197144,1
middle896.txt_q3,4.0,0.9999988079071045,1
high616.txt_q1,4.0,0.9999659061431885,1
high16410.txt_q0,4.0,0.9999997615814209,1
high15607.txt_q1,4.0,0.9998185038566589,1
high13561.txt_q0,4.0,0.9999908208847046,1
high2324.txt_q0,4.0,0.99993896484375,1
high8559.txt_q1,4.0,0.9999995231628418,1
high8618.txt_q0,4.0,0.9999312162399292,1
high21137.txt_q3,4.0,0.9843445420265198,1
high13023.txt_q2,4.0,0.9837489128112793,1
middle7254.txt_q0,4.0,0.9999134540557861,1
middle2286.txt_q1,4.0,0.9895650148391724,1
high8588.txt_q1,4.0,0.9987384676933289,1
middle7355.txt_q4,4.0,0.9999008178710938,1
high4635.txt_q0,4.0,0.8052789568901062,1
high20010.txt_q1,4.0,0.9692190289497375,1
high10705.txt_q2,4.0,0.9999711513519287,1
middle4608.txt_q2,4.0,0.9997685551643372,1
high18018.txt_q1,4.0,0.9999351501464844,1
high22131.txt_q0,4.0,0.9999308586120605,1
middle1113.txt_q0,4.0,0.9999996423721313,1
high19504.txt_q1,4.0,0.9999910593032837,1
middle4781.txt_q1,4.0,1.0,1
high2520.txt_q3,4.0,0.9800111055374146,1
middle6674.txt_q1,4.0,0.3652951717376709,0
middle3530.txt_q3,4.0,0.9998841285705566,1
middle8106.txt_q2,4.0,0.9969817996025085,1
high13118.txt_q0,4.0,0.962119460105896,1
high41.txt_q1,4.0,0.9999840259552002,1
middle6982.txt_q0,4.0,0.9989350438117981,1
high12994.txt_q1,4.0,0.9956257343292236,1
high8529.txt_q1,4.0,0.999988317489624,1
high19131.txt_q0,4.0,0.9974763989448547,1
middle4212.txt_q3,4.0,0.9993554949760437,1
middle3214.txt_q3,4.0,0.9998961687088013,1
high19885.txt_q1,4.0,0.9966405630111694,1
high12894.txt_q0,4.0,0.9996321201324463,1
high3758.txt_q3,4.0,1.0,1
high18042.txt_q1,4.0,0.9997610449790955,1
high5356.txt_q1,4.0,0.9999943971633911,1
high24268.txt_q1,4.0,0.999403715133667,1
middle4040.txt_q2,4.0,0.9997420907020569,1
middle5926.txt_q1,4.0,0.9999997615814209,1
high11127.txt_q2,4.0,0.9999600648880005,1
middle2791.txt_q4,4.0,0.9999998807907104,1
high12509.txt_q2,4.0,0.3432583510875702,1
high11529.txt_q1,4.0,0.9955207109451294,1
middle6936.txt_q1,4.0,0.9999998807907104,1
high3687.txt_q3,4.0,0.9964483976364136,1
high7335.txt_q1,4.0,0.9983916878700256,1
high15920.txt_q1,4.0,0.9632942080497742,1
middle3697.txt_q2,4.0,0.28422942757606506,0
high18786.txt_q3,4.0,0.9996942281723022,1
high10713.txt_q0,4.0,0.9999619722366333,1
high17419.txt_q2,4.0,0.9995506405830383,1
middle3489.txt_q0,4.0,0.9975167512893677,1
high20092.txt_q1,4.0,0.9999949932098389,1
high15330.txt_q1,4.0,0.9995942711830139,1
middle664.txt_q1,4.0,0.9979305267333984,1
high14133.txt_q2,4.0,0.9997618794441223,1
middle4448.txt_q2,4.0,0.9999995231628418,1
middle3938.txt_q2,4.0,1.0,1
middle4745.txt_q0,4.0,0.9993094205856323,1
high18838.txt_q0,4.0,0.9999921321868896,1
high22005.txt_q3,4.0,0.9999997615814209,1
middle7736.txt_q1,4.0,0.9999465942382812,1
high14895.txt_q1,4.0,0.9999805688858032,1
high7678.txt_q1,4.0,0.9924179315567017,1
high4630.txt_q1,4.0,0.9106231927871704,1
high733.txt_q0,4.0,0.9999938011169434,1
high19314.txt_q0,4.0,0.9994990825653076,1
high12436.txt_q3,4.0,0.9999988079071045,1
middle4888.txt_q3,4.0,0.9990248680114746,1
high15227.txt_q1,4.0,0.9998433589935303,1
high1919.txt_q2,4.0,1.0,1
middle6132.txt_q1,4.0,0.9999759197235107,1
high19123.txt_q1,4.0,0.9051042199134827,1
middle6895.txt_q3,4.0,0.8419405221939087,1
high10502.txt_q2,4.0,0.8352107405662537,1
middle3937.txt_q1,4.0,0.996701180934906,1
middle1601.txt_q4,4.0,0.999988317489624,1
middle6623.txt_q1,4.0,1.0,1
middle186.txt_q3,4.0,0.9778262376785278,1
high10675.txt_q3,4.0,0.7987720966339111,1
high20702.txt_q1,4.0,0.9814457297325134,1
high16762.txt_q3,4.0,0.13795588910579681,0
high22366.txt_q1,4.0,0.9998492002487183,1
high19970.txt_q1,4.0,0.9988870024681091,1
high3124.txt_q1,4.0,0.987311601638794,1
high21889.txt_q3,4.0,0.999808132648468,1
high23894.txt_q0,4.0,0.9999065399169922,1
high1957.txt_q3,4.0,0.9999949932098389,1
high1593.txt_q2,4.0,0.6543728113174438,1
high1824.txt_q0,4.0,0.9999513626098633,1
middle2738.txt_q4,4.0,0.9860876202583313,1
middle1754.txt_q3,4.0,0.9704166054725647,1
high11358.txt_q2,4.0,0.9990875720977783,1
high2687.txt_q0,4.0,0.9999955892562866,1
high21944.txt_q1,4.0,0.9999831914901733,1
high9585.txt_q0,4.0,0.9999953508377075,1
high669.txt_q0,4.0,0.9997428059577942,1
middle7004.txt_q0,4.0,1.0,1
middle1600.txt_q0,4.0,0.9999997615814209,1
high20232.txt_q0,4.0,0.9999645948410034,1
high5935.txt_q0,4.0,0.9957762360572815,1
high11735.txt_q1,4.0,0.009242616593837738,0
middle3983.txt_q4,4.0,0.7797197103500366,1
middle4978.txt_q0,4.0,1.0,1
middle6181.txt_q1,4.0,0.8685480952262878,1
middle2534.txt_q2,4.0,0.33429649472236633,0
high23591.txt_q2,4.0,0.9957131147384644,1
high6375.txt_q1,4.0,0.999994158744812,1
middle7822.txt_q3,4.0,0.9996471405029297,1
high17586.txt_q1,4.0,0.9985260367393494,1
high4846.txt_q1,4.0,0.9999909400939941,1
middle3261.txt_q4,4.0,0.7261834740638733,1
high18608.txt_q1,4.0,0.9999840259552002,1
high8751.txt_q0,4.0,0.9999929666519165,1
high15621.txt_q1,4.0,0.9998680353164673,1
high9925.txt_q0,4.0,0.9888910055160522,1
middle4611.txt_q0,4.0,0.999431312084198,1
high11595.txt_q2,4.0,0.9994288086891174,1
middle1000.txt_q4,4.0,0.9999973773956299,1
high3670.txt_q3,4.0,1.0,1
high12345.txt_q0,4.0,0.9999940395355225,1
high13559.txt_q2,4.0,0.9885729551315308,1
middle3646.txt_q4,4.0,0.8336352705955505,1
middle264.txt_q2,4.0,1.0,1
high22962.txt_q3,4.0,0.930759847164154,1
high9096.txt_q1,4.0,0.999523401260376,1
high5644.txt_q2,4.0,0.9999765157699585,1
high2813.txt_q0,4.0,0.999660849571228,1
middle5000.txt_q1,4.0,1.0,1
middle6980.txt_q1,4.0,1.0,1
high14269.txt_q0,4.0,0.8733405470848083,1
high16356.txt_q0,4.0,0.9994404911994934,1
high1847.txt_q1,4.0,0.9999986886978149,1
high20937.txt_q0,4.0,0.9973853230476379,1
middle2846.txt_q2,4.0,0.9997130036354065,1
middle3433.txt_q2,4.0,0.9968993663787842,1
high1892.txt_q0,4.0,0.9747689366340637,1
middle2960.txt_q1,4.0,0.9964001178741455,1
high11294.txt_q1,4.0,0.9999948740005493,1
high8121.txt_q1,4.0,0.9962027668952942,1
high15857.txt_q2,4.0,0.9999535083770752,1
middle2313.txt_q2,4.0,0.7802965044975281,1
high14229.txt_q0,4.0,0.9913679957389832,1
high21689.txt_q2,4.0,0.9998213648796082,1
middle4345.txt_q1,4.0,0.998134970664978,1
middle1897.txt_q1,4.0,0.9999496936798096,1
high10576.txt_q2,4.0,0.9999995231628418,1
high7846.txt_q1,4.0,0.9999997615814209,1
middle4509.txt_q2,4.0,0.9999958276748657,1
high12082.txt_q0,4.0,0.9999996423721313,1
middle3107.txt_q2,4.0,0.9988226294517517,1
high19382.txt_q1,4.0,0.9999699592590332,1
high12299.txt_q3,4.0,0.6849617958068848,1
high4099.txt_q3,4.0,0.999921441078186,1
high5884.txt_q3,4.0,0.9857355952262878,1
middle1271.txt_q4,4.0,0.7662525773048401,1
middle4644.txt_q0,4.0,0.9999853372573853,1
middle7239.txt_q1,4.0,0.9999992847442627,1
high20170.txt_q3,4.0,0.9999991655349731,1
high7952.txt_q2,4.0,0.9999994039535522,1
middle6031.txt_q2,4.0,0.3683697283267975,0
high6486.txt_q0,4.0,0.9989112615585327,1
high15341.txt_q0,4.0,0.9998255372047424,1
middle8209.txt_q2,4.0,0.9998877048492432,1
middle4419.txt_q1,4.0,0.9929203391075134,1
high12040.txt_q1,4.0,0.9991024732589722,1
middle2287.txt_q1,4.0,0.999934196472168,1
high16269.txt_q1,4.0,0.9999970197677612,1
high7647.txt_q0,4.0,0.9944350719451904,1
high3489.txt_q0,4.0,0.9999984502792358,1
middle4543.txt_q1,4.0,0.9999920129776001,1
high6146.txt_q1,4.0,0.9923920035362244,1
high22642.txt_q0,4.0,0.999998927116394,1
middle4397.txt_q4,4.0,0.9999881982803345,1
high10274.txt_q3,4.0,0.9999518394470215,1
middle857.txt_q0,4.0,0.9997369647026062,1
high12959.txt_q1,4.0,0.9985421895980835,1
high23275.txt_q3,4.0,0.997694194316864,1
high14676.txt_q0,4.0,0.9998332262039185,1
high15872.txt_q1,4.0,0.9999390840530396,1
high21336.txt_q0,4.0,0.8684132695198059,1
middle2122.txt_q0,4.0,0.996695876121521,1
high226.txt_q0,4.0,0.4471709132194519,1
high21266.txt_q3,4.0,0.9993428587913513,1
high8286.txt_q2,4.0,0.9942664504051208,1
high6137.txt_q2,4.0,0.9998835325241089,1
high23043.txt_q2,4.0,0.9993858337402344,1
middle3973.txt_q3,4.0,1.0,1
high15460.txt_q1,4.0,1.0,1
high16204.txt_q1,4.0,0.9998835325241089,1
middle2111.txt_q3,4.0,0.9998098015785217,1
high4609.txt_q3,4.0,0.9999840259552002,1
high13115.txt_q1,4.0,0.997314989566803,1
high14401.txt_q0,4.0,0.9987757802009583,1
middle7398.txt_q2,4.0,0.9999688863754272,1
middle6075.txt_q0,4.0,0.999876856803894,1
high11197.txt_q0,4.0,0.9953629970550537,1
high22516.txt_q1,4.0,0.9998185038566589,1
high18633.txt_q2,4.0,0.9260091185569763,1
high1627.txt_q3,4.0,0.9984391331672668,1
high12041.txt_q1,4.0,0.9995279312133789,1
high21906.txt_q0,4.0,0.6038669347763062,1
high20473.txt_q2,4.0,0.9992566704750061,1
high14104.txt_q2,4.0,0.9213926196098328,1
high4396.txt_q3,4.0,0.9999747276306152,1
high19605.txt_q2,4.0,0.9995784163475037,1
high24123.txt_q0,4.0,0.9750687479972839,1
high14678.txt_q1,4.0,0.9987083673477173,1
high18705.txt_q0,4.0,0.999143123626709,1
high3646.txt_q1,4.0,0.9983955025672913,1
middle152.txt_q0,4.0,0.9999978542327881,1
high11534.txt_q1,4.0,0.9992795586585999,1
high13755.txt_q0,4.0,0.9999229907989502,1
high7940.txt_q2,4.0,0.9999852180480957,1
middle7620.txt_q0,4.0,1.0,1
middle2693.txt_q2,4.0,0.8335777521133423,1
high21145.txt_q0,4.0,1.0,1
high522.txt_q2,4.0,0.9995974898338318,1
middle4803.txt_q3,4.0,0.9999842643737793,1
high23468.txt_q3,4.0,0.9771236181259155,1
high23848.txt_q1,4.0,0.9992446899414062,1
high15283.txt_q0,4.0,0.7122712731361389,1
high22669.txt_q0,4.0,0.9999986886978149,1
middle3697.txt_q4,4.0,0.2814903259277344,0
high9066.txt_q2,4.0,0.9999890327453613,1
high19861.txt_q0,4.0,0.9992907047271729,1
middle7335.txt_q1,4.0,0.9960850477218628,1
high18709.txt_q0,4.0,0.9999995231628418,1
high23979.txt_q3,4.0,0.9997137188911438,1
high1916.txt_q0,4.0,0.9978017210960388,1
high19771.txt_q2,4.0,0.9995645880699158,1
high2444.txt_q1,4.0,0.9992201328277588,1
high17393.txt_q3,4.0,0.9999974966049194,1
high3171.txt_q3,4.0,1.0,1
high22406.txt_q1,4.0,0.999772846698761,1
middle1854.txt_q3,4.0,0.9508724212646484,1
high7081.txt_q1,4.0,0.9999990463256836,1
middle6228.txt_q3,4.0,0.9983776807785034,1
middle4300.txt_q0,4.0,0.9231587648391724,1
high7011.txt_q1,4.0,0.9847169518470764,1
high14556.txt_q2,4.0,0.4227900505065918,1
high15718.txt_q0,4.0,0.640561044216156,1
middle4560.txt_q3,4.0,0.9992178678512573,1
high1785.txt_q0,4.0,1.0,1
high7154.txt_q0,4.0,0.9998202919960022,1
high2134.txt_q0,4.0,0.9998544454574585,1
high4772.txt_q1,4.0,0.9918708801269531,1
middle1214.txt_q0,4.0,0.9999980926513672,1
middle1288.txt_q2,4.0,0.9487077593803406,1
high21021.txt_q0,4.0,0.9999990463256836,1
high19704.txt_q0,4.0,0.9979276657104492,1
middle1231.txt_q0,4.0,0.9999984502792358,1
high5628.txt_q0,4.0,0.9999915361404419,1
middle5375.txt_q1,4.0,0.997044026851654,1
middle2510.txt_q2,4.0,0.9998899698257446,1
high3546.txt_q2,4.0,0.9857085943222046,1
middle2508.txt_q3,4.0,0.9999650716781616,1
high23544.txt_q2,4.0,1.0,1
high17345.txt_q0,4.0,0.9688059687614441,1
high12094.txt_q0,4.0,0.9227837324142456,1
high19513.txt_q0,4.0,0.9956117272377014,1
middle2733.txt_q2,4.0,0.9999998807907104,1
high22644.txt_q1,4.0,0.9723632335662842,1
high5030.txt_q1,4.0,0.8935098052024841,1
middle187.txt_q0,4.0,0.9944716691970825,1
middle7974.txt_q0,4.0,0.9998815059661865,1
middle2689.txt_q1,4.0,0.999992847442627,1
high9128.txt_q0,4.0,0.9984877109527588,1
high21628.txt_q1,4.0,0.9999984502792358,1
high18863.txt_q0,4.0,0.9999116659164429,1
middle7129.txt_q1,4.0,0.9159246683120728,1
middle2042.txt_q2,4.0,0.9936928749084473,1
high22195.txt_q1,4.0,0.9999998807907104,1
middle6873.txt_q4,4.0,0.996036946773529,1
high14062.txt_q2,4.0,0.999408483505249,1
middle4990.txt_q0,4.0,1.0,1
high10168.txt_q3,4.0,0.9999995231628418,1
high5715.txt_q0,4.0,0.9999791383743286,1
middle6581.txt_q4,4.0,0.9997223019599915,1
high13439.txt_q0,4.0,0.997269332408905,1
high5456.txt_q2,4.0,0.9974262118339539,1
high12568.txt_q1,4.0,0.9999997615814209,1
high19712.txt_q0,4.0,0.9999988079071045,1
high3649.txt_q2,4.0,0.8074922561645508,1
high20463.txt_q0,4.0,0.9999992847442627,1
middle4619.txt_q0,4.0,0.6328729391098022,1
high6095.txt_q1,4.0,0.9730125665664673,1
high14726.txt_q3,4.0,0.9999507665634155,1
high16415.txt_q1,4.0,0.9920513033866882,1
middle6587.txt_q0,4.0,0.9999752044677734,1
high8946.txt_q1,4.0,0.9999866485595703,1
middle846.txt_q3,4.0,0.9839506149291992,1
high22364.txt_q1,4.0,0.9997863173484802,1
high3985.txt_q1,4.0,0.8625883460044861,1
middle5790.txt_q2,4.0,0.9999934434890747,1
middle5014.txt_q2,4.0,0.9928556084632874,1
high11657.txt_q3,4.0,0.8937208652496338,1
high7464.txt_q2,4.0,0.9971978664398193,1
high15475.txt_q2,4.0,0.9999998807907104,1
high3012.txt_q1,4.0,0.9999973773956299,1
high17380.txt_q1,4.0,0.999997615814209,1
high4548.txt_q1,4.0,0.9998574256896973,1
high19931.txt_q3,4.0,0.29866689443588257,0
high12580.txt_q2,4.0,0.9996063113212585,1
high13812.txt_q2,4.0,0.9999978542327881,1
high24232.txt_q4,4.0,0.9999998807907104,1
middle6177.txt_q1,4.0,0.9998379945755005,1
middle2948.txt_q2,4.0,0.9996868371963501,1
high12876.txt_q0,4.0,0.9995686411857605,1
high16049.txt_q2,4.0,0.977269172668457,1
high3279.txt_q1,4.0,0.9999991655349731,1
high5422.txt_q1,4.0,0.9134886264801025,1
high2866.txt_q2,4.0,0.8944947719573975,1
high8136.txt_q0,4.0,0.9937776327133179,1
high18698.txt_q3,4.0,0.9998180270195007,1
middle337.txt_q0,4.0,1.0,1
high2548.txt_q1,4.0,0.9999881982803345,1
high15166.txt_q0,4.0,0.9999717473983765,1
middle5030.txt_q1,4.0,0.877056896686554,1
high13852.txt_q1,4.0,0.9995482563972473,1
high15931.txt_q0,4.0,0.9997938275337219,1
middle690.txt_q1,4.0,0.9999855756759644,1
high20573.txt_q3,4.0,0.9972109198570251,1
middle3161.txt_q0,4.0,1.0,1
high2534.txt_q1,4.0,0.9862927198410034,1
high2074.txt_q1,4.0,0.999931812286377,1
high7439.txt_q2,4.0,0.9999926090240479,1
high2015.txt_q0,4.0,0.9999595880508423,1
high4878.txt_q0,4.0,0.9999678134918213,1
middle1508.txt_q1,4.0,0.9999403953552246,1
high1263.txt_q2,4.0,0.999911904335022,1
high8043.txt_q2,4.0,0.9973517656326294,1
middle2429.txt_q3,4.0,0.9978360533714294,1
middle3466.txt_q4,4.0,1.0,1
high8411.txt_q1,4.0,0.0026842670049518347,0
high4956.txt_q2,4.0,0.9993044137954712,1
high23737.txt_q2,4.0,0.3835490942001343,0
high10293.txt_q0,4.0,0.9970011115074158,1
high16085.txt_q0,4.0,0.9979842901229858,1
high10009.txt_q2,4.0,0.9991995692253113,1
high24194.txt_q1,4.0,0.9999949932098389,1
high15920.txt_q0,4.0,0.9738033413887024,1
high21762.txt_q0,4.0,0.9996433258056641,1
high12675.txt_q2,4.0,0.9951318502426147,1
high13444.txt_q0,4.0,0.9998623132705688,1
high6711.txt_q0,4.0,0.9998290538787842,1
high8698.txt_q3,4.0,0.9999948740005493,1
high5859.txt_q0,4.0,0.9990511536598206,1
middle3172.txt_q2,4.0,1.0,1
middle2549.txt_q2,4.0,1.0,1
high8069.txt_q1,4.0,0.21690528094768524,0
middle5234.txt_q0,4.0,0.9999971389770508,1
high8105.txt_q0,4.0,0.9993773102760315,1
high18841.txt_q2,4.0,0.869285523891449,1
high16784.txt_q1,4.0,0.9977602958679199,1
middle4672.txt_q2,4.0,0.9992187023162842,1
middle1791.txt_q2,4.0,0.9892738461494446,1
high13446.txt_q0,4.0,0.9999924898147583,1
high8548.txt_q3,4.0,0.9915522933006287,1
middle639.txt_q0,4.0,1.0,1
high9729.txt_q1,4.0,1.0,1
high14544.txt_q0,4.0,0.9998680353164673,1
high9289.txt_q2,4.0,0.999990701675415,1
high24073.txt_q0,4.0,0.725464940071106,1
high23419.txt_q3,4.0,0.984279990196228,1
high6173.txt_q1,4.0,0.9994962215423584,1
high14492.txt_q0,4.0,0.9999864101409912,1
high4269.txt_q1,4.0,0.9519378542900085,1
high16613.txt_q0,4.0,1.0,1
high17036.txt_q0,4.0,0.9989005327224731,1
middle7126.txt_q1,4.0,0.9850161075592041,1
high13191.txt_q1,4.0,0.9833655953407288,1
middle1109.txt_q1,4.0,0.9998339414596558,1
high7627.txt_q2,4.0,0.9996800422668457,1
high15230.txt_q2,4.0,0.9999998807907104,1
high18794.txt_q0,4.0,0.999576985836029,1
high7226.txt_q0,4.0,0.9999995231628418,1
middle2246.txt_q3,4.0,0.9995335340499878,1
middle1396.txt_q1,4.0,0.9705905914306641,1
middle543.txt_q0,4.0,0.9999836683273315,1
high18170.txt_q0,4.0,0.43194422125816345,1
high15797.txt_q0,4.0,0.9998668432235718,1
middle8077.txt_q1,4.0,0.9999997615814209,1
high21480.txt_q3,4.0,0.9997448325157166,1
high4174.txt_q1,4.0,0.999976634979248,1
middle8060.txt_q1,4.0,0.4710451662540436,1
middle4671.txt_q1,4.0,0.9991803765296936,1
high9451.txt_q1,4.0,0.9982611536979675,1
high1052.txt_q1,4.0,1.0,1
high508.txt_q1,4.0,0.9986535310745239,1
high6467.txt_q1,4.0,0.9974833130836487,1
middle8130.txt_q3,4.0,0.9999974966049194,1
high21803.txt_q0,4.0,0.9948253631591797,1
high9366.txt_q1,4.0,0.9999943971633911,1
high6819.txt_q1,4.0,0.9999631643295288,1
high19509.txt_q0,4.0,0.9999997615814209,1
middle8215.txt_q3,4.0,0.9933168888092041,1
middle30.txt_q2,4.0,0.9999997615814209,1
high1645.txt_q1,4.0,0.9948180317878723,1
high13097.txt_q0,4.0,0.9999110698699951,1
high6205.txt_q1,4.0,0.9999998807907104,1
middle46.txt_q3,4.0,0.9997580647468567,1
high22840.txt_q5,4.0,0.9986703395843506,1
middle6095.txt_q1,4.0,0.9982775449752808,1
high21566.txt_q2,4.0,0.20791898667812347,0
middle2492.txt_q0,4.0,0.723618745803833,1
middle4766.txt_q3,4.0,0.9994352459907532,1
high23988.txt_q1,4.0,0.9999940395355225,1
middle1022.txt_q3,4.0,0.9999992847442627,1
middle2028.txt_q1,4.0,0.9999994039535522,1
high10228.txt_q0,4.0,0.9990179538726807,1
high12245.txt_q0,4.0,0.9999083280563354,1
high12816.txt_q2,4.0,1.0,1
high21850.txt_q1,4.0,0.9999983310699463,1
middle494.txt_q2,4.0,0.9999793767929077,1
middle5244.txt_q2,4.0,0.8988660573959351,1
middle1159.txt_q0,4.0,0.9941372871398926,1
high1685.txt_q2,4.0,0.9999350309371948,1
high16612.txt_q1,4.0,0.9999961853027344,1
high4214.txt_q1,4.0,0.9291156530380249,1
high17319.txt_q0,4.0,0.9999500513076782,1
high14159.txt_q3,4.0,0.9997311234474182,1
high15009.txt_q2,4.0,0.9999819993972778,1
high21064.txt_q0,4.0,0.999969482421875,1
high18313.txt_q2,4.0,0.9951233267784119,1
high12439.txt_q1,4.0,0.04052862152457237,0
high6013.txt_q2,4.0,0.9999381303787231,1
high694.txt_q3,4.0,0.9781705737113953,1
high22084.txt_q2,4.0,0.9991092085838318,1
high16625.txt_q1,4.0,1.0,1
high18529.txt_q3,4.0,0.9877032041549683,1
high11915.txt_q1,4.0,0.9995588660240173,1
high12235.txt_q0,4.0,0.999991774559021,1
middle7787.txt_q1,4.0,0.6892613172531128,1
high1756.txt_q1,4.0,0.9993177652359009,1
middle7950.txt_q2,4.0,0.6178411245346069,1
high15707.txt_q3,4.0,0.9378934502601624,1
high12820.txt_q0,4.0,0.9976401329040527,1
high6697.txt_q1,4.0,0.19853220880031586,0
high3101.txt_q1,4.0,0.9714851379394531,1
high23147.txt_q0,4.0,0.9988753199577332,1
high22761.txt_q0,4.0,0.981238842010498,1
middle7204.txt_q2,4.0,0.9999890327453613,1
middle3079.txt_q1,4.0,0.8410060405731201,1
high18229.txt_q2,4.0,0.9996439218521118,1
high9937.txt_q2,4.0,0.9999997615814209,1
middle2998.txt_q0,4.0,0.9926459789276123,1
high1881.txt_q1,4.0,0.9999550580978394,1
high23075.txt_q3,4.0,0.999919056892395,1
high8009.txt_q1,4.0,0.9999854564666748,1
middle8188.txt_q4,4.0,0.9999151229858398,1
high24077.txt_q1,4.0,0.997192919254303,1
high11884.txt_q1,4.0,0.9999099969863892,1
high938.txt_q2,4.0,0.9995012283325195,1
high5916.txt_q0,4.0,0.9988897442817688,1
middle2791.txt_q2,4.0,0.9998537302017212,1
high605.txt_q2,4.0,0.8947501182556152,1
high6306.txt_q2,4.0,0.9993463158607483,1
middle8198.txt_q3,4.0,0.9999650716781616,1
high18534.txt_q2,4.0,0.9975899457931519,1
high10030.txt_q1,4.0,0.9763075113296509,1
middle8172.txt_q0,4.0,0.914879322052002,1
high13037.txt_q1,4.0,0.9999897480010986,1
high18299.txt_q2,4.0,0.9997931122779846,1
high6370.txt_q1,4.0,0.999601423740387,1
high15408.txt_q1,4.0,0.9999555349349976,1
middle218.txt_q2,4.0,0.68580162525177,1
middle4067.txt_q0,4.0,0.44322890043258667,1
high13848.txt_q1,4.0,0.9999992847442627,1
middle1458.txt_q0,4.0,0.8093574047088623,1
high12658.txt_q0,4.0,0.9987989664077759,1
high22765.txt_q0,4.0,0.9999995231628418,1
high23823.txt_q3,4.0,0.9999957084655762,1
high8776.txt_q0,4.0,0.9999972581863403,1
high18160.txt_q0,4.0,0.9927845001220703,1
middle7078.txt_q3,4.0,1.0,1
high15689.txt_q2,4.0,0.9955822825431824,1
high10325.txt_q3,4.0,0.9999866485595703,1
middle3361.txt_q3,4.0,0.999691367149353,1
high20101.txt_q2,4.0,0.29037296772003174,0
high15431.txt_q0,4.0,0.9999414682388306,1
high3261.txt_q1,4.0,0.9952253103256226,1
high19187.txt_q0,4.0,0.9948174357414246,1
high6144.txt_q1,4.0,0.9999998807907104,1
high302.txt_q3,4.0,0.9999997615814209,1
high6792.txt_q1,4.0,0.9989985823631287,1
middle5172.txt_q1,4.0,0.9999985694885254,1
high1592.txt_q1,4.0,0.8688374161720276,1
high9345.txt_q0,4.0,0.9999871253967285,1
high10838.txt_q1,4.0,0.9939186573028564,1
high7717.txt_q1,4.0,0.9998831748962402,1
high4492.txt_q1,4.0,0.9971389770507812,1
high13381.txt_q3,4.0,0.9995996356010437,1
middle5592.txt_q3,4.0,0.9999998807907104,1
middle4246.txt_q0,4.0,1.0,1
high21243.txt_q2,4.0,1.0,1
middle3640.txt_q2,4.0,0.9983585476875305,1
middle4367.txt_q0,4.0,0.9914830327033997,1
high8237.txt_q0,4.0,0.9999725818634033,1
middle7242.txt_q4,4.0,0.9999966621398926,1
high6441.txt_q1,4.0,0.9916250109672546,1
high17770.txt_q2,4.0,0.9928473830223083,1
high1372.txt_q0,4.0,0.9780891537666321,1
high9648.txt_q2,4.0,0.9999995231628418,1
high23774.txt_q2,4.0,0.9999245405197144,1
high8354.txt_q2,4.0,0.962685763835907,1
high18786.txt_q2,4.0,0.9997506737709045,1
middle3536.txt_q2,4.0,0.9997727274894714,1
middle8233.txt_q2,4.0,1.0,1
high5303.txt_q2,4.0,0.999998927116394,1
high11605.txt_q3,4.0,0.9999985694885254,1
middle5629.txt_q0,4.0,1.0,1
high20520.txt_q0,4.0,0.9999042749404907,1
high17145.txt_q0,4.0,0.9975798726081848,1
high5844.txt_q0,4.0,0.5606807470321655,1
middle1086.txt_q1,4.0,0.6539473533630371,1
high3208.txt_q1,4.0,0.9999476671218872,1
high17737.txt_q0,4.0,0.9524148106575012,1
middle3281.txt_q1,4.0,0.9999978542327881,1
middle3374.txt_q1,4.0,0.9961131811141968,1
high19674.txt_q1,4.0,0.9953194260597229,1
high18870.txt_q1,4.0,1.0,1
middle1115.txt_q1,4.0,0.9963434338569641,1
high1621.txt_q4,4.0,0.9996861219406128,1
high12462.txt_q0,4.0,0.9998297691345215,1
high20694.txt_q2,4.0,0.9923415184020996,1
high21201.txt_q2,4.0,0.9985125660896301,1
high17947.txt_q0,4.0,0.9610505700111389,1
high3804.txt_q0,4.0,0.9386861324310303,1
high15464.txt_q0,4.0,0.9999605417251587,1
high1333.txt_q0,4.0,0.999800980091095,1
high7613.txt_q1,4.0,0.06218036636710167,0
high7925.txt_q2,4.0,0.9455153942108154,1
high11163.txt_q0,4.0,0.9999998807907104,1
high5949.txt_q0,4.0,0.9999819993972778,1
middle3299.txt_q0,4.0,0.999976634979248,1
middle5678.txt_q1,4.0,0.7570685744285583,1
high13777.txt_q1,4.0,0.9975417852401733,1
high8503.txt_q2,4.0,0.9986807703971863,1
high13464.txt_q1,4.0,0.9987829327583313,1
high19327.txt_q1,4.0,0.5393458008766174,1
high20946.txt_q0,4.0,0.999974250793457,1
high18887.txt_q0,4.0,0.9999454021453857,1
middle6238.txt_q3,4.0,0.997678816318512,1
high19078.txt_q2,4.0,0.9993060827255249,1
high6917.txt_q3,4.0,0.99497389793396,1
middle6982.txt_q1,4.0,0.9999947547912598,1
middle1105.txt_q2,4.0,0.9930418729782104,1
high23972.txt_q0,4.0,0.9997640252113342,1
high18494.txt_q3,4.0,0.9999961853027344,1
middle1074.txt_q3,4.0,0.999914288520813,1
middle7633.txt_q0,4.0,0.9999774694442749,1
high14479.txt_q2,4.0,0.9999939203262329,1
high1404.txt_q3,4.0,0.9988717436790466,1
high12199.txt_q3,4.0,0.9999887943267822,1
high6550.txt_q2,4.0,0.9983817338943481,1
high7277.txt_q3,4.0,0.9999977350234985,1
high13739.txt_q0,4.0,0.9994294047355652,1
high5478.txt_q0,4.0,0.9999618530273438,1
high15816.txt_q1,4.0,0.9999704360961914,1
high19335.txt_q1,4.0,0.9831543564796448,1
high2122.txt_q1,4.0,0.9997171759605408,1
middle1179.txt_q3,4.0,0.9543441534042358,1
high12204.txt_q0,4.0,0.9999980926513672,1
high19815.txt_q3,4.0,0.9999079704284668,1
high17143.txt_q1,4.0,0.7410196661949158,1
high5835.txt_q3,4.0,0.9989172220230103,1
high20949.txt_q1,4.0,0.701083779335022,1
high21412.txt_q3,4.0,0.9999171495437622,1
high10253.txt_q0,4.0,0.999945878982544,1
middle4230.txt_q4,4.0,0.9999786615371704,1
high5347.txt_q1,4.0,0.999962329864502,1
high5127.txt_q2,4.0,1.0,1
high6228.txt_q1,4.0,0.9997596144676208,1
high24012.txt_q0,4.0,0.999350368976593,1
high22720.txt_q2,4.0,0.9999992847442627,1
high22113.txt_q1,4.0,0.9999967813491821,1
middle4472.txt_q3,4.0,0.9999525547027588,1
middle6444.txt_q2,4.0,0.9890514016151428,1
middle4556.txt_q2,4.0,0.3403152525424957,1
middle1297.txt_q2,4.0,1.0,1
high2937.txt_q4,4.0,0.7346482276916504,1
high8507.txt_q4,4.0,0.9999960660934448,1
high15986.txt_q2,4.0,0.9756543636322021,1
high5842.txt_q0,4.0,0.999948263168335,1
middle3703.txt_q2,4.0,0.9996861219406128,1
high1993.txt_q0,4.0,0.9829939603805542,1
high21666.txt_q1,4.0,0.9997503161430359,1
high698.txt_q3,4.0,0.9978839755058289,1
middle2907.txt_q0,4.0,0.9999151229858398,1
high20323.txt_q2,4.0,0.9994768500328064,1
high22918.txt_q0,4.0,0.9998786449432373,1
high22771.txt_q0,4.0,0.9519747495651245,1
high20495.txt_q4,4.0,0.9999401569366455,1
middle1140.txt_q3,4.0,0.9999972581863403,1
high11704.txt_q2,4.0,0.9983301758766174,1
middle2367.txt_q4,4.0,0.9853979349136353,1
high11445.txt_q1,4.0,0.9931743741035461,1
high14251.txt_q1,4.0,0.9999637603759766,1
high8001.txt_q2,4.0,1.0,1
high7642.txt_q2,4.0,0.9999798536300659,1
high10680.txt_q2,4.0,0.998650848865509,1
high3797.txt_q0,4.0,0.9996786117553711,1
high4276.txt_q2,4.0,0.9999974966049194,1
middle2479.txt_q1,4.0,0.9829980134963989,1
high11971.txt_q2,4.0,0.9997865557670593,1
middle6824.txt_q0,4.0,0.9995998740196228,1
middle5847.txt_q2,4.0,0.9595581293106079,1
high14045.txt_q1,4.0,0.9887415766716003,1
high7043.txt_q0,4.0,0.9986976385116577,1
high333.txt_q1,4.0,0.9999803304672241,1
middle7381.txt_q2,4.0,0.9999924898147583,1
middle174.txt_q2,4.0,0.998038113117218,1
middle6645.txt_q3,4.0,0.9999970197677612,1
high9899.txt_q0,4.0,0.996547520160675,1
high7741.txt_q2,4.0,0.999748170375824,1
middle4157.txt_q3,4.0,0.9995836615562439,1
high11888.txt_q0,4.0,0.9999992847442627,1
high16324.txt_q0,4.0,0.5233513712882996,1
high9578.txt_q1,4.0,0.9767307639122009,1
high16109.txt_q3,4.0,0.9986631870269775,1
high22084.txt_q1,4.0,0.6951594352722168,1
high11225.txt_q1,4.0,0.999977707862854,1
middle7082.txt_q3,4.0,0.9997062087059021,1
high22993.txt_q1,4.0,0.9999977350234985,1
high1201.txt_q2,4.0,0.9867239594459534,1
middle7943.txt_q1,4.0,0.9999996423721313,1
high10941.txt_q1,4.0,0.9999659061431885,1
middle7454.txt_q1,4.0,1.0,1
middle323.txt_q3,4.0,0.9992644190788269,1
high9697.txt_q1,4.0,0.9996249675750732,1
high11117.txt_q1,4.0,0.9014977812767029,1
high21291.txt_q1,4.0,0.9999569654464722,1
middle892.txt_q0,4.0,0.999797523021698,1
high12311.txt_q1,4.0,0.9986696243286133,1
high9364.txt_q0,4.0,0.6938996315002441,1
middle1068.txt_q0,4.0,0.9999854564666748,1
high579.txt_q3,4.0,0.6267969012260437,1
middle6188.txt_q3,4.0,0.7700227499008179,1
high21060.txt_q2,4.0,0.995550274848938,1
middle658.txt_q3,4.0,0.9670981168746948,1
high11762.txt_q0,4.0,0.9999861717224121,1
high100.txt_q0,4.0,0.9998717308044434,1
high8018.txt_q3,4.0,0.9660969376564026,1
high10161.txt_q1,4.0,3.938198460673448e-06,0
high13054.txt_q3,4.0,0.9994674324989319,1
high8649.txt_q1,4.0,0.9799942970275879,1
high16507.txt_q2,4.0,0.994820237159729,1
high22030.txt_q3,4.0,0.9999856948852539,1
high22113.txt_q0,4.0,0.9999958276748657,1
high6536.txt_q0,4.0,0.9990600943565369,1
high1824.txt_q1,4.0,0.9994396567344666,1
middle3884.txt_q1,4.0,0.9999788999557495,1
high21380.txt_q3,4.0,0.9769132137298584,1
middle3691.txt_q3,4.0,0.9985750913619995,1
high13714.txt_q0,4.0,0.9999806880950928,1
high1203.txt_q1,4.0,0.9998464584350586,1
high9020.txt_q1,4.0,0.9999600648880005,1
high16785.txt_q1,4.0,0.9951162338256836,1
middle5289.txt_q4,4.0,0.9346962571144104,1
high17828.txt_q1,4.0,0.9876515865325928,1
high6501.txt_q0,4.0,0.9967681169509888,1
high4903.txt_q2,4.0,0.9950563907623291,1
high19477.txt_q2,4.0,0.999896764755249,1
middle819.txt_q2,4.0,0.999579131603241,1
high23291.txt_q0,4.0,1.0,1
high17475.txt_q1,4.0,1.0,1
high11338.txt_q2,4.0,0.9972327351570129,1
high5434.txt_q3,4.0,0.9999712705612183,1
high6134.txt_q2,4.0,0.999993085861206,1
middle1350.txt_q4,4.0,0.999862790107727,1
high6596.txt_q2,4.0,0.8606768846511841,1
high20768.txt_q0,4.0,0.9984775185585022,1
high4997.txt_q0,4.0,0.9991044402122498,1
high3600.txt_q1,4.0,0.999996542930603,1
high17382.txt_q1,4.0,0.9999990463256836,1
middle1649.txt_q2,4.0,0.9998940229415894,1
high18155.txt_q0,4.0,0.0022080799099057913,0
middle2033.txt_q2,4.0,0.9999417066574097,1
high8558.txt_q1,4.0,0.9996623992919922,1
high14444.txt_q0,4.0,0.9999992847442627,1
middle5802.txt_q2,4.0,1.0,1
high21325.txt_q1,4.0,1.0,1
high1907.txt_q3,4.0,0.9921143054962158,1
high1594.txt_q1,4.0,0.9999735355377197,1
high2170.txt_q3,4.0,0.9994344115257263,1
high13384.txt_q0,4.0,0.9999619722366333,1
high23581.txt_q2,4.0,0.9986782670021057,1
middle4714.txt_q1,4.0,0.9891602396965027,1
high13589.txt_q0,4.0,0.9999734163284302,1
middle1781.txt_q3,4.0,0.9999891519546509,1
high345.txt_q2,4.0,0.9999624490737915,1
high20294.txt_q1,4.0,0.9999911785125732,1
middle7898.txt_q1,4.0,0.9999991655349731,1
high3537.txt_q1,4.0,0.9997318387031555,1
high9028.txt_q3,4.0,0.9999996423721313,1
high23507.txt_q0,4.0,0.9710029363632202,1
high18141.txt_q1,4.0,0.9983564019203186,1
high7.txt_q2,4.0,0.9995723366737366,1
high3792.txt_q3,4.0,0.9958885312080383,1
middle7463.txt_q1,4.0,1.0,1
high3668.txt_q2,4.0,0.9999979734420776,1
high23549.txt_q1,4.0,0.9999793767929077,1
high3777.txt_q2,4.0,0.9997969269752502,1
high5238.txt_q2,4.0,0.9821738004684448,1
high11990.txt_q2,4.0,0.9341428279876709,1
high21275.txt_q0,4.0,0.8471880555152893,1
middle1018.txt_q4,4.0,0.9621439576148987,1
high23466.txt_q1,4.0,1.0,1
high7140.txt_q1,4.0,0.9998555183410645,1
high13322.txt_q2,4.0,0.9992102384567261,1
high22766.txt_q2,4.0,0.9998032450675964,1
high6098.txt_q0,4.0,0.9999443292617798,1
middle748.txt_q3,4.0,1.0,1
high10199.txt_q2,4.0,0.9775200486183167,1
middle2325.txt_q2,4.0,0.9691393971443176,1
high22679.txt_q2,4.0,0.9999783039093018,1
high5588.txt_q0,4.0,0.9982470273971558,1
high10259.txt_q0,4.0,0.9992068409919739,1
high13002.txt_q3,4.0,0.9999885559082031,1
high974.txt_q3,4.0,0.4027770161628723,1
middle6230.txt_q3,4.0,0.9892305731773376,1
high4751.txt_q1,4.0,0.9999996423721313,1
high7675.txt_q2,4.0,0.9788389801979065,1
high3235.txt_q2,4.0,0.9986831545829773,1
high11343.txt_q0,4.0,0.9999707937240601,1
middle2649.txt_q0,4.0,0.9996582269668579,1
high1132.txt_q4,4.0,0.9999995231628418,1
middle6336.txt_q3,4.0,1.0,1
high16308.txt_q0,4.0,0.9999996423721313,1
high15670.txt_q2,4.0,0.9978535771369934,1
middle5178.txt_q2,4.0,0.9999997615814209,1
high15899.txt_q3,4.0,0.9999595880508423,1
high14028.txt_q1,4.0,0.9980589747428894,1
high23145.txt_q0,4.0,0.9984816908836365,1
middle3417.txt_q3,4.0,0.9949228167533875,1
high2965.txt_q1,4.0,0.9999996423721313,1
high14269.txt_q1,4.0,0.9993890523910522,1
high12798.txt_q0,4.0,0.9999990463256836,1
high8817.txt_q3,4.0,0.9997530579566956,1
high16622.txt_q1,4.0,0.9999568462371826,1
middle5706.txt_q3,4.0,0.46034425497055054,0
high8798.txt_q3,4.0,0.9999382495880127,1
middle7223.txt_q1,4.0,0.9999997615814209,1
high21483.txt_q2,4.0,0.9999980926513672,1
high24061.txt_q0,4.0,0.9934125542640686,1
middle4176.txt_q0,4.0,0.9904749989509583,1
high10195.txt_q1,4.0,0.9996753931045532,1
high15244.txt_q0,4.0,0.9965040683746338,1
high17695.txt_q2,4.0,0.9972648620605469,1
middle6577.txt_q3,4.0,1.0,1
high8225.txt_q1,4.0,0.9596975445747375,1
high3389.txt_q0,4.0,0.9999997615814209,1
high155.txt_q2,4.0,0.9998369216918945,1
high212.txt_q1,4.0,0.8651350140571594,1
high11475.txt_q1,4.0,0.9999992847442627,1
high20422.txt_q0,4.0,0.999903678894043,1
high17631.txt_q3,4.0,0.996810257434845,1
high1582.txt_q3,4.0,0.9998748302459717,1
high7259.txt_q1,4.0,0.9999901056289673,1
middle481.txt_q1,4.0,0.999919056892395,1
middle6596.txt_q1,4.0,0.9998186230659485,1
high728.txt_q0,4.0,0.713320255279541,1
high11474.txt_q0,4.0,0.9915822148323059,1
high20315.txt_q2,4.0,0.9999004602432251,1
high3233.txt_q2,4.0,0.9997791647911072,1
high16454.txt_q0,4.0,1.0,1
middle2492.txt_q2,4.0,0.9999995231628418,1
high15019.txt_q1,4.0,0.9991828799247742,1
high12006.txt_q3,4.0,0.9995949864387512,1
high11511.txt_q2,4.0,0.9785400629043579,1
middle2762.txt_q1,4.0,0.9999983310699463,1
middle3925.txt_q4,4.0,0.9971609115600586,1
middle4417.txt_q2,4.0,0.9915280342102051,1
high17870.txt_q2,4.0,0.9986526966094971,1
middle5700.txt_q0,4.0,0.9999991655349731,1
high637.txt_q3,4.0,0.9921886920928955,1
high5169.txt_q2,4.0,0.9999885559082031,1
middle2130.txt_q3,4.0,0.9999878406524658,1
high1139.txt_q3,4.0,0.9999984502792358,1
high23723.txt_q1,4.0,0.9999638795852661,1
high18478.txt_q0,4.0,0.9999288320541382,1
high22382.txt_q0,4.0,0.9887126684188843,1
high15574.txt_q1,4.0,0.9999653100967407,1
high1675.txt_q3,4.0,0.9946624636650085,1
high16156.txt_q2,4.0,0.999218225479126,1
high9592.txt_q4,4.0,0.999580442905426,1
high5873.txt_q1,4.0,0.9804942607879639,1
middle860.txt_q0,4.0,0.9999992847442627,1
middle4533.txt_q0,4.0,0.9998738765716553,1
high21927.txt_q2,4.0,0.8493329286575317,1
high10393.txt_q2,4.0,0.9997790455818176,1
high10061.txt_q2,4.0,0.9999934434890747,1
high14545.txt_q0,4.0,0.9999948740005493,1
middle1691.txt_q2,4.0,0.8282344937324524,1
high14542.txt_q0,4.0,0.9991390705108643,1
high10392.txt_q1,4.0,0.9996315240859985,1
middle8217.txt_q1,4.0,0.9999910593032837,1
middle101.txt_q3,4.0,0.9999997615814209,1
high19322.txt_q3,4.0,0.9733040928840637,1
high14689.txt_q4,4.0,0.9999632835388184,1
middle3573.txt_q3,4.0,0.9999542236328125,1
high13811.txt_q1,4.0,0.9992986917495728,1
middle1932.txt_q0,4.0,0.5571885108947754,1
high8288.txt_q2,4.0,0.999727189540863,1
middle4057.txt_q3,4.0,1.0,1
high19589.txt_q2,4.0,0.9999197721481323,1
high3140.txt_q2,4.0,0.9999972581863403,1
high12043.txt_q2,4.0,0.9906607270240784,1
high15732.txt_q1,4.0,0.7938644289970398,1
high22202.txt_q1,4.0,0.9902034997940063,1
high20798.txt_q1,4.0,0.9991349577903748,1
high1079.txt_q0,4.0,0.13083499670028687,0
high21475.txt_q3,4.0,1.0,1
middle4870.txt_q1,4.0,0.33710283041000366,0
high1912.txt_q2,4.0,0.9999998807907104,1
high9836.txt_q0,4.0,0.9997735619544983,1
middle1720.txt_q1,4.0,0.17994488775730133,0
middle6810.txt_q3,4.0,1.0,1
middle4289.txt_q2,4.0,0.996976375579834,1
high12546.txt_q0,4.0,0.9961976408958435,1
high17915.txt_q2,4.0,0.9678098559379578,1
middle6742.txt_q3,4.0,0.9999511241912842,1
middle6719.txt_q0,4.0,1.0,1
high963.txt_q1,4.0,0.9999891519546509,1
high9405.txt_q2,4.0,0.9995025396347046,1
high19254.txt_q1,4.0,0.9999805688858032,1
high16824.txt_q0,4.0,1.0,1
middle1394.txt_q0,4.0,0.9999784231185913,1
high21124.txt_q0,4.0,0.8370612263679504,1
high14604.txt_q1,4.0,1.0,1
high21557.txt_q2,4.0,0.9706888794898987,1
high535.txt_q3,4.0,0.9999997615814209,1
middle687.txt_q2,4.0,0.999976396560669,1
high19811.txt_q0,4.0,0.24633283913135529,0
high11398.txt_q2,4.0,0.9419383406639099,1
high18367.txt_q0,4.0,0.9997265934944153,1
middle3967.txt_q0,4.0,0.9930647015571594,1
middle4867.txt_q4,4.0,0.9999170303344727,1
middle4796.txt_q0,4.0,0.9999954700469971,1
high3081.txt_q3,4.0,0.9999960660934448,1
high2245.txt_q3,4.0,0.9997946619987488,1
middle5187.txt_q3,4.0,0.5327684283256531,1
high18489.txt_q0,4.0,0.2999342679977417,0
high1224.txt_q3,4.0,0.9983121156692505,1
high9763.txt_q2,4.0,0.9994418025016785,1
middle5172.txt_q3,4.0,0.9999998807907104,1
high4464.txt_q0,4.0,0.9988203644752502,1
middle4485.txt_q0,4.0,1.0,1
high6074.txt_q0,4.0,0.9973127245903015,1
middle2845.txt_q0,4.0,1.0,1
middle925.txt_q3,4.0,0.9980473518371582,1
high24195.txt_q2,4.0,0.9973485469818115,1
high16666.txt_q0,4.0,0.9838414192199707,1
high13565.txt_q2,4.0,0.9999035596847534,1
high20255.txt_q3,4.0,0.9693642854690552,1
high11614.txt_q2,4.0,1.0,1
high8564.txt_q3,4.0,0.9026068449020386,1
high1807.txt_q0,4.0,0.9997850060462952,1
high16020.txt_q1,4.0,0.9999188184738159,1
high11775.txt_q1,4.0,0.9992592930793762,1
middle5104.txt_q0,4.0,0.7710695266723633,1
high11443.txt_q2,4.0,0.9999929666519165,1
high6867.txt_q2,4.0,0.9999792575836182,1
high21103.txt_q1,4.0,0.9970009922981262,1
high1953.txt_q1,4.0,0.9999916553497314,1
middle1262.txt_q3,4.0,0.9996389150619507,1
high14388.txt_q0,4.0,0.9999043941497803,1
high17523.txt_q1,4.0,0.9999994039535522,1
middle2868.txt_q1,4.0,0.9873130917549133,1
middle4138.txt_q1,4.0,0.9851993322372437,1
high14310.txt_q2,4.0,0.9999184608459473,1
high2278.txt_q1,4.0,0.9944348931312561,1
high20597.txt_q0,4.0,0.9997887015342712,1
high1361.txt_q3,4.0,0.9999760389328003,1
middle2665.txt_q3,4.0,0.999997615814209,1
middle1614.txt_q4,4.0,0.9999998807907104,1
high19458.txt_q0,4.0,0.9999768733978271,1
high23511.txt_q3,4.0,0.9524387121200562,1
middle2075.txt_q0,4.0,0.9999332427978516,1
high9874.txt_q0,4.0,0.9999992847442627,1
high21369.txt_q2,4.0,1.0,1
high17920.txt_q0,4.0,0.9999737739562988,1
high12332.txt_q2,4.0,0.9999947547912598,1
high1486.txt_q2,4.0,0.9972772002220154,1
high23052.txt_q1,4.0,0.9100692868232727,1
middle8109.txt_q2,4.0,0.9999139308929443,1
high16526.txt_q0,4.0,0.9998860359191895,1
high23106.txt_q2,4.0,0.939361572265625,1
middle5951.txt_q4,4.0,0.9999674558639526,1
high16644.txt_q2,4.0,0.999931812286377,1
high14885.txt_q2,4.0,0.9999881982803345,1
high1723.txt_q1,4.0,3.967471275245771e-05,0
high23757.txt_q1,4.0,0.9999995231628418,1
middle4451.txt_q3,4.0,0.9997946619987488,1
middle4328.txt_q1,4.0,0.29441916942596436,0
middle6512.txt_q2,4.0,1.0,1
middle6161.txt_q2,4.0,0.997776448726654,1
high8523.txt_q3,4.0,0.9999468326568604,1
high22716.txt_q1,4.0,0.9999855756759644,1
high23181.txt_q0,4.0,0.9998157620429993,1
high16360.txt_q0,4.0,0.9999996423721313,1
high16411.txt_q1,4.0,0.9990925788879395,1
high5009.txt_q1,4.0,0.9997599720954895,1
middle3029.txt_q1,4.0,0.9999978542327881,1
middle5273.txt_q0,4.0,0.9999784231185913,1
high762.txt_q2,4.0,0.9956283569335938,1
middle5989.txt_q2,4.0,0.6832132339477539,1
high4319.txt_q1,4.0,0.9994983673095703,1
high15747.txt_q3,4.0,0.9763454794883728,1
high5591.txt_q0,4.0,0.2123660296201706,0
middle1254.txt_q3,4.0,0.9992820620536804,1
high22168.txt_q1,4.0,0.9995459914207458,1
high14517.txt_q2,4.0,0.9758785367012024,1
high2999.txt_q2,4.0,0.9998998641967773,1
high19487.txt_q2,4.0,0.845676600933075,1
high1102.txt_q2,4.0,0.6285804510116577,1
middle5845.txt_q2,4.0,0.999998927116394,1
high19050.txt_q0,4.0,0.9998375177383423,1
high536.txt_q2,4.0,0.999971866607666,1
high17593.txt_q2,4.0,0.9999998807907104,1
high11228.txt_q0,4.0,0.9999988079071045,1
high1442.txt_q4,4.0,0.9795480966567993,1
middle1703.txt_q1,4.0,0.36529314517974854,0
high21899.txt_q1,4.0,0.9794953465461731,1
middle2723.txt_q4,4.0,0.9991742968559265,1
high15043.txt_q3,4.0,0.9998311996459961,1
high14802.txt_q1,4.0,0.9870109558105469,1
middle4528.txt_q0,4.0,0.9985172152519226,1
middle5395.txt_q4,4.0,1.0,1
high6156.txt_q2,4.0,0.9998725652694702,1
high9227.txt_q3,4.0,0.9756374359130859,1
high3314.txt_q2,4.0,0.9999295473098755,1
high8187.txt_q1,4.0,0.9999649524688721,1
middle7698.txt_q1,4.0,0.9999998807907104,1
high21745.txt_q2,4.0,0.9996225833892822,1
middle4613.txt_q0,4.0,0.3871351182460785,1
high14018.txt_q1,4.0,0.2239832878112793,0
high23796.txt_q2,4.0,0.831939697265625,1
high14752.txt_q2,4.0,0.9859082102775574,1
high5928.txt_q0,4.0,0.9999904632568359,1
middle3570.txt_q4,4.0,0.9998654127120972,1
high18100.txt_q0,4.0,0.9972658157348633,1
high7682.txt_q1,4.0,0.9999967813491821,1
middle7400.txt_q0,4.0,0.9977474808692932,1
high3600.txt_q0,4.0,0.6187684535980225,1
middle1795.txt_q1,4.0,0.9994795918464661,1
high1786.txt_q1,4.0,0.9974877834320068,1
high7600.txt_q2,4.0,0.9998518228530884,1
high8641.txt_q2,4.0,0.9934706687927246,1
high14487.txt_q1,4.0,0.9999103546142578,1
middle5918.txt_q1,4.0,0.2566111981868744,0
high12814.txt_q1,4.0,0.9866843819618225,1
high16561.txt_q3,4.0,0.9900630116462708,1
middle449.txt_q2,4.0,0.9999991655349731,1
middle4658.txt_q1,4.0,0.9999754428863525,1
high10794.txt_q0,4.0,0.9999850988388062,1
high3998.txt_q0,4.0,0.9983577132225037,1
high3564.txt_q2,4.0,0.0915113314986229,0
high19715.txt_q2,4.0,0.9998589754104614,1
middle6345.txt_q3,4.0,0.997027575969696,1
high11580.txt_q0,4.0,0.9999967813491821,1
middle4478.txt_q2,4.0,0.9335152506828308,1
middle4295.txt_q4,4.0,0.9999347925186157,1
high21786.txt_q1,4.0,0.9977171421051025,1
high18325.txt_q1,4.0,1.0,1
high17734.txt_q3,4.0,0.9999994039535522,1
middle7032.txt_q2,4.0,0.9996259212493896,1
middle5744.txt_q2,4.0,0.567643940448761,1
middle3723.txt_q1,4.0,0.9999964237213135,1
middle6620.txt_q0,4.0,0.9999209642410278,1
high6666.txt_q0,4.0,0.9960195422172546,1
high6032.txt_q1,4.0,0.9688004851341248,1
high10324.txt_q1,4.0,0.9999963045120239,1
high11399.txt_q1,4.0,1.0,1
high268.txt_q2,4.0,0.9999998807907104,1
middle1905.txt_q2,4.0,0.9999439716339111,1
middle7614.txt_q1,4.0,0.8789899349212646,1
middle7580.txt_q2,4.0,0.9646539092063904,1
high1731.txt_q3,4.0,0.9999841451644897,1
high9871.txt_q0,4.0,0.9627462029457092,1
middle3410.txt_q0,4.0,0.9999256134033203,1
middle868.txt_q3,4.0,0.9994387030601501,1
high14273.txt_q2,4.0,0.9999955892562866,1
middle2609.txt_q1,4.0,0.9999998807907104,1
middle6706.txt_q1,4.0,0.005731367040425539,0
high23486.txt_q1,4.0,0.9973043203353882,1
high22175.txt_q0,4.0,0.9898067116737366,1
high10500.txt_q2,4.0,0.9999966621398926,1
high6226.txt_q2,4.0,0.9984952211380005,1
high21444.txt_q3,4.0,0.9999657869338989,1
high19446.txt_q2,4.0,0.9998127818107605,1
middle2581.txt_q3,4.0,0.5990824699401855,1
high10644.txt_q1,4.0,0.9976811408996582,1
high16515.txt_q0,4.0,0.994301438331604,1
high20183.txt_q0,4.0,0.9999881982803345,1
high8939.txt_q1,4.0,1.0,1
high6465.txt_q3,4.0,0.9999980926513672,1
high3533.txt_q2,4.0,0.9999948740005493,1
high11507.txt_q1,4.0,0.8373304009437561,1
middle1635.txt_q0,4.0,0.24485325813293457,0
high12607.txt_q1,4.0,0.9998024106025696,1
high2393.txt_q3,4.0,1.0,1
high15479.txt_q3,4.0,0.9973241090774536,1
high21384.txt_q0,4.0,0.9997686743736267,1
high18833.txt_q0,4.0,0.9968209266662598,1
high3611.txt_q3,4.0,0.9884613752365112,1
middle1639.txt_q1,4.0,0.9980423450469971,1
middle6344.txt_q2,4.0,0.9916185736656189,1
high15694.txt_q3,4.0,0.999868631362915,1
high4858.txt_q1,4.0,0.9999727010726929,1
middle1296.txt_q0,4.0,0.9999812841415405,1
high13410.txt_q1,4.0,0.9930908679962158,1
high15093.txt_q3,4.0,0.9998728036880493,1
high23859.txt_q0,4.0,0.9928901195526123,1
high312.txt_q3,4.0,0.9949741363525391,1
high14074.txt_q3,4.0,0.9973610043525696,1
middle1447.txt_q3,4.0,0.8984808325767517,1
middle2968.txt_q0,4.0,0.9999997615814209,1
high2017.txt_q2,4.0,0.9999998807907104,1
high20335.txt_q0,4.0,0.9999974966049194,1
high17774.txt_q1,4.0,0.9999874830245972,1
high19896.txt_q1,4.0,0.9516546130180359,1
high6576.txt_q1,4.0,0.9838348627090454,1
middle6653.txt_q0,4.0,0.994880199432373,1
high13412.txt_q0,4.0,0.9998384714126587,1
high18637.txt_q0,4.0,0.9993917942047119,1
high19659.txt_q3,4.0,0.999782383441925,1
high4825.txt_q2,4.0,0.9999337196350098,1
high9304.txt_q2,4.0,0.9991278052330017,1
high8908.txt_q3,4.0,0.9960570335388184,1
high10938.txt_q3,4.0,0.9999370574951172,1
middle7274.txt_q1,4.0,0.9981722831726074,1
high23001.txt_q0,4.0,0.8939504027366638,1
high9332.txt_q1,4.0,0.9990634322166443,1
high7330.txt_q0,4.0,0.9999949932098389,1
high1979.txt_q1,4.0,0.9731874465942383,1
middle3475.txt_q1,4.0,0.9998934268951416,1
high656.txt_q0,4.0,0.9805462956428528,1
middle2777.txt_q2,4.0,0.9797170758247375,1
middle2622.txt_q2,4.0,0.9999996423721313,1
high22185.txt_q3,4.0,0.9999732971191406,1
high6294.txt_q1,4.0,0.3382650315761566,1
middle5834.txt_q3,4.0,0.9738979935646057,1
high16363.txt_q2,4.0,0.15677683055400848,0
high11381.txt_q2,4.0,0.9999752044677734,1
middle3863.txt_q3,4.0,0.9899258613586426,1
high2366.txt_q1,4.0,0.9860900640487671,1
high23928.txt_q2,4.0,0.9946584105491638,1
high4278.txt_q1,4.0,0.9918472766876221,1
high11429.txt_q1,4.0,0.41052818298339844,0
high22591.txt_q0,4.0,1.0,1
high20532.txt_q3,4.0,0.9999929666519165,1
high15823.txt_q2,4.0,0.9498804807662964,1
high21493.txt_q1,4.0,0.999377429485321,1
high1821.txt_q1,4.0,0.993821382522583,1
high17478.txt_q3,4.0,1.0,1
high4392.txt_q0,4.0,0.9998199343681335,1
middle2342.txt_q2,4.0,0.9997238516807556,1
middle6357.txt_q0,4.0,0.9993149042129517,1
high17726.txt_q3,4.0,0.9243562817573547,1
high19896.txt_q0,4.0,0.7640671730041504,1
middle1636.txt_q3,4.0,0.06968671828508377,0
middle8184.txt_q1,4.0,0.9998905658721924,1
high5686.txt_q4,4.0,0.9999998807907104,1
high6311.txt_q3,4.0,0.9999997615814209,1
high14849.txt_q2,4.0,0.9999716281890869,1
middle2221.txt_q3,4.0,0.9970492720603943,1
high18544.txt_q1,4.0,0.9016435146331787,1
middle782.txt_q0,4.0,0.9683928489685059,1
high10534.txt_q4,4.0,0.7432370185852051,1
high21870.txt_q1,4.0,0.9999942779541016,1
high3264.txt_q1,4.0,0.9731538891792297,1
middle4568.txt_q4,4.0,0.7250567078590393,1
high18038.txt_q0,4.0,0.9931750893592834,1
high507.txt_q1,4.0,0.9998922348022461,1
middle3248.txt_q3,4.0,0.9969839453697205,1
high9971.txt_q1,4.0,0.7678539752960205,1
middle5636.txt_q1,4.0,0.8231891989707947,1
middle2248.txt_q2,4.0,0.9999994039535522,1
high23825.txt_q0,4.0,0.9842087626457214,1
high7695.txt_q2,4.0,0.9991875290870667,1
high20714.txt_q0,4.0,0.9999984502792358,1
high9367.txt_q2,4.0,0.9919648170471191,1
high10392.txt_q2,4.0,0.9997962117195129,1
middle6467.txt_q2,4.0,0.9999775886535645,1
middle892.txt_q1,4.0,0.47835373878479004,1
high6420.txt_q1,4.0,0.9999301433563232,1
middle7746.txt_q3,4.0,0.3166181147098541,0
middle7741.txt_q0,4.0,0.9999364614486694,1
middle5658.txt_q2,4.0,0.9998173117637634,1
high21779.txt_q2,4.0,0.9999446868896484,1
high22232.txt_q1,4.0,0.9999333620071411,1
high17087.txt_q2,4.0,0.23857411742210388,0
high5939.txt_q2,4.0,0.9998971223831177,1
high448.txt_q2,4.0,0.9999266862869263,1
high1697.txt_q2,4.0,0.9554764032363892,1
high7102.txt_q1,4.0,0.9997885823249817,1
high15599.txt_q0,4.0,0.9996318817138672,1
high9155.txt_q0,4.0,0.9999475479125977,1
middle8265.txt_q3,4.0,0.7243430614471436,1
high16796.txt_q2,4.0,0.9999994039535522,1
high13287.txt_q1,4.0,0.9999523162841797,1
high8202.txt_q0,4.0,0.9999998807907104,1
middle1484.txt_q0,4.0,0.9111154675483704,1
high1521.txt_q2,4.0,0.999966025352478,1
middle5535.txt_q1,4.0,0.9999994039535522,1
middle4552.txt_q1,4.0,0.2228635549545288,0
high12400.txt_q0,4.0,0.9983291029930115,1
high20635.txt_q0,4.0,0.9977129697799683,1
high20929.txt_q2,4.0,0.9997562766075134,1
high9362.txt_q0,4.0,0.9999953508377075,1
high19503.txt_q1,4.0,0.9991224408149719,1
high807.txt_q2,4.0,0.9999887943267822,1
high17244.txt_q3,4.0,0.9999699592590332,1
middle1896.txt_q0,4.0,0.17379438877105713,0
high21858.txt_q2,4.0,0.9984309077262878,1
high10203.txt_q1,4.0,0.9999935626983643,1
high9165.txt_q2,4.0,0.9993782043457031,1
middle5596.txt_q0,4.0,0.21864700317382812,0
high4723.txt_q2,4.0,0.9996597766876221,1
high5618.txt_q1,4.0,0.9998257756233215,1
middle4058.txt_q1,4.0,0.9999961853027344,1
high4530.txt_q0,4.0,0.9996020197868347,1
high9099.txt_q0,4.0,0.6634137630462646,1
middle1418.txt_q0,4.0,0.9960582256317139,1
middle6571.txt_q2,4.0,0.9999425411224365,1
high18640.txt_q2,4.0,0.9999997615814209,1
high14425.txt_q1,4.0,0.9992713332176208,1
middle1034.txt_q1,4.0,0.8364954590797424,1
high14389.txt_q3,4.0,0.49968406558036804,1
high19338.txt_q1,4.0,0.9999938011169434,1
high13965.txt_q0,4.0,0.9999984502792358,1
high1003.txt_q0,4.0,0.9995015859603882,1
high5792.txt_q1,4.0,0.9944655299186707,1
high1332.txt_q0,4.0,0.9985308647155762,1
high11906.txt_q0,4.0,0.4168052077293396,1
high20317.txt_q2,4.0,0.9999346733093262,1
high3032.txt_q1,4.0,0.9999626874923706,1
high17489.txt_q0,4.0,0.9999935626983643,1
high8609.txt_q3,4.0,0.7688270807266235,1
high6350.txt_q0,4.0,0.8756819367408752,1
high4976.txt_q0,4.0,0.9999949932098389,1
high7009.txt_q0,4.0,0.9980857372283936,1
high17036.txt_q1,4.0,0.9999978542327881,1
middle1326.txt_q3,4.0,0.999976634979248,1
high22000.txt_q2,4.0,0.18014855682849884,0
high20442.txt_q1,4.0,0.9971639513969421,1
middle2636.txt_q3,4.0,0.9999905824661255,1
middle7846.txt_q0,4.0,0.9996695518493652,1
high23221.txt_q0,4.0,0.9999899864196777,1
high7274.txt_q1,4.0,0.9997697472572327,1
middle5457.txt_q0,4.0,0.9998136162757874,1
middle3832.txt_q3,4.0,0.9998745918273926,1
high21794.txt_q1,4.0,0.8824748396873474,1
middle7888.txt_q3,4.0,0.9409632086753845,1
high22425.txt_q0,4.0,0.9986308217048645,1
high3177.txt_q2,4.0,0.2600760757923126,0
high18466.txt_q2,4.0,0.9997391104698181,1
high22045.txt_q2,4.0,0.9498719573020935,1
high5789.txt_q1,4.0,0.9794207215309143,1
high3767.txt_q0,4.0,0.9469265937805176,1
middle3635.txt_q3,4.0,0.7861132025718689,1
high18959.txt_q2,4.0,0.9999732971191406,1
middle889.txt_q2,4.0,0.9978873133659363,1
middle365.txt_q0,4.0,0.5063472390174866,1
high10654.txt_q3,4.0,0.9999994039535522,1
high20254.txt_q1,4.0,0.9998776912689209,1
high24217.txt_q1,4.0,0.8493394255638123,1
middle8164.txt_q2,4.0,0.9999775886535645,1
high4183.txt_q1,4.0,0.9939674139022827,1
high7465.txt_q1,4.0,0.9987576007843018,1
high1119.txt_q2,4.0,0.9915509223937988,1
high3845.txt_q1,4.0,0.9993687272071838,1
high20279.txt_q2,4.0,0.9998306035995483,1
high12846.txt_q0,4.0,0.9999995231628418,1
high8274.txt_q2,4.0,0.9918506741523743,1
high21626.txt_q0,4.0,0.9997753500938416,1
high9806.txt_q1,4.0,0.999128520488739,1
middle6082.txt_q4,4.0,0.2764137387275696,0
high7980.txt_q0,4.0,0.9994359612464905,1
high4437.txt_q2,4.0,0.9963686466217041,1
high13423.txt_q2,4.0,0.9990196228027344,1
high8873.txt_q2,4.0,0.9999579191207886,1
middle8110.txt_q2,4.0,0.9447413682937622,1
high587.txt_q0,4.0,0.9999197721481323,1
high23170.txt_q4,4.0,0.9995730519294739,1
high2710.txt_q0,4.0,0.9999806880950928,1
high14761.txt_q1,4.0,0.3766125738620758,1
high23627.txt_q2,4.0,0.9999998807907104,1
high21020.txt_q1,4.0,0.9999879598617554,1
middle3192.txt_q3,4.0,0.999998927116394,1
high4765.txt_q1,4.0,0.9983017444610596,1
middle6443.txt_q0,4.0,0.9999992847442627,1
high21867.txt_q0,4.0,0.9415678977966309,1
high4631.txt_q1,4.0,0.9991165995597839,1
middle4736.txt_q1,4.0,1.0,1
high13970.txt_q1,4.0,0.5409358739852905,1
middle296.txt_q1,4.0,0.9999823570251465,1
high447.txt_q0,4.0,0.9287167191505432,1
high12547.txt_q2,4.0,0.8982672691345215,1
middle4830.txt_q2,4.0,0.979030430316925,1
high14146.txt_q0,4.0,0.9998435974121094,1
high6164.txt_q3,4.0,0.9999988079071045,1
high10756.txt_q0,4.0,0.9998666048049927,1
high5626.txt_q1,4.0,0.9999940395355225,1
high9783.txt_q2,4.0,0.7851839065551758,1
high10510.txt_q0,4.0,0.999702513217926,1
high1345.txt_q3,4.0,0.9995753169059753,1
high24028.txt_q0,4.0,0.8309032320976257,1
middle3185.txt_q3,4.0,0.9994753003120422,1
high19559.txt_q0,4.0,0.979195237159729,1
high14945.txt_q0,4.0,0.9999980926513672,1
high5721.txt_q2,4.0,0.9996094107627869,1
high15320.txt_q2,4.0,0.9975394010543823,1
high22561.txt_q2,4.0,0.9990239143371582,1
high13062.txt_q2,4.0,0.9532678127288818,1
middle7512.txt_q0,4.0,0.9764555096626282,1
high13742.txt_q0,4.0,0.9999759197235107,1
high23836.txt_q4,4.0,0.9999688863754272,1
high18074.txt_q0,4.0,0.9990296363830566,1
high3839.txt_q0,4.0,0.9999697208404541,1
high9612.txt_q0,4.0,0.9998838901519775,1
middle6200.txt_q1,4.0,0.9999845027923584,1
high20000.txt_q0,4.0,0.9997257590293884,1
middle2537.txt_q0,4.0,0.9993927478790283,1
middle1431.txt_q0,4.0,0.9996359348297119,1
high10584.txt_q0,4.0,1.0,1
high19813.txt_q0,4.0,0.9999973773956299,1
high18346.txt_q0,4.0,0.9972540736198425,1
high24000.txt_q2,4.0,0.06976737827062607,0
middle7176.txt_q1,4.0,0.9998918771743774,1
high23637.txt_q3,4.0,0.9985978007316589,1
middle3666.txt_q0,4.0,0.9999723434448242,1
high16975.txt_q1,4.0,0.999998927116394,1
high3103.txt_q1,4.0,0.999907374382019,1
high14228.txt_q1,4.0,0.9986382126808167,1
high9473.txt_q2,4.0,0.9999107122421265,1
high14131.txt_q1,4.0,0.9999918937683105,1
high15169.txt_q3,4.0,0.9965077042579651,1
high17597.txt_q3,4.0,1.0,1
middle3984.txt_q2,4.0,0.999506950378418,1
high9764.txt_q1,4.0,0.9999370574951172,1
middle2892.txt_q3,4.0,0.9999998807907104,1
high14348.txt_q0,4.0,0.9934667944908142,1
high5690.txt_q0,4.0,0.9999346733093262,1
high16863.txt_q1,4.0,0.9999997615814209,1
high14447.txt_q0,4.0,0.9997571110725403,1
high185.txt_q2,4.0,0.8716187477111816,1
high8231.txt_q0,4.0,1.0,1
high12471.txt_q1,4.0,0.9980282187461853,1
high17055.txt_q1,4.0,0.11065898835659027,0
high9931.txt_q3,4.0,0.6225215792655945,1
middle4411.txt_q0,4.0,0.9999867677688599,1
high7243.txt_q1,4.0,0.9929439425468445,1
high3901.txt_q1,4.0,0.8219688534736633,1
high10938.txt_q2,4.0,0.8010715246200562,1
high19803.txt_q1,4.0,0.9985841512680054,1
high19768.txt_q1,4.0,0.9999023675918579,1
high2413.txt_q1,4.0,0.9999606609344482,1
high18233.txt_q1,4.0,0.996788740158081,1
high20508.txt_q1,4.0,0.9999032020568848,1
high15617.txt_q0,4.0,0.9999912977218628,1
middle1200.txt_q4,4.0,0.5385720133781433,1
high21640.txt_q1,4.0,0.99598628282547,1
high11928.txt_q1,4.0,0.9993038177490234,1
high17575.txt_q3,4.0,0.9999775886535645,1
middle7434.txt_q0,4.0,0.9999796152114868,1
middle929.txt_q2,4.0,0.9999966621398926,1
middle5968.txt_q3,4.0,0.9999997615814209,1
high23192.txt_q4,4.0,0.9991150498390198,1
middle5826.txt_q1,4.0,1.0,1
high7627.txt_q1,4.0,0.44809138774871826,1
high20549.txt_q2,4.0,0.27728405594825745,0
high23467.txt_q0,4.0,0.9886397123336792,1
high22797.txt_q0,4.0,0.9999998807907104,1
high22770.txt_q1,4.0,0.8719813823699951,1
high11338.txt_q1,4.0,0.9883579611778259,1
middle1860.txt_q0,4.0,0.6258870959281921,1
high6681.txt_q1,4.0,0.99973064661026,1
high1610.txt_q2,4.0,0.9979896545410156,1
high23046.txt_q2,4.0,0.9999703168869019,1
middle3676.txt_q4,4.0,1.0,1
high22906.txt_q0,4.0,0.9999308586120605,1
high16707.txt_q3,4.0,0.9998883008956909,1
middle1518.txt_q2,4.0,0.9999991655349731,1
middle7194.txt_q2,4.0,1.0,1
middle83.txt_q3,4.0,0.9999957084655762,1
middle6892.txt_q1,4.0,0.999998927116394,1
high9496.txt_q0,4.0,0.9998726844787598,1
high19732.txt_q1,4.0,0.9997612833976746,1
high10629.txt_q3,4.0,0.9991125464439392,1
high192.txt_q0,4.0,0.9998846054077148,1
middle769.txt_q2,4.0,0.9998419284820557,1
middle4775.txt_q0,4.0,0.9999737739562988,1
high11668.txt_q2,4.0,0.9952874183654785,1
high10780.txt_q2,4.0,0.9997856020927429,1
high947.txt_q0,4.0,0.9999988079071045,1
high13872.txt_q0,4.0,0.5075991153717041,1
middle454.txt_q2,4.0,0.9666865468025208,1
high920.txt_q3,4.0,0.9999890327453613,1
middle1266.txt_q1,4.0,0.3510916829109192,0
middle6079.txt_q2,4.0,0.9999991655349731,1
middle3849.txt_q0,4.0,0.9999998807907104,1
middle971.txt_q1,4.0,0.9479847550392151,1
high7201.txt_q2,4.0,0.9972062706947327,1
high8617.txt_q1,4.0,0.9999994039535522,1
high7167.txt_q2,4.0,0.9999998807907104,1
high7813.txt_q1,4.0,0.9999990463256836,1
high16973.txt_q3,4.0,0.9999364614486694,1
middle6563.txt_q4,4.0,0.9998899698257446,1
high17229.txt_q2,4.0,0.6831381916999817,1
high9790.txt_q2,4.0,0.9999598264694214,1
high14311.txt_q2,4.0,0.9999979734420776,1
middle3488.txt_q1,4.0,0.9988186955451965,1
middle7844.txt_q1,4.0,0.551408052444458,1
middle7785.txt_q3,4.0,0.9955787062644958,1
high3873.txt_q2,4.0,0.9999302625656128,1
high10939.txt_q2,4.0,0.9996863603591919,1
high12450.txt_q2,4.0,0.3065721094608307,0
high8586.txt_q0,4.0,0.960475742816925,1
high23361.txt_q2,4.0,0.9889333248138428,1
high23509.txt_q1,4.0,0.9999998807907104,1
high11334.txt_q4,4.0,0.9838136434555054,1
high4715.txt_q2,4.0,0.9824849963188171,1
high6456.txt_q2,4.0,0.9999994039535522,1
high3297.txt_q2,4.0,0.9999663829803467,1
high5620.txt_q1,4.0,0.9998112320899963,1
middle3201.txt_q2,4.0,0.9998458623886108,1
middle7686.txt_q0,4.0,1.0,1
high7841.txt_q0,4.0,0.9107087850570679,1
high22138.txt_q2,4.0,0.9999916553497314,1
high19299.txt_q3,4.0,0.9986909031867981,1
high3430.txt_q0,4.0,0.9971117973327637,1
high12495.txt_q0,4.0,0.9999995231628418,1
high16181.txt_q3,4.0,0.999997615814209,1
high13477.txt_q0,4.0,0.999790608882904,1
high20778.txt_q2,4.0,0.9997077584266663,1
middle7963.txt_q1,4.0,0.9997983574867249,1
high8273.txt_q1,4.0,0.9987090826034546,1
high20626.txt_q3,4.0,0.9996020197868347,1
high19843.txt_q1,4.0,0.99505215883255,1
high22572.txt_q1,4.0,0.927370011806488,1
middle1404.txt_q2,4.0,0.9999963045120239,1
high8632.txt_q2,4.0,0.9983021020889282,1
high9291.txt_q2,4.0,0.9999994039535522,1
high18739.txt_q1,4.0,0.9999995231628418,1
high14261.txt_q3,4.0,0.9959126114845276,1
high14367.txt_q2,4.0,0.9946181178092957,1
high15408.txt_q0,4.0,0.9999616146087646,1
high14403.txt_q2,4.0,0.6941510438919067,1
middle6018.txt_q1,4.0,0.2538396120071411,0
middle6551.txt_q2,4.0,0.9999969005584717,1
high12576.txt_q2,4.0,0.9999911785125732,1
high18025.txt_q1,4.0,0.9953805208206177,1
middle7317.txt_q3,4.0,0.998599112033844,1
middle4056.txt_q0,4.0,0.9998552799224854,1
middle4772.txt_q2,4.0,0.9287856221199036,1
high17769.txt_q1,4.0,0.9943348169326782,1
middle3628.txt_q1,4.0,0.8502867817878723,1
high8232.txt_q0,4.0,0.9990218877792358,1
high3711.txt_q2,4.0,0.9968024492263794,1
high1910.txt_q3,4.0,0.9957166314125061,1
middle4587.txt_q3,4.0,0.9810077548027039,1
high4766.txt_q0,4.0,0.9998428821563721,1
middle4381.txt_q3,4.0,0.9993415474891663,1
middle3724.txt_q3,4.0,0.9994106292724609,1
high17149.txt_q0,4.0,0.9991210103034973,1
high16663.txt_q2,4.0,0.9999028444290161,1
middle1018.txt_q2,4.0,0.9931302666664124,1
middle4040.txt_q4,4.0,0.9992784857749939,1
high20744.txt_q1,4.0,0.9540879130363464,1
high4753.txt_q0,4.0,0.9986961483955383,1
middle336.txt_q1,4.0,0.9999324083328247,1
high10757.txt_q1,4.0,0.9546424150466919,1
middle2964.txt_q1,4.0,0.9998973608016968,1
high14396.txt_q1,4.0,1.0,1
high22459.txt_q3,4.0,0.8244643211364746,1
middle2.txt_q0,4.0,0.9969871640205383,1
middle86.txt_q2,4.0,0.9956530332565308,1
middle6444.txt_q0,4.0,0.9988771080970764,1
high3680.txt_q0,4.0,0.9999995231628418,1
high1165.txt_q0,4.0,0.655633807182312,1
high12956.txt_q1,4.0,0.9998082518577576,1
middle3224.txt_q1,4.0,0.9999970197677612,1
high17733.txt_q0,4.0,0.9999066591262817,1
high11611.txt_q0,4.0,0.8262881636619568,1
middle518.txt_q4,4.0,0.9697921276092529,1
high5292.txt_q0,4.0,0.9999768733978271,1
high21450.txt_q2,4.0,0.9991669654846191,1
high20168.txt_q0,4.0,1.0,1
high16076.txt_q0,4.0,0.9992921352386475,1
middle5125.txt_q1,4.0,0.9999251365661621,1
high8048.txt_q1,4.0,0.8546614646911621,1
high5245.txt_q1,4.0,1.0,1
middle7205.txt_q1,4.0,0.9999586343765259,1
high10992.txt_q3,4.0,0.9929550290107727,1
high2996.txt_q0,4.0,0.9740051627159119,1
middle4621.txt_q4,4.0,0.8186671733856201,1
high3848.txt_q0,4.0,0.9849852323532104,1
high8221.txt_q0,4.0,0.9999895095825195,1
middle4352.txt_q2,4.0,0.9955134987831116,1
middle4166.txt_q1,4.0,0.9998828172683716,1
high22417.txt_q2,4.0,0.9994933605194092,1
high18770.txt_q1,4.0,0.99872225522995,1
high12319.txt_q0,4.0,0.9791298508644104,1
middle7666.txt_q0,4.0,0.9999992847442627,1
middle3201.txt_q3,4.0,0.9999587535858154,1
high2349.txt_q0,4.0,0.9999995231628418,1
high21485.txt_q3,4.0,0.960838794708252,1
middle5137.txt_q3,4.0,0.9999991655349731,1
high17447.txt_q1,4.0,0.28198128938674927,0
middle965.txt_q1,4.0,0.9999758005142212,1
high5294.txt_q3,4.0,0.999982476234436,1
high17006.txt_q2,4.0,0.992790937423706,1
high15177.txt_q1,4.0,0.9994884729385376,1
high17247.txt_q2,4.0,0.9999927282333374,1
high12270.txt_q2,4.0,0.9991164803504944,1
high8844.txt_q2,4.0,0.5704880356788635,1
middle2145.txt_q2,4.0,0.9880878329277039,1
high14710.txt_q2,4.0,0.9690099954605103,1
middle1413.txt_q2,4.0,0.9954730868339539,1
high6736.txt_q3,4.0,0.9999158382415771,1
high8301.txt_q1,4.0,0.9999909400939941,1
middle5679.txt_q4,4.0,0.9999525547027588,1
high10484.txt_q2,4.0,0.9982666969299316,1
high18209.txt_q0,4.0,0.40061503648757935,1
high15631.txt_q0,4.0,0.9122236371040344,1
high4826.txt_q1,4.0,0.9960760474205017,1
high18882.txt_q1,4.0,0.9968619346618652,1
high23393.txt_q0,4.0,0.5922004580497742,1
high3187.txt_q2,4.0,0.9999918937683105,1
middle2670.txt_q3,4.0,0.9999990463256836,1
high10614.txt_q2,4.0,0.9995005130767822,1
middle2113.txt_q2,4.0,0.9999991655349731,1
high19834.txt_q2,4.0,0.9999998807907104,1
high2771.txt_q2,4.0,0.9999872446060181,1
high10667.txt_q2,4.0,0.9977973699569702,1
high4336.txt_q2,4.0,0.9982619881629944,1
middle1430.txt_q1,4.0,0.9997019171714783,1
high15333.txt_q2,4.0,0.9791368246078491,1
middle7664.txt_q3,4.0,0.9997072815895081,1
middle7863.txt_q0,4.0,1.0,1
high22902.txt_q0,4.0,1.0,1
high15877.txt_q1,4.0,0.9999923706054688,1
high2424.txt_q0,4.0,0.9999982118606567,1
high166.txt_q3,4.0,0.990199863910675,1
high8182.txt_q0,4.0,0.9648845791816711,1
middle2522.txt_q1,4.0,0.9999998807907104,1
high14231.txt_q3,4.0,0.999930739402771,1
middle7833.txt_q4,4.0,0.9999979734420776,1
high15476.txt_q3,4.0,1.0,1
high640.txt_q0,4.0,0.9999996423721313,1
middle2239.txt_q0,4.0,1.0,1
high2145.txt_q2,4.0,0.9999903440475464,1
middle757.txt_q2,4.0,0.9987800717353821,1
high18403.txt_q0,4.0,0.999998927116394,1
high20844.txt_q1,4.0,0.9998065829277039,1
middle5933.txt_q0,4.0,0.15104734897613525,0
high10736.txt_q0,4.0,0.9999991655349731,1
middle3078.txt_q0,4.0,0.9999905824661255,1
middle910.txt_q0,4.0,0.9999979734420776,1
high3330.txt_q0,4.0,0.37779179215431213,0
middle6022.txt_q0,4.0,0.9999110698699951,1
high5464.txt_q3,4.0,0.9910051822662354,1
high15225.txt_q2,4.0,0.9266726970672607,1
high11190.txt_q2,4.0,0.9994547963142395,1
middle7236.txt_q2,4.0,0.9992408752441406,1
high1994.txt_q2,4.0,0.9999994039535522,1
high7656.txt_q1,4.0,0.9999032020568848,1
high209.txt_q0,4.0,0.9999895095825195,1
high19828.txt_q0,4.0,0.9999977350234985,1
middle8250.txt_q3,4.0,0.9999992847442627,1
high15232.txt_q2,4.0,0.9759324789047241,1
high12957.txt_q1,4.0,0.999221920967102,1
middle8167.txt_q4,4.0,0.9999847412109375,1
high20217.txt_q3,4.0,0.9996950626373291,1
high15685.txt_q1,4.0,0.9976159334182739,1
high9177.txt_q2,4.0,0.9954581260681152,1
high9219.txt_q0,4.0,0.6994872689247131,1
high1920.txt_q3,4.0,0.9999710321426392,1
middle6298.txt_q0,4.0,0.9993191957473755,1
high21167.txt_q0,4.0,0.9998599290847778,1
middle1368.txt_q4,4.0,0.6359943151473999,1
high8477.txt_q2,4.0,0.9975791573524475,1
middle1171.txt_q1,4.0,0.9999998807907104,1
middle3478.txt_q3,4.0,0.9921031594276428,1
high8280.txt_q0,4.0,0.9999480247497559,1
high18451.txt_q2,4.0,0.9980869293212891,1
high25.txt_q1,4.0,0.99951171875,1
high2068.txt_q1,4.0,0.9999363422393799,1
high17486.txt_q0,4.0,0.2296811044216156,0
high295.txt_q0,4.0,0.999035120010376,1
high10035.txt_q3,4.0,0.9999945163726807,1
high4730.txt_q2,4.0,0.9702355265617371,1
middle5958.txt_q2,4.0,0.9999998807907104,1
high21665.txt_q0,4.0,0.9999667406082153,1
middle457.txt_q3,4.0,0.9977812170982361,1
high11288.txt_q0,4.0,0.9614229202270508,1
middle7993.txt_q0,4.0,0.8573548197746277,1
middle8278.txt_q1,4.0,0.02487769164144993,0
middle7174.txt_q2,4.0,0.99955815076828,1
high2053.txt_q4,4.0,0.9987623691558838,1
high1034.txt_q1,4.0,0.998178243637085,1
middle439.txt_q3,4.0,1.0,1
high1615.txt_q1,4.0,0.9999855756759644,1
high8041.txt_q0,4.0,0.9999951124191284,1
middle1277.txt_q1,4.0,0.9999972581863403,1
high632.txt_q3,4.0,0.9998301267623901,1
high11553.txt_q2,4.0,0.9980012774467468,1
middle392.txt_q0,4.0,0.9989087581634521,1
high2573.txt_q1,4.0,0.9999998807907104,1
high18274.txt_q1,4.0,0.9999990463256836,1
high6727.txt_q0,4.0,0.9927570223808289,1
high5959.txt_q0,4.0,0.9999994039535522,1
middle153.txt_q0,4.0,0.9997958540916443,1
high15412.txt_q0,4.0,0.9999452829360962,1
high6591.txt_q0,4.0,0.9964370727539062,1
middle3570.txt_q0,4.0,1.0,1
high2039.txt_q2,4.0,0.9999994039535522,1
middle2275.txt_q1,4.0,0.9999728202819824,1
high24097.txt_q2,4.0,0.9999450445175171,1
high9263.txt_q1,4.0,0.9918493032455444,1
high14799.txt_q2,4.0,0.9979168772697449,1
high17049.txt_q1,4.0,1.0,1
high23876.txt_q1,4.0,0.9999545812606812,1
middle6269.txt_q0,4.0,0.9999960660934448,1
high20296.txt_q1,4.0,1.0,1
high5699.txt_q2,4.0,0.5250544548034668,1
high20751.txt_q2,4.0,0.9332588315010071,1
middle2432.txt_q4,4.0,0.9946084022521973,1
high10333.txt_q2,4.0,0.999990701675415,1
high8659.txt_q0,4.0,0.9950565099716187,1
high8461.txt_q0,4.0,0.9999797344207764,1
high19400.txt_q1,4.0,0.9920163154602051,1
high4587.txt_q3,4.0,0.9996622800827026,1
high8889.txt_q2,4.0,1.0,1
high6172.txt_q0,4.0,0.9999939203262329,1
high11474.txt_q1,4.0,0.9999923706054688,1
high8639.txt_q1,4.0,0.9999920129776001,1
high8889.txt_q0,4.0,0.22475288808345795,0
middle1791.txt_q1,4.0,0.99920254945755,1
high5539.txt_q3,4.0,0.9999570846557617,1
high5456.txt_q1,4.0,0.6908692717552185,1
high8137.txt_q1,4.0,0.29421862959861755,0
high17621.txt_q2,4.0,0.9997380375862122,1
high8112.txt_q0,4.0,0.9454676508903503,1
high4907.txt_q0,4.0,0.643994152545929,1
high4735.txt_q1,4.0,0.6013762354850769,1
high23171.txt_q0,4.0,0.9989181756973267,1
middle1100.txt_q3,4.0,0.9999985694885254,1
high3948.txt_q0,4.0,0.9999932050704956,1
middle3399.txt_q1,4.0,0.9988960027694702,1
high19377.txt_q2,4.0,0.999384880065918,1
middle2027.txt_q0,4.0,0.9809640645980835,1
high17552.txt_q1,4.0,0.9999382495880127,1
high19565.txt_q2,4.0,0.9987853169441223,1
high11412.txt_q2,4.0,0.24198174476623535,0
high20619.txt_q4,4.0,0.9999815225601196,1
middle3095.txt_q3,4.0,0.9962425231933594,1
middle5258.txt_q0,4.0,0.999997615814209,1
middle5402.txt_q1,4.0,0.9998645782470703,1
high9576.txt_q2,4.0,0.9928540587425232,1
high17378.txt_q2,4.0,0.9986099004745483,1
high17663.txt_q3,4.0,0.9995452761650085,1
high20964.txt_q1,4.0,0.9999957084655762,1
middle636.txt_q4,4.0,1.0,1
high18920.txt_q3,4.0,0.9994961023330688,1
high10585.txt_q2,4.0,0.994213879108429,1
high9977.txt_q1,4.0,0.9727316498756409,1
high21754.txt_q2,4.0,0.9874475598335266,1
high12999.txt_q2,4.0,1.0,1
high13892.txt_q2,4.0,0.999997615814209,1
middle5468.txt_q4,4.0,0.9999974966049194,1
high2671.txt_q1,4.0,0.941818118095398,1
middle3548.txt_q4,4.0,1.0,1
high2605.txt_q0,4.0,0.9995204210281372,1
high19976.txt_q4,4.0,0.9899746775627136,1
high10045.txt_q0,4.0,0.9974225759506226,1
high18041.txt_q1,4.0,0.991500735282898,1
middle234.txt_q3,4.0,0.9018936157226562,1
high22676.txt_q2,4.0,0.9999998807907104,1
high23349.txt_q3,4.0,0.9194756150245667,1
middle7879.txt_q3,4.0,0.9798941016197205,1
high813.txt_q0,4.0,0.9992638230323792,1
high10124.txt_q2,4.0,0.1326415091753006,0
high23887.txt_q3,4.0,0.9999947547912598,1
high13070.txt_q1,4.0,0.6220194697380066,1
high2614.txt_q3,4.0,0.9999973773956299,1
high2362.txt_q4,4.0,0.9999964237213135,1
high7106.txt_q2,4.0,0.9990326166152954,1
high6013.txt_q1,4.0,0.9844621419906616,1
high19094.txt_q0,4.0,0.9999719858169556,1
high4086.txt_q0,4.0,0.9999897480010986,1
high20747.txt_q1,4.0,0.9997742772102356,1
high14546.txt_q1,4.0,0.9999998807907104,1
middle3435.txt_q0,4.0,0.9971511960029602,1
middle1799.txt_q2,4.0,0.7509218454360962,1
high1845.txt_q0,4.0,0.9986554384231567,1
middle7500.txt_q1,4.0,0.8103993535041809,1
middle5909.txt_q1,4.0,0.9999887943267822,1
high221.txt_q0,4.0,0.12308987230062485,0
high4762.txt_q1,4.0,0.999482274055481,1
middle5600.txt_q4,4.0,0.9999951124191284,1
high17654.txt_q2,4.0,0.9999986886978149,1
middle1894.txt_q2,4.0,0.986367404460907,1
high17908.txt_q0,4.0,0.9999396800994873,1
high13768.txt_q0,4.0,0.9999547004699707,1
high20318.txt_q2,4.0,0.9999973773956299,1
middle2660.txt_q3,4.0,0.9999997615814209,1
high4861.txt_q2,4.0,0.99496990442276,1
middle375.txt_q3,4.0,0.9999456405639648,1
high6691.txt_q1,4.0,0.99970942735672,1
high24028.txt_q3,4.0,0.9031270742416382,1
middle3655.txt_q3,4.0,0.9725621342658997,1
high23038.txt_q1,4.0,0.5431930422782898,1
high11603.txt_q3,4.0,0.9995138645172119,1
middle6215.txt_q1,4.0,0.9999245405197144,1
high21368.txt_q1,4.0,0.3780180513858795,0
middle6688.txt_q2,4.0,1.0,1
high15316.txt_q0,4.0,0.9999157190322876,1
high12113.txt_q4,4.0,0.9971165657043457,1
high4448.txt_q2,4.0,0.9998231530189514,1
middle5667.txt_q2,4.0,1.0,1
high1876.txt_q2,4.0,0.9933150410652161,1
high4703.txt_q2,4.0,0.9997995495796204,1
high6224.txt_q3,4.0,0.9987717270851135,1
high675.txt_q0,4.0,0.9217652678489685,1
high19727.txt_q2,4.0,0.7860677242279053,1
middle1605.txt_q1,4.0,0.999990701675415,1
middle2990.txt_q1,4.0,0.8903470039367676,1
middle4680.txt_q3,4.0,0.9996193647384644,1
high18089.txt_q2,4.0,0.9999997615814209,1
middle4956.txt_q1,4.0,0.3482223451137543,1
high13182.txt_q1,4.0,0.9999245405197144,1
high19381.txt_q0,4.0,0.9999992847442627,1
middle765.txt_q0,4.0,1.0,1
high7849.txt_q1,4.0,0.9883008003234863,1
middle7928.txt_q1,4.0,0.9999978542327881,1
high12225.txt_q3,4.0,0.9999954700469971,1
high23986.txt_q2,4.0,0.999840497970581,1
middle4213.txt_q1,4.0,0.34062373638153076,0
middle782.txt_q1,4.0,0.5840860605239868,1
high2965.txt_q2,4.0,0.8994480967521667,1
high526.txt_q0,4.0,0.9992973804473877,1
high23145.txt_q2,4.0,1.0,1
high18678.txt_q2,4.0,0.9905215501785278,1
high10311.txt_q2,4.0,1.0,1
middle4597.txt_q0,4.0,0.9999630451202393,1
high1292.txt_q2,4.0,0.9992790818214417,1
high11072.txt_q1,4.0,0.9999879598617554,1
high9329.txt_q1,4.0,0.718461811542511,1
middle6568.txt_q2,4.0,0.9999920129776001,1
middle7934.txt_q0,4.0,0.999993085861206,1
high8442.txt_q2,4.0,0.999998927116394,1
high7100.txt_q1,4.0,0.28701239824295044,0
middle1600.txt_q1,4.0,0.9999995231628418,1
high6421.txt_q3,4.0,0.9957634210586548,1
middle3360.txt_q1,4.0,0.9999712705612183,1
high15261.txt_q3,4.0,0.9998894929885864,1
high12559.txt_q1,4.0,0.9999966621398926,1
high8051.txt_q0,4.0,0.9996579885482788,1
high24081.txt_q0,4.0,0.9999994039535522,1
high24010.txt_q1,4.0,0.9903683662414551,1
middle1383.txt_q0,4.0,0.9935113787651062,1
high4003.txt_q1,4.0,0.9989383816719055,1
high5063.txt_q1,4.0,0.9998064637184143,1
high11402.txt_q0,4.0,1.0,1
high21150.txt_q1,4.0,0.9999939203262329,1
high23112.txt_q2,4.0,0.9996590614318848,1
high22421.txt_q4,4.0,0.9946999549865723,1
high7569.txt_q3,4.0,0.9999995231628418,1
middle3091.txt_q0,4.0,0.9999669790267944,1
high8342.txt_q1,4.0,0.9999998807907104,1
high15862.txt_q1,4.0,0.8309140801429749,1
middle2492.txt_q1,4.0,0.9834612607955933,1
high18728.txt_q3,4.0,0.8816697597503662,1
high22505.txt_q1,4.0,0.9967467784881592,1
middle8177.txt_q1,4.0,0.9998399019241333,1
high16785.txt_q2,4.0,0.9999555349349976,1
middle623.txt_q0,4.0,0.9965309500694275,1
middle3486.txt_q2,4.0,0.4866717457771301,0
middle1528.txt_q2,4.0,0.9998685121536255,1
high13846.txt_q0,4.0,0.9979448914527893,1
middle2312.txt_q0,4.0,0.9903398156166077,1
high16688.txt_q1,4.0,0.4319872260093689,1
middle4727.txt_q3,4.0,0.9984476566314697,1
high11204.txt_q1,4.0,0.9999915361404419,1
middle5694.txt_q4,4.0,0.9687933325767517,1
high12516.txt_q1,4.0,0.9989795088768005,1
high15827.txt_q1,4.0,0.998961329460144,1
high11289.txt_q1,4.0,0.9999933242797852,1
high1352.txt_q3,4.0,0.999927282333374,1
high24171.txt_q2,4.0,0.980686366558075,1
high4431.txt_q1,4.0,0.9999996423721313,1
high17896.txt_q2,4.0,0.9998985528945923,1
middle6901.txt_q2,4.0,0.9998018145561218,1
high14476.txt_q0,4.0,0.9999983310699463,1
high14508.txt_q0,4.0,0.9998503923416138,1
middle7158.txt_q1,4.0,0.9819074273109436,1
high19414.txt_q1,4.0,0.9720874428749084,1
high17655.txt_q2,4.0,0.8834352493286133,1
high16640.txt_q0,4.0,0.9999980926513672,1
high5149.txt_q2,4.0,1.0,1
middle3915.txt_q1,4.0,0.9998505115509033,1
high5826.txt_q2,4.0,0.9999371767044067,1
high8963.txt_q1,4.0,0.16462579369544983,0
high14889.txt_q2,4.0,0.9999998807907104,1
middle835.txt_q0,4.0,1.0,1
high16468.txt_q3,4.0,1.0,1
high9551.txt_q0,4.0,1.0,1
middle4011.txt_q0,4.0,0.9975449442863464,1
high14579.txt_q2,4.0,0.9993187189102173,1
high19164.txt_q0,4.0,0.9968388080596924,1
middle4871.txt_q0,4.0,0.9998669624328613,1
high18358.txt_q2,4.0,0.996354341506958,1
high7335.txt_q0,4.0,0.9999920129776001,1
high9143.txt_q2,4.0,0.6108420491218567,1
high8382.txt_q1,4.0,0.9584617614746094,1
high6144.txt_q0,4.0,1.0,1
high23839.txt_q1,4.0,0.999998927116394,1
high20339.txt_q3,4.0,0.9999955892562866,1
high14199.txt_q2,4.0,0.9981144666671753,1
high15564.txt_q0,4.0,0.9999964237213135,1
high7311.txt_q0,4.0,0.9999932050704956,1
middle1899.txt_q4,4.0,0.9979876279830933,1
high5520.txt_q0,4.0,0.9652306437492371,1
high2473.txt_q0,4.0,0.43377867341041565,1
high4816.txt_q1,4.0,0.9875920414924622,1
high9074.txt_q1,4.0,0.9292536973953247,1
middle5360.txt_q2,4.0,1.0,1
high12244.txt_q3,4.0,0.9917885661125183,1
high8140.txt_q3,4.0,0.9999947547912598,1
high14055.txt_q1,4.0,0.9998210072517395,1
high8847.txt_q0,4.0,0.9999126195907593,1
high2566.txt_q1,4.0,0.999992847442627,1
high2357.txt_q1,4.0,0.9978027939796448,1
high7362.txt_q0,4.0,0.9998984336853027,1
high12630.txt_q0,4.0,0.8835881352424622,1
high13001.txt_q1,4.0,0.994063675403595,1
middle6030.txt_q1,4.0,1.0,1
middle7946.txt_q2,4.0,0.9998925924301147,1
middle42.txt_q2,4.0,0.9996286630630493,1
high16682.txt_q4,4.0,0.9999711513519287,1
high18242.txt_q3,4.0,0.9998605251312256,1
high6725.txt_q0,4.0,0.9999862909317017,1
high196.txt_q1,4.0,0.999447762966156,1
high21355.txt_q0,4.0,0.9999986886978149,1
high20184.txt_q2,4.0,0.9993341565132141,1
high1586.txt_q0,4.0,0.9999992847442627,1
high13219.txt_q2,4.0,0.9986132383346558,1
high4060.txt_q2,4.0,0.9906944036483765,1
high23151.txt_q1,4.0,0.9612228274345398,1
middle4380.txt_q2,4.0,0.9999967813491821,1
middle2533.txt_q1,4.0,0.9998086094856262,1
high22588.txt_q0,4.0,0.9999991655349731,1
high14000.txt_q0,4.0,0.9999942779541016,1
high16391.txt_q3,4.0,1.0,1
high6770.txt_q1,4.0,0.9999964237213135,1
high830.txt_q2,4.0,0.9989375472068787,1
high18870.txt_q2,4.0,0.9992949962615967,1
high21155.txt_q2,4.0,0.9999246597290039,1
high11029.txt_q2,4.0,0.2086755782365799,0
middle2395.txt_q2,4.0,0.4504694640636444,1
high14743.txt_q1,4.0,0.5647621154785156,1
high1555.txt_q2,4.0,0.9547758102416992,1
high19001.txt_q1,4.0,0.9999998807907104,1
high15581.txt_q0,4.0,0.9994038343429565,1
high23114.txt_q1,4.0,1.0,1
high14255.txt_q1,4.0,0.9996342658996582,1
high20094.txt_q4,4.0,0.9915550351142883,1
high5164.txt_q0,4.0,1.0,1
middle6031.txt_q3,4.0,0.9999836683273315,1
high4066.txt_q1,4.0,0.9999560117721558,1
middle4649.txt_q2,4.0,0.9998725652694702,1
middle888.txt_q2,4.0,0.9999998807907104,1
middle2392.txt_q2,4.0,1.0,1
high14356.txt_q2,4.0,0.9999634027481079,1
high9763.txt_q0,4.0,0.9993832111358643,1
high15926.txt_q0,4.0,0.9999436140060425,1
middle1053.txt_q2,4.0,0.9994981288909912,1
high19142.txt_q1,4.0,0.4734281599521637,1
high22914.txt_q1,4.0,0.9870933890342712,1
high14937.txt_q1,4.0,0.029245033860206604,0
high8772.txt_q2,4.0,0.9752926230430603,1
high12754.txt_q1,4.0,0.9999994039535522,1
high12123.txt_q0,4.0,0.9999910593032837,1
high12498.txt_q1,4.0,0.9999998807907104,1
middle4445.txt_q0,4.0,1.0,1
high3231.txt_q1,4.0,0.9970105886459351,1
high3151.txt_q1,4.0,1.0,1
high6147.txt_q0,4.0,0.9901583790779114,1
middle1674.txt_q2,4.0,0.9999997615814209,1
high16985.txt_q3,4.0,0.9999995231628418,1
high9100.txt_q3,4.0,0.8943811058998108,1
middle692.txt_q1,4.0,1.0,1
high18068.txt_q1,4.0,0.9999533891677856,1
high2810.txt_q1,4.0,0.9992990493774414,1
middle5945.txt_q2,4.0,0.9933834671974182,1
high5855.txt_q1,4.0,0.8647993206977844,1
middle5306.txt_q1,4.0,0.9999997615814209,1
high8271.txt_q2,4.0,0.9999734163284302,1
middle1113.txt_q3,4.0,0.9999994039535522,1
high10077.txt_q2,4.0,0.9991457462310791,1
high14328.txt_q2,4.0,0.9999954700469971,1
middle6110.txt_q1,4.0,0.9999901056289673,1
high11979.txt_q0,4.0,0.9999990463256836,1
middle4099.txt_q0,4.0,0.9977912902832031,1
middle819.txt_q3,4.0,0.9999880790710449,1
high24140.txt_q2,4.0,0.47979503870010376,1
high13867.txt_q0,4.0,0.9982650876045227,1
high12444.txt_q2,4.0,0.9975456595420837,1
high130.txt_q3,4.0,0.987653911113739,1
high7431.txt_q2,4.0,0.9999959468841553,1
high9843.txt_q1,4.0,0.9991538524627686,1
middle4779.txt_q1,4.0,0.999356210231781,1
high12784.txt_q0,4.0,0.38854140043258667,0
middle878.txt_q2,4.0,0.9999979734420776,1
high21380.txt_q0,4.0,0.9972274899482727,1
high11821.txt_q2,4.0,0.9999781847000122,1
high20603.txt_q1,4.0,0.195794939994812,0
high3005.txt_q1,4.0,0.9779707789421082,1
high2250.txt_q2,4.0,0.9999752044677734,1
middle6707.txt_q2,4.0,0.26845085620880127,0
high4845.txt_q1,4.0,0.9999840259552002,1
high8269.txt_q2,4.0,0.9856551289558411,1
high1577.txt_q3,4.0,0.9794406890869141,1
high8081.txt_q1,4.0,0.999638557434082,1
high16434.txt_q0,4.0,0.9976598024368286,1
high8023.txt_q2,4.0,0.9999643564224243,1
high15127.txt_q1,4.0,0.9998250603675842,1
high13863.txt_q0,4.0,0.993226945400238,1
high10545.txt_q1,4.0,0.9999518394470215,1
high8374.txt_q0,4.0,1.0,1
high2213.txt_q2,4.0,0.999998927116394,1
high2878.txt_q2,4.0,0.9995529055595398,1
high4108.txt_q1,4.0,1.0,1
high12938.txt_q2,4.0,0.9997501969337463,1
high982.txt_q1,4.0,0.9999986886978149,1
middle5251.txt_q0,4.0,1.0,1
middle7168.txt_q2,4.0,0.9879629015922546,1
high9100.txt_q1,4.0,0.9997135996818542,1
high23243.txt_q1,4.0,0.9999967813491821,1
middle1281.txt_q0,4.0,0.9990529417991638,1
high7528.txt_q1,4.0,0.9765086770057678,1
high14231.txt_q2,4.0,0.9997395873069763,1
high22263.txt_q1,4.0,0.9984509944915771,1
high22786.txt_q1,4.0,0.9652559757232666,1
high240.txt_q0,4.0,0.9998611211776733,1
high18182.txt_q0,4.0,0.9999936819076538,1
high4819.txt_q1,4.0,0.9999990463256836,1
middle6732.txt_q2,4.0,1.0,1
high6110.txt_q2,4.0,0.9944018721580505,1
high5151.txt_q1,4.0,0.9245707392692566,1
high11972.txt_q0,4.0,0.34309181571006775,0
high18938.txt_q0,4.0,0.9963078498840332,1
high22198.txt_q3,4.0,0.9997040629386902,1
middle5381.txt_q0,4.0,0.9918982982635498,1
middle3918.txt_q0,4.0,1.0,1
high20438.txt_q1,4.0,0.9994400143623352,1
high20173.txt_q2,4.0,0.9998041987419128,1
high19113.txt_q1,4.0,0.9986916184425354,1
high16576.txt_q1,4.0,0.9968209266662598,1
middle4493.txt_q1,4.0,1.0,1
high8054.txt_q3,4.0,0.9974149465560913,1
middle2926.txt_q4,4.0,0.9998708963394165,1
high13098.txt_q2,4.0,0.9999997615814209,1
high12468.txt_q1,4.0,0.9999904632568359,1
high23657.txt_q3,4.0,0.9999526739120483,1
middle7034.txt_q1,4.0,0.9999994039535522,1
high4861.txt_q0,4.0,0.9996106028556824,1
middle5329.txt_q4,4.0,0.9999991655349731,1
high3277.txt_q1,4.0,0.9822216629981995,1
high7952.txt_q1,4.0,0.9999849796295166,1
high6857.txt_q1,4.0,0.3278665244579315,1
middle4648.txt_q3,4.0,0.9999606609344482,1
middle7628.txt_q2,4.0,0.9997614026069641,1
middle4640.txt_q1,4.0,0.9999135732650757,1
high12970.txt_q2,4.0,0.9998204112052917,1
high4433.txt_q0,4.0,0.9999380111694336,1
high6898.txt_q2,4.0,0.9933397173881531,1
high603.txt_q1,4.0,0.9996683597564697,1
high9719.txt_q1,4.0,0.9999988079071045,1
high20096.txt_q3,4.0,0.9999918937683105,1
high8384.txt_q0,4.0,0.9999986886978149,1
middle7451.txt_q1,4.0,0.42578914761543274,0
middle1856.txt_q1,4.0,0.9954755902290344,1
middle7195.txt_q0,4.0,1.0,1
middle4908.txt_q3,4.0,0.999671459197998,1
high16721.txt_q2,4.0,0.9999948740005493,1
middle939.txt_q4,4.0,0.9999861717224121,1
high8105.txt_q1,4.0,0.9999583959579468,1
high6723.txt_q1,4.0,0.9633393883705139,1
middle4798.txt_q0,4.0,1.0,1
high7019.txt_q0,4.0,0.9999954700469971,1
high4969.txt_q3,4.0,0.999257504940033,1
high6820.txt_q2,4.0,0.9987393021583557,1
high21677.txt_q0,4.0,0.9638559818267822,1
high17765.txt_q1,4.0,0.9978531002998352,1
high18740.txt_q1,4.0,0.9994006156921387,1
high21303.txt_q2,4.0,0.9379807114601135,1
high6027.txt_q3,4.0,0.9672155380249023,1
high10916.txt_q0,4.0,0.9999961853027344,1
high16954.txt_q1,4.0,0.9999728202819824,1
high20452.txt_q1,4.0,0.9997238516807556,1
high5250.txt_q2,4.0,0.9818383455276489,1
middle6640.txt_q1,4.0,0.9999052286148071,1
high21196.txt_q1,4.0,0.9674838185310364,1
middle2287.txt_q0,4.0,0.9999990463256836,1
high15173.txt_q2,4.0,0.9999936819076538,1
middle4616.txt_q0,4.0,0.9992420673370361,1
high2098.txt_q3,4.0,0.9995482563972473,1
middle315.txt_q2,4.0,0.9999971389770508,1
middle2949.txt_q1,4.0,0.6494295597076416,1
middle5113.txt_q2,4.0,0.9741542935371399,1
high18829.txt_q0,4.0,0.9997205138206482,1
high18855.txt_q1,4.0,0.9999997615814209,1
high16242.txt_q3,4.0,0.9999955892562866,1
high4154.txt_q1,4.0,0.9986637830734253,1
high20953.txt_q1,4.0,0.9999932050704956,1
high20445.txt_q0,4.0,0.9092596769332886,1
middle3123.txt_q3,4.0,0.9999998807907104,1
high6861.txt_q0,4.0,0.9985846281051636,1
high4347.txt_q2,4.0,0.999990701675415,1
high23451.txt_q1,4.0,0.9958986639976501,1
middle1318.txt_q3,4.0,0.9755728840827942,1
high2668.txt_q3,4.0,0.9999966621398926,1
middle1639.txt_q0,4.0,0.9999908208847046,1
middle5793.txt_q4,4.0,0.9999994039535522,1
high20933.txt_q1,4.0,0.9999008178710938,1
high5517.txt_q0,4.0,0.9998966455459595,1
high13547.txt_q0,4.0,0.9999997615814209,1
high487.txt_q0,4.0,0.9979050159454346,1
high7501.txt_q2,4.0,0.9999836683273315,1
high10728.txt_q1,4.0,0.9949240684509277,1
high4189.txt_q0,4.0,0.999681830406189,1
middle4137.txt_q1,4.0,0.9957230091094971,1
high13406.txt_q2,4.0,0.9999998807907104,1
high8711.txt_q2,4.0,0.999871015548706,1
high5169.txt_q0,4.0,0.3969641625881195,1
high13544.txt_q0,4.0,0.9996578693389893,1
high17809.txt_q0,4.0,0.9999990463256836,1
high24206.txt_q0,4.0,0.9888677000999451,1
high10498.txt_q1,4.0,0.9999914169311523,1
high12458.txt_q2,4.0,0.9995899796485901,1
high22513.txt_q0,4.0,0.9999986886978149,1
high14625.txt_q0,4.0,0.9999983310699463,1
high17294.txt_q2,4.0,0.9999421834945679,1
high5085.txt_q1,4.0,0.9999682903289795,1
middle1537.txt_q2,4.0,0.9999288320541382,1
middle1960.txt_q1,4.0,0.9999562501907349,1
middle3475.txt_q3,4.0,0.9998385906219482,1
high12767.txt_q2,4.0,0.9999896287918091,1
middle2352.txt_q2,4.0,0.9998928308486938,1
high6676.txt_q0,4.0,0.9460934996604919,1
high10334.txt_q1,4.0,0.9999912977218628,1
high2850.txt_q0,4.0,0.9844669103622437,1
high5657.txt_q1,4.0,0.9997212290763855,1
middle5431.txt_q2,4.0,0.36326268315315247,0
high6321.txt_q0,4.0,0.999998927116394,1
high12361.txt_q0,4.0,0.9999933242797852,1
high8873.txt_q0,4.0,0.9864078760147095,1
high9540.txt_q2,4.0,0.9999966621398926,1
middle6198.txt_q1,4.0,0.999997615814209,1
high4327.txt_q3,4.0,0.6748325228691101,1
middle5150.txt_q2,4.0,0.9998897314071655,1
high1576.txt_q2,4.0,0.9999935626983643,1
high6045.txt_q1,4.0,0.9999918937683105,1
high3636.txt_q2,4.0,1.0,1
middle4895.txt_q0,4.0,0.999993085861206,1
middle8010.txt_q2,4.0,0.9741177558898926,1
high10892.txt_q2,4.0,0.9999402761459351,1
high15547.txt_q0,4.0,0.9988170862197876,1
high22589.txt_q0,4.0,0.9999998807907104,1
high18645.txt_q0,4.0,0.9999990463256836,1
high275.txt_q3,4.0,0.9999614953994751,1
high12816.txt_q1,4.0,0.6088835597038269,1
middle5458.txt_q3,4.0,0.9606255888938904,1
middle4105.txt_q1,4.0,0.9999302625656128,1
high23888.txt_q1,4.0,0.9951189756393433,1
high7490.txt_q0,4.0,0.999997615814209,1
high4978.txt_q1,4.0,0.9999982118606567,1
middle6239.txt_q1,4.0,0.9999986886978149,1
middle3072.txt_q0,4.0,0.9999948740005493,1
high14124.txt_q0,4.0,0.999990701675415,1
high12940.txt_q2,4.0,0.9999921321868896,1
high1107.txt_q3,4.0,0.4006573557853699,0
middle323.txt_q0,4.0,0.9534376859664917,1
middle7252.txt_q2,4.0,0.533255398273468,1
high18920.txt_q1,4.0,0.9999977350234985,1
middle8163.txt_q0,4.0,0.6097800135612488,1
middle7633.txt_q3,4.0,0.9999953508377075,1
high24140.txt_q1,4.0,0.987338662147522,1
high21413.txt_q0,4.0,0.9957513809204102,1
high18787.txt_q0,4.0,0.9945481419563293,1
middle3050.txt_q0,4.0,0.9940458536148071,1
high20343.txt_q0,4.0,0.9625959396362305,1
high13394.txt_q1,4.0,0.9996615648269653,1
middle3279.txt_q1,4.0,0.9999966621398926,1
high4695.txt_q2,4.0,0.9967209696769714,1
high8069.txt_q2,4.0,0.9995710253715515,1
high7903.txt_q2,4.0,0.999301552772522,1
high18735.txt_q1,4.0,0.999941349029541,1
high22920.txt_q2,4.0,0.999900221824646,1
high22601.txt_q3,4.0,0.9998317956924438,1
high21365.txt_q2,4.0,0.9999932050704956,1
high15320.txt_q0,4.0,0.999805748462677,1
middle3888.txt_q2,4.0,0.9892464280128479,1
high9038.txt_q2,4.0,1.0,1
high21917.txt_q2,4.0,0.9939209222793579,1
middle338.txt_q0,4.0,1.0,1
high18690.txt_q0,4.0,0.9999979734420776,1
high12785.txt_q0,4.0,0.5645455718040466,1
middle2214.txt_q1,4.0,0.9992972612380981,1
high9623.txt_q2,4.0,0.9999985694885254,1
high8469.txt_q0,4.0,0.987420380115509,1
middle2977.txt_q3,4.0,0.9956852197647095,1
high457.txt_q1,4.0,0.9956532716751099,1
high13236.txt_q2,4.0,0.9792211055755615,1
high2556.txt_q2,4.0,0.9854272603988647,1
high7706.txt_q0,4.0,0.9988111257553101,1
high20079.txt_q2,4.0,0.9999990463256836,1
high21888.txt_q1,4.0,0.9999426603317261,1
high2179.txt_q0,4.0,0.9829853177070618,1
middle6485.txt_q1,4.0,0.9999997615814209,1
high22699.txt_q1,4.0,0.9658717513084412,1
high7575.txt_q3,4.0,0.9999624490737915,1
high15328.txt_q0,4.0,0.9971298575401306,1
high14083.txt_q1,4.0,0.9998633861541748,1
high19351.txt_q0,4.0,0.9672608971595764,1
high20428.txt_q0,4.0,0.9374811053276062,1
middle6178.txt_q2,4.0,0.999873161315918,1
middle3313.txt_q0,4.0,0.9999958276748657,1
high11931.txt_q0,4.0,0.9995009899139404,1
high16714.txt_q0,4.0,0.9934031367301941,1
high8086.txt_q3,4.0,1.0,1
high14381.txt_q0,4.0,0.9999997615814209,1
middle3906.txt_q0,4.0,0.999468982219696,1
middle5216.txt_q2,4.0,0.9999909400939941,1
high4816.txt_q2,4.0,0.9893993139266968,1
high23141.txt_q1,4.0,0.9990236759185791,1
middle3491.txt_q0,4.0,0.9999953508377075,1
high12392.txt_q0,4.0,0.999769389629364,1
high23991.txt_q0,4.0,0.5042331218719482,1
high14291.txt_q3,4.0,0.9992141723632812,1
high23812.txt_q1,4.0,0.9993478655815125,1
high19661.txt_q1,4.0,0.9999451637268066,1
high5162.txt_q2,4.0,0.9999995231628418,1
middle7027.txt_q2,4.0,0.9999998807907104,1
high2419.txt_q0,4.0,0.980358362197876,1
high8254.txt_q1,4.0,0.9999998807907104,1
high13050.txt_q0,4.0,0.9931374788284302,1
high5899.txt_q1,4.0,0.9944649338722229,1
high7240.txt_q3,4.0,1.0,1
high6472.txt_q4,4.0,1.0,1
middle3556.txt_q2,4.0,0.9999018907546997,1
high2576.txt_q4,4.0,0.9801998138427734,1
high21781.txt_q1,4.0,0.9994609951972961,1
high11799.txt_q0,4.0,0.9997474551200867,1
high16931.txt_q0,4.0,0.9999991655349731,1
high14159.txt_q2,4.0,0.9999978542327881,1
high1758.txt_q1,4.0,0.9932160973548889,1
high85.txt_q2,4.0,0.7370628118515015,1
high13529.txt_q2,4.0,0.631874680519104,1
middle6418.txt_q3,4.0,1.0,1
middle2759.txt_q1,4.0,1.0,1
middle367.txt_q0,4.0,0.9999988079071045,1
high10300.txt_q0,4.0,0.9999802112579346,1
high4705.txt_q2,4.0,0.9990490078926086,1
high13382.txt_q1,4.0,0.869888424873352,1
high18242.txt_q0,4.0,0.9999998807907104,1
middle2144.txt_q2,4.0,0.9999998807907104,1
high7523.txt_q0,4.0,0.9999880790710449,1
high19954.txt_q2,4.0,0.9992091059684753,1
high20538.txt_q1,4.0,0.9893133044242859,1
middle5690.txt_q2,4.0,0.9964640736579895,1
high8716.txt_q2,4.0,0.999992847442627,1
high11054.txt_q2,4.0,0.9999709129333496,1
high23046.txt_q4,4.0,0.9965596795082092,1
high2118.txt_q0,4.0,0.9999980926513672,1
high19672.txt_q1,4.0,0.9999070167541504,1
high14288.txt_q1,4.0,0.9994250535964966,1
high10102.txt_q3,4.0,0.99998939037323,1
middle1315.txt_q2,4.0,0.9996140599250793,1
middle5894.txt_q3,4.0,0.9999966621398926,1
high22681.txt_q0,4.0,0.999840259552002,1
high21242.txt_q2,4.0,0.3038506507873535,0
high8411.txt_q3,4.0,0.9996743202209473,1
high23073.txt_q0,4.0,0.9993556141853333,1
high13676.txt_q3,4.0,0.9993302822113037,1
high15737.txt_q2,4.0,0.9996629953384399,1
middle5457.txt_q2,4.0,0.9998878240585327,1
high23579.txt_q1,4.0,0.9992063641548157,1
high20009.txt_q2,4.0,0.9913496971130371,1
middle3151.txt_q2,4.0,0.9989375472068787,1
high23820.txt_q3,4.0,0.991961658000946,1
high8615.txt_q1,4.0,0.9999480247497559,1
high23445.txt_q0,4.0,0.9999978542327881,1
high16060.txt_q1,4.0,0.9992185831069946,1
middle3462.txt_q3,4.0,0.9954019784927368,1
high6893.txt_q1,4.0,0.9999936819076538,1
middle3395.txt_q2,4.0,0.9986351132392883,1
high20424.txt_q2,4.0,0.9923444390296936,1
middle903.txt_q4,4.0,0.9928635954856873,1
high15637.txt_q2,4.0,0.9992942810058594,1
high21298.txt_q1,4.0,0.58906489610672,1
high10358.txt_q1,4.0,0.9917924404144287,1
high14405.txt_q0,4.0,0.950961709022522,1
middle7994.txt_q2,4.0,0.9990076422691345,1
middle925.txt_q2,4.0,0.5531535744667053,1
high12452.txt_q1,4.0,0.9972821474075317,1
high11678.txt_q0,4.0,0.8707298636436462,1
middle3787.txt_q1,4.0,0.7617168426513672,1
high2136.txt_q0,4.0,0.9991549253463745,1
high10111.txt_q0,4.0,0.998503565788269,1
high5962.txt_q1,4.0,0.9999988079071045,1
high8047.txt_q0,4.0,0.9999998807907104,1
high22304.txt_q0,4.0,0.999998927116394,1
middle3174.txt_q1,4.0,0.9999990463256836,1
high19191.txt_q2,4.0,0.9992127418518066,1
middle6689.txt_q0,4.0,0.9999550580978394,1
high11136.txt_q0,4.0,0.9979426264762878,1
middle7610.txt_q1,4.0,0.9998699426651001,1
high19595.txt_q2,4.0,0.9996104836463928,1
middle5766.txt_q0,4.0,0.9999557733535767,1
high11971.txt_q3,4.0,0.9999997615814209,1
middle7820.txt_q2,4.0,1.0,1
middle2505.txt_q1,4.0,0.9955092668533325,1
middle1955.txt_q4,4.0,0.9999998807907104,1
high21406.txt_q0,4.0,0.49316829442977905,1
high11883.txt_q3,4.0,0.9998117089271545,1
middle3142.txt_q2,4.0,0.9995213747024536,1
middle653.txt_q3,4.0,0.9986804127693176,1
high12689.txt_q2,4.0,0.9954537153244019,1
high3200.txt_q3,4.0,0.9970102310180664,1
middle1749.txt_q0,4.0,0.9996563196182251,1
high22442.txt_q1,4.0,0.9995885491371155,1
high23591.txt_q1,4.0,0.9988524913787842,1
high15488.txt_q2,4.0,0.9768633842468262,1
high10538.txt_q1,4.0,0.9996670484542847,1
high7045.txt_q3,4.0,0.9999357461929321,1
high18071.txt_q1,4.0,0.9999912977218628,1
high8187.txt_q2,4.0,0.9999768733978271,1
high8420.txt_q2,4.0,0.9975892305374146,1
middle755.txt_q0,4.0,0.4875590205192566,0
high5006.txt_q2,4.0,0.9999983310699463,1
high14469.txt_q2,4.0,0.9999997615814209,1
middle2141.txt_q4,4.0,0.9999233484268188,1
high11919.txt_q3,4.0,1.0,1
high5893.txt_q3,4.0,0.9991200566291809,1
high21675.txt_q2,4.0,0.9999356269836426,1
high19851.txt_q3,4.0,0.9998538494110107,1
high11736.txt_q0,4.0,0.9999979734420776,1
middle2349.txt_q0,4.0,0.8000509142875671,1
high4974.txt_q1,4.0,0.9991099238395691,1
high5772.txt_q0,4.0,1.0,1
middle4469.txt_q0,4.0,0.9999747276306152,1
high22063.txt_q2,4.0,0.9999328851699829,1
high6758.txt_q0,4.0,0.9999774694442749,1
high1935.txt_q1,4.0,0.9994845390319824,1
high5524.txt_q0,4.0,0.9998676776885986,1
middle5502.txt_q3,4.0,1.0,1
high16967.txt_q2,4.0,0.9929867386817932,1
high9922.txt_q3,4.0,0.9999992847442627,1
high18171.txt_q3,4.0,0.9982025623321533,1
middle3211.txt_q2,4.0,0.998354971408844,1
high8926.txt_q1,4.0,0.999976396560669,1
high4820.txt_q1,4.0,0.9968330264091492,1
high4446.txt_q3,4.0,0.512552797794342,1
middle2797.txt_q0,4.0,0.32077184319496155,0
high7931.txt_q1,4.0,0.9992117881774902,1
middle1540.txt_q3,4.0,0.9999998807907104,1
high15966.txt_q0,4.0,0.9999940395355225,1
high15697.txt_q3,4.0,0.5608142614364624,1
high19526.txt_q1,4.0,0.9984328150749207,1
middle3357.txt_q2,4.0,0.9273374080657959,1
high12989.txt_q1,4.0,0.8750581741333008,1
middle3900.txt_q2,4.0,0.9999938011169434,1
middle1203.txt_q2,4.0,1.0,1
high12011.txt_q0,4.0,0.999011754989624,1
middle6717.txt_q3,4.0,0.9628706574440002,1
high3880.txt_q0,4.0,0.24417541921138763,0
middle2520.txt_q0,4.0,0.9999251365661621,1
high6094.txt_q3,4.0,0.9986856579780579,1
high3247.txt_q0,4.0,0.9999845027923584,1
high17127.txt_q0,4.0,0.999731719493866,1
high3119.txt_q3,4.0,0.04034629091620445,0
middle1424.txt_q4,4.0,0.9997007846832275,1
high2383.txt_q0,4.0,0.756702184677124,1
high18811.txt_q2,4.0,0.7864695191383362,1
high203.txt_q0,4.0,0.9999988079071045,1
high6871.txt_q1,4.0,0.9999532699584961,1
middle40.txt_q0,4.0,0.9999417066574097,1
high20422.txt_q1,4.0,0.9995747208595276,1
middle1974.txt_q3,4.0,0.9999749660491943,1
high22396.txt_q1,4.0,0.99997878074646,1
high16413.txt_q0,4.0,0.8241909146308899,1
middle7399.txt_q3,4.0,1.0,1
middle1896.txt_q2,4.0,0.9999998807907104,1
high1694.txt_q0,4.0,0.7716111540794373,1
middle5600.txt_q2,4.0,0.9997687935829163,1
high18734.txt_q2,4.0,0.9999996423721313,1
high9880.txt_q0,4.0,0.9368301630020142,1
high19766.txt_q1,4.0,0.9999980926513672,1
middle6389.txt_q2,4.0,0.9985700845718384,1
high6689.txt_q2,4.0,0.9996379613876343,1
high6135.txt_q1,4.0,0.9999792575836182,1
middle5145.txt_q1,4.0,0.9999998807907104,1
high3041.txt_q0,4.0,0.9999990463256836,1
middle4955.txt_q4,4.0,0.9993311166763306,1
high6446.txt_q2,4.0,0.9880830645561218,1
high360.txt_q0,4.0,0.9994931221008301,1
high1016.txt_q2,4.0,0.9989005327224731,1
high24218.txt_q2,4.0,0.9990897178649902,1
middle1420.txt_q0,4.0,0.8547461628913879,1
high5249.txt_q3,4.0,0.9999798536300659,1
high8272.txt_q1,4.0,0.9981209635734558,1
high15657.txt_q0,4.0,0.16406390070915222,0
middle2099.txt_q0,4.0,1.0,1
middle8235.txt_q1,4.0,0.9996217489242554,1
high12989.txt_q0,4.0,1.0,1
high24102.txt_q2,4.0,0.949999988079071,1
high19156.txt_q0,4.0,0.9998663663864136,1
high16659.txt_q0,4.0,0.9999997615814209,1
high6475.txt_q2,4.0,0.999829888343811,1
high13106.txt_q0,4.0,0.9893603324890137,1
high2823.txt_q1,4.0,0.7789385914802551,1
high19859.txt_q2,4.0,0.9991164803504944,1
middle1255.txt_q2,4.0,0.9999996423721313,1
high14955.txt_q1,4.0,0.9939224123954773,1
high7428.txt_q2,4.0,0.8655828833580017,1
high7015.txt_q0,4.0,0.999975323677063,1
middle2131.txt_q1,4.0,0.7817449569702148,1
high22135.txt_q2,4.0,0.9996218681335449,1
high22454.txt_q2,4.0,0.7887136936187744,1
middle6055.txt_q2,4.0,0.9999994039535522,1
middle2680.txt_q4,4.0,0.9516611099243164,1
high1699.txt_q1,4.0,0.9999812841415405,1
high11935.txt_q0,4.0,1.0,1
high2845.txt_q2,4.0,0.996950089931488,1
high12861.txt_q0,4.0,0.9991661310195923,1
high10799.txt_q3,4.0,0.9999837875366211,1
high5632.txt_q0,4.0,0.9998414516448975,1
high1404.txt_q2,4.0,0.9805261492729187,1
high180.txt_q0,4.0,0.9998749494552612,1
high6774.txt_q1,4.0,0.9977415800094604,1
middle5168.txt_q0,4.0,0.9988352656364441,1
high11542.txt_q1,4.0,0.9995346069335938,1
high6471.txt_q3,4.0,0.999948263168335,1
high19153.txt_q3,4.0,0.9926910996437073,1
high15058.txt_q2,4.0,0.999964714050293,1
high5256.txt_q3,4.0,0.8084865808486938,1
high3424.txt_q1,4.0,0.9998844861984253,1
high20164.txt_q1,4.0,0.9999954700469971,1
high5932.txt_q1,4.0,0.9999184608459473,1
high16137.txt_q1,4.0,0.9917343854904175,1
high4989.txt_q0,4.0,0.9996969699859619,1
middle5623.txt_q0,4.0,1.0,1
high13150.txt_q1,4.0,0.9999933242797852,1
high5003.txt_q4,4.0,0.9402375817298889,1
high2150.txt_q2,4.0,1.0,1
middle7728.txt_q1,4.0,0.961018443107605,1
high16424.txt_q0,4.0,0.9999837875366211,1
high18477.txt_q2,4.0,0.999976634979248,1
middle862.txt_q1,4.0,0.3625706136226654,0
middle1247.txt_q2,4.0,0.9998342990875244,1
high17709.txt_q2,4.0,0.9414819478988647,1
middle5006.txt_q2,4.0,0.999976396560669,1
high17783.txt_q2,4.0,0.999962568283081,1
middle7379.txt_q3,4.0,0.8481140732765198,1
middle2498.txt_q0,4.0,0.9999457597732544,1
high16719.txt_q4,4.0,0.9999973773956299,1
high8744.txt_q0,4.0,0.9939967393875122,1
high20206.txt_q2,4.0,0.9998445510864258,1
high7660.txt_q0,4.0,0.995697021484375,1
high16867.txt_q3,4.0,0.9998728036880493,1
high8307.txt_q1,4.0,0.9999793767929077,1
high10235.txt_q2,4.0,0.9999915361404419,1
high2695.txt_q0,4.0,0.8882806301116943,1
middle4943.txt_q0,4.0,0.986348032951355,1
middle7258.txt_q0,4.0,0.7205345630645752,1
high9204.txt_q3,4.0,0.9991113543510437,1
middle7686.txt_q2,4.0,0.9999654293060303,1
high12135.txt_q2,4.0,0.9999972581863403,1
high8834.txt_q1,4.0,0.9999834299087524,1
high8999.txt_q0,4.0,0.9846354722976685,1
middle2749.txt_q0,4.0,0.9999799728393555,1
high9465.txt_q2,4.0,0.9754335880279541,1
middle6005.txt_q2,4.0,0.06315209716558456,0
high11773.txt_q0,4.0,0.505439817905426,1
high11723.txt_q0,4.0,0.9927322268486023,1
middle238.txt_q4,4.0,0.986433744430542,1
middle5111.txt_q2,4.0,0.9998906850814819,1
high23113.txt_q1,4.0,0.9999452829360962,1
high11573.txt_q0,4.0,0.9999996423721313,1
high20193.txt_q2,4.0,0.9999948740005493,1
high9470.txt_q0,4.0,0.9999964237213135,1
high8627.txt_q1,4.0,0.9999970197677612,1
high18022.txt_q3,4.0,0.44431203603744507,0
high11192.txt_q1,4.0,0.9999045133590698,1
middle3865.txt_q3,4.0,0.23471878468990326,0
high8093.txt_q1,4.0,0.8948622941970825,1
high6918.txt_q3,4.0,0.8813255429267883,1
middle4030.txt_q2,4.0,0.9992283582687378,1
high17005.txt_q1,4.0,0.9924795627593994,1
high12553.txt_q1,4.0,0.9990804195404053,1
high1143.txt_q1,4.0,0.9999997615814209,1
high3024.txt_q1,4.0,0.9999998807907104,1
high23359.txt_q0,4.0,0.9975050091743469,1
middle2981.txt_q1,4.0,0.9998624324798584,1
middle1630.txt_q1,4.0,1.0,1
high11642.txt_q0,4.0,0.9800006747245789,1
high10718.txt_q1,4.0,0.9896842241287231,1
high14905.txt_q1,4.0,0.9998455047607422,1
middle2867.txt_q1,4.0,0.9999994039535522,1
high10342.txt_q2,4.0,0.999946117401123,1
middle1048.txt_q2,4.0,0.9994688630104065,1
high15881.txt_q1,4.0,0.995612621307373,1
high3096.txt_q0,4.0,0.9993472695350647,1
high16071.txt_q0,4.0,0.7149291038513184,1
middle185.txt_q3,4.0,0.99996018409729,1
high19891.txt_q0,4.0,1.0,1
middle47.txt_q2,4.0,0.9999161958694458,1
middle5802.txt_q4,4.0,0.9999183416366577,1
middle466.txt_q2,4.0,1.0,1
high23511.txt_q0,4.0,0.9997701048851013,1
middle459.txt_q2,4.0,0.9965943694114685,1
high20490.txt_q2,4.0,0.9998971223831177,1
high22715.txt_q0,4.0,0.9998188614845276,1
high20619.txt_q2,4.0,0.9998315572738647,1
middle2065.txt_q1,4.0,0.9325427412986755,1
high12316.txt_q2,4.0,0.9999997615814209,1
high14981.txt_q2,4.0,0.9999955892562866,1
high12837.txt_q1,4.0,0.7049738764762878,1
high5031.txt_q2,4.0,0.9998441934585571,1
high23653.txt_q3,4.0,0.9995121955871582,1
high24078.txt_q2,4.0,0.9999276399612427,1
high11853.txt_q1,4.0,0.9999786615371704,1
high17665.txt_q2,4.0,0.4526669979095459,0
high4714.txt_q1,4.0,0.9995550513267517,1
middle2969.txt_q2,4.0,0.9999746084213257,1
high17486.txt_q3,4.0,0.9999657869338989,1
high15575.txt_q1,4.0,0.9999517202377319,1
middle6474.txt_q2,4.0,0.9985841512680054,1
high10953.txt_q1,4.0,0.6458370089530945,1
middle2496.txt_q0,4.0,0.27736541628837585,0
high18279.txt_q0,4.0,0.9942025542259216,1
high9581.txt_q0,4.0,0.9986222982406616,1
high21952.txt_q1,4.0,0.6108868718147278,1
middle1900.txt_q3,4.0,1.0,1
high20471.txt_q1,4.0,0.9995056390762329,1
high21527.txt_q3,4.0,0.9987661838531494,1
high3198.txt_q1,4.0,0.999994158744812,1
high17357.txt_q2,4.0,0.999996542930603,1
high3410.txt_q4,4.0,0.9052258729934692,1
high140.txt_q2,4.0,0.9999693632125854,1
middle2161.txt_q0,4.0,0.5573410987854004,1
high8164.txt_q3,4.0,0.9925952553749084,1
high4111.txt_q4,4.0,0.9999984502792358,1
high11721.txt_q0,4.0,1.0,1
middle8222.txt_q2,4.0,0.9999969005584717,1
high10473.txt_q1,4.0,0.9999967813491821,1
high22494.txt_q0,4.0,0.9999985694885254,1
middle2588.txt_q2,4.0,0.9992757439613342,1
middle4908.txt_q1,4.0,1.0,1
middle6344.txt_q1,4.0,0.9999997615814209,1
high3329.txt_q2,4.0,0.9999979734420776,1
high5335.txt_q1,4.0,0.9862909913063049,1
middle8.txt_q0,4.0,0.9935078620910645,1
middle1860.txt_q2,4.0,0.9996939897537231,1
high1467.txt_q2,4.0,1.0,1
high2410.txt_q1,4.0,0.9999444484710693,1
high10502.txt_q0,4.0,0.9962800145149231,1
high7806.txt_q2,4.0,0.9993748068809509,1
high7513.txt_q1,4.0,0.999984860420227,1
high23067.txt_q2,4.0,0.9999990463256836,1
high17554.txt_q1,4.0,0.9993725419044495,1
high9075.txt_q0,4.0,0.999954342842102,1
high7535.txt_q2,4.0,1.0,1
middle934.txt_q0,4.0,0.07897347211837769,0
middle1466.txt_q0,4.0,0.9996678829193115,1
high4758.txt_q0,4.0,0.9999324083328247,1
high1187.txt_q2,4.0,0.9998718500137329,1
middle930.txt_q1,4.0,1.0,1
middle369.txt_q1,4.0,0.9988126754760742,1
high7371.txt_q2,4.0,0.9825344681739807,1
high13325.txt_q0,4.0,0.9906302094459534,1
high14559.txt_q2,4.0,0.9144191741943359,1
high5254.txt_q0,4.0,0.8490262031555176,1
middle6812.txt_q1,4.0,0.9835895895957947,1
high16049.txt_q0,4.0,0.9979941844940186,1
high12433.txt_q2,4.0,0.9925684928894043,1
high7004.txt_q3,4.0,0.9999935626983643,1
high14275.txt_q2,4.0,1.0,1
high22072.txt_q1,4.0,0.7819181680679321,1
middle6478.txt_q2,4.0,0.939715564250946,1
high4370.txt_q2,4.0,0.9986563920974731,1
middle2470.txt_q4,4.0,0.9981983304023743,1
middle6638.txt_q0,4.0,1.0,1
high19870.txt_q0,4.0,0.638653039932251,1
high1813.txt_q3,4.0,0.9999978542327881,1
high13988.txt_q1,4.0,0.9999469518661499,1
high11153.txt_q0,4.0,0.9947519898414612,1
middle2649.txt_q4,4.0,0.9999949932098389,1
high18698.txt_q0,4.0,0.9998551607131958,1
high10220.txt_q2,4.0,0.9998632669448853,1
middle3939.txt_q0,4.0,0.9999995231628418,1
high777.txt_q2,4.0,0.9957051873207092,1
middle4471.txt_q1,4.0,0.9129827618598938,1
middle806.txt_q2,4.0,0.9882169365882874,1
high15630.txt_q1,4.0,0.9998807907104492,1
high1060.txt_q2,4.0,0.9999295473098755,1
middle2324.txt_q2,4.0,1.0,1
high23384.txt_q0,4.0,0.9999542236328125,1
high12097.txt_q1,4.0,1.0,1
high21597.txt_q2,4.0,0.999994158744812,1
high2164.txt_q2,4.0,0.18174095451831818,0
high11195.txt_q0,4.0,0.9883821606636047,1
middle1704.txt_q2,4.0,0.9977450966835022,1
high23419.txt_q4,4.0,0.9999890327453613,1
high4266.txt_q1,4.0,1.0,1
high15453.txt_q2,4.0,0.9999066591262817,1
high6825.txt_q4,4.0,0.848495364189148,1
high21094.txt_q0,4.0,0.9999996423721313,1
high18145.txt_q2,4.0,0.999998927116394,1
high23660.txt_q3,4.0,0.9974969029426575,1
high2931.txt_q0,4.0,0.9996844530105591,1
middle1540.txt_q4,4.0,0.9999881982803345,1
high16299.txt_q0,4.0,0.999998927116394,1
high13801.txt_q2,4.0,0.9999436140060425,1
middle4731.txt_q4,4.0,0.999652624130249,1
middle7592.txt_q2,4.0,0.9993564486503601,1
high22912.txt_q3,4.0,0.9998717308044434,1
middle4389.txt_q3,4.0,0.9999964237213135,1
high3929.txt_q3,4.0,0.9754559397697449,1
high19282.txt_q1,4.0,0.9999655485153198,1
high17294.txt_q1,4.0,0.999495267868042,1
middle3711.txt_q2,4.0,0.9999566078186035,1
high22466.txt_q0,4.0,0.999997615814209,1
high3227.txt_q0,4.0,0.9999996423721313,1
high23542.txt_q2,4.0,0.7772700786590576,1
high15276.txt_q2,4.0,0.9993491768836975,1
high568.txt_q1,4.0,0.9999992847442627,1
high14660.txt_q0,4.0,0.9977419376373291,1
high21258.txt_q2,4.0,0.9999890327453613,1
high10927.txt_q0,4.0,0.9587476849555969,1
high1333.txt_q3,4.0,0.999996542930603,1
high21503.txt_q1,4.0,0.9999991655349731,1
high13146.txt_q1,4.0,0.9851292371749878,1
middle2827.txt_q0,4.0,0.9999961853027344,1
high2544.txt_q0,4.0,0.9998756647109985,1
middle1814.txt_q0,4.0,0.345053106546402,1
high24031.txt_q3,4.0,0.9368225336074829,1
middle647.txt_q1,4.0,0.9999995231628418,1
middle4344.txt_q1,4.0,0.9940282106399536,1
middle7735.txt_q1,4.0,1.0,1
high17969.txt_q2,4.0,0.9992532134056091,1
middle4109.txt_q3,4.0,0.9939830899238586,1
high12647.txt_q1,4.0,0.9999773502349854,1
high24024.txt_q1,4.0,0.996278703212738,1
middle4654.txt_q1,4.0,1.0,1
high4462.txt_q1,4.0,0.9999912977218628,1
high3479.txt_q2,4.0,0.9999288320541382,1
high11188.txt_q2,4.0,0.9983314871788025,1
high17900.txt_q1,4.0,0.9812607765197754,1
high17274.txt_q1,4.0,0.9999992847442627,1
high13843.txt_q0,4.0,0.9999998807907104,1
high136.txt_q1,4.0,0.9999812841415405,1
high5556.txt_q1,4.0,0.9999986886978149,1
middle4547.txt_q1,4.0,0.9997966885566711,1
high10292.txt_q2,4.0,0.9998862743377686,1
middle4742.txt_q3,4.0,1.0,1
high1377.txt_q3,4.0,0.9968935251235962,1
middle8035.txt_q3,4.0,0.6639114618301392,1
high7002.txt_q2,4.0,0.9345006942749023,1
high9872.txt_q2,4.0,0.9999810457229614,1
high15495.txt_q2,4.0,0.9926373958587646,1
middle5045.txt_q1,4.0,0.9999998807907104,1
middle3966.txt_q2,4.0,0.9944426417350769,1
high20546.txt_q0,4.0,0.9998778104782104,1
high12545.txt_q1,4.0,0.9999722242355347,1
high11296.txt_q2,4.0,0.7924924492835999,1
middle4699.txt_q1,4.0,0.9999991655349731,1
middle464.txt_q1,4.0,0.9999978542327881,1
high12219.txt_q2,4.0,0.9999690055847168,1
middle735.txt_q1,4.0,0.5608578324317932,1
high7815.txt_q1,4.0,0.9999972581863403,1
high16517.txt_q1,4.0,0.961280107498169,1
middle1228.txt_q3,4.0,0.9959995746612549,1
high5055.txt_q2,4.0,0.9997908473014832,1
high2694.txt_q1,4.0,0.9999998807907104,1
middle6434.txt_q2,4.0,0.9999951124191284,1
middle1896.txt_q1,4.0,0.999981164932251,1
high1196.txt_q2,4.0,0.9954055547714233,1
high23816.txt_q3,4.0,0.9982872605323792,1
middle5301.txt_q0,4.0,0.9998024106025696,1
middle1205.txt_q4,4.0,0.9997547268867493,1
high1415.txt_q1,4.0,0.9999992847442627,1
middle3125.txt_q1,4.0,0.9999406337738037,1
high15431.txt_q2,4.0,0.2878838777542114,0
middle2376.txt_q3,4.0,0.9768092036247253,1
middle7590.txt_q2,4.0,1.0,1
middle4145.txt_q2,4.0,0.9999926090240479,1
high5111.txt_q2,4.0,0.9999998807907104,1
high12354.txt_q2,4.0,0.9952133893966675,1
high3767.txt_q1,4.0,0.9999818801879883,1
middle3685.txt_q3,4.0,0.9999971389770508,1
middle2076.txt_q3,4.0,0.9999316930770874,1
middle7883.txt_q2,4.0,0.9999996423721313,1
high19738.txt_q2,4.0,0.9998655319213867,1
high1032.txt_q1,4.0,0.7600260972976685,1
high23684.txt_q1,4.0,0.28016626834869385,0
middle7677.txt_q0,4.0,0.9873970150947571,1
middle2154.txt_q0,4.0,0.2170807421207428,0
middle6174.txt_q0,4.0,0.8054376840591431,1
middle1712.txt_q0,4.0,0.6830044984817505,1
high3425.txt_q1,4.0,0.7304971814155579,1
middle6358.txt_q4,4.0,0.6614857912063599,1
middle3106.txt_q1,4.0,0.9383981823921204,1
middle4685.txt_q2,4.0,0.7423085570335388,1
high776.txt_q1,4.0,0.9976016879081726,1
middle905.txt_q3,4.0,1.0,1
high16609.txt_q2,4.0,0.9214633703231812,1
high9592.txt_q2,4.0,0.3489800691604614,0
middle2925.txt_q2,4.0,0.4734840989112854,1
high6149.txt_q1,4.0,0.9953997731208801,1
high20782.txt_q1,4.0,0.9998496770858765,1
high8488.txt_q1,4.0,1.0,1
high15087.txt_q2,4.0,0.9861100912094116,1
middle540.txt_q2,4.0,0.9997320771217346,1
middle5803.txt_q4,4.0,0.9981471300125122,1
middle4941.txt_q1,4.0,0.9999992847442627,1
high12557.txt_q0,4.0,0.1077660545706749,0
high20886.txt_q2,4.0,0.9999978542327881,1
high22841.txt_q0,4.0,0.570604681968689,1
high14244.txt_q2,4.0,0.9899007678031921,1
high13886.txt_q0,4.0,0.9978511333465576,1
middle8079.txt_q1,4.0,1.0,1
middle4771.txt_q1,4.0,0.9998520612716675,1
high17912.txt_q2,4.0,0.9313862919807434,1
high11195.txt_q1,4.0,0.9982636570930481,1
high6465.txt_q0,4.0,0.9999619722366333,1
middle6531.txt_q2,4.0,0.9999996423721313,1
high9713.txt_q3,4.0,0.9999984502792358,1
middle2686.txt_q1,4.0,1.0,1
high14975.txt_q2,4.0,0.9999922513961792,1
high4561.txt_q3,4.0,0.999826967716217,1
middle2651.txt_q4,4.0,0.9999852180480957,1
high11191.txt_q1,4.0,0.9994341731071472,1
middle6657.txt_q3,4.0,0.9999885559082031,1
high2990.txt_q0,4.0,0.9306560754776001,1
high1009.txt_q2,4.0,0.8833355903625488,1
high4447.txt_q1,4.0,0.9999994039535522,1
middle2185.txt_q1,4.0,0.9999638795852661,1
high9522.txt_q2,4.0,0.9995545744895935,1
middle396.txt_q1,4.0,0.9902247786521912,1
high18450.txt_q1,4.0,0.9540162086486816,1
high20366.txt_q0,4.0,0.3070675730705261,0
high130.txt_q2,4.0,0.9999474287033081,1
middle801.txt_q4,4.0,0.9971144199371338,1
middle4985.txt_q4,4.0,0.9998555183410645,1
middle3107.txt_q0,4.0,0.9990907907485962,1
middle2295.txt_q1,4.0,0.24380716681480408,0
high11981.txt_q0,4.0,0.998116135597229,1
high9519.txt_q2,4.0,0.9601241946220398,1
middle949.txt_q1,4.0,0.9846523404121399,1
high23186.txt_q2,4.0,0.7691271305084229,1
high22449.txt_q0,4.0,0.9996103644371033,1
middle3733.txt_q3,4.0,0.9999295473098755,1
middle7809.txt_q2,4.0,0.9998911619186401,1
middle6672.txt_q0,4.0,0.9460932612419128,1
high142.txt_q2,4.0,0.998991072177887,1
middle7299.txt_q0,4.0,0.9825780987739563,1
middle4866.txt_q3,4.0,0.9999955892562866,1
high23016.txt_q3,4.0,0.9999955892562866,1
high15376.txt_q4,4.0,0.9995866417884827,1
high10254.txt_q2,4.0,0.9999842643737793,1
high15986.txt_q0,4.0,0.9994503855705261,1
high3844.txt_q0,4.0,0.9999834299087524,1
high24219.txt_q1,4.0,0.9999986886978149,1
high5103.txt_q1,4.0,0.9999991655349731,1
high22393.txt_q3,4.0,0.9999796152114868,1
middle2775.txt_q3,4.0,0.9998935461044312,1
middle6733.txt_q1,4.0,1.0,1
middle5876.txt_q0,4.0,0.47553905844688416,1
middle6328.txt_q2,4.0,0.9994673132896423,1
high14793.txt_q0,4.0,0.9919775724411011,1
high17346.txt_q3,4.0,0.9336285591125488,1
middle3958.txt_q1,4.0,0.9999983310699463,1
high20809.txt_q1,4.0,0.9999990463256836,1
high2599.txt_q4,4.0,0.9999663829803467,1
high19652.txt_q0,4.0,0.9806517958641052,1
high2830.txt_q1,4.0,0.9997829794883728,1
middle7374.txt_q3,4.0,0.9983130693435669,1
high9949.txt_q2,4.0,0.9998817443847656,1
high13566.txt_q0,4.0,0.9700291156768799,1
high10577.txt_q2,4.0,0.9999915361404419,1
high10629.txt_q2,4.0,0.963934600353241,1
middle843.txt_q3,4.0,0.9999995231628418,1
high4787.txt_q1,4.0,0.9996139407157898,1
middle7358.txt_q2,4.0,0.9999910593032837,1
high21107.txt_q2,4.0,0.9999934434890747,1
high14885.txt_q1,4.0,0.38575854897499084,1
high20128.txt_q2,4.0,0.9999916553497314,1
high1145.txt_q0,4.0,0.9999802112579346,1
middle2613.txt_q1,4.0,0.5273429751396179,1
high21994.txt_q3,4.0,0.9999634027481079,1
high22998.txt_q1,4.0,0.021910684183239937,0
middle3793.txt_q1,4.0,0.987725555896759,1
middle132.txt_q2,4.0,0.999893069267273,1
high15653.txt_q1,4.0,0.9936396479606628,1
high19034.txt_q1,4.0,0.9998972415924072,1
high13217.txt_q2,4.0,0.9999758005142212,1
high24160.txt_q4,4.0,0.9982232451438904,1
middle6132.txt_q0,4.0,1.0,1
high78.txt_q2,4.0,0.9543471932411194,1
high19973.txt_q2,4.0,0.9783179759979248,1
middle1013.txt_q2,4.0,0.9013820886611938,1
high21344.txt_q3,4.0,0.9998884201049805,1
high18671.txt_q2,4.0,0.9999951124191284,1
high10871.txt_q1,4.0,0.9536148905754089,1
middle5548.txt_q2,4.0,0.9999977350234985,1
high15176.txt_q1,4.0,0.4612841010093689,0
high6918.txt_q0,4.0,0.9950774312019348,1
high18518.txt_q0,4.0,0.9999984502792358,1
high6086.txt_q1,4.0,0.9927869439125061,1
high20500.txt_q0,4.0,0.9999961853027344,1
high22884.txt_q0,4.0,0.14872536063194275,0
high1853.txt_q2,4.0,0.9999102354049683,1
high20525.txt_q0,4.0,0.9998492002487183,1
high10990.txt_q2,4.0,0.9992715716362,1
middle2263.txt_q4,4.0,0.9999992847442627,1
middle7721.txt_q1,4.0,1.0,1
high12705.txt_q2,4.0,0.9999210834503174,1
high22119.txt_q0,4.0,0.9887918829917908,1
middle2104.txt_q1,4.0,0.9999994039535522,1
middle6684.txt_q1,4.0,0.985456645488739,1
high24238.txt_q1,4.0,0.999954342842102,1
high24056.txt_q2,4.0,0.8503631353378296,1
high24203.txt_q1,4.0,0.9988270401954651,1
high7194.txt_q0,4.0,0.9999991655349731,1
middle2872.txt_q0,4.0,0.9999995231628418,1
high15482.txt_q3,4.0,0.9999692440032959,1
middle5552.txt_q2,4.0,0.21369682252407074,0
high21707.txt_q2,4.0,0.9539692997932434,1
high18276.txt_q0,4.0,0.9979888200759888,1
high8171.txt_q1,4.0,0.9998701810836792,1
high9311.txt_q2,4.0,0.9925364255905151,1
high15455.txt_q1,4.0,0.9999979734420776,1
middle3698.txt_q4,4.0,0.9999986886978149,1
middle766.txt_q0,4.0,0.4478321373462677,0
high165.txt_q3,4.0,0.999998927116394,1
middle2865.txt_q0,4.0,0.9974027276039124,1
middle7781.txt_q0,4.0,0.9999998807907104,1
high16624.txt_q3,4.0,0.9999936819076538,1
high12292.txt_q1,4.0,0.9802532196044922,1
high11657.txt_q2,4.0,0.9946625828742981,1
middle8023.txt_q2,4.0,0.9751288294792175,1
high12641.txt_q0,4.0,0.9985338449478149,1
high748.txt_q2,4.0,0.9650284051895142,1
high24086.txt_q2,4.0,0.996729850769043,1
middle5717.txt_q0,4.0,0.9999879598617554,1
high10435.txt_q2,4.0,0.22899958491325378,0
high5798.txt_q0,4.0,7.157595973694697e-06,0
middle5745.txt_q1,4.0,0.9959201812744141,1
high21262.txt_q0,4.0,1.0,1
high20912.txt_q2,4.0,0.9877784848213196,1
middle5641.txt_q0,4.0,0.9999719858169556,1
high17620.txt_q2,4.0,0.9950333833694458,1
middle618.txt_q2,4.0,0.9999996423721313,1
high5900.txt_q1,4.0,0.9999995231628418,1
high17792.txt_q0,4.0,0.9997783303260803,1
middle7967.txt_q3,4.0,0.9999797344207764,1
high10552.txt_q1,4.0,0.9961434602737427,1
middle138.txt_q4,4.0,0.999900221824646,1
high795.txt_q2,4.0,0.9999866485595703,1
high24077.txt_q2,4.0,0.9992687106132507,1
middle7104.txt_q0,4.0,0.9999336004257202,1
high7521.txt_q1,4.0,0.9703298211097717,1
high16983.txt_q0,4.0,0.9933838248252869,1
high21382.txt_q1,4.0,0.9997887015342712,1
high17172.txt_q1,4.0,0.9998785257339478,1
high4047.txt_q1,4.0,0.999782383441925,1
high10372.txt_q0,4.0,0.999977707862854,1
middle1210.txt_q0,4.0,0.8932820558547974,1
middle3541.txt_q2,4.0,0.9997343420982361,1
high6055.txt_q2,4.0,0.9999788999557495,1
high10035.txt_q1,4.0,0.9999234676361084,1
high431.txt_q0,4.0,0.506512463092804,1
middle4860.txt_q0,4.0,1.0,1
high12199.txt_q2,4.0,0.9999998807907104,1
middle4458.txt_q0,4.0,0.9965575933456421,1
middle1509.txt_q3,4.0,0.0975659117102623,0
middle6780.txt_q0,4.0,0.19189855456352234,0
high12243.txt_q2,4.0,0.9934492707252502,1
high13498.txt_q0,4.0,0.9996569156646729,1
middle7318.txt_q0,4.0,0.9999997615814209,1
middle1134.txt_q0,4.0,0.999803364276886,1
high22709.txt_q1,4.0,0.9999984502792358,1
high15431.txt_q4,4.0,0.9987940788269043,1
high23264.txt_q0,4.0,0.9981495141983032,1
high13110.txt_q2,4.0,0.9996354579925537,1
high7673.txt_q2,4.0,0.9999899864196777,1
high21483.txt_q0,4.0,0.9908011555671692,1
high10369.txt_q2,4.0,0.9987809062004089,1
high19377.txt_q3,4.0,0.999995231628418,1
middle7364.txt_q3,4.0,0.9999769926071167,1
high731.txt_q0,4.0,0.9715409278869629,1
middle4354.txt_q0,4.0,0.2718166708946228,0
high11150.txt_q0,4.0,0.9991037249565125,1
high9767.txt_q1,4.0,0.9993746876716614,1
high19952.txt_q0,4.0,0.9999964237213135,1
high6070.txt_q3,4.0,0.999998927116394,1
high3841.txt_q1,4.0,0.4821930229663849,1
high943.txt_q0,4.0,0.5514194965362549,1
high12536.txt_q0,4.0,0.32370251417160034,0
high10806.txt_q1,4.0,0.9999572038650513,1
high5821.txt_q2,4.0,0.9996631145477295,1
high7907.txt_q1,4.0,0.6216743588447571,1
middle2005.txt_q1,4.0,0.9999986886978149,1
high16711.txt_q0,4.0,0.9913553595542908,1
high12172.txt_q2,4.0,0.9998981952667236,1
middle794.txt_q1,4.0,0.9999979734420776,1
high12724.txt_q0,4.0,0.9999935626983643,1
middle915.txt_q1,4.0,0.9969351291656494,1
high9613.txt_q2,4.0,0.9810459613800049,1
high579.txt_q2,4.0,0.29796695709228516,0
high17075.txt_q3,4.0,0.9894326329231262,1
high17395.txt_q0,4.0,0.9504453539848328,1
high24208.txt_q1,4.0,0.9673033952713013,1
high7649.txt_q1,4.0,0.9999872446060181,1
high8733.txt_q2,4.0,0.9999998807907104,1
high3757.txt_q1,4.0,0.9999983310699463,1
high11215.txt_q0,4.0,1.0,1
high934.txt_q1,4.0,0.9999896287918091,1
high19311.txt_q1,4.0,0.9999942779541016,1
middle360.txt_q0,4.0,1.0,1
high23318.txt_q3,4.0,0.9997972846031189,1
middle7913.txt_q0,4.0,1.0,1
high18017.txt_q1,4.0,1.0,1
middle5863.txt_q2,4.0,0.9814902544021606,1
middle6181.txt_q2,4.0,0.9999855756759644,1
middle7744.txt_q3,4.0,0.6224886178970337,1
high10310.txt_q2,4.0,0.9999972581863403,1
high14014.txt_q1,4.0,0.9999983310699463,1
high6065.txt_q0,4.0,0.9347701668739319,1
middle3903.txt_q2,4.0,0.9968346953392029,1
high13092.txt_q0,4.0,0.9999979734420776,1
high4647.txt_q0,4.0,0.9999992847442627,1
high16563.txt_q0,4.0,0.9999111890792847,1
high8448.txt_q2,4.0,0.9796891808509827,1
high19580.txt_q1,4.0,0.9999936819076538,1
high10779.txt_q0,4.0,0.9936220049858093,1
high7437.txt_q0,4.0,0.9934036135673523,1
high2847.txt_q1,4.0,0.9970608353614807,1
high14725.txt_q0,4.0,0.9999995231628418,1
high9670.txt_q1,4.0,0.973675549030304,1
high2470.txt_q1,4.0,0.963260293006897,1
high820.txt_q1,4.0,0.9929460883140564,1
high4509.txt_q2,4.0,1.0,1
high16306.txt_q0,4.0,0.999996542930603,1
high12661.txt_q1,4.0,0.9692682027816772,1
high11155.txt_q2,4.0,0.037438225001096725,0
high11387.txt_q1,4.0,0.9999096393585205,1
high4201.txt_q1,4.0,0.3032146990299225,0
high4990.txt_q1,4.0,0.9999924898147583,1
middle1629.txt_q3,4.0,0.9999922513961792,1
high17076.txt_q3,4.0,0.9848537445068359,1
high3122.txt_q0,4.0,0.9992021918296814,1
high9092.txt_q0,4.0,0.9996373653411865,1
high6643.txt_q2,4.0,0.9995019435882568,1
high1537.txt_q0,4.0,0.9301195740699768,1
middle3659.txt_q0,4.0,0.980680525302887,1
high18022.txt_q0,4.0,0.9971969127655029,1
high8848.txt_q0,4.0,0.9999948740005493,1
high7764.txt_q1,4.0,0.9927430152893066,1
high12443.txt_q1,4.0,0.9999923706054688,1
middle5834.txt_q2,4.0,0.998862624168396,1
middle2926.txt_q2,4.0,0.9997256398200989,1
middle5988.txt_q0,4.0,0.999998927116394,1
middle3195.txt_q4,4.0,0.9999836683273315,1
high7437.txt_q3,4.0,0.9999610185623169,1
high10967.txt_q2,4.0,0.9956223368644714,1
high23455.txt_q0,4.0,0.9999802112579346,1
middle5133.txt_q0,4.0,0.8751457333564758,1
middle579.txt_q2,4.0,0.9999966621398926,1
middle445.txt_q2,4.0,0.9866611361503601,1
middle4528.txt_q4,4.0,0.9999246597290039,1
middle7678.txt_q0,4.0,0.9967989921569824,1
high13682.txt_q2,4.0,0.9963066577911377,1
middle2167.txt_q2,4.0,0.9998606443405151,1
high10803.txt_q1,4.0,0.8629611730575562,1
middle3331.txt_q1,4.0,0.9999980926513672,1
middle5173.txt_q1,4.0,0.9647821187973022,1
high11885.txt_q1,4.0,0.8872549533843994,1
high20768.txt_q2,4.0,0.5460413098335266,1
middle7250.txt_q0,4.0,0.9999256134033203,1
middle1894.txt_q1,4.0,0.9999877214431763,1
high1682.txt_q2,4.0,0.9999574422836304,1
high9193.txt_q0,4.0,0.9999998807907104,1
high5296.txt_q2,4.0,0.9937425255775452,1
high944.txt_q0,4.0,0.9998273253440857,1
high7309.txt_q2,4.0,0.99587482213974,1
high4898.txt_q3,4.0,0.999944806098938,1
high18464.txt_q2,4.0,0.9949753284454346,1
high10237.txt_q3,4.0,0.9999936819076538,1
high17888.txt_q0,4.0,0.9996341466903687,1
middle1335.txt_q4,4.0,0.9685178399085999,1
high23345.txt_q0,4.0,0.9991139769554138,1
high21912.txt_q1,4.0,0.9999973773956299,1
high17866.txt_q2,4.0,0.9999990463256836,1
middle2705.txt_q3,4.0,0.9998502731323242,1
high19419.txt_q1,4.0,0.7987327575683594,1
high12717.txt_q0,4.0,0.9999597072601318,1
high6135.txt_q0,4.0,0.9999338388442993,1
middle6334.txt_q2,4.0,0.8857680559158325,1
high4413.txt_q1,4.0,0.7542004585266113,1
high20645.txt_q1,4.0,0.9891186952590942,1
middle1934.txt_q0,4.0,0.9999982118606567,1
high14737.txt_q3,4.0,0.9999231100082397,1
high4919.txt_q2,4.0,1.0,1
high5012.txt_q0,4.0,0.7445261478424072,1
high5401.txt_q2,4.0,0.9836896061897278,1
high15941.txt_q2,4.0,0.9839091897010803,1
middle5518.txt_q0,4.0,0.9999667406082153,1
high19741.txt_q0,4.0,0.6074751019477844,1
high5142.txt_q4,4.0,0.9998446702957153,1
high1462.txt_q3,4.0,0.9999990463256836,1
middle295.txt_q3,4.0,0.999543309211731,1
middle3593.txt_q1,4.0,0.9996238946914673,1
high9811.txt_q0,4.0,0.9996566772460938,1
middle3185.txt_q0,4.0,0.9823028445243835,1
middle6246.txt_q1,4.0,0.9998977184295654,1
high21144.txt_q2,4.0,0.948383629322052,1
high7851.txt_q2,4.0,0.999438464641571,1
high22353.txt_q1,4.0,0.9999945163726807,1
middle351.txt_q1,4.0,0.9999998807907104,1
high450.txt_q1,4.0,0.9922319650650024,1
middle3654.txt_q3,4.0,0.9989640712738037,1
high15783.txt_q0,4.0,0.4510023891925812,0
middle2600.txt_q2,4.0,0.9999927282333374,1
middle4998.txt_q3,4.0,0.998741090297699,1
high9796.txt_q0,4.0,0.8203132748603821,1
middle5760.txt_q1,4.0,1.0,1
high7143.txt_q0,4.0,0.9995263814926147,1
middle2743.txt_q3,4.0,0.9983823299407959,1
high18308.txt_q1,4.0,0.9967935681343079,1
high17480.txt_q2,4.0,0.9999006986618042,1
middle837.txt_q3,4.0,0.998913049697876,1
high1850.txt_q3,4.0,0.9983866214752197,1
high19356.txt_q2,4.0,0.9791514873504639,1
high2788.txt_q0,4.0,0.9997853636741638,1
middle2803.txt_q0,4.0,0.9999997615814209,1
high22758.txt_q2,4.0,0.9976242184638977,1
middle6347.txt_q4,4.0,0.9994476437568665,1
high20854.txt_q0,4.0,0.9999709129333496,1
high7214.txt_q1,4.0,0.999671220779419,1
high487.txt_q1,4.0,0.999983549118042,1
high1386.txt_q2,4.0,0.9999760389328003,1
high17245.txt_q2,4.0,0.8344191312789917,1
high17681.txt_q2,4.0,0.999961256980896,1
high12348.txt_q2,4.0,0.9999713897705078,1
high21327.txt_q2,4.0,0.9991326928138733,1
high19087.txt_q1,4.0,0.2384508103132248,0
high14506.txt_q1,4.0,1.0,1
high458.txt_q1,4.0,0.9999091625213623,1
high15223.txt_q1,4.0,0.9999572038650513,1
high10244.txt_q2,4.0,0.9997612833976746,1
high21687.txt_q0,4.0,0.9999971389770508,1
middle3017.txt_q4,4.0,1.0,1
high10791.txt_q1,4.0,0.999997615814209,1
high11345.txt_q1,4.0,0.9999997615814209,1
high703.txt_q0,4.0,0.839958131313324,1
high18306.txt_q1,4.0,0.9958743453025818,1
high7023.txt_q0,4.0,0.9999986886978149,1
middle5623.txt_q3,4.0,0.9999912977218628,1
high497.txt_q2,4.0,0.9994243383407593,1
high15621.txt_q3,4.0,0.9999967813491821,1
high8493.txt_q3,4.0,0.9999985694885254,1
middle6083.txt_q1,4.0,1.0,1
high18266.txt_q0,4.0,0.9999762773513794,1
middle1842.txt_q0,4.0,0.9999992847442627,1
middle1476.txt_q3,4.0,0.9991127848625183,1
high17007.txt_q0,4.0,0.9998365640640259,1
middle7207.txt_q0,4.0,0.9999572038650513,1
middle1250.txt_q0,4.0,0.510948121547699,1
middle7621.txt_q3,4.0,0.9999011754989624,1
high8565.txt_q0,4.0,0.9922582507133484,1
high21986.txt_q1,4.0,0.9999693632125854,1
high10561.txt_q2,4.0,0.99996018409729,1
middle7360.txt_q3,4.0,0.9999921321868896,1
high22732.txt_q3,4.0,0.999600350856781,1
high8954.txt_q2,4.0,0.8486037850379944,1
high9803.txt_q1,4.0,0.9840559959411621,1
middle2698.txt_q3,4.0,0.9972488284111023,1
middle1846.txt_q1,4.0,0.11406158655881882,0
middle937.txt_q2,4.0,0.9999922513961792,1
high16326.txt_q0,4.0,0.405945360660553,0
high3099.txt_q1,4.0,0.9999591112136841,1
high19714.txt_q0,4.0,0.9999922513961792,1
high20236.txt_q1,4.0,0.9999945163726807,1
high17081.txt_q3,4.0,0.9999517202377319,1
middle5136.txt_q4,4.0,0.9991351962089539,1
high9602.txt_q1,4.0,0.6909064054489136,1
high18204.txt_q3,4.0,0.9982118606567383,1
high20766.txt_q1,4.0,0.9999536275863647,1
high12699.txt_q3,4.0,0.9462066292762756,1
high14939.txt_q1,4.0,0.972256064414978,1
high7438.txt_q2,4.0,0.9999872446060181,1
high4514.txt_q0,4.0,0.9977317452430725,1
high18044.txt_q0,4.0,0.9885708689689636,1
middle2103.txt_q0,4.0,0.9986577033996582,1
high17900.txt_q3,4.0,0.9994868040084839,1
middle6569.txt_q0,4.0,0.9997730851173401,1
high5495.txt_q1,4.0,0.9999959468841553,1
high3449.txt_q1,4.0,0.6385539174079895,1
middle3298.txt_q0,4.0,0.999976396560669,1
high16448.txt_q0,4.0,0.9997929930686951,1
high2734.txt_q1,4.0,0.9438190460205078,1
high11152.txt_q0,4.0,0.9999961853027344,1
high11733.txt_q0,4.0,0.9999898672103882,1
high14626.txt_q1,4.0,0.9908894896507263,1
middle1690.txt_q1,4.0,0.9999502897262573,1
middle2273.txt_q1,4.0,1.0,1
high8752.txt_q0,4.0,0.9998557567596436,1
high13023.txt_q0,4.0,1.0,1
high15318.txt_q1,4.0,0.9961962699890137,1
high15037.txt_q0,4.0,0.6424262523651123,1
high23413.txt_q0,4.0,0.7636909484863281,1
high13666.txt_q2,4.0,0.9973242282867432,1
middle4462.txt_q3,4.0,0.9983616471290588,1
high17033.txt_q0,4.0,0.9999958276748657,1
high15040.txt_q3,4.0,0.9807042479515076,1
high7988.txt_q1,4.0,0.9999401569366455,1
middle342.txt_q4,4.0,0.9999992847442627,1
middle1374.txt_q0,4.0,0.9994493126869202,1
high179.txt_q1,4.0,0.9999473094940186,1
high19285.txt_q1,4.0,0.9534849524497986,1
middle4532.txt_q2,4.0,0.996493399143219,1
middle4473.txt_q2,4.0,1.0,1
high7282.txt_q2,4.0,0.9407000541687012,1
high19334.txt_q1,4.0,0.9999996423721313,1
high408.txt_q1,4.0,0.9999700784683228,1
high5002.txt_q0,4.0,0.999961256980896,1
middle2659.txt_q4,4.0,0.9884395599365234,1
middle7201.txt_q4,4.0,0.9999959468841553,1
high1421.txt_q2,4.0,0.9999992847442627,1
high8034.txt_q0,4.0,0.9999914169311523,1
high22082.txt_q2,4.0,0.7986723780632019,1
high13074.txt_q3,4.0,0.999967098236084,1
high15730.txt_q1,4.0,0.9984171390533447,1
middle5369.txt_q2,4.0,0.9927234053611755,1
high12100.txt_q0,4.0,0.9999990463256836,1
middle6808.txt_q1,4.0,1.0,1
high7917.txt_q1,4.0,0.9998738765716553,1
middle1663.txt_q1,4.0,0.9999681711196899,1
middle2647.txt_q2,4.0,0.999903678894043,1
middle3050.txt_q1,4.0,0.998043417930603,1
high14877.txt_q2,4.0,0.9997934699058533,1
high4947.txt_q0,4.0,0.701209306716919,1
middle7235.txt_q0,4.0,0.9977779984474182,1
high526.txt_q2,4.0,0.7705972194671631,1
high18746.txt_q1,4.0,0.9999690055847168,1
high17414.txt_q2,4.0,0.9999985694885254,1
high6648.txt_q1,4.0,0.9913608431816101,1
high6554.txt_q0,4.0,0.8971537947654724,1
high9462.txt_q1,4.0,0.9999347925186157,1
middle4488.txt_q3,4.0,0.9999982118606567,1
high19041.txt_q2,4.0,0.9999146461486816,1
middle5646.txt_q0,4.0,0.9999538660049438,1
high12155.txt_q2,4.0,0.9999865293502808,1
middle8144.txt_q4,4.0,0.9999827146530151,1
middle7986.txt_q1,4.0,0.9999998807907104,1
high23122.txt_q2,4.0,0.9971951246261597,1
high22693.txt_q0,4.0,0.9999794960021973,1
high5056.txt_q1,4.0,1.0,1
high20803.txt_q2,4.0,0.9966098666191101,1
high4654.txt_q3,4.0,1.0,1
high850.txt_q0,4.0,0.9887385368347168,1
high8966.txt_q2,4.0,1.0,1
high19102.txt_q2,4.0,0.997170627117157,1
high15057.txt_q2,4.0,0.960600733757019,1
middle266.txt_q1,4.0,0.5204823017120361,1
middle6507.txt_q0,4.0,0.9999992847442627,1
high13672.txt_q3,4.0,0.9997550845146179,1
high11881.txt_q1,4.0,0.9999995231628418,1
high13404.txt_q3,4.0,0.9999912977218628,1
high8807.txt_q1,4.0,1.0,1
high1413.txt_q0,4.0,0.9999147653579712,1
middle5350.txt_q1,4.0,0.9989432692527771,1
high20371.txt_q0,4.0,0.9956445693969727,1
high14833.txt_q0,4.0,0.9545120596885681,1
middle2982.txt_q3,4.0,0.9986364245414734,1
high3975.txt_q0,4.0,0.9986158609390259,1
high19653.txt_q2,4.0,0.3018798828125,0
high20869.txt_q0,4.0,0.006606146693229675,0
high22088.txt_q0,4.0,0.9989721775054932,1
middle2403.txt_q3,4.0,0.9996360540390015,1
high4277.txt_q2,4.0,0.9824891090393066,1
high10790.txt_q3,4.0,0.989977240562439,1
high15802.txt_q2,4.0,0.09966659545898438,0
high3549.txt_q3,4.0,0.9999903440475464,1
high17445.txt_q1,4.0,0.9999967813491821,1
high13394.txt_q3,4.0,0.9999501705169678,1
high18059.txt_q1,4.0,0.999994158744812,1
middle3641.txt_q0,4.0,0.9999998807907104,1
high6016.txt_q0,4.0,0.9999711513519287,1
high4189.txt_q1,4.0,0.999998927116394,1
middle1843.txt_q2,4.0,0.9999779462814331,1
high16178.txt_q1,4.0,0.9996583461761475,1
high19412.txt_q2,4.0,0.937993049621582,1
high15771.txt_q1,4.0,0.9882694482803345,1
high4325.txt_q1,4.0,0.9518173336982727,1
high16254.txt_q3,4.0,0.9915579557418823,1
high16861.txt_q2,4.0,0.9982239603996277,1
high18913.txt_q0,4.0,0.9999706745147705,1
high12218.txt_q2,4.0,0.9999639987945557,1
high23183.txt_q1,4.0,0.9999929666519165,1
high285.txt_q0,4.0,0.9994596838951111,1
middle4200.txt_q4,4.0,0.9971189498901367,1
middle56.txt_q3,4.0,0.9999998807907104,1
middle3504.txt_q1,4.0,0.9872987866401672,1
high15659.txt_q0,4.0,0.9999972581863403,1
high20161.txt_q0,4.0,0.9999678134918213,1
high12120.txt_q0,4.0,0.8854742050170898,1
middle4314.txt_q2,4.0,0.9999991655349731,1
high1095.txt_q0,4.0,0.9998282194137573,1
middle2056.txt_q1,4.0,0.7479889392852783,1
high3208.txt_q4,4.0,0.9997983574867249,1
middle3747.txt_q2,4.0,0.9999995231628418,1
middle1818.txt_q2,4.0,0.9342055320739746,1
high20733.txt_q1,4.0,0.9998807907104492,1
high824.txt_q4,4.0,0.9921114444732666,1
high13482.txt_q2,4.0,0.9993201494216919,1
high23924.txt_q2,4.0,0.9999672174453735,1
high9164.txt_q0,4.0,0.9999868869781494,1
high22266.txt_q0,4.0,0.9604373574256897,1
high22289.txt_q0,4.0,0.995672345161438,1
high23771.txt_q1,4.0,0.9999973773956299,1
high121.txt_q1,4.0,0.980679988861084,1
middle2586.txt_q1,4.0,0.9071510434150696,1
high14211.txt_q2,4.0,0.9998782873153687,1
high20010.txt_q3,4.0,0.9929025769233704,1
high7166.txt_q1,4.0,0.9975469708442688,1
high8778.txt_q0,4.0,0.9999998807907104,1
middle4033.txt_q0,4.0,0.9685776829719543,1
high13751.txt_q1,4.0,0.9953061938285828,1
high17776.txt_q0,4.0,0.9999877214431763,1
high5659.txt_q1,4.0,0.2128428965806961,0
high860.txt_q1,4.0,0.9999676942825317,1
high17158.txt_q1,4.0,0.4006928503513336,1
high4663.txt_q1,4.0,0.9995930790901184,1
high13049.txt_q2,4.0,0.9999922513961792,1
high18844.txt_q1,4.0,0.3936028480529785,0
high2644.txt_q1,4.0,0.9993263483047485,1
high19026.txt_q2,4.0,0.03871814161539078,0
high10827.txt_q2,4.0,1.0,1
high23930.txt_q0,4.0,0.984553337097168,1
high22640.txt_q0,4.0,0.9999592304229736,1
high7220.txt_q1,4.0,0.9999984502792358,1
high9789.txt_q1,4.0,0.999961256980896,1
middle7982.txt_q1,4.0,0.20277638733386993,0
high10641.txt_q0,4.0,0.994053304195404,1
high458.txt_q0,4.0,0.9976059198379517,1
high21749.txt_q1,4.0,0.5354834198951721,1
high23470.txt_q1,4.0,0.9818112254142761,1
high20281.txt_q1,4.0,0.9999496936798096,1
high938.txt_q0,4.0,0.8843163251876831,1
middle3864.txt_q1,4.0,1.0,1
high139.txt_q2,4.0,0.9551680684089661,1
high17262.txt_q1,4.0,0.9973717927932739,1
high12652.txt_q0,4.0,0.2641322612762451,0
middle2795.txt_q2,4.0,0.9984334111213684,1
high11821.txt_q1,4.0,0.9836945533752441,1
middle684.txt_q1,4.0,1.0,1
high10438.txt_q0,4.0,0.9981462955474854,1
high4246.txt_q2,4.0,0.9950827360153198,1
high15796.txt_q3,4.0,0.9997881054878235,1
high12622.txt_q1,4.0,0.9986118078231812,1
high10218.txt_q2,4.0,0.9984001517295837,1
high4223.txt_q1,4.0,0.9893878698348999,1
middle5393.txt_q2,4.0,0.9999998807907104,1
high2750.txt_q2,4.0,0.9999963045120239,1
high23409.txt_q1,4.0,0.9959611296653748,1
high2105.txt_q0,4.0,0.9999947547912598,1
middle7086.txt_q0,4.0,0.9996628761291504,1
high9467.txt_q2,4.0,0.9995889067649841,1
high18447.txt_q0,4.0,0.9983477592468262,1
middle2395.txt_q1,4.0,0.9996914863586426,1
middle2391.txt_q0,4.0,0.9904480576515198,1
high23407.txt_q0,4.0,0.9999767541885376,1
high3107.txt_q0,4.0,0.9999963045120239,1
high1429.txt_q1,4.0,0.9248118996620178,1
middle6732.txt_q1,4.0,0.9999772310256958,1
high9477.txt_q0,4.0,0.9851163029670715,1
high17998.txt_q1,4.0,0.9992479681968689,1
high19793.txt_q2,4.0,0.9957996010780334,1
high23071.txt_q0,4.0,0.9943006038665771,1
high8819.txt_q2,4.0,0.9999737739562988,1
middle7040.txt_q2,4.0,1.0,1
middle1580.txt_q1,4.0,0.9965085387229919,1
high13684.txt_q1,4.0,0.9980467557907104,1
high21937.txt_q2,4.0,0.9974209070205688,1
high3117.txt_q3,4.0,0.9985315799713135,1
high5378.txt_q1,4.0,0.9991401433944702,1
high10855.txt_q0,4.0,1.0,1
high21251.txt_q1,4.0,0.9959694147109985,1
high9057.txt_q2,4.0,0.999669075012207,1
high1881.txt_q0,4.0,0.4901829659938812,0
high4924.txt_q0,4.0,0.31001418828964233,0
high16384.txt_q3,4.0,0.9999957084655762,1
high19819.txt_q0,4.0,0.9992928504943848,1
high18787.txt_q2,4.0,0.9999998807907104,1
high20989.txt_q0,4.0,0.19554418325424194,0
high22419.txt_q0,4.0,0.9961208701133728,1
middle1731.txt_q2,4.0,0.9836105108261108,1
high23187.txt_q3,4.0,0.9021351337432861,1
high19106.txt_q1,4.0,0.9999996423721313,1
high21888.txt_q2,4.0,0.9999945163726807,1
high15207.txt_q1,4.0,0.9999943971633911,1
middle1533.txt_q1,4.0,0.999225378036499,1
high2030.txt_q1,4.0,0.9999889135360718,1
high15815.txt_q1,4.0,0.8044416308403015,1
middle5432.txt_q2,4.0,0.9907100200653076,1
high11917.txt_q1,4.0,0.9995021820068359,1
high8828.txt_q0,4.0,0.9997990727424622,1
high15251.txt_q1,4.0,0.951093316078186,1
middle6829.txt_q2,4.0,0.9999895095825195,1
high10624.txt_q2,4.0,0.9998446702957153,1
middle5636.txt_q3,4.0,0.998124897480011,1
high15453.txt_q3,4.0,0.9997712969779968,1
middle3282.txt_q1,4.0,0.957915186882019,1
high14128.txt_q2,4.0,0.9999465942382812,1
high10801.txt_q1,4.0,0.999994158744812,1
high4800.txt_q1,4.0,0.9999998807907104,1
high13022.txt_q0,4.0,0.9999998807907104,1
high781.txt_q1,4.0,0.9999915361404419,1
middle1140.txt_q1,4.0,0.9846025705337524,1
high7742.txt_q1,4.0,0.38593828678131104,0
middle7020.txt_q4,4.0,0.9999943971633911,1
middle2174.txt_q1,4.0,1.0,1
high22962.txt_q2,4.0,0.999956488609314,1
high8078.txt_q0,4.0,0.9999982118606567,1
high13786.txt_q2,4.0,0.9987603425979614,1
middle4296.txt_q1,4.0,0.7590490579605103,1
high1710.txt_q0,4.0,0.9999799728393555,1
high8502.txt_q1,4.0,0.9999970197677612,1
high17340.txt_q3,4.0,0.9810303449630737,1
high6593.txt_q1,4.0,0.9998942613601685,1
high5002.txt_q1,4.0,0.9999996423721313,1
high23306.txt_q2,4.0,0.9989582300186157,1
high21373.txt_q0,4.0,1.0,1
middle8095.txt_q2,4.0,0.9997792840003967,1
middle4815.txt_q0,4.0,0.9999998807907104,1
high1948.txt_q1,4.0,0.7604336142539978,1
middle6589.txt_q1,4.0,0.9753184914588928,1
high7657.txt_q1,4.0,0.9824919700622559,1
middle664.txt_q0,4.0,1.0,1
high3791.txt_q3,4.0,0.9999957084655762,1
high20736.txt_q1,4.0,0.9995713829994202,1
middle8011.txt_q3,4.0,0.9999873638153076,1
middle4534.txt_q2,4.0,0.993073582649231,1
high15671.txt_q2,4.0,0.9994563460350037,1
high16953.txt_q1,4.0,0.9996986389160156,1
high14232.txt_q0,4.0,0.9967315196990967,1
high11107.txt_q1,4.0,0.613753616809845,1
high16655.txt_q4,4.0,0.9999996423721313,1
middle7339.txt_q1,4.0,0.9998980760574341,1
middle1136.txt_q1,4.0,1.0,1
high19821.txt_q1,4.0,0.9999898672103882,1
high6759.txt_q1,4.0,0.9811475872993469,1
high15064.txt_q3,4.0,0.9999703168869019,1
high10292.txt_q1,4.0,0.6602827906608582,1
middle5631.txt_q3,4.0,1.0,1
high9816.txt_q0,4.0,0.9989253878593445,1
high8019.txt_q1,4.0,0.9999964237213135,1
middle4116.txt_q2,4.0,0.8648790717124939,1
high17596.txt_q0,4.0,0.999993085861206,1
high21221.txt_q0,4.0,0.999428927898407,1
high8502.txt_q2,4.0,0.9949467778205872,1
high15718.txt_q2,4.0,0.2720804512500763,0
high11348.txt_q1,4.0,0.9999268054962158,1
high14045.txt_q2,4.0,0.9880471229553223,1
middle5478.txt_q4,4.0,0.9999979734420776,1
middle5232.txt_q3,4.0,0.8080326318740845,1
high8593.txt_q1,4.0,0.9974040389060974,1
high8383.txt_q0,4.0,0.9999639987945557,1
high16482.txt_q1,4.0,0.4655207693576813,1
high23588.txt_q0,4.0,1.0,1
high6366.txt_q0,4.0,0.9999986886978149,1
middle5225.txt_q2,4.0,0.9965786337852478,1
high9452.txt_q1,4.0,0.9987037181854248,1
high16579.txt_q1,4.0,0.9997434020042419,1
high2700.txt_q2,4.0,0.9990119934082031,1
high23620.txt_q0,4.0,0.9998828172683716,1
high8744.txt_q1,4.0,0.9996895790100098,1
middle1856.txt_q4,4.0,0.9999229907989502,1
high5140.txt_q2,4.0,0.9637105464935303,1
high15771.txt_q2,4.0,0.9999979734420776,1
high13776.txt_q0,4.0,0.552461564540863,1
middle735.txt_q2,4.0,0.9999929666519165,1
high6810.txt_q2,4.0,0.9999901056289673,1
middle903.txt_q2,4.0,0.9996836185455322,1
high13652.txt_q1,4.0,0.9998353719711304,1
high1404.txt_q1,4.0,0.9999831914901733,1
middle5608.txt_q1,4.0,0.9722477197647095,1
middle318.txt_q2,4.0,0.9996424913406372,1
high11695.txt_q2,4.0,0.9999287128448486,1
middle6021.txt_q0,4.0,0.29453447461128235,0
high13561.txt_q3,4.0,0.9999872446060181,1
high18785.txt_q4,4.0,0.9965900182723999,1
high4682.txt_q3,4.0,0.9965401887893677,1
high4454.txt_q0,4.0,0.9987977743148804,1
high23209.txt_q2,4.0,0.9948437213897705,1
middle6259.txt_q2,4.0,0.9943190217018127,1
high16685.txt_q1,4.0,0.9996354579925537,1
high713.txt_q2,4.0,0.9997267127037048,1
middle2185.txt_q2,4.0,0.9710868000984192,1
high4681.txt_q0,4.0,0.9027495384216309,1
high20444.txt_q2,4.0,0.9999991655349731,1
high10531.txt_q3,4.0,0.9999727010726929,1
high363.txt_q2,4.0,0.9999998807907104,1
middle637.txt_q3,4.0,0.9986948370933533,1
middle6043.txt_q4,4.0,0.9856640100479126,1
high20132.txt_q0,4.0,0.9999995231628418,1
high17515.txt_q1,4.0,0.9149088263511658,1
high4087.txt_q1,4.0,0.9999808073043823,1
middle3552.txt_q2,4.0,0.9999986886978149,1
high192.txt_q4,4.0,0.9999423027038574,1
high23550.txt_q1,4.0,0.99703049659729,1
high8709.txt_q2,4.0,0.9999902248382568,1
high20549.txt_q1,4.0,0.9705238938331604,1
high11016.txt_q1,4.0,0.9999970197677612,1
high17834.txt_q2,4.0,1.0,1
high4145.txt_q2,4.0,0.999992847442627,1
high5708.txt_q2,4.0,0.9999946355819702,1
high11066.txt_q1,4.0,0.9999946355819702,1
high8905.txt_q2,4.0,0.9955520033836365,1
middle4480.txt_q3,4.0,1.0,1
high5717.txt_q2,4.0,0.9999599456787109,1
high15770.txt_q0,4.0,0.9971911311149597,1
high23097.txt_q4,4.0,0.18174223601818085,0
high10631.txt_q1,4.0,0.9999964237213135,1
middle5453.txt_q1,4.0,0.9950777292251587,1
high20542.txt_q0,4.0,0.9998639822006226,1
high5736.txt_q2,4.0,0.9975973963737488,1
high11808.txt_q3,4.0,0.6841380000114441,1
high13856.txt_q2,4.0,0.9985144734382629,1
high12397.txt_q1,4.0,0.9999493360519409,1
high1268.txt_q2,4.0,0.9986041188240051,1
high13795.txt_q1,4.0,0.9706631898880005,1
high23346.txt_q0,4.0,0.6215872764587402,1
high12324.txt_q2,4.0,0.9999971389770508,1
high5705.txt_q0,4.0,0.9998236298561096,1
middle7559.txt_q1,4.0,0.9999935626983643,1
middle3216.txt_q1,4.0,0.9999994039535522,1
high22006.txt_q2,4.0,0.9979568719863892,1
middle7119.txt_q0,4.0,0.9990655779838562,1
high20957.txt_q4,4.0,0.9999988079071045,1
high7868.txt_q0,4.0,0.9995399713516235,1
middle7806.txt_q2,4.0,0.9999957084655762,1
high15143.txt_q1,4.0,0.9114446043968201,1
high14675.txt_q0,4.0,0.9999845027923584,1
high4910.txt_q2,4.0,0.9556086659431458,1
middle7120.txt_q0,4.0,0.9998372793197632,1
high5746.txt_q1,4.0,0.9999996423721313,1
high11544.txt_q3,4.0,0.9979780316352844,1
high3030.txt_q0,4.0,0.9999916553497314,1
high3823.txt_q3,4.0,0.9999274015426636,1
high806.txt_q3,4.0,0.9312825798988342,1
high8960.txt_q2,4.0,0.20918576419353485,0
high2063.txt_q2,4.0,0.999981164932251,1
high11954.txt_q3,4.0,0.06693977862596512,0
high8083.txt_q0,4.0,0.8436737060546875,1
high15288.txt_q1,4.0,0.9849750399589539,1
high13552.txt_q1,4.0,0.9810953736305237,1
high10430.txt_q2,4.0,0.9858725070953369,1
high1082.txt_q1,4.0,0.999721109867096,1
middle3624.txt_q2,4.0,0.9999929666519165,1
high12696.txt_q2,4.0,0.9999996423721313,1
high21538.txt_q1,4.0,0.9977359771728516,1
high8198.txt_q0,4.0,0.9921268224716187,1
middle2010.txt_q0,4.0,0.9999958276748657,1
high9086.txt_q2,4.0,0.9999991655349731,1
high16637.txt_q0,4.0,0.9998873472213745,1
high9460.txt_q1,4.0,0.9961355924606323,1
middle443.txt_q0,4.0,0.9991387128829956,1
high13072.txt_q2,4.0,0.9714085459709167,1
middle5521.txt_q2,4.0,0.9999966621398926,1
high20611.txt_q1,4.0,0.9999837875366211,1
middle2657.txt_q2,4.0,1.0,1
high6679.txt_q1,4.0,0.9534138441085815,1
high14670.txt_q0,4.0,0.9997366070747375,1
middle6326.txt_q0,4.0,1.0,1
middle4482.txt_q1,4.0,0.9996298551559448,1
high8065.txt_q2,4.0,0.9984970092773438,1
high2952.txt_q2,4.0,0.9999794960021973,1
high183.txt_q3,4.0,0.9993103742599487,1
high2996.txt_q1,4.0,0.9997504353523254,1
high16982.txt_q1,4.0,0.9999594688415527,1
high11734.txt_q2,4.0,0.9999995231628418,1
middle5662.txt_q1,4.0,0.9415006637573242,1
middle7898.txt_q0,4.0,0.9999918937683105,1
high19892.txt_q0,4.0,0.9998598098754883,1
high4034.txt_q3,4.0,0.9996235370635986,1
high5056.txt_q0,4.0,0.9998610019683838,1
middle349.txt_q2,4.0,0.9999122619628906,1
middle2730.txt_q1,4.0,0.99986732006073,1
middle5712.txt_q0,4.0,0.9999996423721313,1
high16051.txt_q2,4.0,0.9999624490737915,1
high22516.txt_q0,4.0,0.9808225035667419,1
high19167.txt_q0,4.0,0.9972000122070312,1
high17851.txt_q3,4.0,0.9998379945755005,1
high3611.txt_q0,4.0,0.9999990463256836,1
middle7633.txt_q2,4.0,0.9998831748962402,1
high17384.txt_q0,4.0,1.0,1
middle5808.txt_q2,4.0,0.9998111128807068,1
high7618.txt_q0,4.0,0.997826874256134,1
middle5978.txt_q0,4.0,0.9999885559082031,1
high13106.txt_q1,4.0,0.9999985694885254,1
middle3743.txt_q3,4.0,0.9999974966049194,1
high18551.txt_q2,4.0,0.9999756813049316,1
high6524.txt_q1,4.0,1.0,1
high24252.txt_q0,4.0,0.9994757771492004,1
high17715.txt_q2,4.0,0.852114737033844,1
middle7364.txt_q0,4.0,1.0,1
high7682.txt_q2,4.0,0.9988698363304138,1
high23256.txt_q0,4.0,0.8960267901420593,1
middle7873.txt_q0,4.0,0.9999862909317017,1
high11121.txt_q2,4.0,0.9999322891235352,1
middle8157.txt_q1,4.0,0.9999750852584839,1
high4438.txt_q1,4.0,0.9084147810935974,1
high5746.txt_q2,4.0,0.9999997615814209,1
high20630.txt_q0,4.0,0.9958064556121826,1
high18464.txt_q0,4.0,0.0023403631057590246,0
high6121.txt_q2,4.0,0.9953721165657043,1
high13130.txt_q1,4.0,0.9999606609344482,1
middle7423.txt_q4,4.0,0.9999998807907104,1
middle4219.txt_q2,4.0,1.0,1
high24261.txt_q2,4.0,0.9999213218688965,1
high13133.txt_q2,4.0,0.9999823570251465,1
middle5042.txt_q1,4.0,0.9984519481658936,1
middle2762.txt_q3,4.0,0.9999871253967285,1
high21708.txt_q1,4.0,0.7947133779525757,1
high11981.txt_q2,4.0,0.9995278120040894,1
high815.txt_q1,4.0,0.9999896287918091,1
high12615.txt_q1,4.0,0.8904414772987366,1
middle6557.txt_q2,4.0,0.7196285724639893,1
high21578.txt_q1,4.0,0.9999022483825684,1
high11954.txt_q1,4.0,0.9974337220191956,1
middle4936.txt_q3,4.0,1.0,1
high19206.txt_q1,4.0,0.9999958276748657,1
high1415.txt_q0,4.0,0.9995484948158264,1
middle5513.txt_q1,4.0,0.9960448145866394,1
high18048.txt_q0,4.0,0.9999953508377075,1
high5208.txt_q0,4.0,0.1350618600845337,0
middle4267.txt_q3,4.0,0.4658156633377075,1
high24089.txt_q3,4.0,0.8761855959892273,1
high18039.txt_q2,4.0,0.9998700618743896,1
middle809.txt_q3,4.0,0.5838732719421387,1
high21655.txt_q2,4.0,0.9948150515556335,1
high16519.txt_q3,4.0,0.9967600703239441,1
middle2458.txt_q1,4.0,0.9826536774635315,1
middle1882.txt_q2,4.0,0.9999983310699463,1
high18145.txt_q0,4.0,0.9986352324485779,1
high8440.txt_q3,4.0,0.9999953508377075,1
high7555.txt_q2,4.0,1.0,1
middle1955.txt_q0,4.0,1.0,1
high17190.txt_q0,4.0,0.9994762539863586,1
high23993.txt_q1,4.0,0.999862551689148,1
high2179.txt_q1,4.0,0.9999731779098511,1
high8734.txt_q3,4.0,0.9961501359939575,1
high3280.txt_q1,4.0,0.999993085861206,1
high7753.txt_q1,4.0,0.6402711868286133,1
middle6547.txt_q0,4.0,0.9171286225318909,1
middle1269.txt_q3,4.0,0.930158793926239,1
high15852.txt_q2,4.0,0.719970166683197,1
middle7591.txt_q3,4.0,0.9992709755897522,1
high7712.txt_q2,4.0,0.999969482421875,1
middle2917.txt_q3,4.0,0.9999991655349731,1
high4539.txt_q1,4.0,0.999600350856781,1
middle2156.txt_q1,4.0,0.9999932050704956,1
high2430.txt_q1,4.0,0.9999986886978149,1
high19378.txt_q1,4.0,0.9997685551643372,1
high6305.txt_q0,4.0,0.9986434578895569,1
high5297.txt_q0,4.0,0.9999998807907104,1
high23908.txt_q0,4.0,0.9996969699859619,1
middle1494.txt_q4,4.0,0.4374184012413025,0
high1440.txt_q2,4.0,0.9999885559082031,1
high4707.txt_q4,4.0,0.9977213740348816,1
high2710.txt_q2,4.0,0.9986691474914551,1
high5284.txt_q0,4.0,0.9998767375946045,1
middle4397.txt_q2,4.0,0.999994158744812,1
middle5608.txt_q2,4.0,0.9984101057052612,1
high5558.txt_q0,4.0,0.9973880648612976,1
high13285.txt_q1,4.0,0.9340572953224182,1
high8093.txt_q3,4.0,0.9999971389770508,1
middle5081.txt_q3,4.0,0.989788293838501,1
middle5461.txt_q2,4.0,0.9989720582962036,1
middle2158.txt_q1,4.0,0.7018500566482544,1
middle1730.txt_q0,4.0,1.0,1
high20108.txt_q1,4.0,0.999990701675415,1
high5487.txt_q1,4.0,0.9998888969421387,1
high14753.txt_q0,4.0,0.9999967813491821,1
high2299.txt_q1,4.0,0.9747747182846069,1
middle6742.txt_q1,4.0,0.9999998807907104,1
high6833.txt_q1,4.0,0.9998573064804077,1
high20894.txt_q3,4.0,0.9969143867492676,1
high19970.txt_q0,4.0,0.9999316930770874,1
high10399.txt_q1,4.0,0.9982473850250244,1
high12085.txt_q0,4.0,0.9999856948852539,1
high22068.txt_q1,4.0,0.8798177242279053,1
high18203.txt_q2,4.0,0.9964364767074585,1
high21745.txt_q1,4.0,0.9999896287918091,1
middle3248.txt_q0,4.0,0.9993170499801636,1
high21805.txt_q3,4.0,0.9999996423721313,1
high5177.txt_q2,4.0,0.9999990463256836,1
high978.txt_q0,4.0,0.99960857629776,1
high3353.txt_q4,4.0,0.9999316930770874,1
middle3518.txt_q0,4.0,0.9997039437294006,1
high6316.txt_q2,4.0,0.998145341873169,1
high7932.txt_q0,4.0,0.5072570443153381,1
high7059.txt_q3,4.0,0.9861286878585815,1
high7641.txt_q0,4.0,0.9983705878257751,1
high7394.txt_q1,4.0,0.9993711113929749,1
middle4894.txt_q1,4.0,0.9999992847442627,1
high19145.txt_q1,4.0,0.261863648891449,0
high4561.txt_q2,4.0,0.999860405921936,1
high19117.txt_q2,4.0,0.9857234358787537,1
high14744.txt_q1,4.0,0.9920585751533508,1
high15082.txt_q3,4.0,0.8927199244499207,1
high13916.txt_q3,4.0,0.9946151375770569,1
high17342.txt_q0,4.0,0.9999709129333496,1
high15801.txt_q1,4.0,0.9999889135360718,1
middle7311.txt_q0,4.0,0.9927777647972107,1
high21113.txt_q0,4.0,0.9995273351669312,1
high11235.txt_q0,4.0,0.9998760223388672,1
middle1020.txt_q1,4.0,0.9985560774803162,1
high7244.txt_q1,4.0,0.9999979734420776,1
high16158.txt_q1,4.0,0.9971199035644531,1
high2233.txt_q2,4.0,0.9999970197677612,1
