question_id,state
high10024.txt_q0,A_three_valid_all_same
high10024.txt_q1,A_three_valid_all_same
high10024.txt_q2,A_three_valid_all_same
high10042.txt_q0,A_three_valid_all_same
high10042.txt_q1,A_three_valid_all_same
high10042.txt_q2,A_three_valid_all_same
high10042.txt_q3,A_three_valid_all_same
high10042.txt_q4,A_three_valid_all_same
high10060.txt_q0,A_three_valid_all_same
high10060.txt_q1,A_three_valid_all_same
high10060.txt_q2,A_three_valid_all_same
high10112.txt_q0,A_three_valid_all_same
high10112.txt_q1,A_three_valid_all_same
high10112.txt_q2,A_three_valid_all_same
high10146.txt_q0,A_three_valid_all_same
high10146.txt_q1,A_three_valid_all_same
high10146.txt_q2,A_three_valid_all_same
high10154.txt_q0,A_three_valid_all_same
high10154.txt_q1,A_three_valid_all_same
high10154.txt_q2,B_three_valid_exactly_two_same
high10160.txt_q0,A_three_valid_all_same
high10160.txt_q1,A_three_valid_all_same
high10160.txt_q2,A_three_valid_all_same
high10177.txt_q0,A_three_valid_all_same
high10177.txt_q1,A_three_valid_all_same
high10177.txt_q2,A_three_valid_all_same
high10179.txt_q0,A_three_valid_all_same
high10179.txt_q1,A_three_valid_all_same
high10179.txt_q2,A_three_valid_all_same
high10179.txt_q3,B_three_valid_exactly_two_same
high10187.txt_q0,A_three_valid_all_same
high10187.txt_q1,A_three_valid_all_same
high10187.txt_q2,A_three_valid_all_same
high10215.txt_q0,A_three_valid_all_same
high10215.txt_q1,A_three_valid_all_same
high10215.txt_q2,A_three_valid_all_same
high10229.txt_q0,A_three_valid_all_same
high10229.txt_q1,A_three_valid_all_same
high10229.txt_q2,A_three_valid_all_same
high10255.txt_q0,A_three_valid_all_same
high10255.txt_q1,A_three_valid_all_same
high10255.txt_q2,A_three_valid_all_same
high10261.txt_q0,A_three_valid_all_same
high10261.txt_q1,A_three_valid_all_same
high10261.txt_q2,A_three_valid_all_same
high10261.txt_q3,A_three_valid_all_same
high10261.txt_q4,A_three_valid_all_same
high10272.txt_q0,A_three_valid_all_same
high10272.txt_q1,A_three_valid_all_same
high10272.txt_q2,A_three_valid_all_same
high10316.txt_q0,A_three_valid_all_same
high10316.txt_q1,A_three_valid_all_same
high10316.txt_q2,A_three_valid_all_same
high10316.txt_q3,B_three_valid_exactly_two_same
high10355.txt_q0,A_three_valid_all_same
high10355.txt_q1,A_three_valid_all_same
high10429.txt_q0,A_three_valid_all_same
high10429.txt_q1,A_three_valid_all_same
high10429.txt_q2,A_three_valid_all_same
high10429.txt_q3,A_three_valid_all_same
high10449.txt_q0,A_three_valid_all_same
high10449.txt_q1,A_three_valid_all_same
high10449.txt_q2,A_three_valid_all_same
high10449.txt_q3,A_three_valid_all_same
high10467.txt_q0,A_three_valid_all_same
high10467.txt_q1,A_three_valid_all_same
high10467.txt_q2,A_three_valid_all_same
high10467.txt_q3,A_three_valid_all_same
high10479.txt_q0,A_three_valid_all_same
high10479.txt_q1,A_three_valid_all_same
high10479.txt_q2,A_three_valid_all_same
high10479.txt_q3,A_three_valid_all_same
high1048.txt_q0,A_three_valid_all_same
high1048.txt_q1,A_three_valid_all_same
high1048.txt_q2,A_three_valid_all_same
high10490.txt_q0,A_three_valid_all_same
high10504.txt_q0,A_three_valid_all_same
high10504.txt_q1,A_three_valid_all_same
high10504.txt_q2,A_three_valid_all_same
high10504.txt_q3,B_three_valid_exactly_two_same
high10532.txt_q0,A_three_valid_all_same
high10532.txt_q1,A_three_valid_all_same
high10532.txt_q2,B_three_valid_exactly_two_same
high10570.txt_q0,A_three_valid_all_same
high10570.txt_q1,A_three_valid_all_same
high10570.txt_q2,A_three_valid_all_same
high10570.txt_q3,A_three_valid_all_same
high10570.txt_q4,A_three_valid_all_same
high10579.txt_q0,A_three_valid_all_same
high10579.txt_q1,A_three_valid_all_same
high10579.txt_q2,B_three_valid_exactly_two_same
high10579.txt_q3,A_three_valid_all_same
high10643.txt_q0,A_three_valid_all_same
high10643.txt_q1,A_three_valid_all_same
high10643.txt_q2,A_three_valid_all_same
high10643.txt_q3,A_three_valid_all_same
high10666.txt_q0,A_three_valid_all_same
high10666.txt_q1,A_three_valid_all_same
high10666.txt_q2,A_three_valid_all_same
high10668.txt_q0,A_three_valid_all_same
high10668.txt_q1,A_three_valid_all_same
high10668.txt_q2,A_three_valid_all_same
high10677.txt_q0,A_three_valid_all_same
high10677.txt_q1,A_three_valid_all_same
high10677.txt_q2,A_three_valid_all_same
high10677.txt_q3,A_three_valid_all_same
high10677.txt_q4,A_three_valid_all_same
high10687.txt_q0,A_three_valid_all_same
high10687.txt_q1,A_three_valid_all_same
high10687.txt_q2,A_three_valid_all_same
high10687.txt_q3,A_three_valid_all_same
high1069.txt_q0,A_three_valid_all_same
high1069.txt_q1,A_three_valid_all_same
high1069.txt_q2,A_three_valid_all_same
high1069.txt_q3,A_three_valid_all_same
high107.txt_q0,A_three_valid_all_same
high107.txt_q1,A_three_valid_all_same
high107.txt_q2,A_three_valid_all_same
high10709.txt_q0,A_three_valid_all_same
high10709.txt_q1,A_three_valid_all_same
high10709.txt_q2,B_three_valid_exactly_two_same
high10720.txt_q0,A_three_valid_all_same
high10720.txt_q1,B_three_valid_exactly_two_same
high10720.txt_q2,A_three_valid_all_same
high10760.txt_q0,A_three_valid_all_same
high10760.txt_q1,A_three_valid_all_same
high10760.txt_q2,A_three_valid_all_same
high10771.txt_q0,A_three_valid_all_same
high10771.txt_q1,A_three_valid_all_same
high10771.txt_q2,A_three_valid_all_same
high10775.txt_q0,A_three_valid_all_same
high10775.txt_q1,A_three_valid_all_same
high10775.txt_q2,A_three_valid_all_same
high10788.txt_q0,A_three_valid_all_same
high10788.txt_q1,A_three_valid_all_same
high10788.txt_q2,A_three_valid_all_same
high1080.txt_q0,A_three_valid_all_same
high1080.txt_q1,A_three_valid_all_same
high1080.txt_q2,A_three_valid_all_same
high1080.txt_q3,A_three_valid_all_same
high1080.txt_q4,A_three_valid_all_same
high1083.txt_q0,B_three_valid_exactly_two_same
high1083.txt_q1,A_three_valid_all_same
high1083.txt_q2,A_three_valid_all_same
high10897.txt_q0,A_three_valid_all_same
high10897.txt_q1,B_three_valid_exactly_two_same
high10897.txt_q2,A_three_valid_all_same
high1090.txt_q0,A_three_valid_all_same
high1090.txt_q1,A_three_valid_all_same
high1090.txt_q2,A_three_valid_all_same
high10902.txt_q0,A_three_valid_all_same
high10902.txt_q1,A_three_valid_all_same
high10908.txt_q0,A_three_valid_all_same
high10908.txt_q1,A_three_valid_all_same
high10908.txt_q2,A_three_valid_all_same
high10908.txt_q3,A_three_valid_all_same
high10915.txt_q0,A_three_valid_all_same
high10915.txt_q1,A_three_valid_all_same
high10915.txt_q2,A_three_valid_all_same
high10915.txt_q3,A_three_valid_all_same
high10944.txt_q0,A_three_valid_all_same
high10944.txt_q1,A_three_valid_all_same
high10944.txt_q2,A_three_valid_all_same
high10946.txt_q0,A_three_valid_all_same
high10946.txt_q1,A_three_valid_all_same
high10946.txt_q2,A_three_valid_all_same
high11028.txt_q0,A_three_valid_all_same
high11028.txt_q1,A_three_valid_all_same
high11028.txt_q2,A_three_valid_all_same
high11031.txt_q0,B_three_valid_exactly_two_same
high11031.txt_q1,A_three_valid_all_same
high11031.txt_q2,B_three_valid_exactly_two_same
high11036.txt_q0,A_three_valid_all_same
high11062.txt_q0,A_three_valid_all_same
high11062.txt_q1,A_three_valid_all_same
high11062.txt_q2,A_three_valid_all_same
high11062.txt_q3,A_three_valid_all_same
high11099.txt_q0,A_three_valid_all_same
high11099.txt_q1,A_three_valid_all_same
high11103.txt_q0,A_three_valid_all_same
high11103.txt_q1,A_three_valid_all_same
high11103.txt_q2,A_three_valid_all_same
high11103.txt_q3,A_three_valid_all_same
high11109.txt_q0,A_three_valid_all_same
high11109.txt_q1,A_three_valid_all_same
high11109.txt_q2,A_three_valid_all_same
high1111.txt_q0,A_three_valid_all_same
high1111.txt_q1,A_three_valid_all_same
high1111.txt_q2,A_three_valid_all_same
high1111.txt_q3,B_three_valid_exactly_two_same
high11112.txt_q0,A_three_valid_all_same
high11112.txt_q1,A_three_valid_all_same
high11112.txt_q2,A_three_valid_all_same
high11113.txt_q0,A_three_valid_all_same
high11113.txt_q1,A_three_valid_all_same
high11129.txt_q0,A_three_valid_all_same
high11129.txt_q1,A_three_valid_all_same
high11129.txt_q2,A_three_valid_all_same
high11129.txt_q3,B_three_valid_exactly_two_same
high11146.txt_q0,A_three_valid_all_same
high11146.txt_q1,A_three_valid_all_same
high11164.txt_q0,A_three_valid_all_same
high11164.txt_q1,A_three_valid_all_same
high11164.txt_q2,A_three_valid_all_same
high11171.txt_q0,A_three_valid_all_same
high11171.txt_q1,A_three_valid_all_same
high11252.txt_q0,B_three_valid_exactly_two_same
high11252.txt_q1,A_three_valid_all_same
high11252.txt_q2,A_three_valid_all_same
high11252.txt_q3,A_three_valid_all_same
high11279.txt_q0,A_three_valid_all_same
high11279.txt_q1,A_three_valid_all_same
high11327.txt_q0,A_three_valid_all_same
high11327.txt_q1,A_three_valid_all_same
high11327.txt_q2,A_three_valid_all_same
high11327.txt_q3,B_three_valid_exactly_two_same
high11342.txt_q0,A_three_valid_all_same
high11342.txt_q1,A_three_valid_all_same
high11342.txt_q2,A_three_valid_all_same
high11373.txt_q0,A_three_valid_all_same
high11373.txt_q1,A_three_valid_all_same
high11373.txt_q2,A_three_valid_all_same
high11373.txt_q3,A_three_valid_all_same
high11427.txt_q0,A_three_valid_all_same
high11427.txt_q1,A_three_valid_all_same
high11466.txt_q0,A_three_valid_all_same
high11466.txt_q1,A_three_valid_all_same
high11466.txt_q2,A_three_valid_all_same
high1149.txt_q0,A_three_valid_all_same
high11506.txt_q0,A_three_valid_all_same
high11506.txt_q1,A_three_valid_all_same
high11506.txt_q2,A_three_valid_all_same
high11506.txt_q3,B_three_valid_exactly_two_same
high11509.txt_q0,A_three_valid_all_same
high11509.txt_q1,A_three_valid_all_same
high11509.txt_q2,A_three_valid_all_same
high11515.txt_q0,A_three_valid_all_same
high11515.txt_q1,B_three_valid_exactly_two_same
high11515.txt_q2,A_three_valid_all_same
high11515.txt_q3,A_three_valid_all_same
high11521.txt_q0,A_three_valid_all_same
high11521.txt_q1,B_three_valid_exactly_two_same
high11521.txt_q2,A_three_valid_all_same
high11521.txt_q3,A_three_valid_all_same
high11521.txt_q4,A_three_valid_all_same
high11532.txt_q0,A_three_valid_all_same
high11532.txt_q1,A_three_valid_all_same
high11532.txt_q2,A_three_valid_all_same
high11552.txt_q0,A_three_valid_all_same
high11552.txt_q1,A_three_valid_all_same
high11552.txt_q2,A_three_valid_all_same
high11552.txt_q3,A_three_valid_all_same
high11563.txt_q0,A_three_valid_all_same
high11563.txt_q1,B_three_valid_exactly_two_same
high11582.txt_q0,A_three_valid_all_same
high11582.txt_q1,A_three_valid_all_same
high11582.txt_q2,A_three_valid_all_same
high11582.txt_q3,A_three_valid_all_same
high11598.txt_q0,A_three_valid_all_same
high11598.txt_q1,A_three_valid_all_same
high11598.txt_q2,A_three_valid_all_same
high11598.txt_q3,A_three_valid_all_same
high11629.txt_q0,A_three_valid_all_same
high11629.txt_q1,A_three_valid_all_same
high11629.txt_q2,A_three_valid_all_same
high11648.txt_q0,A_three_valid_all_same
high11648.txt_q1,A_three_valid_all_same
high11648.txt_q2,A_three_valid_all_same
high11648.txt_q3,A_three_valid_all_same
high11654.txt_q0,A_three_valid_all_same
high11654.txt_q1,B_three_valid_exactly_two_same
high11654.txt_q2,A_three_valid_all_same
high11654.txt_q3,A_three_valid_all_same
high11671.txt_q0,A_three_valid_all_same
high11671.txt_q1,B_three_valid_exactly_two_same
high11688.txt_q0,A_three_valid_all_same
high11688.txt_q1,A_three_valid_all_same
high11688.txt_q2,A_three_valid_all_same
high11688.txt_q3,A_three_valid_all_same
high11699.txt_q0,A_three_valid_all_same
high11699.txt_q1,B_three_valid_exactly_two_same
high11699.txt_q2,A_three_valid_all_same
high11699.txt_q3,A_three_valid_all_same
high11731.txt_q0,A_three_valid_all_same
high11731.txt_q1,A_three_valid_all_same
high11731.txt_q2,A_three_valid_all_same
high11742.txt_q0,A_three_valid_all_same
high11742.txt_q1,A_three_valid_all_same
high11742.txt_q2,B_three_valid_exactly_two_same
high11742.txt_q3,B_three_valid_exactly_two_same
high11774.txt_q0,A_three_valid_all_same
high11774.txt_q1,A_three_valid_all_same
high11774.txt_q2,A_three_valid_all_same
high11797.txt_q0,A_three_valid_all_same
high11797.txt_q1,A_three_valid_all_same
high11797.txt_q2,A_three_valid_all_same
high11797.txt_q3,A_three_valid_all_same
high11838.txt_q0,A_three_valid_all_same
high11838.txt_q1,A_three_valid_all_same
high11838.txt_q2,A_three_valid_all_same
high11838.txt_q3,A_three_valid_all_same
high11882.txt_q0,A_three_valid_all_same
high11882.txt_q1,A_three_valid_all_same
high11882.txt_q2,A_three_valid_all_same
high11904.txt_q0,A_three_valid_all_same
high11904.txt_q1,A_three_valid_all_same
high11920.txt_q0,A_three_valid_all_same
high11920.txt_q1,A_three_valid_all_same
high11920.txt_q2,A_three_valid_all_same
high11920.txt_q3,A_three_valid_all_same
high11938.txt_q0,A_three_valid_all_same
high11938.txt_q1,A_three_valid_all_same
high11938.txt_q2,A_three_valid_all_same
high11964.txt_q0,A_three_valid_all_same
high11964.txt_q1,A_three_valid_all_same
high11964.txt_q2,B_three_valid_exactly_two_same
high11991.txt_q0,A_three_valid_all_same
high11991.txt_q1,A_three_valid_all_same
high11991.txt_q2,A_three_valid_all_same
high12009.txt_q0,A_three_valid_all_same
high12009.txt_q1,A_three_valid_all_same
high12009.txt_q2,A_three_valid_all_same
high12016.txt_q0,A_three_valid_all_same
high12016.txt_q1,A_three_valid_all_same
high12016.txt_q2,A_three_valid_all_same
high12024.txt_q0,A_three_valid_all_same
high12024.txt_q1,A_three_valid_all_same
high12024.txt_q2,A_three_valid_all_same
high12024.txt_q3,A_three_valid_all_same
high12034.txt_q0,A_three_valid_all_same
high12034.txt_q1,A_three_valid_all_same
high12072.txt_q0,A_three_valid_all_same
high12072.txt_q1,A_three_valid_all_same
high12072.txt_q2,A_three_valid_all_same
high12105.txt_q0,A_three_valid_all_same
high12105.txt_q1,A_three_valid_all_same
high12105.txt_q2,A_three_valid_all_same
high12105.txt_q3,B_three_valid_exactly_two_same
high12109.txt_q0,A_three_valid_all_same
high12109.txt_q1,B_three_valid_exactly_two_same
high12109.txt_q2,A_three_valid_all_same
high12110.txt_q0,A_three_valid_all_same
high12110.txt_q1,A_three_valid_all_same
high12131.txt_q0,A_three_valid_all_same
high12131.txt_q1,A_three_valid_all_same
high12131.txt_q2,A_three_valid_all_same
high12131.txt_q3,A_three_valid_all_same
high12132.txt_q0,A_three_valid_all_same
high12132.txt_q1,A_three_valid_all_same
high12132.txt_q2,A_three_valid_all_same
high12132.txt_q3,A_three_valid_all_same
high12132.txt_q4,A_three_valid_all_same
high12134.txt_q0,A_three_valid_all_same
high12134.txt_q1,A_three_valid_all_same
high12141.txt_q0,A_three_valid_all_same
high12141.txt_q1,A_three_valid_all_same
high12142.txt_q0,A_three_valid_all_same
high12142.txt_q1,A_three_valid_all_same
high12142.txt_q2,A_three_valid_all_same
high12221.txt_q0,A_three_valid_all_same
high12221.txt_q1,B_three_valid_exactly_two_same
high12262.txt_q0,A_three_valid_all_same
high12262.txt_q1,A_three_valid_all_same
high12262.txt_q2,A_three_valid_all_same
high1227.txt_q0,A_three_valid_all_same
high1227.txt_q1,A_three_valid_all_same
high1227.txt_q2,A_three_valid_all_same
high1227.txt_q3,A_three_valid_all_same
high12282.txt_q0,A_three_valid_all_same
high12282.txt_q1,B_three_valid_exactly_two_same
high12285.txt_q0,A_three_valid_all_same
high12285.txt_q1,A_three_valid_all_same
high12285.txt_q2,A_three_valid_all_same
high12290.txt_q0,A_three_valid_all_same
high12290.txt_q1,A_three_valid_all_same
high12290.txt_q2,A_three_valid_all_same
high12300.txt_q0,A_three_valid_all_same
high12309.txt_q0,A_three_valid_all_same
high12309.txt_q1,A_three_valid_all_same
high12309.txt_q2,A_three_valid_all_same
high12317.txt_q0,A_three_valid_all_same
high12317.txt_q1,A_three_valid_all_same
high12321.txt_q0,A_three_valid_all_same
high12321.txt_q1,A_three_valid_all_same
high12321.txt_q2,A_three_valid_all_same
high12321.txt_q3,A_three_valid_all_same
high12331.txt_q0,A_three_valid_all_same
high12331.txt_q1,A_three_valid_all_same
high12331.txt_q2,A_three_valid_all_same
high12331.txt_q3,A_three_valid_all_same
high12393.txt_q0,A_three_valid_all_same
high12393.txt_q1,A_three_valid_all_same
high12393.txt_q2,A_three_valid_all_same
high12393.txt_q3,A_three_valid_all_same
high12393.txt_q4,B_three_valid_exactly_two_same
high12398.txt_q0,A_three_valid_all_same
high12398.txt_q1,A_three_valid_all_same
high12398.txt_q2,A_three_valid_all_same
high12398.txt_q3,A_three_valid_all_same
high12398.txt_q4,A_three_valid_all_same
high1243.txt_q0,A_three_valid_all_same
high1243.txt_q1,A_three_valid_all_same
high1243.txt_q2,A_three_valid_all_same
high12430.txt_q0,A_three_valid_all_same
high12430.txt_q1,A_three_valid_all_same
high12461.txt_q0,A_three_valid_all_same
high12473.txt_q0,A_three_valid_all_same
high12473.txt_q1,A_three_valid_all_same
high12475.txt_q0,A_three_valid_all_same
high12475.txt_q1,A_three_valid_all_same
high12475.txt_q2,A_three_valid_all_same
high12494.txt_q0,A_three_valid_all_same
high12494.txt_q1,A_three_valid_all_same
high12494.txt_q2,A_three_valid_all_same
high12494.txt_q3,A_three_valid_all_same
high12529.txt_q0,A_three_valid_all_same
high12529.txt_q1,A_three_valid_all_same
high12529.txt_q2,A_three_valid_all_same
high12587.txt_q0,A_three_valid_all_same
high12587.txt_q1,A_three_valid_all_same
high12587.txt_q2,A_three_valid_all_same
high12609.txt_q0,A_three_valid_all_same
high12609.txt_q1,A_three_valid_all_same
high12609.txt_q2,A_three_valid_all_same
high12617.txt_q0,A_three_valid_all_same
high12617.txt_q1,A_three_valid_all_same
high12632.txt_q0,A_three_valid_all_same
high12632.txt_q1,A_three_valid_all_same
high12632.txt_q2,A_three_valid_all_same
high12632.txt_q3,A_three_valid_all_same
high12636.txt_q0,A_three_valid_all_same
high12636.txt_q1,A_three_valid_all_same
high12636.txt_q2,A_three_valid_all_same
high12636.txt_q3,A_three_valid_all_same
high1266.txt_q0,A_three_valid_all_same
high1266.txt_q1,A_three_valid_all_same
high1266.txt_q2,B_three_valid_exactly_two_same
high1266.txt_q3,A_three_valid_all_same
high1266.txt_q4,A_three_valid_all_same
high12687.txt_q0,A_three_valid_all_same
high12687.txt_q1,A_three_valid_all_same
high12687.txt_q2,A_three_valid_all_same
high12687.txt_q3,A_three_valid_all_same
high12700.txt_q0,A_three_valid_all_same
high12700.txt_q1,A_three_valid_all_same
high12716.txt_q0,A_three_valid_all_same
high12716.txt_q1,A_three_valid_all_same
high12716.txt_q2,A_three_valid_all_same
high12716.txt_q3,A_three_valid_all_same
high1272.txt_q0,A_three_valid_all_same
high1272.txt_q1,A_three_valid_all_same
high1272.txt_q2,A_three_valid_all_same
high12723.txt_q0,A_three_valid_all_same
high12723.txt_q1,A_three_valid_all_same
high12723.txt_q2,A_three_valid_all_same
high12723.txt_q3,A_three_valid_all_same
high12734.txt_q0,A_three_valid_all_same
high12734.txt_q1,B_three_valid_exactly_two_same
high12734.txt_q2,A_three_valid_all_same
high12734.txt_q3,A_three_valid_all_same
high12742.txt_q0,A_three_valid_all_same
high12742.txt_q1,A_three_valid_all_same
high12742.txt_q2,A_three_valid_all_same
high12768.txt_q0,A_three_valid_all_same
high12768.txt_q1,A_three_valid_all_same
high12768.txt_q2,A_three_valid_all_same
high12768.txt_q3,B_three_valid_exactly_two_same
high12768.txt_q4,A_three_valid_all_same
high12771.txt_q0,A_three_valid_all_same
high1280.txt_q0,A_three_valid_all_same
high1280.txt_q1,A_three_valid_all_same
high1280.txt_q2,A_three_valid_all_same
high1280.txt_q3,A_three_valid_all_same
high1280.txt_q4,C_three_valid_all_different
high12818.txt_q0,A_three_valid_all_same
high12818.txt_q1,A_three_valid_all_same
high12818.txt_q2,A_three_valid_all_same
high12818.txt_q3,A_three_valid_all_same
high12824.txt_q0,A_three_valid_all_same
high12824.txt_q1,A_three_valid_all_same
high12824.txt_q2,A_three_valid_all_same
high12824.txt_q3,A_three_valid_all_same
high1283.txt_q0,A_three_valid_all_same
high1283.txt_q1,A_three_valid_all_same
high1283.txt_q2,A_three_valid_all_same
high1283.txt_q3,A_three_valid_all_same
high12832.txt_q0,A_three_valid_all_same
high12832.txt_q1,A_three_valid_all_same
high12832.txt_q2,A_three_valid_all_same
high12897.txt_q0,A_three_valid_all_same
high12897.txt_q1,A_three_valid_all_same
high12897.txt_q2,A_three_valid_all_same
high12906.txt_q0,A_three_valid_all_same
high12906.txt_q1,A_three_valid_all_same
high12941.txt_q0,A_three_valid_all_same
high12941.txt_q1,A_three_valid_all_same
high12941.txt_q2,A_three_valid_all_same
high12941.txt_q3,A_three_valid_all_same
high1296.txt_q0,A_three_valid_all_same
high1296.txt_q1,A_three_valid_all_same
high12998.txt_q0,A_three_valid_all_same
high12998.txt_q1,A_three_valid_all_same
high13043.txt_q0,A_three_valid_all_same
high13043.txt_q1,A_three_valid_all_same
high13043.txt_q2,A_three_valid_all_same
high13043.txt_q3,A_three_valid_all_same
high13095.txt_q0,A_three_valid_all_same
high13095.txt_q1,A_three_valid_all_same
high13095.txt_q2,A_three_valid_all_same
high1310.txt_q0,A_three_valid_all_same
high1310.txt_q1,A_three_valid_all_same
high1310.txt_q2,A_three_valid_all_same
high13140.txt_q0,A_three_valid_all_same
high13140.txt_q1,A_three_valid_all_same
high13140.txt_q2,A_three_valid_all_same
high13140.txt_q3,A_three_valid_all_same
high13143.txt_q0,A_three_valid_all_same
high13143.txt_q1,A_three_valid_all_same
high13143.txt_q2,A_three_valid_all_same
high13165.txt_q0,A_three_valid_all_same
high13165.txt_q1,B_three_valid_exactly_two_same
high13165.txt_q2,A_three_valid_all_same
high13165.txt_q3,A_three_valid_all_same
high13171.txt_q0,A_three_valid_all_same
high13171.txt_q1,A_three_valid_all_same
high13171.txt_q2,A_three_valid_all_same
high13171.txt_q3,A_three_valid_all_same
high13199.txt_q0,A_three_valid_all_same
high13199.txt_q1,A_three_valid_all_same
high13199.txt_q2,A_three_valid_all_same
high13199.txt_q3,A_three_valid_all_same
high13208.txt_q0,A_three_valid_all_same
high13208.txt_q1,A_three_valid_all_same
high13208.txt_q2,A_three_valid_all_same
high13220.txt_q0,A_three_valid_all_same
high13220.txt_q1,A_three_valid_all_same
high13238.txt_q0,A_three_valid_all_same
high13238.txt_q1,A_three_valid_all_same
high13238.txt_q2,A_three_valid_all_same
high13238.txt_q3,A_three_valid_all_same
high13250.txt_q0,A_three_valid_all_same
high13250.txt_q1,A_three_valid_all_same
high13250.txt_q2,A_three_valid_all_same
high13251.txt_q0,A_three_valid_all_same
high13251.txt_q1,A_three_valid_all_same
high13251.txt_q2,A_three_valid_all_same
high13273.txt_q0,A_three_valid_all_same
high13273.txt_q1,A_three_valid_all_same
high13273.txt_q2,A_three_valid_all_same
high13279.txt_q0,A_three_valid_all_same
high13279.txt_q1,A_three_valid_all_same
high13279.txt_q2,A_three_valid_all_same
high13279.txt_q3,A_three_valid_all_same
high13284.txt_q0,A_three_valid_all_same
high13284.txt_q1,A_three_valid_all_same
high13314.txt_q0,A_three_valid_all_same
high13314.txt_q1,A_three_valid_all_same
high13314.txt_q2,A_three_valid_all_same
high13319.txt_q0,A_three_valid_all_same
high13319.txt_q1,A_three_valid_all_same
high13342.txt_q0,A_three_valid_all_same
high13342.txt_q1,A_three_valid_all_same
high13342.txt_q2,A_three_valid_all_same
high1335.txt_q0,A_three_valid_all_same
high1335.txt_q1,A_three_valid_all_same
high1335.txt_q2,A_three_valid_all_same
high13366.txt_q0,A_three_valid_all_same
high13366.txt_q1,A_three_valid_all_same
high13366.txt_q2,A_three_valid_all_same
high13366.txt_q3,A_three_valid_all_same
high13366.txt_q4,A_three_valid_all_same
high13393.txt_q0,A_three_valid_all_same
high13393.txt_q1,A_three_valid_all_same
high13393.txt_q2,A_three_valid_all_same
high13393.txt_q3,A_three_valid_all_same
high13393.txt_q4,A_three_valid_all_same
high13398.txt_q0,A_three_valid_all_same
high13398.txt_q1,B_three_valid_exactly_two_same
high13398.txt_q2,A_three_valid_all_same
high13398.txt_q3,A_three_valid_all_same
high13424.txt_q0,A_three_valid_all_same
high13424.txt_q1,A_three_valid_all_same
high13434.txt_q0,A_three_valid_all_same
high13434.txt_q1,A_three_valid_all_same
high13458.txt_q0,A_three_valid_all_same
high13458.txt_q1,A_three_valid_all_same
high13458.txt_q2,A_three_valid_all_same
high13470.txt_q0,A_three_valid_all_same
high13470.txt_q1,A_three_valid_all_same
high1350.txt_q0,B_three_valid_exactly_two_same
high1350.txt_q1,B_three_valid_exactly_two_same
high1350.txt_q2,A_three_valid_all_same
high1350.txt_q3,A_three_valid_all_same
high13545.txt_q0,A_three_valid_all_same
high13545.txt_q1,A_three_valid_all_same
high13577.txt_q0,A_three_valid_all_same
high13577.txt_q1,A_three_valid_all_same
high13577.txt_q2,A_three_valid_all_same
high13577.txt_q3,A_three_valid_all_same
high13588.txt_q0,A_three_valid_all_same
high13588.txt_q1,A_three_valid_all_same
high13588.txt_q2,A_three_valid_all_same
high13597.txt_q0,A_three_valid_all_same
high13597.txt_q1,A_three_valid_all_same
high13597.txt_q2,A_three_valid_all_same
high13618.txt_q0,A_three_valid_all_same
high13618.txt_q1,A_three_valid_all_same
high13618.txt_q2,A_three_valid_all_same
high13618.txt_q3,A_three_valid_all_same
high13618.txt_q4,A_three_valid_all_same
high13683.txt_q0,A_three_valid_all_same
high13683.txt_q1,A_three_valid_all_same
high13702.txt_q0,A_three_valid_all_same
high13702.txt_q1,A_three_valid_all_same
high13702.txt_q2,A_three_valid_all_same
high13704.txt_q0,A_three_valid_all_same
high13704.txt_q1,A_three_valid_all_same
high13704.txt_q2,A_three_valid_all_same
high13716.txt_q0,A_three_valid_all_same
high13716.txt_q1,A_three_valid_all_same
high13716.txt_q2,A_three_valid_all_same
high13716.txt_q3,A_three_valid_all_same
high13761.txt_q0,A_three_valid_all_same
high13761.txt_q1,A_three_valid_all_same
high13781.txt_q0,A_three_valid_all_same
high13781.txt_q1,A_three_valid_all_same
high13781.txt_q2,A_three_valid_all_same
high13814.txt_q0,B_three_valid_exactly_two_same
high13814.txt_q1,A_three_valid_all_same
high13814.txt_q2,A_three_valid_all_same
high13838.txt_q0,A_three_valid_all_same
high13838.txt_q1,A_three_valid_all_same
high13838.txt_q2,A_three_valid_all_same
high13894.txt_q0,A_three_valid_all_same
high13894.txt_q1,A_three_valid_all_same
high13894.txt_q2,A_three_valid_all_same
high13909.txt_q0,A_three_valid_all_same
high13909.txt_q1,A_three_valid_all_same
high13909.txt_q2,A_three_valid_all_same
high1391.txt_q0,A_three_valid_all_same
high1391.txt_q1,A_three_valid_all_same
high1391.txt_q2,A_three_valid_all_same
high1391.txt_q3,A_three_valid_all_same
high1399.txt_q0,A_three_valid_all_same
high1399.txt_q1,A_three_valid_all_same
high1399.txt_q2,A_three_valid_all_same
high14001.txt_q0,A_three_valid_all_same
high14001.txt_q1,A_three_valid_all_same
high14001.txt_q2,A_three_valid_all_same
high14004.txt_q0,A_three_valid_all_same
high14004.txt_q1,B_three_valid_exactly_two_same
high14004.txt_q2,A_three_valid_all_same
high14070.txt_q0,A_three_valid_all_same
high14073.txt_q0,A_three_valid_all_same
high14073.txt_q1,A_three_valid_all_same
high14073.txt_q2,A_three_valid_all_same
high14073.txt_q3,A_three_valid_all_same
high14085.txt_q0,A_three_valid_all_same
high14085.txt_q1,A_three_valid_all_same
high1410.txt_q0,A_three_valid_all_same
high1410.txt_q1,A_three_valid_all_same
high1410.txt_q2,A_three_valid_all_same
high1410.txt_q3,A_three_valid_all_same
high1411.txt_q0,A_three_valid_all_same
high1411.txt_q1,A_three_valid_all_same
high1411.txt_q2,A_three_valid_all_same
high14136.txt_q0,A_three_valid_all_same
high14136.txt_q1,A_three_valid_all_same
high14136.txt_q2,A_three_valid_all_same
high14136.txt_q3,A_three_valid_all_same
high14144.txt_q0,A_three_valid_all_same
high14144.txt_q1,A_three_valid_all_same
high14144.txt_q2,A_three_valid_all_same
high14144.txt_q3,B_three_valid_exactly_two_same
high14165.txt_q0,A_three_valid_all_same
high14165.txt_q1,A_three_valid_all_same
high14165.txt_q2,A_three_valid_all_same
high14197.txt_q0,A_three_valid_all_same
high14197.txt_q1,A_three_valid_all_same
high14197.txt_q2,B_three_valid_exactly_two_same
high14235.txt_q0,A_three_valid_all_same
high14235.txt_q1,A_three_valid_all_same
high14235.txt_q2,A_three_valid_all_same
high14235.txt_q3,A_three_valid_all_same
high14272.txt_q0,A_three_valid_all_same
high14272.txt_q1,A_three_valid_all_same
high14272.txt_q2,A_three_valid_all_same
high14340.txt_q0,A_three_valid_all_same
high14340.txt_q1,A_three_valid_all_same
high14340.txt_q2,A_three_valid_all_same
high14350.txt_q0,A_three_valid_all_same
high14350.txt_q1,A_three_valid_all_same
high14350.txt_q2,A_three_valid_all_same
high14350.txt_q3,B_three_valid_exactly_two_same
high14366.txt_q0,A_three_valid_all_same
high14366.txt_q1,A_three_valid_all_same
high14369.txt_q0,A_three_valid_all_same
high14384.txt_q0,A_three_valid_all_same
high14384.txt_q1,A_three_valid_all_same
high14384.txt_q2,A_three_valid_all_same
high14410.txt_q0,A_three_valid_all_same
high14410.txt_q1,A_three_valid_all_same
high14410.txt_q2,A_three_valid_all_same
high14416.txt_q0,A_three_valid_all_same
high14416.txt_q1,A_three_valid_all_same
high14416.txt_q2,A_three_valid_all_same
high14416.txt_q3,A_three_valid_all_same
high1443.txt_q0,A_three_valid_all_same
high1443.txt_q1,A_three_valid_all_same
high1443.txt_q2,A_three_valid_all_same
high1443.txt_q3,A_three_valid_all_same
high1443.txt_q4,B_three_valid_exactly_two_same
high14441.txt_q0,B_three_valid_exactly_two_same
high14441.txt_q1,A_three_valid_all_same
high14441.txt_q2,A_three_valid_all_same
high14448.txt_q0,A_three_valid_all_same
high14448.txt_q1,A_three_valid_all_same
high14448.txt_q2,A_three_valid_all_same
high14500.txt_q0,A_three_valid_all_same
high14500.txt_q1,A_three_valid_all_same
high14500.txt_q2,A_three_valid_all_same
high14518.txt_q0,A_three_valid_all_same
high14518.txt_q1,A_three_valid_all_same
high14518.txt_q2,A_three_valid_all_same
high14518.txt_q3,A_three_valid_all_same
high14520.txt_q0,A_three_valid_all_same
high14520.txt_q1,A_three_valid_all_same
high14520.txt_q2,A_three_valid_all_same
high14529.txt_q0,A_three_valid_all_same
high14529.txt_q1,A_three_valid_all_same
high14529.txt_q2,A_three_valid_all_same
high14547.txt_q0,A_three_valid_all_same
high14547.txt_q1,A_three_valid_all_same
high14573.txt_q0,A_three_valid_all_same
high14573.txt_q1,A_three_valid_all_same
high14573.txt_q2,A_three_valid_all_same
high14573.txt_q3,B_three_valid_exactly_two_same
high14584.txt_q0,A_three_valid_all_same
high14584.txt_q1,B_three_valid_exactly_two_same
high14584.txt_q2,A_three_valid_all_same
high14600.txt_q0,A_three_valid_all_same
high14600.txt_q1,B_three_valid_exactly_two_same
high14600.txt_q2,A_three_valid_all_same
high14600.txt_q3,A_three_valid_all_same
high14600.txt_q4,B_three_valid_exactly_two_same
high14659.txt_q0,A_three_valid_all_same
high14659.txt_q1,A_three_valid_all_same
high14746.txt_q0,A_three_valid_all_same
high14746.txt_q1,B_three_valid_exactly_two_same
high14746.txt_q2,A_three_valid_all_same
high14768.txt_q0,A_three_valid_all_same
high14768.txt_q1,A_three_valid_all_same
high14768.txt_q2,A_three_valid_all_same
high14781.txt_q0,A_three_valid_all_same
high14781.txt_q1,A_three_valid_all_same
high14781.txt_q2,A_three_valid_all_same
high14792.txt_q0,A_three_valid_all_same
high14792.txt_q1,A_three_valid_all_same
high14792.txt_q2,A_three_valid_all_same
high14807.txt_q0,A_three_valid_all_same
high14807.txt_q1,A_three_valid_all_same
high1481.txt_q0,A_three_valid_all_same
high1481.txt_q1,A_three_valid_all_same
high1481.txt_q2,B_three_valid_exactly_two_same
high1481.txt_q3,A_three_valid_all_same
high14818.txt_q0,A_three_valid_all_same
high14818.txt_q1,A_three_valid_all_same
high14818.txt_q2,A_three_valid_all_same
high14841.txt_q0,A_three_valid_all_same
high14841.txt_q1,B_three_valid_exactly_two_same
high14841.txt_q2,A_three_valid_all_same
high14855.txt_q0,A_three_valid_all_same
high14855.txt_q1,A_three_valid_all_same
high14855.txt_q2,A_three_valid_all_same
high14855.txt_q3,A_three_valid_all_same
high14873.txt_q0,A_three_valid_all_same
high14873.txt_q1,A_three_valid_all_same
high14873.txt_q2,A_three_valid_all_same
high14886.txt_q0,A_three_valid_all_same
high14886.txt_q1,A_three_valid_all_same
high14886.txt_q2,A_three_valid_all_same
high14886.txt_q3,A_three_valid_all_same
high14903.txt_q0,A_three_valid_all_same
high14903.txt_q1,A_three_valid_all_same
high1491.txt_q0,A_three_valid_all_same
high1491.txt_q1,A_three_valid_all_same
high1491.txt_q2,A_three_valid_all_same
high1491.txt_q3,A_three_valid_all_same
high14910.txt_q0,A_three_valid_all_same
high14910.txt_q1,A_three_valid_all_same
high14910.txt_q2,A_three_valid_all_same
high14933.txt_q0,A_three_valid_all_same
high14933.txt_q1,A_three_valid_all_same
high14933.txt_q2,A_three_valid_all_same
high14948.txt_q0,A_three_valid_all_same
high14948.txt_q1,A_three_valid_all_same
high14948.txt_q2,A_three_valid_all_same
high14962.txt_q0,A_three_valid_all_same
high14962.txt_q1,A_three_valid_all_same
high14962.txt_q2,B_three_valid_exactly_two_same
high14989.txt_q0,A_three_valid_all_same
high14989.txt_q1,A_three_valid_all_same
high14989.txt_q2,A_three_valid_all_same
high1500.txt_q0,B_three_valid_exactly_two_same
high1500.txt_q1,B_three_valid_exactly_two_same
high1500.txt_q2,A_three_valid_all_same
high15012.txt_q0,A_three_valid_all_same
high15012.txt_q1,A_three_valid_all_same
high15012.txt_q2,A_three_valid_all_same
high15018.txt_q0,A_three_valid_all_same
high15018.txt_q1,A_three_valid_all_same
high15028.txt_q0,A_three_valid_all_same
high15028.txt_q1,A_three_valid_all_same
high15028.txt_q2,A_three_valid_all_same
high15042.txt_q0,A_three_valid_all_same
high15042.txt_q1,A_three_valid_all_same
high15042.txt_q2,A_three_valid_all_same
high15054.txt_q0,A_three_valid_all_same
high15054.txt_q1,A_three_valid_all_same
high15054.txt_q2,A_three_valid_all_same
high15088.txt_q0,A_three_valid_all_same
high15088.txt_q1,A_three_valid_all_same
high15104.txt_q0,A_three_valid_all_same
high15104.txt_q1,A_three_valid_all_same
high15104.txt_q2,A_three_valid_all_same
high15104.txt_q3,A_three_valid_all_same
high15131.txt_q0,B_three_valid_exactly_two_same
high15131.txt_q1,A_three_valid_all_same
high15131.txt_q2,A_three_valid_all_same
high15182.txt_q0,A_three_valid_all_same
high15182.txt_q1,A_three_valid_all_same
high15182.txt_q2,A_three_valid_all_same
high15182.txt_q3,A_three_valid_all_same
high15194.txt_q0,A_three_valid_all_same
high15194.txt_q1,B_three_valid_exactly_two_same
high15194.txt_q2,A_three_valid_all_same
high15194.txt_q3,A_three_valid_all_same
high15208.txt_q0,A_three_valid_all_same
high15208.txt_q1,A_three_valid_all_same
high15224.txt_q0,A_three_valid_all_same
high15224.txt_q1,A_three_valid_all_same
high15224.txt_q2,A_three_valid_all_same
high15231.txt_q0,A_three_valid_all_same
high15231.txt_q1,A_three_valid_all_same
high15240.txt_q0,A_three_valid_all_same
high15240.txt_q1,A_three_valid_all_same
high15240.txt_q2,A_three_valid_all_same
high15297.txt_q0,A_three_valid_all_same
high15297.txt_q1,A_three_valid_all_same
high15297.txt_q2,A_three_valid_all_same
high15297.txt_q3,A_three_valid_all_same
high15327.txt_q0,A_three_valid_all_same
high15327.txt_q1,A_three_valid_all_same
high15327.txt_q2,A_three_valid_all_same
high15329.txt_q0,A_three_valid_all_same
high15329.txt_q1,A_three_valid_all_same
high15329.txt_q2,A_three_valid_all_same
high15329.txt_q3,A_three_valid_all_same
high15329.txt_q4,A_three_valid_all_same
high15347.txt_q0,A_three_valid_all_same
high15347.txt_q1,A_three_valid_all_same
high15347.txt_q2,A_three_valid_all_same
high15404.txt_q0,A_three_valid_all_same
high15404.txt_q1,A_three_valid_all_same
high15404.txt_q2,B_three_valid_exactly_two_same
high15409.txt_q0,A_three_valid_all_same
high15409.txt_q1,A_three_valid_all_same
high15409.txt_q2,A_three_valid_all_same
high15418.txt_q0,A_three_valid_all_same
high15418.txt_q1,A_three_valid_all_same
high15418.txt_q2,A_three_valid_all_same
high15418.txt_q3,A_three_valid_all_same
high15432.txt_q0,A_three_valid_all_same
high15432.txt_q1,A_three_valid_all_same
high15432.txt_q2,B_three_valid_exactly_two_same
high15432.txt_q3,A_three_valid_all_same
high15443.txt_q0,A_three_valid_all_same
high15443.txt_q1,A_three_valid_all_same
high15443.txt_q2,A_three_valid_all_same
high15443.txt_q3,A_three_valid_all_same
high15443.txt_q4,A_three_valid_all_same
high15447.txt_q0,A_three_valid_all_same
high15447.txt_q1,A_three_valid_all_same
high15447.txt_q2,A_three_valid_all_same
high15447.txt_q3,B_three_valid_exactly_two_same
high15447.txt_q4,A_three_valid_all_same
high15454.txt_q0,A_three_valid_all_same
high15454.txt_q1,A_three_valid_all_same
high15454.txt_q2,A_three_valid_all_same
high15454.txt_q3,B_three_valid_exactly_two_same
high15454.txt_q4,A_three_valid_all_same
high15510.txt_q0,A_three_valid_all_same
high15510.txt_q1,A_three_valid_all_same
high15510.txt_q2,A_three_valid_all_same
high15510.txt_q3,A_three_valid_all_same
high15511.txt_q0,A_three_valid_all_same
high15511.txt_q1,A_three_valid_all_same
high15511.txt_q2,A_three_valid_all_same
high15511.txt_q3,A_three_valid_all_same
high15544.txt_q0,A_three_valid_all_same
high15544.txt_q1,A_three_valid_all_same
high15544.txt_q2,A_three_valid_all_same
high15572.txt_q0,A_three_valid_all_same
high15572.txt_q1,A_three_valid_all_same
high15572.txt_q2,A_three_valid_all_same
high15572.txt_q3,A_three_valid_all_same
high15586.txt_q0,B_three_valid_exactly_two_same
high15586.txt_q1,A_three_valid_all_same
high15586.txt_q2,A_three_valid_all_same
high15586.txt_q3,A_three_valid_all_same
high15608.txt_q0,A_three_valid_all_same
high15608.txt_q1,A_three_valid_all_same
high15608.txt_q2,A_three_valid_all_same
high15610.txt_q0,A_three_valid_all_same
high15610.txt_q1,A_three_valid_all_same
high15610.txt_q2,A_three_valid_all_same
high15616.txt_q0,A_three_valid_all_same
high15616.txt_q1,A_three_valid_all_same
high15616.txt_q2,A_three_valid_all_same
high15616.txt_q3,A_three_valid_all_same
high15625.txt_q0,A_three_valid_all_same
high15625.txt_q1,A_three_valid_all_same
high15625.txt_q2,A_three_valid_all_same
high15625.txt_q3,A_three_valid_all_same
high15661.txt_q0,A_three_valid_all_same
high15661.txt_q1,A_three_valid_all_same
high15661.txt_q2,A_three_valid_all_same
high15661.txt_q3,A_three_valid_all_same
high15668.txt_q0,A_three_valid_all_same
high15668.txt_q1,B_three_valid_exactly_two_same
high15668.txt_q2,A_three_valid_all_same
high15675.txt_q0,A_three_valid_all_same
high15675.txt_q1,A_three_valid_all_same
high15675.txt_q2,A_three_valid_all_same
high1571.txt_q0,A_three_valid_all_same
high1571.txt_q1,A_three_valid_all_same
high1571.txt_q2,A_three_valid_all_same
high15885.txt_q0,A_three_valid_all_same
high15885.txt_q1,B_three_valid_exactly_two_same
high15909.txt_q0,A_three_valid_all_same
high15909.txt_q1,A_three_valid_all_same
high15909.txt_q2,A_three_valid_all_same
high15938.txt_q0,A_three_valid_all_same
high15938.txt_q1,A_three_valid_all_same
high15938.txt_q2,A_three_valid_all_same
high15938.txt_q3,A_three_valid_all_same
high15943.txt_q0,A_three_valid_all_same
high15943.txt_q1,A_three_valid_all_same
high15943.txt_q2,A_three_valid_all_same
high16035.txt_q0,A_three_valid_all_same
high16035.txt_q1,A_three_valid_all_same
high16035.txt_q2,A_three_valid_all_same
high16053.txt_q0,A_three_valid_all_same
high16053.txt_q1,A_three_valid_all_same
high16053.txt_q2,A_three_valid_all_same
high16053.txt_q3,A_three_valid_all_same
high16053.txt_q4,A_three_valid_all_same
high16082.txt_q0,A_three_valid_all_same
high16082.txt_q1,A_three_valid_all_same
high16082.txt_q2,A_three_valid_all_same
high16082.txt_q3,A_three_valid_all_same
high16116.txt_q0,A_three_valid_all_same
high16116.txt_q1,A_three_valid_all_same
high16116.txt_q2,A_three_valid_all_same
high16124.txt_q0,A_three_valid_all_same
high16124.txt_q1,A_three_valid_all_same
high16126.txt_q0,A_three_valid_all_same
high16126.txt_q1,A_three_valid_all_same
high16126.txt_q2,A_three_valid_all_same
high16138.txt_q0,A_three_valid_all_same
high16138.txt_q1,A_three_valid_all_same
high16148.txt_q0,A_three_valid_all_same
high16148.txt_q1,A_three_valid_all_same
high16148.txt_q2,A_three_valid_all_same
high16148.txt_q3,A_three_valid_all_same
high16221.txt_q0,A_three_valid_all_same
high16221.txt_q1,A_three_valid_all_same
high16221.txt_q2,A_three_valid_all_same
high16221.txt_q3,A_three_valid_all_same
high16221.txt_q4,A_three_valid_all_same
high16230.txt_q0,A_three_valid_all_same
high16230.txt_q1,A_three_valid_all_same
high16230.txt_q2,A_three_valid_all_same
high16230.txt_q3,A_three_valid_all_same
high16235.txt_q0,A_three_valid_all_same
high16235.txt_q1,A_three_valid_all_same
high16235.txt_q2,A_three_valid_all_same
high16235.txt_q3,A_three_valid_all_same
high16262.txt_q0,A_three_valid_all_same
high16262.txt_q1,A_three_valid_all_same
high16262.txt_q2,A_three_valid_all_same
high16262.txt_q3,A_three_valid_all_same
high16262.txt_q4,A_three_valid_all_same
high16288.txt_q0,A_three_valid_all_same
high16288.txt_q1,A_three_valid_all_same
high16288.txt_q2,A_three_valid_all_same
high16288.txt_q3,A_three_valid_all_same
high16317.txt_q0,A_three_valid_all_same
high16317.txt_q1,A_three_valid_all_same
high16317.txt_q2,A_three_valid_all_same
high16317.txt_q3,A_three_valid_all_same
high16317.txt_q4,B_three_valid_exactly_two_same
high16317.txt_q5,A_three_valid_all_same
high16321.txt_q0,A_three_valid_all_same
high16321.txt_q1,B_three_valid_exactly_two_same
high16321.txt_q2,A_three_valid_all_same
high16321.txt_q3,A_three_valid_all_same
high16321.txt_q4,A_three_valid_all_same
high16341.txt_q0,A_three_valid_all_same
high16341.txt_q1,A_three_valid_all_same
high1640.txt_q0,A_three_valid_all_same
high1640.txt_q1,A_three_valid_all_same
high1640.txt_q2,A_three_valid_all_same
high1640.txt_q3,A_three_valid_all_same
high16400.txt_q0,A_three_valid_all_same
high16400.txt_q1,A_three_valid_all_same
high1643.txt_q0,A_three_valid_all_same
high1643.txt_q1,A_three_valid_all_same
high1643.txt_q2,A_three_valid_all_same
high1643.txt_q3,B_three_valid_exactly_two_same
high16467.txt_q0,A_three_valid_all_same
high16467.txt_q1,A_three_valid_all_same
high16467.txt_q2,A_three_valid_all_same
high16485.txt_q0,A_three_valid_all_same
high16485.txt_q1,A_three_valid_all_same
high16485.txt_q2,A_three_valid_all_same
high1651.txt_q0,A_three_valid_all_same
high1651.txt_q1,A_three_valid_all_same
high16543.txt_q0,A_three_valid_all_same
high16543.txt_q1,A_three_valid_all_same
high16543.txt_q2,A_three_valid_all_same
high16543.txt_q3,A_three_valid_all_same
high16577.txt_q0,A_three_valid_all_same
high16577.txt_q1,A_three_valid_all_same
high16577.txt_q2,A_three_valid_all_same
high16577.txt_q3,A_three_valid_all_same
high16577.txt_q4,A_three_valid_all_same
high16596.txt_q0,A_three_valid_all_same
high16596.txt_q1,A_three_valid_all_same
high16596.txt_q2,A_three_valid_all_same
high16599.txt_q0,A_three_valid_all_same
high16599.txt_q1,A_three_valid_all_same
high16599.txt_q2,A_three_valid_all_same
high16599.txt_q3,A_three_valid_all_same
high16610.txt_q0,A_three_valid_all_same
high16610.txt_q1,A_three_valid_all_same
high16610.txt_q2,A_three_valid_all_same
high16636.txt_q0,A_three_valid_all_same
high16636.txt_q1,B_three_valid_exactly_two_same
high16636.txt_q2,B_three_valid_exactly_two_same
high16636.txt_q3,A_three_valid_all_same
high16645.txt_q0,A_three_valid_all_same
high16645.txt_q1,A_three_valid_all_same
high16715.txt_q0,A_three_valid_all_same
high16715.txt_q1,A_three_valid_all_same
high16715.txt_q2,A_three_valid_all_same
high16715.txt_q3,A_three_valid_all_same
high16728.txt_q0,A_three_valid_all_same
high16728.txt_q1,A_three_valid_all_same
high16728.txt_q2,A_three_valid_all_same
high16728.txt_q3,A_three_valid_all_same
high16728.txt_q4,A_three_valid_all_same
high16769.txt_q0,A_three_valid_all_same
high16769.txt_q1,A_three_valid_all_same
high16769.txt_q2,A_three_valid_all_same
high16769.txt_q3,A_three_valid_all_same
high16853.txt_q0,A_three_valid_all_same
high16853.txt_q1,A_three_valid_all_same
high16853.txt_q2,A_three_valid_all_same
high16853.txt_q3,A_three_valid_all_same
high16853.txt_q4,B_three_valid_exactly_two_same
high16854.txt_q0,A_three_valid_all_same
high16854.txt_q1,A_three_valid_all_same
high16854.txt_q2,A_three_valid_all_same
high16854.txt_q3,A_three_valid_all_same
high16880.txt_q0,A_three_valid_all_same
high16880.txt_q1,A_three_valid_all_same
high16880.txt_q2,A_three_valid_all_same
high16899.txt_q0,A_three_valid_all_same
high16899.txt_q1,A_three_valid_all_same
high16899.txt_q2,A_three_valid_all_same
high169.txt_q0,A_three_valid_all_same
high169.txt_q1,A_three_valid_all_same
high169.txt_q2,A_three_valid_all_same
high169.txt_q3,B_three_valid_exactly_two_same
high16943.txt_q0,A_three_valid_all_same
high16943.txt_q1,A_three_valid_all_same
high16943.txt_q2,A_three_valid_all_same
high16943.txt_q3,A_three_valid_all_same
high16945.txt_q0,A_three_valid_all_same
high16945.txt_q1,A_three_valid_all_same
high16945.txt_q2,A_three_valid_all_same
high16976.txt_q0,A_three_valid_all_same
high16976.txt_q1,A_three_valid_all_same
high16976.txt_q2,A_three_valid_all_same
high16986.txt_q0,A_three_valid_all_same
high16986.txt_q1,A_three_valid_all_same
high16986.txt_q2,A_three_valid_all_same
high17056.txt_q0,A_three_valid_all_same
high17056.txt_q1,A_three_valid_all_same
high17056.txt_q2,A_three_valid_all_same
high17056.txt_q3,A_three_valid_all_same
high17064.txt_q0,A_three_valid_all_same
high17064.txt_q1,A_three_valid_all_same
high17064.txt_q2,B_three_valid_exactly_two_same
high17064.txt_q3,A_three_valid_all_same
high17078.txt_q0,A_three_valid_all_same
high17078.txt_q1,A_three_valid_all_same
high17078.txt_q2,A_three_valid_all_same
high17102.txt_q0,A_three_valid_all_same
high17102.txt_q1,A_three_valid_all_same
high17102.txt_q2,A_three_valid_all_same
high17102.txt_q3,A_three_valid_all_same
high17137.txt_q0,A_three_valid_all_same
high17137.txt_q1,B_three_valid_exactly_two_same
high17137.txt_q2,A_three_valid_all_same
high17137.txt_q3,A_three_valid_all_same
high1717.txt_q0,B_three_valid_exactly_two_same
high1717.txt_q1,A_three_valid_all_same
high1717.txt_q2,A_three_valid_all_same
high1717.txt_q3,C_three_valid_all_different
high17182.txt_q0,A_three_valid_all_same
high17182.txt_q1,A_three_valid_all_same
high17182.txt_q2,A_three_valid_all_same
high17182.txt_q3,A_three_valid_all_same
high17182.txt_q4,A_three_valid_all_same
high17193.txt_q0,A_three_valid_all_same
high17193.txt_q1,A_three_valid_all_same
high17193.txt_q2,B_three_valid_exactly_two_same
high17211.txt_q0,A_three_valid_all_same
high17211.txt_q1,A_three_valid_all_same
high17211.txt_q2,A_three_valid_all_same
high17211.txt_q3,A_three_valid_all_same
high17238.txt_q0,A_three_valid_all_same
high17238.txt_q1,A_three_valid_all_same
high17238.txt_q2,A_three_valid_all_same
high17238.txt_q3,A_three_valid_all_same
high17238.txt_q4,A_three_valid_all_same
high17265.txt_q0,A_three_valid_all_same
high17265.txt_q1,A_three_valid_all_same
high17265.txt_q2,A_three_valid_all_same
high17265.txt_q3,A_three_valid_all_same
high17269.txt_q0,A_three_valid_all_same
high17269.txt_q1,A_three_valid_all_same
high17269.txt_q2,A_three_valid_all_same
high17269.txt_q3,A_three_valid_all_same
high1727.txt_q0,A_three_valid_all_same
high1727.txt_q1,A_three_valid_all_same
high1727.txt_q2,A_three_valid_all_same
high1729.txt_q0,A_three_valid_all_same
high1729.txt_q1,A_three_valid_all_same
high1729.txt_q2,A_three_valid_all_same
high17296.txt_q0,A_three_valid_all_same
high17296.txt_q1,A_three_valid_all_same
high17296.txt_q2,A_three_valid_all_same
high17296.txt_q3,A_three_valid_all_same
high17311.txt_q0,A_three_valid_all_same
high17311.txt_q1,A_three_valid_all_same
high17311.txt_q2,A_three_valid_all_same
high17317.txt_q0,A_three_valid_all_same
high17317.txt_q1,A_three_valid_all_same
high17317.txt_q2,A_three_valid_all_same
high17317.txt_q3,A_three_valid_all_same
high1735.txt_q0,A_three_valid_all_same
high1735.txt_q1,A_three_valid_all_same
high1735.txt_q2,A_three_valid_all_same
high1735.txt_q3,A_three_valid_all_same
high17377.txt_q0,A_three_valid_all_same
high17377.txt_q1,A_three_valid_all_same
high17377.txt_q2,A_three_valid_all_same
high17377.txt_q3,A_three_valid_all_same
high17417.txt_q0,A_three_valid_all_same
high17417.txt_q1,A_three_valid_all_same
high17417.txt_q2,A_three_valid_all_same
high17431.txt_q0,A_three_valid_all_same
high17431.txt_q1,A_three_valid_all_same
high17431.txt_q2,A_three_valid_all_same
high17442.txt_q0,A_three_valid_all_same
high17442.txt_q1,A_three_valid_all_same
high17442.txt_q2,A_three_valid_all_same
high17442.txt_q3,B_three_valid_exactly_two_same
high17467.txt_q0,A_three_valid_all_same
high17467.txt_q1,A_three_valid_all_same
high17467.txt_q2,B_three_valid_exactly_two_same
high17504.txt_q0,A_three_valid_all_same
high17504.txt_q1,A_three_valid_all_same
high17504.txt_q2,A_three_valid_all_same
high17547.txt_q0,A_three_valid_all_same
high17547.txt_q1,B_three_valid_exactly_two_same
high17547.txt_q2,B_three_valid_exactly_two_same
high17568.txt_q0,A_three_valid_all_same
high17568.txt_q1,A_three_valid_all_same
high17568.txt_q2,A_three_valid_all_same
high17588.txt_q0,A_three_valid_all_same
high17588.txt_q1,A_three_valid_all_same
high17588.txt_q2,A_three_valid_all_same
high17619.txt_q0,A_three_valid_all_same
high17619.txt_q1,A_three_valid_all_same
high17619.txt_q2,A_three_valid_all_same
high17627.txt_q0,A_three_valid_all_same
high17627.txt_q1,A_three_valid_all_same
high17627.txt_q2,A_three_valid_all_same
high17627.txt_q3,A_three_valid_all_same
high17664.txt_q0,A_three_valid_all_same
high17664.txt_q1,A_three_valid_all_same
high17664.txt_q2,C_three_valid_all_different
high17664.txt_q3,B_three_valid_exactly_two_same
high17687.txt_q0,A_three_valid_all_same
high17687.txt_q1,A_three_valid_all_same
high17687.txt_q2,A_three_valid_all_same
high17704.txt_q0,A_three_valid_all_same
high17704.txt_q1,A_three_valid_all_same
high17704.txt_q2,A_three_valid_all_same
high17704.txt_q3,A_three_valid_all_same
high17704.txt_q4,A_three_valid_all_same
high17712.txt_q0,A_three_valid_all_same
high17755.txt_q0,A_three_valid_all_same
high17755.txt_q1,A_three_valid_all_same
high17755.txt_q2,A_three_valid_all_same
high17755.txt_q3,A_three_valid_all_same
high17764.txt_q0,A_three_valid_all_same
high17764.txt_q1,A_three_valid_all_same
high17764.txt_q2,A_three_valid_all_same
high17771.txt_q0,A_three_valid_all_same
high17771.txt_q1,A_three_valid_all_same
high17778.txt_q0,A_three_valid_all_same
high17778.txt_q1,A_three_valid_all_same
high17778.txt_q2,A_three_valid_all_same
high17778.txt_q3,A_three_valid_all_same
high17805.txt_q0,A_three_valid_all_same
high17805.txt_q1,A_three_valid_all_same
high17810.txt_q0,A_three_valid_all_same
high17810.txt_q1,A_three_valid_all_same
high17810.txt_q2,A_three_valid_all_same
high17810.txt_q3,A_three_valid_all_same
high17840.txt_q0,A_three_valid_all_same
high17840.txt_q1,A_three_valid_all_same
high17854.txt_q0,A_three_valid_all_same
high17854.txt_q1,A_three_valid_all_same
high17854.txt_q2,A_three_valid_all_same
high17854.txt_q3,A_three_valid_all_same
high17860.txt_q0,A_three_valid_all_same
high17860.txt_q1,A_three_valid_all_same
high17860.txt_q2,A_three_valid_all_same
high17860.txt_q3,B_three_valid_exactly_two_same
high17862.txt_q0,A_three_valid_all_same
high17862.txt_q1,A_three_valid_all_same
high17862.txt_q2,A_three_valid_all_same
high17862.txt_q3,A_three_valid_all_same
high17929.txt_q0,A_three_valid_all_same
high17929.txt_q1,A_three_valid_all_same
high17933.txt_q0,A_three_valid_all_same
high17933.txt_q1,A_three_valid_all_same
high17933.txt_q2,A_three_valid_all_same
high17933.txt_q3,A_three_valid_all_same
high17948.txt_q0,A_three_valid_all_same
high17948.txt_q1,A_three_valid_all_same
high17995.txt_q0,A_three_valid_all_same
high17995.txt_q1,A_three_valid_all_same
high17995.txt_q2,A_three_valid_all_same
high17995.txt_q3,A_three_valid_all_same
high18012.txt_q0,A_three_valid_all_same
high18012.txt_q1,A_three_valid_all_same
high18012.txt_q2,A_three_valid_all_same
high18013.txt_q0,A_three_valid_all_same
high18013.txt_q1,A_three_valid_all_same
high18013.txt_q2,A_three_valid_all_same
high18013.txt_q3,A_three_valid_all_same
high18046.txt_q0,A_three_valid_all_same
high18046.txt_q1,A_three_valid_all_same
high18046.txt_q2,B_three_valid_exactly_two_same
high18046.txt_q3,A_three_valid_all_same
high18056.txt_q0,A_three_valid_all_same
high18056.txt_q1,B_three_valid_exactly_two_same
high18056.txt_q2,A_three_valid_all_same
high18056.txt_q3,A_three_valid_all_same
high18060.txt_q0,A_three_valid_all_same
high18060.txt_q1,A_three_valid_all_same
high18060.txt_q2,A_three_valid_all_same
high18060.txt_q3,A_three_valid_all_same
high18060.txt_q4,A_three_valid_all_same
high18107.txt_q0,A_three_valid_all_same
high18107.txt_q1,A_three_valid_all_same
high18107.txt_q2,A_three_valid_all_same
high18156.txt_q0,A_three_valid_all_same
high18156.txt_q1,A_three_valid_all_same
high18156.txt_q2,A_three_valid_all_same
high18156.txt_q3,A_three_valid_all_same
high18156.txt_q4,A_three_valid_all_same
high18178.txt_q0,A_three_valid_all_same
high18178.txt_q1,A_three_valid_all_same
high18178.txt_q2,A_three_valid_all_same
high18178.txt_q3,A_three_valid_all_same
high18178.txt_q4,A_three_valid_all_same
high18210.txt_q0,B_three_valid_exactly_two_same
high18210.txt_q1,A_three_valid_all_same
high18210.txt_q2,C_three_valid_all_different
high18262.txt_q0,A_three_valid_all_same
high18262.txt_q1,A_three_valid_all_same
high18262.txt_q2,A_three_valid_all_same
high18262.txt_q3,A_three_valid_all_same
high18288.txt_q0,A_three_valid_all_same
high18288.txt_q1,A_three_valid_all_same
high18288.txt_q2,A_three_valid_all_same
high18298.txt_q0,A_three_valid_all_same
high18298.txt_q1,A_three_valid_all_same
high18298.txt_q2,A_three_valid_all_same
high18298.txt_q3,A_three_valid_all_same
high1833.txt_q0,A_three_valid_all_same
high1833.txt_q1,A_three_valid_all_same
high1833.txt_q2,A_three_valid_all_same
high1833.txt_q3,A_three_valid_all_same
high18335.txt_q0,A_three_valid_all_same
high18335.txt_q1,A_three_valid_all_same
high18335.txt_q2,B_three_valid_exactly_two_same
high18335.txt_q3,A_three_valid_all_same
high1834.txt_q0,A_three_valid_all_same
high1834.txt_q1,A_three_valid_all_same
high1834.txt_q2,A_three_valid_all_same
high18361.txt_q0,B_three_valid_exactly_two_same
high18361.txt_q1,B_three_valid_exactly_two_same
high18361.txt_q2,A_three_valid_all_same
high18361.txt_q3,A_three_valid_all_same
high18392.txt_q0,A_three_valid_all_same
high18392.txt_q1,A_three_valid_all_same
high18392.txt_q2,A_three_valid_all_same
high18414.txt_q0,A_three_valid_all_same
high18414.txt_q1,A_three_valid_all_same
high18414.txt_q2,B_three_valid_exactly_two_same
high18419.txt_q0,A_three_valid_all_same
high18419.txt_q1,A_three_valid_all_same
high18419.txt_q2,A_three_valid_all_same
high18433.txt_q0,A_three_valid_all_same
high18465.txt_q0,A_three_valid_all_same
high18465.txt_q1,A_three_valid_all_same
high18465.txt_q2,A_three_valid_all_same
high18465.txt_q3,A_three_valid_all_same
high18503.txt_q0,A_three_valid_all_same
high18503.txt_q1,A_three_valid_all_same
high18503.txt_q2,A_three_valid_all_same
high18542.txt_q0,A_three_valid_all_same
high18542.txt_q1,A_three_valid_all_same
high18542.txt_q2,A_three_valid_all_same
high18542.txt_q3,A_three_valid_all_same
high18555.txt_q0,A_three_valid_all_same
high18555.txt_q1,A_three_valid_all_same
high18555.txt_q2,A_three_valid_all_same
high18555.txt_q3,B_three_valid_exactly_two_same
high18555.txt_q4,A_three_valid_all_same
high18574.txt_q0,A_three_valid_all_same
high18574.txt_q1,A_three_valid_all_same
high18574.txt_q2,A_three_valid_all_same
high18574.txt_q3,A_three_valid_all_same
high18615.txt_q0,A_three_valid_all_same
high18615.txt_q1,A_three_valid_all_same
high18615.txt_q2,B_three_valid_exactly_two_same
high18617.txt_q0,A_three_valid_all_same
high18617.txt_q1,A_three_valid_all_same
high18617.txt_q2,A_three_valid_all_same
high18639.txt_q0,A_three_valid_all_same
high18639.txt_q1,A_three_valid_all_same
high18639.txt_q2,A_three_valid_all_same
high18639.txt_q3,A_three_valid_all_same
high18644.txt_q0,A_three_valid_all_same
high18644.txt_q1,A_three_valid_all_same
high18644.txt_q2,A_three_valid_all_same
high18654.txt_q0,A_three_valid_all_same
high18654.txt_q1,A_three_valid_all_same
high18654.txt_q2,A_three_valid_all_same
high18660.txt_q0,A_three_valid_all_same
high18660.txt_q1,A_three_valid_all_same
high18660.txt_q2,A_three_valid_all_same
high18665.txt_q0,A_three_valid_all_same
high18665.txt_q1,A_three_valid_all_same
high18665.txt_q2,A_three_valid_all_same
high18674.txt_q0,A_three_valid_all_same
high18674.txt_q1,A_three_valid_all_same
high18674.txt_q2,A_three_valid_all_same
high18699.txt_q0,A_three_valid_all_same
high18699.txt_q1,A_three_valid_all_same
high18699.txt_q2,A_three_valid_all_same
high18699.txt_q3,A_three_valid_all_same
high18711.txt_q0,A_three_valid_all_same
high18711.txt_q1,B_three_valid_exactly_two_same
high18718.txt_q0,A_three_valid_all_same
high18718.txt_q1,A_three_valid_all_same
high18718.txt_q2,A_three_valid_all_same
high18736.txt_q0,A_three_valid_all_same
high18736.txt_q1,B_three_valid_exactly_two_same
high18736.txt_q2,A_three_valid_all_same
high18745.txt_q0,A_three_valid_all_same
high18745.txt_q1,A_three_valid_all_same
high18745.txt_q2,A_three_valid_all_same
high18756.txt_q0,A_three_valid_all_same
high18756.txt_q1,B_three_valid_exactly_two_same
high18756.txt_q2,A_three_valid_all_same
high18758.txt_q0,A_three_valid_all_same
high18758.txt_q1,A_three_valid_all_same
high18758.txt_q2,A_three_valid_all_same
high18758.txt_q3,B_three_valid_exactly_two_same
high18763.txt_q0,A_three_valid_all_same
high18763.txt_q1,A_three_valid_all_same
high18763.txt_q2,A_three_valid_all_same
high18782.txt_q0,A_three_valid_all_same
high18782.txt_q1,A_three_valid_all_same
high18782.txt_q2,A_three_valid_all_same
high18782.txt_q3,A_three_valid_all_same
high18798.txt_q0,A_three_valid_all_same
high18798.txt_q1,A_three_valid_all_same
high18798.txt_q2,A_three_valid_all_same
high18810.txt_q0,A_three_valid_all_same
high18813.txt_q0,A_three_valid_all_same
high18813.txt_q1,B_three_valid_exactly_two_same
high18813.txt_q2,A_three_valid_all_same
high18823.txt_q0,A_three_valid_all_same
high18823.txt_q1,A_three_valid_all_same
high18823.txt_q2,A_three_valid_all_same
high18823.txt_q3,A_three_valid_all_same
high18845.txt_q0,A_three_valid_all_same
high18845.txt_q1,A_three_valid_all_same
high18845.txt_q2,A_three_valid_all_same
high18845.txt_q3,A_three_valid_all_same
high18847.txt_q0,A_three_valid_all_same
high18847.txt_q1,A_three_valid_all_same
high18847.txt_q2,A_three_valid_all_same
high1885.txt_q0,A_three_valid_all_same
high1885.txt_q1,A_three_valid_all_same
high1885.txt_q2,A_three_valid_all_same
high18865.txt_q0,A_three_valid_all_same
high18865.txt_q1,A_three_valid_all_same
high18867.txt_q0,A_three_valid_all_same
high18867.txt_q1,A_three_valid_all_same
high18867.txt_q2,A_three_valid_all_same
high18890.txt_q0,A_three_valid_all_same
high18890.txt_q1,A_three_valid_all_same
high18890.txt_q2,A_three_valid_all_same
high18892.txt_q0,A_three_valid_all_same
high18892.txt_q1,A_three_valid_all_same
high18892.txt_q2,A_three_valid_all_same
high18894.txt_q0,A_three_valid_all_same
high18894.txt_q1,A_three_valid_all_same
high18894.txt_q2,A_three_valid_all_same
high18939.txt_q0,A_three_valid_all_same
high18939.txt_q1,A_three_valid_all_same
high18953.txt_q0,A_three_valid_all_same
high18953.txt_q1,A_three_valid_all_same
high18971.txt_q0,A_three_valid_all_same
high18971.txt_q1,A_three_valid_all_same
high18971.txt_q2,A_three_valid_all_same
high18971.txt_q3,A_three_valid_all_same
high18972.txt_q0,A_three_valid_all_same
high18972.txt_q1,A_three_valid_all_same
high18973.txt_q0,A_three_valid_all_same
high18973.txt_q1,A_three_valid_all_same
high18973.txt_q2,A_three_valid_all_same
high1898.txt_q0,A_three_valid_all_same
high1898.txt_q1,A_three_valid_all_same
high1898.txt_q2,A_three_valid_all_same
high1898.txt_q3,A_three_valid_all_same
high18999.txt_q0,A_three_valid_all_same
high18999.txt_q1,A_three_valid_all_same
high18999.txt_q2,A_three_valid_all_same
high18999.txt_q3,A_three_valid_all_same
high19003.txt_q0,A_three_valid_all_same
high19003.txt_q1,A_three_valid_all_same
high19003.txt_q2,A_three_valid_all_same
high19003.txt_q3,A_three_valid_all_same
high19010.txt_q0,A_three_valid_all_same
high19010.txt_q1,A_three_valid_all_same
high19010.txt_q2,A_three_valid_all_same
high19018.txt_q0,A_three_valid_all_same
high19018.txt_q1,A_three_valid_all_same
high19018.txt_q2,A_three_valid_all_same
high19018.txt_q3,A_three_valid_all_same
high19032.txt_q0,B_three_valid_exactly_two_same
high19032.txt_q1,A_three_valid_all_same
high19032.txt_q2,A_three_valid_all_same
high19091.txt_q0,A_three_valid_all_same
high19091.txt_q1,A_three_valid_all_same
high19091.txt_q2,A_three_valid_all_same
high19096.txt_q0,A_three_valid_all_same
high19103.txt_q0,A_three_valid_all_same
high19103.txt_q1,A_three_valid_all_same
high19103.txt_q2,A_three_valid_all_same
high19103.txt_q3,A_three_valid_all_same
high19160.txt_q0,A_three_valid_all_same
high19160.txt_q1,A_three_valid_all_same
high19160.txt_q2,A_three_valid_all_same
high19183.txt_q0,A_three_valid_all_same
high19183.txt_q1,A_three_valid_all_same
high19183.txt_q2,A_three_valid_all_same
high19183.txt_q3,A_three_valid_all_same
high19195.txt_q0,A_three_valid_all_same
high19195.txt_q1,A_three_valid_all_same
high19195.txt_q2,A_three_valid_all_same
high19201.txt_q0,A_three_valid_all_same
high19201.txt_q1,A_three_valid_all_same
high19201.txt_q2,A_three_valid_all_same
high19201.txt_q3,A_three_valid_all_same
high19201.txt_q4,A_three_valid_all_same
high19218.txt_q0,A_three_valid_all_same
high19218.txt_q1,A_three_valid_all_same
high19218.txt_q2,A_three_valid_all_same
high19218.txt_q3,A_three_valid_all_same
high19235.txt_q0,A_three_valid_all_same
high19235.txt_q1,B_three_valid_exactly_two_same
high19235.txt_q2,A_three_valid_all_same
high19235.txt_q3,B_three_valid_exactly_two_same
high19243.txt_q0,A_three_valid_all_same
high19243.txt_q1,A_three_valid_all_same
high19243.txt_q2,A_three_valid_all_same
high19244.txt_q0,A_three_valid_all_same
high19244.txt_q1,A_three_valid_all_same
high19244.txt_q2,A_three_valid_all_same
high19279.txt_q0,A_three_valid_all_same
high19279.txt_q1,A_three_valid_all_same
high19279.txt_q2,A_three_valid_all_same
high19286.txt_q0,A_three_valid_all_same
high19286.txt_q1,B_three_valid_exactly_two_same
high19286.txt_q2,A_three_valid_all_same
high19295.txt_q0,A_three_valid_all_same
high19295.txt_q1,A_three_valid_all_same
high19295.txt_q2,A_three_valid_all_same
high19295.txt_q3,A_three_valid_all_same
high19295.txt_q4,A_three_valid_all_same
high19331.txt_q0,A_three_valid_all_same
high19331.txt_q1,A_three_valid_all_same
high19331.txt_q2,A_three_valid_all_same
high19332.txt_q0,A_three_valid_all_same
high19332.txt_q1,A_three_valid_all_same
high19332.txt_q2,A_three_valid_all_same
high19332.txt_q3,A_three_valid_all_same
high19344.txt_q0,A_three_valid_all_same
high19344.txt_q1,B_three_valid_exactly_two_same
high19344.txt_q2,A_three_valid_all_same
high19349.txt_q0,A_three_valid_all_same
high19349.txt_q1,A_three_valid_all_same
high19349.txt_q2,A_three_valid_all_same
high19349.txt_q3,A_three_valid_all_same
high19376.txt_q0,A_three_valid_all_same
high19403.txt_q0,A_three_valid_all_same
high19403.txt_q1,A_three_valid_all_same
high19424.txt_q0,A_three_valid_all_same
high19440.txt_q0,A_three_valid_all_same
high19440.txt_q1,A_three_valid_all_same
high19457.txt_q0,A_three_valid_all_same
high19457.txt_q1,A_three_valid_all_same
high19457.txt_q2,A_three_valid_all_same
high19457.txt_q3,A_three_valid_all_same
high1951.txt_q0,A_three_valid_all_same
high1951.txt_q1,A_three_valid_all_same
high1951.txt_q2,A_three_valid_all_same
high19511.txt_q0,A_three_valid_all_same
high19511.txt_q1,A_three_valid_all_same
high19511.txt_q2,A_three_valid_all_same
high19544.txt_q0,A_three_valid_all_same
high19544.txt_q1,A_three_valid_all_same
high19544.txt_q2,A_three_valid_all_same
high19572.txt_q0,A_three_valid_all_same
high19572.txt_q1,A_three_valid_all_same
high19572.txt_q2,A_three_valid_all_same
high19572.txt_q3,A_three_valid_all_same
high19613.txt_q0,A_three_valid_all_same
high19613.txt_q1,A_three_valid_all_same
high19613.txt_q2,A_three_valid_all_same
high19613.txt_q3,A_three_valid_all_same
high19651.txt_q0,A_three_valid_all_same
high19651.txt_q1,C_three_valid_all_different
high19651.txt_q2,A_three_valid_all_same
high19692.txt_q0,A_three_valid_all_same
high19692.txt_q1,A_three_valid_all_same
high19692.txt_q2,A_three_valid_all_same
high19751.txt_q0,A_three_valid_all_same
high19751.txt_q1,A_three_valid_all_same
high19751.txt_q2,A_three_valid_all_same
high19763.txt_q0,A_three_valid_all_same
high19763.txt_q1,A_three_valid_all_same
high19763.txt_q2,A_three_valid_all_same
high19778.txt_q0,A_three_valid_all_same
high19778.txt_q1,A_three_valid_all_same
high19789.txt_q0,A_three_valid_all_same
high19789.txt_q1,A_three_valid_all_same
high19789.txt_q2,A_three_valid_all_same
high19789.txt_q3,A_three_valid_all_same
high19814.txt_q0,A_three_valid_all_same
high19814.txt_q1,A_three_valid_all_same
high19814.txt_q2,B_three_valid_exactly_two_same
high19814.txt_q3,A_three_valid_all_same
high19814.txt_q4,A_three_valid_all_same
high19831.txt_q0,A_three_valid_all_same
high19831.txt_q1,A_three_valid_all_same
high19831.txt_q2,A_three_valid_all_same
high19831.txt_q3,A_three_valid_all_same
high19840.txt_q0,B_three_valid_exactly_two_same
high19840.txt_q1,A_three_valid_all_same
high19840.txt_q2,A_three_valid_all_same
high19855.txt_q0,A_three_valid_all_same
high19855.txt_q1,A_three_valid_all_same
high19855.txt_q2,A_three_valid_all_same
high19855.txt_q3,A_three_valid_all_same
high19902.txt_q0,A_three_valid_all_same
high19902.txt_q1,A_three_valid_all_same
high19902.txt_q2,A_three_valid_all_same
high19902.txt_q3,A_three_valid_all_same
high19906.txt_q0,A_three_valid_all_same
high19906.txt_q1,A_three_valid_all_same
high19906.txt_q2,A_three_valid_all_same
high19911.txt_q0,A_three_valid_all_same
high19911.txt_q1,A_three_valid_all_same
high19911.txt_q2,A_three_valid_all_same
high19926.txt_q0,B_three_valid_exactly_two_same
high19980.txt_q0,A_three_valid_all_same
high19980.txt_q1,A_three_valid_all_same
high19980.txt_q2,A_three_valid_all_same
high19980.txt_q3,A_three_valid_all_same
high19991.txt_q0,B_three_valid_exactly_two_same
high19991.txt_q1,A_three_valid_all_same
high19991.txt_q2,A_three_valid_all_same
high19991.txt_q3,A_three_valid_all_same
high19991.txt_q4,A_three_valid_all_same
high19992.txt_q0,A_three_valid_all_same
high19992.txt_q1,A_three_valid_all_same
high19992.txt_q2,A_three_valid_all_same
high19992.txt_q3,A_three_valid_all_same
high2000.txt_q0,A_three_valid_all_same
high2000.txt_q1,B_three_valid_exactly_two_same
high2000.txt_q2,A_three_valid_all_same
high20006.txt_q0,A_three_valid_all_same
high20006.txt_q1,A_three_valid_all_same
high20006.txt_q2,A_three_valid_all_same
high20006.txt_q3,A_three_valid_all_same
high20008.txt_q0,A_three_valid_all_same
high20008.txt_q1,A_three_valid_all_same
high20008.txt_q2,A_three_valid_all_same
high20008.txt_q3,A_three_valid_all_same
high20008.txt_q4,A_three_valid_all_same
high20135.txt_q0,B_three_valid_exactly_two_same
high20135.txt_q1,A_three_valid_all_same
high20182.txt_q0,A_three_valid_all_same
high20182.txt_q1,A_three_valid_all_same
high20182.txt_q2,A_three_valid_all_same
high202.txt_q0,A_three_valid_all_same
high202.txt_q1,A_three_valid_all_same
high202.txt_q2,A_three_valid_all_same
high202.txt_q3,B_three_valid_exactly_two_same
high20202.txt_q0,B_three_valid_exactly_two_same
high20202.txt_q1,A_three_valid_all_same
high20202.txt_q2,B_three_valid_exactly_two_same
high20209.txt_q0,B_three_valid_exactly_two_same
high20209.txt_q1,B_three_valid_exactly_two_same
high20209.txt_q2,A_three_valid_all_same
high20209.txt_q3,A_three_valid_all_same
high20219.txt_q0,A_three_valid_all_same
high20219.txt_q1,B_three_valid_exactly_two_same
high20219.txt_q2,B_three_valid_exactly_two_same
high20219.txt_q3,A_three_valid_all_same
high20234.txt_q0,A_three_valid_all_same
high20234.txt_q1,A_three_valid_all_same
high20288.txt_q0,A_three_valid_all_same
high20288.txt_q1,A_three_valid_all_same
high20301.txt_q0,A_three_valid_all_same
high20301.txt_q1,A_three_valid_all_same
high20301.txt_q2,A_three_valid_all_same
high20301.txt_q3,A_three_valid_all_same
high20302.txt_q0,A_three_valid_all_same
high20302.txt_q1,A_three_valid_all_same
high20302.txt_q2,A_three_valid_all_same
high20302.txt_q3,A_three_valid_all_same
high20319.txt_q0,A_three_valid_all_same
high20319.txt_q1,A_three_valid_all_same
high20319.txt_q2,A_three_valid_all_same
high20319.txt_q3,A_three_valid_all_same
high20319.txt_q4,A_three_valid_all_same
high2034.txt_q0,A_three_valid_all_same
high2034.txt_q1,A_three_valid_all_same
high2034.txt_q2,B_three_valid_exactly_two_same
high2034.txt_q3,A_three_valid_all_same
high20369.txt_q0,A_three_valid_all_same
high20369.txt_q1,A_three_valid_all_same
high20369.txt_q2,A_three_valid_all_same
high20369.txt_q3,A_three_valid_all_same
high20369.txt_q4,A_three_valid_all_same
high20373.txt_q0,A_three_valid_all_same
high20373.txt_q1,A_three_valid_all_same
high20373.txt_q2,A_three_valid_all_same
high20375.txt_q0,A_three_valid_all_same
high20375.txt_q1,A_three_valid_all_same
high20375.txt_q2,A_three_valid_all_same
high20375.txt_q3,A_three_valid_all_same
high20449.txt_q0,A_three_valid_all_same
high20449.txt_q1,A_three_valid_all_same
high20449.txt_q2,A_three_valid_all_same
high20449.txt_q3,A_three_valid_all_same
high20469.txt_q0,A_three_valid_all_same
high20469.txt_q1,A_three_valid_all_same
high20469.txt_q2,A_three_valid_all_same
high20469.txt_q3,A_three_valid_all_same
high20488.txt_q0,A_three_valid_all_same
high20488.txt_q1,A_three_valid_all_same
high20488.txt_q2,A_three_valid_all_same
high20504.txt_q0,A_three_valid_all_same
high20504.txt_q1,A_three_valid_all_same
high20504.txt_q2,A_three_valid_all_same
high20504.txt_q3,A_three_valid_all_same
high20516.txt_q0,A_three_valid_all_same
high20516.txt_q1,A_three_valid_all_same
high20516.txt_q2,A_three_valid_all_same
high20537.txt_q0,A_three_valid_all_same
high20537.txt_q1,A_three_valid_all_same
high20537.txt_q2,A_three_valid_all_same
high2054.txt_q0,A_three_valid_all_same
high2054.txt_q1,A_three_valid_all_same
high2054.txt_q2,A_three_valid_all_same
high2054.txt_q3,A_three_valid_all_same
high2054.txt_q4,A_three_valid_all_same
high20555.txt_q0,A_three_valid_all_same
high20555.txt_q1,A_three_valid_all_same
high20555.txt_q2,A_three_valid_all_same
high20555.txt_q3,A_three_valid_all_same
high20564.txt_q0,B_three_valid_exactly_two_same
high20564.txt_q1,A_three_valid_all_same
high20564.txt_q2,A_three_valid_all_same
high2057.txt_q0,A_three_valid_all_same
high2057.txt_q1,A_three_valid_all_same
high2057.txt_q2,A_three_valid_all_same
high2057.txt_q3,A_three_valid_all_same
high2057.txt_q4,A_three_valid_all_same
high20574.txt_q0,A_three_valid_all_same
high20574.txt_q1,A_three_valid_all_same
high20574.txt_q2,A_three_valid_all_same
high20574.txt_q3,A_three_valid_all_same
high20574.txt_q4,A_three_valid_all_same
high20583.txt_q0,A_three_valid_all_same
high20583.txt_q1,A_three_valid_all_same
high20583.txt_q2,B_three_valid_exactly_two_same
high20583.txt_q3,A_three_valid_all_same
high20604.txt_q0,A_three_valid_all_same
high20604.txt_q1,A_three_valid_all_same
high20604.txt_q2,A_three_valid_all_same
high20604.txt_q3,A_three_valid_all_same
high20607.txt_q0,A_three_valid_all_same
high20607.txt_q1,A_three_valid_all_same
high20607.txt_q2,A_three_valid_all_same
high20607.txt_q3,A_three_valid_all_same
high2064.txt_q0,A_three_valid_all_same
high2064.txt_q1,A_three_valid_all_same
high2064.txt_q2,A_three_valid_all_same
high2064.txt_q3,A_three_valid_all_same
high20651.txt_q0,A_three_valid_all_same
high20651.txt_q1,B_three_valid_exactly_two_same
high20651.txt_q2,A_three_valid_all_same
high20651.txt_q3,A_three_valid_all_same
high2067.txt_q0,A_three_valid_all_same
high2067.txt_q1,A_three_valid_all_same
high2067.txt_q2,A_three_valid_all_same
high20675.txt_q0,A_three_valid_all_same
high20675.txt_q1,A_three_valid_all_same
high20675.txt_q2,A_three_valid_all_same
high20675.txt_q3,A_three_valid_all_same
high20675.txt_q4,A_three_valid_all_same
high20686.txt_q0,B_three_valid_exactly_two_same
high20686.txt_q1,A_three_valid_all_same
high20686.txt_q2,A_three_valid_all_same
high20686.txt_q3,A_three_valid_all_same
high20686.txt_q4,A_three_valid_all_same
high20709.txt_q0,A_three_valid_all_same
high20709.txt_q1,A_three_valid_all_same
high20820.txt_q0,A_three_valid_all_same
high20820.txt_q1,A_three_valid_all_same
high20888.txt_q0,A_three_valid_all_same
high20888.txt_q1,A_three_valid_all_same
high20888.txt_q2,A_three_valid_all_same
high2094.txt_q0,A_three_valid_all_same
high2094.txt_q1,A_three_valid_all_same
high2094.txt_q2,A_three_valid_all_same
high20943.txt_q0,A_three_valid_all_same
high20943.txt_q1,A_three_valid_all_same
high20963.txt_q0,A_three_valid_all_same
high20963.txt_q1,A_three_valid_all_same
high20963.txt_q2,A_three_valid_all_same
high20980.txt_q0,A_three_valid_all_same
high20980.txt_q1,A_three_valid_all_same
high20980.txt_q2,A_three_valid_all_same
high21029.txt_q0,A_three_valid_all_same
high21029.txt_q1,A_three_valid_all_same
high21029.txt_q2,A_three_valid_all_same
high21029.txt_q3,A_three_valid_all_same
high21041.txt_q0,A_three_valid_all_same
high21041.txt_q1,A_three_valid_all_same
high21041.txt_q2,A_three_valid_all_same
high21041.txt_q3,A_three_valid_all_same
high21117.txt_q0,A_three_valid_all_same
high21117.txt_q1,A_three_valid_all_same
high21117.txt_q2,A_three_valid_all_same
high21119.txt_q0,B_three_valid_exactly_two_same
high21119.txt_q1,A_three_valid_all_same
high21119.txt_q2,A_three_valid_all_same
high21119.txt_q3,A_three_valid_all_same
high21142.txt_q0,A_three_valid_all_same
high21142.txt_q1,A_three_valid_all_same
high21148.txt_q0,A_three_valid_all_same
high21148.txt_q1,A_three_valid_all_same
high21148.txt_q2,A_three_valid_all_same
high21148.txt_q3,A_three_valid_all_same
high21158.txt_q0,B_three_valid_exactly_two_same
high21158.txt_q1,A_three_valid_all_same
high21158.txt_q2,B_three_valid_exactly_two_same
high21158.txt_q3,B_three_valid_exactly_two_same
high21158.txt_q4,A_three_valid_all_same
high21158.txt_q5,A_three_valid_all_same
high21171.txt_q0,A_three_valid_all_same
high21171.txt_q1,A_three_valid_all_same
high21171.txt_q2,A_three_valid_all_same
high21171.txt_q3,A_three_valid_all_same
high21171.txt_q4,A_three_valid_all_same
high21229.txt_q0,A_three_valid_all_same
high21229.txt_q1,B_three_valid_exactly_two_same
high21229.txt_q2,A_three_valid_all_same
high21240.txt_q0,A_three_valid_all_same
high21240.txt_q1,A_three_valid_all_same
high21240.txt_q2,A_three_valid_all_same
high21240.txt_q3,A_three_valid_all_same
high21264.txt_q0,A_three_valid_all_same
high21264.txt_q1,A_three_valid_all_same
high21264.txt_q2,A_three_valid_all_same
high21359.txt_q0,A_three_valid_all_same
high21359.txt_q1,A_three_valid_all_same
high21359.txt_q2,A_three_valid_all_same
high21364.txt_q0,A_three_valid_all_same
high21364.txt_q1,A_three_valid_all_same
high21364.txt_q2,B_three_valid_exactly_two_same
high21438.txt_q0,A_three_valid_all_same
high21438.txt_q1,A_three_valid_all_same
high21438.txt_q2,A_three_valid_all_same
high21455.txt_q0,A_three_valid_all_same
high21455.txt_q1,A_three_valid_all_same
high21455.txt_q2,A_three_valid_all_same
high21456.txt_q0,A_three_valid_all_same
high21456.txt_q1,C_three_valid_all_different
high21456.txt_q2,A_three_valid_all_same
high21456.txt_q3,A_three_valid_all_same
high21484.txt_q0,A_three_valid_all_same
high21484.txt_q1,A_three_valid_all_same
high21484.txt_q2,A_three_valid_all_same
high21484.txt_q3,A_three_valid_all_same
high21509.txt_q0,A_three_valid_all_same
high21509.txt_q1,A_three_valid_all_same
high21509.txt_q2,A_three_valid_all_same
high21509.txt_q3,A_three_valid_all_same
high21533.txt_q0,A_three_valid_all_same
high21533.txt_q1,A_three_valid_all_same
high21533.txt_q2,A_three_valid_all_same
high21540.txt_q0,A_three_valid_all_same
high21540.txt_q1,A_three_valid_all_same
high21540.txt_q2,A_three_valid_all_same
high21540.txt_q3,A_three_valid_all_same
high21603.txt_q0,A_three_valid_all_same
high21603.txt_q1,A_three_valid_all_same
high21603.txt_q2,A_three_valid_all_same
high21603.txt_q3,A_three_valid_all_same
high21603.txt_q4,A_three_valid_all_same
high21620.txt_q0,B_three_valid_exactly_two_same
high21620.txt_q1,A_three_valid_all_same
high21620.txt_q2,A_three_valid_all_same
high21620.txt_q3,A_three_valid_all_same
high21681.txt_q0,A_three_valid_all_same
high21681.txt_q1,A_three_valid_all_same
high21681.txt_q2,A_three_valid_all_same
high21699.txt_q0,A_three_valid_all_same
high21699.txt_q1,A_three_valid_all_same
high21699.txt_q2,A_three_valid_all_same
high21699.txt_q3,A_three_valid_all_same
high21703.txt_q0,A_three_valid_all_same
high21703.txt_q1,A_three_valid_all_same
high21703.txt_q2,A_three_valid_all_same
high21735.txt_q0,A_three_valid_all_same
high21735.txt_q1,A_three_valid_all_same
high21735.txt_q2,A_three_valid_all_same
high2176.txt_q0,A_three_valid_all_same
high2176.txt_q1,A_three_valid_all_same
high2176.txt_q2,A_three_valid_all_same
high2176.txt_q3,A_three_valid_all_same
high2176.txt_q4,A_three_valid_all_same
high21769.txt_q0,A_three_valid_all_same
high21769.txt_q1,A_three_valid_all_same
high21769.txt_q2,A_three_valid_all_same
high21769.txt_q3,A_three_valid_all_same
high21774.txt_q0,A_three_valid_all_same
high21774.txt_q1,A_three_valid_all_same
high21774.txt_q2,A_three_valid_all_same
high21782.txt_q0,A_three_valid_all_same
high21782.txt_q1,A_three_valid_all_same
high21782.txt_q2,A_three_valid_all_same
high21824.txt_q0,A_three_valid_all_same
high21824.txt_q1,A_three_valid_all_same
high21824.txt_q2,A_three_valid_all_same
high21824.txt_q3,A_three_valid_all_same
high21838.txt_q0,A_three_valid_all_same
high21838.txt_q1,A_three_valid_all_same
high21838.txt_q2,A_three_valid_all_same
high2186.txt_q0,A_three_valid_all_same
high2186.txt_q1,A_three_valid_all_same
high2186.txt_q2,A_three_valid_all_same
high2186.txt_q3,A_three_valid_all_same
high2186.txt_q4,A_three_valid_all_same
high21866.txt_q0,A_three_valid_all_same
high21866.txt_q1,A_three_valid_all_same
high21905.txt_q0,A_three_valid_all_same
high21905.txt_q1,A_three_valid_all_same
high21905.txt_q2,B_three_valid_exactly_two_same
high21905.txt_q3,A_three_valid_all_same
high21905.txt_q4,B_three_valid_exactly_two_same
high21936.txt_q0,B_three_valid_exactly_two_same
high21936.txt_q1,A_three_valid_all_same
high21936.txt_q2,A_three_valid_all_same
high21936.txt_q3,A_three_valid_all_same
high21958.txt_q0,A_three_valid_all_same
high21958.txt_q1,A_three_valid_all_same
high21958.txt_q2,A_three_valid_all_same
high22017.txt_q0,A_three_valid_all_same
high22017.txt_q1,A_three_valid_all_same
high22017.txt_q2,A_three_valid_all_same
high22018.txt_q0,A_three_valid_all_same
high22018.txt_q1,A_three_valid_all_same
high22018.txt_q2,A_three_valid_all_same
high22028.txt_q0,B_three_valid_exactly_two_same
high22028.txt_q1,B_three_valid_exactly_two_same
high22028.txt_q2,A_three_valid_all_same
high22046.txt_q0,A_three_valid_all_same
high22046.txt_q1,A_three_valid_all_same
high22059.txt_q0,A_three_valid_all_same
high22059.txt_q1,A_three_valid_all_same
high22059.txt_q2,A_three_valid_all_same
high22059.txt_q3,B_three_valid_exactly_two_same
high22062.txt_q0,A_three_valid_all_same
high22062.txt_q1,A_three_valid_all_same
high22062.txt_q2,A_three_valid_all_same
high22062.txt_q3,A_three_valid_all_same
high22062.txt_q4,A_three_valid_all_same
high22065.txt_q0,A_three_valid_all_same
high22065.txt_q1,A_three_valid_all_same
high22067.txt_q0,A_three_valid_all_same
high22067.txt_q1,B_three_valid_exactly_two_same
high22067.txt_q2,A_three_valid_all_same
high22067.txt_q3,A_three_valid_all_same
high22077.txt_q0,A_three_valid_all_same
high22077.txt_q1,A_three_valid_all_same
high22077.txt_q2,A_three_valid_all_same
high2210.txt_q0,A_three_valid_all_same
high2210.txt_q1,A_three_valid_all_same
high2210.txt_q2,A_three_valid_all_same
high22262.txt_q0,A_three_valid_all_same
high22262.txt_q1,B_three_valid_exactly_two_same
high22309.txt_q0,A_three_valid_all_same
high22309.txt_q1,A_three_valid_all_same
high22309.txt_q2,A_three_valid_all_same
high22309.txt_q3,B_three_valid_exactly_two_same
high22311.txt_q0,A_three_valid_all_same
high22311.txt_q1,A_three_valid_all_same
high22311.txt_q2,A_three_valid_all_same
high22311.txt_q3,A_three_valid_all_same
high22344.txt_q0,A_three_valid_all_same
high22344.txt_q1,A_three_valid_all_same
high22344.txt_q2,A_three_valid_all_same
high2235.txt_q0,B_three_valid_exactly_two_same
high2235.txt_q1,A_three_valid_all_same
high2235.txt_q2,A_three_valid_all_same
high2235.txt_q3,B_three_valid_exactly_two_same
high22365.txt_q0,A_three_valid_all_same
high22365.txt_q1,A_three_valid_all_same
high22365.txt_q2,A_three_valid_all_same
high22365.txt_q3,A_three_valid_all_same
high22379.txt_q0,A_three_valid_all_same
high22379.txt_q1,A_three_valid_all_same
high22379.txt_q2,A_three_valid_all_same
high22379.txt_q3,A_three_valid_all_same
high22379.txt_q4,A_three_valid_all_same
high22398.txt_q0,A_three_valid_all_same
high22398.txt_q1,A_three_valid_all_same
high22398.txt_q2,A_three_valid_all_same
high22398.txt_q3,A_three_valid_all_same
high22398.txt_q4,A_three_valid_all_same
high22434.txt_q0,A_three_valid_all_same
high22434.txt_q1,A_three_valid_all_same
high2244.txt_q0,A_three_valid_all_same
high2244.txt_q1,A_three_valid_all_same
high2244.txt_q2,A_three_valid_all_same
high22463.txt_q0,A_three_valid_all_same
high22463.txt_q1,A_three_valid_all_same
high22463.txt_q2,A_three_valid_all_same
high22463.txt_q3,A_three_valid_all_same
high2247.txt_q0,A_three_valid_all_same
high2247.txt_q1,A_three_valid_all_same
high2247.txt_q2,A_three_valid_all_same
high2247.txt_q3,A_three_valid_all_same
high22470.txt_q0,A_three_valid_all_same
high22470.txt_q1,A_three_valid_all_same
high22470.txt_q2,A_three_valid_all_same
high22470.txt_q3,A_three_valid_all_same
high22475.txt_q0,B_three_valid_exactly_two_same
high22475.txt_q1,A_three_valid_all_same
high22475.txt_q2,A_three_valid_all_same
high22543.txt_q0,A_three_valid_all_same
high22543.txt_q1,A_three_valid_all_same
high22543.txt_q2,A_three_valid_all_same
high22543.txt_q3,A_three_valid_all_same
high22571.txt_q0,A_three_valid_all_same
high22571.txt_q1,A_three_valid_all_same
high22576.txt_q0,A_three_valid_all_same
high22576.txt_q1,A_three_valid_all_same
high22576.txt_q2,A_three_valid_all_same
high22608.txt_q0,A_three_valid_all_same
high22608.txt_q1,A_three_valid_all_same
high22608.txt_q2,A_three_valid_all_same
high22615.txt_q0,B_three_valid_exactly_two_same
high22615.txt_q1,A_three_valid_all_same
high22615.txt_q2,A_three_valid_all_same
high22654.txt_q0,A_three_valid_all_same
high22654.txt_q1,A_three_valid_all_same
high22654.txt_q2,A_three_valid_all_same
high22654.txt_q3,A_three_valid_all_same
high22666.txt_q0,A_three_valid_all_same
high22666.txt_q1,A_three_valid_all_same
high22666.txt_q2,A_three_valid_all_same
high22666.txt_q3,A_three_valid_all_same
high2273.txt_q0,A_three_valid_all_same
high2273.txt_q1,A_three_valid_all_same
high2273.txt_q2,B_three_valid_exactly_two_same
high22764.txt_q0,A_three_valid_all_same
high22764.txt_q1,A_three_valid_all_same
high22764.txt_q2,A_three_valid_all_same
high22764.txt_q3,A_three_valid_all_same
high22764.txt_q4,A_three_valid_all_same
high22783.txt_q0,A_three_valid_all_same
high22783.txt_q1,B_three_valid_exactly_two_same
high22783.txt_q2,A_three_valid_all_same
high22807.txt_q0,A_three_valid_all_same
high22807.txt_q1,A_three_valid_all_same
high22807.txt_q2,A_three_valid_all_same
high22807.txt_q3,A_three_valid_all_same
high22807.txt_q4,A_three_valid_all_same
high22839.txt_q0,A_three_valid_all_same
high22839.txt_q1,A_three_valid_all_same
high22839.txt_q2,A_three_valid_all_same
high22861.txt_q0,A_three_valid_all_same
high22861.txt_q1,A_three_valid_all_same
high22861.txt_q2,A_three_valid_all_same
high22976.txt_q0,A_three_valid_all_same
high22976.txt_q1,A_three_valid_all_same
high22976.txt_q2,A_three_valid_all_same
high22976.txt_q3,A_three_valid_all_same
high2298.txt_q0,A_three_valid_all_same
high2298.txt_q1,A_three_valid_all_same
high2298.txt_q2,A_three_valid_all_same
high22990.txt_q0,A_three_valid_all_same
high22990.txt_q1,A_three_valid_all_same
high22990.txt_q2,B_three_valid_exactly_two_same
high22990.txt_q3,A_three_valid_all_same
high23039.txt_q0,A_three_valid_all_same
high23039.txt_q1,A_three_valid_all_same
high23039.txt_q2,A_three_valid_all_same
high23039.txt_q3,A_three_valid_all_same
high23070.txt_q0,A_three_valid_all_same
high23070.txt_q1,A_three_valid_all_same
high23070.txt_q2,A_three_valid_all_same
high23108.txt_q0,A_three_valid_all_same
high23108.txt_q1,A_three_valid_all_same
high23108.txt_q2,A_three_valid_all_same
high23119.txt_q0,A_three_valid_all_same
high23119.txt_q1,A_three_valid_all_same
high23119.txt_q2,A_three_valid_all_same
high23119.txt_q3,A_three_valid_all_same
high23127.txt_q0,A_three_valid_all_same
high23127.txt_q1,A_three_valid_all_same
high23127.txt_q2,A_three_valid_all_same
high23166.txt_q0,A_three_valid_all_same
high23196.txt_q0,B_three_valid_exactly_two_same
high23196.txt_q1,A_three_valid_all_same
high23196.txt_q2,A_three_valid_all_same
high23196.txt_q3,A_three_valid_all_same
high23196.txt_q4,A_three_valid_all_same
high23206.txt_q0,A_three_valid_all_same
high23206.txt_q1,A_three_valid_all_same
high23206.txt_q2,B_three_valid_exactly_two_same
high23206.txt_q3,A_three_valid_all_same
high23335.txt_q0,A_three_valid_all_same
high23335.txt_q1,A_three_valid_all_same
high23335.txt_q2,A_three_valid_all_same
high23335.txt_q3,B_three_valid_exactly_two_same
high23340.txt_q0,A_three_valid_all_same
high23340.txt_q1,A_three_valid_all_same
high23340.txt_q2,A_three_valid_all_same
high23340.txt_q3,A_three_valid_all_same
high23356.txt_q0,A_three_valid_all_same
high23356.txt_q1,A_three_valid_all_same
high23356.txt_q2,A_three_valid_all_same
high23356.txt_q3,B_three_valid_exactly_two_same
high23383.txt_q0,A_three_valid_all_same
high23383.txt_q1,A_three_valid_all_same
high23383.txt_q2,A_three_valid_all_same
high23383.txt_q3,A_three_valid_all_same
high23383.txt_q4,A_three_valid_all_same
high23388.txt_q0,A_three_valid_all_same
high23388.txt_q1,A_three_valid_all_same
high23388.txt_q2,A_three_valid_all_same
high23426.txt_q0,A_three_valid_all_same
high23426.txt_q1,A_three_valid_all_same
high23432.txt_q0,A_three_valid_all_same
high23432.txt_q1,A_three_valid_all_same
high23480.txt_q0,A_three_valid_all_same
high23480.txt_q1,A_three_valid_all_same
high23480.txt_q2,A_three_valid_all_same
high23481.txt_q0,A_three_valid_all_same
high23481.txt_q1,A_three_valid_all_same
high2351.txt_q0,A_three_valid_all_same
high2351.txt_q1,A_three_valid_all_same
high2351.txt_q2,A_three_valid_all_same
high23535.txt_q0,A_three_valid_all_same
high23535.txt_q1,A_three_valid_all_same
high23535.txt_q2,A_three_valid_all_same
high23559.txt_q0,A_three_valid_all_same
high23559.txt_q1,B_three_valid_exactly_two_same
high23559.txt_q2,A_three_valid_all_same
high23609.txt_q0,A_three_valid_all_same
high23609.txt_q1,A_three_valid_all_same
high23609.txt_q2,A_three_valid_all_same
high23609.txt_q3,A_three_valid_all_same
high23619.txt_q0,A_three_valid_all_same
high23619.txt_q1,A_three_valid_all_same
high23619.txt_q2,A_three_valid_all_same
high23625.txt_q0,A_three_valid_all_same
high23625.txt_q1,A_three_valid_all_same
high23625.txt_q2,A_three_valid_all_same
high23658.txt_q0,A_three_valid_all_same
high23658.txt_q1,A_three_valid_all_same
high23658.txt_q2,A_three_valid_all_same
high23658.txt_q3,A_three_valid_all_same
high23666.txt_q0,A_three_valid_all_same
high23666.txt_q1,B_three_valid_exactly_two_same
high23713.txt_q0,A_three_valid_all_same
high23713.txt_q1,A_three_valid_all_same
high23713.txt_q2,B_three_valid_exactly_two_same
high23713.txt_q3,A_three_valid_all_same
high23718.txt_q0,A_three_valid_all_same
high23718.txt_q1,B_three_valid_exactly_two_same
high23718.txt_q2,A_three_valid_all_same
high23718.txt_q3,A_three_valid_all_same
high23728.txt_q0,A_three_valid_all_same
high23728.txt_q1,A_three_valid_all_same
high23728.txt_q2,A_three_valid_all_same
high23729.txt_q0,A_three_valid_all_same
high23729.txt_q1,B_three_valid_exactly_two_same
high23729.txt_q2,B_three_valid_exactly_two_same
high23729.txt_q3,A_three_valid_all_same
high23742.txt_q0,A_three_valid_all_same
high23742.txt_q1,A_three_valid_all_same
high23742.txt_q2,A_three_valid_all_same
high23742.txt_q3,A_three_valid_all_same
high23742.txt_q4,A_three_valid_all_same
high2378.txt_q0,A_three_valid_all_same
high2378.txt_q1,A_three_valid_all_same
high2378.txt_q2,B_three_valid_exactly_two_same
high2378.txt_q3,A_three_valid_all_same
high23787.txt_q0,A_three_valid_all_same
high23787.txt_q1,A_three_valid_all_same
high23787.txt_q2,A_three_valid_all_same
high23787.txt_q3,A_three_valid_all_same
high23787.txt_q4,A_three_valid_all_same
high23794.txt_q0,A_three_valid_all_same
high23794.txt_q1,A_three_valid_all_same
high23794.txt_q2,A_three_valid_all_same
high23794.txt_q3,A_three_valid_all_same
high23801.txt_q0,A_three_valid_all_same
high23801.txt_q1,A_three_valid_all_same
high23801.txt_q2,A_three_valid_all_same
high23801.txt_q3,A_three_valid_all_same
high23807.txt_q0,A_three_valid_all_same
high23807.txt_q1,A_three_valid_all_same
high23807.txt_q2,A_three_valid_all_same
high23807.txt_q3,B_three_valid_exactly_two_same
high23827.txt_q0,A_three_valid_all_same
high23827.txt_q1,A_three_valid_all_same
high23827.txt_q2,A_three_valid_all_same
high23827.txt_q3,A_three_valid_all_same
high23828.txt_q0,A_three_valid_all_same
high23828.txt_q1,A_three_valid_all_same
high23828.txt_q2,A_three_valid_all_same
high23865.txt_q0,A_three_valid_all_same
high23865.txt_q1,A_three_valid_all_same
high23865.txt_q2,A_three_valid_all_same
high23880.txt_q0,A_three_valid_all_same
high23880.txt_q1,A_three_valid_all_same
high23880.txt_q2,A_three_valid_all_same
high23889.txt_q0,B_three_valid_exactly_two_same
high23889.txt_q1,A_three_valid_all_same
high23889.txt_q2,B_three_valid_exactly_two_same
high2390.txt_q0,A_three_valid_all_same
high2390.txt_q1,A_three_valid_all_same
high2390.txt_q2,A_three_valid_all_same
high23992.txt_q0,B_three_valid_exactly_two_same
high23992.txt_q1,A_three_valid_all_same
high2402.txt_q0,A_three_valid_all_same
high2402.txt_q1,A_three_valid_all_same
high2402.txt_q2,A_three_valid_all_same
high2402.txt_q3,A_three_valid_all_same
high24079.txt_q0,A_three_valid_all_same
high24079.txt_q1,A_three_valid_all_same
high24172.txt_q0,B_three_valid_exactly_two_same
high24172.txt_q1,A_three_valid_all_same
high24172.txt_q2,A_three_valid_all_same
high24198.txt_q0,A_three_valid_all_same
high24198.txt_q1,A_three_valid_all_same
high242.txt_q0,A_three_valid_all_same
high242.txt_q1,A_three_valid_all_same
high242.txt_q2,A_three_valid_all_same
high242.txt_q3,A_three_valid_all_same
high24223.txt_q0,A_three_valid_all_same
high24223.txt_q1,A_three_valid_all_same
high24223.txt_q2,A_three_valid_all_same
high24223.txt_q3,A_three_valid_all_same
high2423.txt_q0,A_three_valid_all_same
high2423.txt_q1,A_three_valid_all_same
high2423.txt_q2,A_three_valid_all_same
high2423.txt_q3,A_three_valid_all_same
high24231.txt_q0,A_three_valid_all_same
high24231.txt_q1,A_three_valid_all_same
high24231.txt_q2,A_three_valid_all_same
high24231.txt_q3,A_three_valid_all_same
high24231.txt_q4,A_three_valid_all_same
high24267.txt_q0,A_three_valid_all_same
high24267.txt_q1,A_three_valid_all_same
high24267.txt_q2,A_three_valid_all_same
high2446.txt_q0,A_three_valid_all_same
high2446.txt_q1,A_three_valid_all_same
high2446.txt_q2,A_three_valid_all_same
high2446.txt_q3,A_three_valid_all_same
high247.txt_q0,A_three_valid_all_same
high247.txt_q1,A_three_valid_all_same
high247.txt_q2,A_three_valid_all_same
high247.txt_q3,A_three_valid_all_same
high2529.txt_q0,A_three_valid_all_same
high2529.txt_q1,A_three_valid_all_same
high2529.txt_q2,A_three_valid_all_same
high2529.txt_q3,A_three_valid_all_same
high2630.txt_q0,A_three_valid_all_same
high2630.txt_q1,A_three_valid_all_same
high2630.txt_q2,A_three_valid_all_same
high2650.txt_q0,A_three_valid_all_same
high2650.txt_q1,B_three_valid_exactly_two_same
high2650.txt_q2,A_three_valid_all_same
high2650.txt_q3,A_three_valid_all_same
high2661.txt_q0,A_three_valid_all_same
high2661.txt_q1,A_three_valid_all_same
high2661.txt_q2,A_three_valid_all_same
high2661.txt_q3,A_three_valid_all_same
high2693.txt_q0,A_three_valid_all_same
high2693.txt_q1,A_three_valid_all_same
high2697.txt_q0,A_three_valid_all_same
high2697.txt_q1,A_three_valid_all_same
high2697.txt_q2,A_three_valid_all_same
high2697.txt_q3,A_three_valid_all_same
high2711.txt_q0,A_three_valid_all_same
high2711.txt_q1,A_three_valid_all_same
high2711.txt_q2,A_three_valid_all_same
high2760.txt_q0,A_three_valid_all_same
high2760.txt_q1,A_three_valid_all_same
high2760.txt_q2,A_three_valid_all_same
high2775.txt_q0,A_three_valid_all_same
high2775.txt_q1,A_three_valid_all_same
high2775.txt_q2,A_three_valid_all_same
high2775.txt_q3,A_three_valid_all_same
high2786.txt_q0,A_three_valid_all_same
high2786.txt_q1,B_three_valid_exactly_two_same
high2786.txt_q2,A_three_valid_all_same
high2786.txt_q3,A_three_valid_all_same
high2800.txt_q0,B_three_valid_exactly_two_same
high2800.txt_q1,A_three_valid_all_same
high2800.txt_q2,A_three_valid_all_same
high2800.txt_q3,A_three_valid_all_same
high2816.txt_q0,A_three_valid_all_same
high2816.txt_q1,C_three_valid_all_different
high2816.txt_q2,A_three_valid_all_same
high2816.txt_q3,A_three_valid_all_same
high2820.txt_q0,A_three_valid_all_same
high2820.txt_q1,A_three_valid_all_same
high2820.txt_q2,A_three_valid_all_same
high2820.txt_q3,A_three_valid_all_same
high2825.txt_q0,A_three_valid_all_same
high2825.txt_q1,A_three_valid_all_same
high2825.txt_q2,A_three_valid_all_same
high2836.txt_q0,A_three_valid_all_same
high2836.txt_q1,A_three_valid_all_same
high2836.txt_q2,A_three_valid_all_same
high2836.txt_q3,B_three_valid_exactly_two_same
high2844.txt_q0,A_three_valid_all_same
high2855.txt_q0,A_three_valid_all_same
high2855.txt_q1,A_three_valid_all_same
high2855.txt_q2,A_three_valid_all_same
high2855.txt_q3,A_three_valid_all_same
high2860.txt_q0,A_three_valid_all_same
high2860.txt_q1,B_three_valid_exactly_two_same
high2860.txt_q2,A_three_valid_all_same
high2860.txt_q3,A_three_valid_all_same
high2864.txt_q0,A_three_valid_all_same
high2864.txt_q1,A_three_valid_all_same
high2864.txt_q2,A_three_valid_all_same
high2864.txt_q3,A_three_valid_all_same
high2900.txt_q0,A_three_valid_all_same
high2900.txt_q1,A_three_valid_all_same
high2900.txt_q2,A_three_valid_all_same
high2900.txt_q3,B_three_valid_exactly_two_same
high2901.txt_q0,A_three_valid_all_same
high2901.txt_q1,A_three_valid_all_same
high2901.txt_q2,A_three_valid_all_same
high2940.txt_q0,A_three_valid_all_same
high2940.txt_q1,A_three_valid_all_same
high2940.txt_q2,A_three_valid_all_same
high2940.txt_q3,A_three_valid_all_same
high2940.txt_q4,A_three_valid_all_same
high2966.txt_q0,A_three_valid_all_same
high2966.txt_q1,A_three_valid_all_same
high2966.txt_q2,A_three_valid_all_same
high2966.txt_q3,A_three_valid_all_same
high2966.txt_q4,A_three_valid_all_same
high3000.txt_q0,A_three_valid_all_same
high3000.txt_q1,A_three_valid_all_same
high3000.txt_q2,A_three_valid_all_same
high3000.txt_q3,A_three_valid_all_same
high3026.txt_q0,A_three_valid_all_same
high3026.txt_q1,A_three_valid_all_same
high3037.txt_q0,A_three_valid_all_same
high3037.txt_q1,A_three_valid_all_same
high3037.txt_q2,A_three_valid_all_same
high3037.txt_q3,A_three_valid_all_same
high3037.txt_q4,B_three_valid_exactly_two_same
high3049.txt_q0,A_three_valid_all_same
high3049.txt_q1,A_three_valid_all_same
high3049.txt_q2,A_three_valid_all_same
high306.txt_q0,A_three_valid_all_same
high306.txt_q1,A_three_valid_all_same
high306.txt_q2,A_three_valid_all_same
high306.txt_q3,A_three_valid_all_same
high3083.txt_q0,A_three_valid_all_same
high3083.txt_q1,B_three_valid_exactly_two_same
high3083.txt_q2,A_three_valid_all_same
high3083.txt_q3,A_three_valid_all_same
high309.txt_q0,A_three_valid_all_same
high309.txt_q1,A_three_valid_all_same
high309.txt_q2,B_three_valid_exactly_two_same
high309.txt_q3,A_three_valid_all_same
high310.txt_q0,A_three_valid_all_same
high310.txt_q1,A_three_valid_all_same
high310.txt_q2,A_three_valid_all_same
high310.txt_q3,A_three_valid_all_same
high3144.txt_q0,B_three_valid_exactly_two_same
high3144.txt_q1,A_three_valid_all_same
high3144.txt_q2,B_three_valid_exactly_two_same
high3144.txt_q3,B_three_valid_exactly_two_same
high3152.txt_q0,B_three_valid_exactly_two_same
high3152.txt_q1,A_three_valid_all_same
high3152.txt_q2,A_three_valid_all_same
high3163.txt_q0,A_three_valid_all_same
high3163.txt_q1,A_three_valid_all_same
high3163.txt_q2,B_three_valid_exactly_two_same
high3163.txt_q3,B_three_valid_exactly_two_same
high318.txt_q0,A_three_valid_all_same
high318.txt_q1,A_three_valid_all_same
high3189.txt_q0,B_three_valid_exactly_two_same
high3189.txt_q1,A_three_valid_all_same
high3189.txt_q2,B_three_valid_exactly_two_same
high3262.txt_q0,A_three_valid_all_same
high3262.txt_q1,A_three_valid_all_same
high3275.txt_q0,A_three_valid_all_same
high3275.txt_q1,A_three_valid_all_same
high3326.txt_q0,A_three_valid_all_same
high3326.txt_q1,A_three_valid_all_same
high3411.txt_q0,A_three_valid_all_same
high3411.txt_q1,A_three_valid_all_same
high3411.txt_q2,A_three_valid_all_same
high346.txt_q0,A_three_valid_all_same
high346.txt_q1,A_three_valid_all_same
high346.txt_q2,A_three_valid_all_same
high346.txt_q3,A_three_valid_all_same
high3462.txt_q0,A_three_valid_all_same
high3462.txt_q1,A_three_valid_all_same
high3471.txt_q0,A_three_valid_all_same
high3471.txt_q1,A_three_valid_all_same
high3499.txt_q0,A_three_valid_all_same
high3499.txt_q1,A_three_valid_all_same
high3499.txt_q2,A_three_valid_all_same
high3499.txt_q3,A_three_valid_all_same
high3499.txt_q4,A_three_valid_all_same
high3507.txt_q0,A_three_valid_all_same
high3507.txt_q1,A_three_valid_all_same
high3507.txt_q2,A_three_valid_all_same
high3513.txt_q0,B_three_valid_exactly_two_same
high3513.txt_q1,A_three_valid_all_same
high3527.txt_q0,A_three_valid_all_same
high3527.txt_q1,A_three_valid_all_same
high3527.txt_q2,A_three_valid_all_same
high3527.txt_q3,A_three_valid_all_same
high3527.txt_q4,A_three_valid_all_same
high353.txt_q0,A_three_valid_all_same
high353.txt_q1,B_three_valid_exactly_two_same
high353.txt_q2,A_three_valid_all_same
high3538.txt_q0,A_three_valid_all_same
high3538.txt_q1,A_three_valid_all_same
high3538.txt_q2,A_three_valid_all_same
high3547.txt_q0,A_three_valid_all_same
high3547.txt_q1,A_three_valid_all_same
high3547.txt_q2,A_three_valid_all_same
high3547.txt_q3,A_three_valid_all_same
high3560.txt_q0,A_three_valid_all_same
high3560.txt_q1,A_three_valid_all_same
high3560.txt_q2,A_three_valid_all_same
high3560.txt_q3,A_three_valid_all_same
high3575.txt_q0,A_three_valid_all_same
high3575.txt_q1,A_three_valid_all_same
high3575.txt_q2,A_three_valid_all_same
high3575.txt_q3,A_three_valid_all_same
high3624.txt_q0,B_three_valid_exactly_two_same
high3624.txt_q1,A_three_valid_all_same
high3624.txt_q2,A_three_valid_all_same
high3720.txt_q0,A_three_valid_all_same
high3720.txt_q1,A_three_valid_all_same
high3720.txt_q2,A_three_valid_all_same
high3765.txt_q0,A_three_valid_all_same
high3765.txt_q1,A_three_valid_all_same
high3765.txt_q2,A_three_valid_all_same
high3765.txt_q3,A_three_valid_all_same
high3783.txt_q0,A_three_valid_all_same
high3783.txt_q1,A_three_valid_all_same
high3783.txt_q2,A_three_valid_all_same
high3790.txt_q0,A_three_valid_all_same
high3790.txt_q1,A_three_valid_all_same
high3790.txt_q2,A_three_valid_all_same
high3790.txt_q3,A_three_valid_all_same
high380.txt_q0,A_three_valid_all_same
high380.txt_q1,A_three_valid_all_same
high380.txt_q2,A_three_valid_all_same
high380.txt_q3,A_three_valid_all_same
high3808.txt_q0,A_three_valid_all_same
high3808.txt_q1,A_three_valid_all_same
high3808.txt_q2,A_three_valid_all_same
high3808.txt_q3,A_three_valid_all_same
high3879.txt_q0,A_three_valid_all_same
high3879.txt_q1,A_three_valid_all_same
high3879.txt_q2,A_three_valid_all_same
high3879.txt_q3,A_three_valid_all_same
high394.txt_q0,A_three_valid_all_same
high394.txt_q1,A_three_valid_all_same
high394.txt_q2,A_three_valid_all_same
high3974.txt_q0,A_three_valid_all_same
high3974.txt_q1,A_three_valid_all_same
high3974.txt_q2,A_three_valid_all_same
high4005.txt_q0,A_three_valid_all_same
high4005.txt_q1,A_three_valid_all_same
high4050.txt_q0,A_three_valid_all_same
high4050.txt_q1,A_three_valid_all_same
high4095.txt_q0,A_three_valid_all_same
high4095.txt_q1,B_three_valid_exactly_two_same
high4095.txt_q2,A_three_valid_all_same
high4095.txt_q3,A_three_valid_all_same
high4107.txt_q0,A_three_valid_all_same
high4107.txt_q1,A_three_valid_all_same
high4107.txt_q2,A_three_valid_all_same
high4107.txt_q3,A_three_valid_all_same
high417.txt_q0,A_three_valid_all_same
high417.txt_q1,A_three_valid_all_same
high417.txt_q2,B_three_valid_exactly_two_same
high4204.txt_q0,A_three_valid_all_same
high4204.txt_q1,A_three_valid_all_same
high4204.txt_q2,A_three_valid_all_same
high4204.txt_q3,A_three_valid_all_same
high4281.txt_q0,A_three_valid_all_same
high4281.txt_q1,A_three_valid_all_same
high4301.txt_q0,A_three_valid_all_same
high4301.txt_q1,A_three_valid_all_same
high4301.txt_q2,A_three_valid_all_same
high4301.txt_q3,A_three_valid_all_same
high4334.txt_q0,B_three_valid_exactly_two_same
high4334.txt_q1,A_three_valid_all_same
high4334.txt_q2,A_three_valid_all_same
high4334.txt_q3,B_three_valid_exactly_two_same
high4369.txt_q0,A_three_valid_all_same
high4369.txt_q1,A_three_valid_all_same
high4369.txt_q2,A_three_valid_all_same
high4369.txt_q3,B_three_valid_exactly_two_same
high4372.txt_q0,A_three_valid_all_same
high4372.txt_q1,A_three_valid_all_same
high4372.txt_q2,A_three_valid_all_same
high4500.txt_q0,A_three_valid_all_same
high4500.txt_q1,A_three_valid_all_same
high4500.txt_q2,A_three_valid_all_same
high4500.txt_q3,A_three_valid_all_same
high4505.txt_q0,A_three_valid_all_same
high4505.txt_q1,A_three_valid_all_same
high4505.txt_q2,A_three_valid_all_same
high4505.txt_q3,A_three_valid_all_same
high4520.txt_q0,A_three_valid_all_same
high4520.txt_q1,A_three_valid_all_same
high4520.txt_q2,A_three_valid_all_same
high4520.txt_q3,B_three_valid_exactly_two_same
high4567.txt_q0,A_three_valid_all_same
high4567.txt_q1,A_three_valid_all_same
high4567.txt_q2,A_three_valid_all_same
high4567.txt_q3,B_three_valid_exactly_two_same
high4568.txt_q0,A_three_valid_all_same
high4568.txt_q1,A_three_valid_all_same
high4568.txt_q2,A_three_valid_all_same
high4568.txt_q3,A_three_valid_all_same
high4613.txt_q0,A_three_valid_all_same
high4613.txt_q1,A_three_valid_all_same
high4613.txt_q2,A_three_valid_all_same
high4613.txt_q3,A_three_valid_all_same
high4619.txt_q0,B_three_valid_exactly_two_same
high4619.txt_q1,A_three_valid_all_same
high4619.txt_q2,A_three_valid_all_same
high4619.txt_q3,A_three_valid_all_same
high4625.txt_q0,A_three_valid_all_same
high4625.txt_q1,A_three_valid_all_same
high4625.txt_q2,A_three_valid_all_same
high4625.txt_q3,A_three_valid_all_same
high4625.txt_q4,A_three_valid_all_same
high4646.txt_q0,A_three_valid_all_same
high4646.txt_q1,A_three_valid_all_same
high4646.txt_q2,A_three_valid_all_same
high4646.txt_q3,A_three_valid_all_same
high4656.txt_q0,A_three_valid_all_same
high4656.txt_q1,A_three_valid_all_same
high4656.txt_q2,A_three_valid_all_same
high4657.txt_q0,A_three_valid_all_same
high4657.txt_q1,A_three_valid_all_same
high4674.txt_q0,A_three_valid_all_same
high4674.txt_q1,A_three_valid_all_same
high4699.txt_q0,A_three_valid_all_same
high4699.txt_q1,A_three_valid_all_same
high4699.txt_q2,A_three_valid_all_same
high4701.txt_q0,A_three_valid_all_same
high4701.txt_q1,A_three_valid_all_same
high4701.txt_q2,A_three_valid_all_same
high4701.txt_q3,A_three_valid_all_same
high4716.txt_q0,A_three_valid_all_same
high4716.txt_q1,A_three_valid_all_same
high4716.txt_q2,A_three_valid_all_same
high4716.txt_q3,A_three_valid_all_same
high4749.txt_q0,A_three_valid_all_same
high4749.txt_q1,A_three_valid_all_same
high4749.txt_q2,A_three_valid_all_same
high4756.txt_q0,A_three_valid_all_same
high4756.txt_q1,A_three_valid_all_same
high4756.txt_q2,A_three_valid_all_same
high4767.txt_q0,A_three_valid_all_same
high4767.txt_q1,A_three_valid_all_same
high4767.txt_q2,A_three_valid_all_same
high4767.txt_q3,A_three_valid_all_same
high4779.txt_q0,A_three_valid_all_same
high4779.txt_q1,A_three_valid_all_same
high4779.txt_q2,A_three_valid_all_same
high4783.txt_q0,A_three_valid_all_same
high4783.txt_q1,A_three_valid_all_same
high4783.txt_q2,A_three_valid_all_same
high4783.txt_q3,A_three_valid_all_same
high4808.txt_q0,A_three_valid_all_same
high4808.txt_q1,A_three_valid_all_same
high4808.txt_q2,A_three_valid_all_same
high4821.txt_q0,A_three_valid_all_same
high4821.txt_q1,A_three_valid_all_same
high4821.txt_q2,A_three_valid_all_same
high4821.txt_q3,A_three_valid_all_same
high4829.txt_q0,A_three_valid_all_same
high4829.txt_q1,A_three_valid_all_same
high4829.txt_q2,A_three_valid_all_same
high4837.txt_q0,A_three_valid_all_same
high4837.txt_q1,A_three_valid_all_same
high4837.txt_q2,B_three_valid_exactly_two_same
high4839.txt_q0,A_three_valid_all_same
high4839.txt_q1,A_three_valid_all_same
high4839.txt_q2,A_three_valid_all_same
high4839.txt_q3,A_three_valid_all_same
high4889.txt_q0,A_three_valid_all_same
high4889.txt_q1,A_three_valid_all_same
high4889.txt_q2,A_three_valid_all_same
high4889.txt_q3,A_three_valid_all_same
high4915.txt_q0,A_three_valid_all_same
high4915.txt_q1,A_three_valid_all_same
high4915.txt_q2,B_three_valid_exactly_two_same
high4931.txt_q0,A_three_valid_all_same
high4931.txt_q1,A_three_valid_all_same
high4931.txt_q2,A_three_valid_all_same
high4951.txt_q0,A_three_valid_all_same
high4951.txt_q1,A_three_valid_all_same
high4955.txt_q0,A_three_valid_all_same
high4955.txt_q1,A_three_valid_all_same
high4955.txt_q2,A_three_valid_all_same
high4955.txt_q3,A_three_valid_all_same
high4957.txt_q0,A_three_valid_all_same
high4957.txt_q1,B_three_valid_exactly_two_same
high4957.txt_q2,A_three_valid_all_same
high4964.txt_q0,A_three_valid_all_same
high4964.txt_q1,A_three_valid_all_same
high4964.txt_q2,A_three_valid_all_same
high4964.txt_q3,A_three_valid_all_same
high4968.txt_q0,A_three_valid_all_same
high4968.txt_q1,A_three_valid_all_same
high4968.txt_q2,A_three_valid_all_same
high4986.txt_q0,A_three_valid_all_same
high4986.txt_q1,A_three_valid_all_same
high4986.txt_q2,B_three_valid_exactly_two_same
high4986.txt_q3,A_three_valid_all_same
high4986.txt_q4,A_three_valid_all_same
high5004.txt_q0,A_three_valid_all_same
high5004.txt_q1,A_three_valid_all_same
high5004.txt_q2,B_three_valid_exactly_two_same
high5060.txt_q0,A_three_valid_all_same
high5060.txt_q1,A_three_valid_all_same
high5060.txt_q2,B_three_valid_exactly_two_same
high5086.txt_q0,A_three_valid_all_same
high5086.txt_q1,A_three_valid_all_same
high5086.txt_q2,B_three_valid_exactly_two_same
high5102.txt_q0,A_three_valid_all_same
high5102.txt_q1,B_three_valid_exactly_two_same
high5102.txt_q2,A_three_valid_all_same
high5102.txt_q3,A_three_valid_all_same
high5123.txt_q0,A_three_valid_all_same
high5123.txt_q1,A_three_valid_all_same
high5123.txt_q2,A_three_valid_all_same
high5198.txt_q0,A_three_valid_all_same
high5198.txt_q1,A_three_valid_all_same
high5198.txt_q2,A_three_valid_all_same
high5202.txt_q0,A_three_valid_all_same
high5202.txt_q1,A_three_valid_all_same
high5202.txt_q2,B_three_valid_exactly_two_same
high5202.txt_q3,A_three_valid_all_same
high5222.txt_q0,A_three_valid_all_same
high5222.txt_q1,A_three_valid_all_same
high5222.txt_q2,A_three_valid_all_same
high5246.txt_q0,A_three_valid_all_same
high5246.txt_q1,A_three_valid_all_same
high5246.txt_q2,A_three_valid_all_same
high5246.txt_q3,A_three_valid_all_same
high5246.txt_q4,A_three_valid_all_same
high5252.txt_q0,A_three_valid_all_same
high5252.txt_q1,A_three_valid_all_same
high5252.txt_q2,C_three_valid_all_different
high5252.txt_q3,A_three_valid_all_same
high5262.txt_q0,A_three_valid_all_same
high5262.txt_q1,A_three_valid_all_same
high5262.txt_q2,A_three_valid_all_same
high5262.txt_q3,B_three_valid_exactly_two_same
high5262.txt_q4,A_three_valid_all_same
high5270.txt_q0,A_three_valid_all_same
high5270.txt_q1,A_three_valid_all_same
high5270.txt_q2,A_three_valid_all_same
high5272.txt_q0,A_three_valid_all_same
high5272.txt_q1,A_three_valid_all_same
high5272.txt_q2,A_three_valid_all_same
high5272.txt_q3,A_three_valid_all_same
high5285.txt_q0,A_three_valid_all_same
high5285.txt_q1,A_three_valid_all_same
high5285.txt_q2,B_three_valid_exactly_two_same
high5285.txt_q3,A_three_valid_all_same
high5299.txt_q0,A_three_valid_all_same
high5299.txt_q1,A_three_valid_all_same
high5299.txt_q2,A_three_valid_all_same
high5300.txt_q0,A_three_valid_all_same
high5300.txt_q1,A_three_valid_all_same
high5300.txt_q2,A_three_valid_all_same
high5300.txt_q3,A_three_valid_all_same
high5302.txt_q0,B_three_valid_exactly_two_same
high5302.txt_q1,A_three_valid_all_same
high5302.txt_q2,B_three_valid_exactly_two_same
high5308.txt_q0,A_three_valid_all_same
high5308.txt_q1,A_three_valid_all_same
high5308.txt_q2,A_three_valid_all_same
high5308.txt_q3,A_three_valid_all_same
high5361.txt_q0,A_three_valid_all_same
high5361.txt_q1,A_three_valid_all_same
high5361.txt_q2,A_three_valid_all_same
high5381.txt_q0,B_three_valid_exactly_two_same
high5381.txt_q1,A_three_valid_all_same
high5389.txt_q0,A_three_valid_all_same
high5400.txt_q0,A_three_valid_all_same
high5400.txt_q1,A_three_valid_all_same
high5400.txt_q2,A_three_valid_all_same
high5402.txt_q0,A_three_valid_all_same
high5402.txt_q1,A_three_valid_all_same
high5418.txt_q0,A_three_valid_all_same
high5418.txt_q1,A_three_valid_all_same
high5436.txt_q0,A_three_valid_all_same
high5436.txt_q1,A_three_valid_all_same
high5436.txt_q2,A_three_valid_all_same
high5436.txt_q3,A_three_valid_all_same
high5480.txt_q0,A_three_valid_all_same
high5480.txt_q1,A_three_valid_all_same
high5480.txt_q2,A_three_valid_all_same
high554.txt_q0,A_three_valid_all_same
high554.txt_q1,A_three_valid_all_same
high554.txt_q2,A_three_valid_all_same
high554.txt_q3,B_three_valid_exactly_two_same
high5540.txt_q0,A_three_valid_all_same
high5540.txt_q1,A_three_valid_all_same
high5540.txt_q2,A_three_valid_all_same
high5562.txt_q0,A_three_valid_all_same
high5562.txt_q1,A_three_valid_all_same
high5562.txt_q2,A_three_valid_all_same
high5574.txt_q0,A_three_valid_all_same
high5574.txt_q1,A_three_valid_all_same
high5574.txt_q2,A_three_valid_all_same
high5625.txt_q0,A_three_valid_all_same
high5625.txt_q1,A_three_valid_all_same
high5625.txt_q2,A_three_valid_all_same
high5625.txt_q3,A_three_valid_all_same
high5653.txt_q0,A_three_valid_all_same
high5653.txt_q1,A_three_valid_all_same
high5653.txt_q2,A_three_valid_all_same
high5687.txt_q0,A_three_valid_all_same
high5687.txt_q1,A_three_valid_all_same
high5687.txt_q2,A_three_valid_all_same
high5687.txt_q3,A_three_valid_all_same
high5687.txt_q4,B_three_valid_exactly_two_same
high5733.txt_q0,A_three_valid_all_same
high5733.txt_q1,A_three_valid_all_same
high5733.txt_q2,B_three_valid_exactly_two_same
high5733.txt_q3,A_three_valid_all_same
high5733.txt_q4,A_three_valid_all_same
high5756.txt_q0,A_three_valid_all_same
high5780.txt_q0,A_three_valid_all_same
high5780.txt_q1,A_three_valid_all_same
high5780.txt_q2,A_three_valid_all_same
high5780.txt_q3,A_three_valid_all_same
high5784.txt_q0,A_three_valid_all_same
high5784.txt_q1,A_three_valid_all_same
high5784.txt_q2,A_three_valid_all_same
high5784.txt_q3,A_three_valid_all_same
high5791.txt_q0,A_three_valid_all_same
high5791.txt_q1,A_three_valid_all_same
high5791.txt_q2,A_three_valid_all_same
high5804.txt_q0,B_three_valid_exactly_two_same
high5804.txt_q1,A_three_valid_all_same
high5804.txt_q2,B_three_valid_exactly_two_same
high5808.txt_q0,A_three_valid_all_same
high5808.txt_q1,A_three_valid_all_same
high5808.txt_q2,A_three_valid_all_same
high5837.txt_q0,A_three_valid_all_same
high5837.txt_q1,A_three_valid_all_same
high5837.txt_q2,A_three_valid_all_same
high5837.txt_q3,A_three_valid_all_same
high5870.txt_q0,A_three_valid_all_same
high5870.txt_q1,A_three_valid_all_same
high5870.txt_q2,A_three_valid_all_same
high5874.txt_q0,B_three_valid_exactly_two_same
high5874.txt_q1,A_three_valid_all_same
high5874.txt_q2,A_three_valid_all_same
high5874.txt_q3,A_three_valid_all_same
high5887.txt_q0,A_three_valid_all_same
high5887.txt_q1,A_three_valid_all_same
high5887.txt_q2,A_three_valid_all_same
high5887.txt_q3,A_three_valid_all_same
high5941.txt_q0,A_three_valid_all_same
high5941.txt_q1,A_three_valid_all_same
high5941.txt_q2,A_three_valid_all_same
high5941.txt_q3,A_three_valid_all_same
high597.txt_q0,A_three_valid_all_same
high597.txt_q1,B_three_valid_exactly_two_same
high597.txt_q2,A_three_valid_all_same
high598.txt_q0,A_three_valid_all_same
high598.txt_q1,A_three_valid_all_same
high598.txt_q2,A_three_valid_all_same
high598.txt_q3,B_three_valid_exactly_two_same
high6008.txt_q0,A_three_valid_all_same
high6008.txt_q1,A_three_valid_all_same
high6008.txt_q2,A_three_valid_all_same
high6008.txt_q3,B_three_valid_exactly_two_same
high6008.txt_q4,B_three_valid_exactly_two_same
high6009.txt_q0,A_three_valid_all_same
high6009.txt_q1,A_three_valid_all_same
high6009.txt_q2,A_three_valid_all_same
high6009.txt_q3,A_three_valid_all_same
high6015.txt_q0,A_three_valid_all_same
high6015.txt_q1,A_three_valid_all_same
high6044.txt_q0,A_three_valid_all_same
high6044.txt_q1,A_three_valid_all_same
high6044.txt_q2,A_three_valid_all_same
high6044.txt_q3,A_three_valid_all_same
high6053.txt_q0,A_three_valid_all_same
high6053.txt_q1,A_three_valid_all_same
high6053.txt_q2,A_three_valid_all_same
high6053.txt_q3,A_three_valid_all_same
high6064.txt_q0,A_three_valid_all_same
high6064.txt_q1,A_three_valid_all_same
high6064.txt_q2,A_three_valid_all_same
high6064.txt_q3,A_three_valid_all_same
high6064.txt_q4,A_three_valid_all_same
high6087.txt_q0,A_three_valid_all_same
high6087.txt_q1,A_three_valid_all_same
high6087.txt_q2,A_three_valid_all_same
high6152.txt_q0,A_three_valid_all_same
high6152.txt_q1,B_three_valid_exactly_two_same
high6175.txt_q0,B_three_valid_exactly_two_same
high6175.txt_q1,A_three_valid_all_same
high6175.txt_q2,A_three_valid_all_same
high6182.txt_q0,B_three_valid_exactly_two_same
high6182.txt_q1,A_three_valid_all_same
high6182.txt_q2,A_three_valid_all_same
high6248.txt_q0,A_three_valid_all_same
high6248.txt_q1,A_three_valid_all_same
high6248.txt_q2,A_three_valid_all_same
high6249.txt_q0,A_three_valid_all_same
high6249.txt_q1,A_three_valid_all_same
high6249.txt_q2,A_three_valid_all_same
high6260.txt_q0,A_three_valid_all_same
high6260.txt_q1,A_three_valid_all_same
high6260.txt_q2,A_three_valid_all_same
high6260.txt_q3,A_three_valid_all_same
high6274.txt_q0,A_three_valid_all_same
high6274.txt_q1,A_three_valid_all_same
high6298.txt_q0,A_three_valid_all_same
high6298.txt_q1,A_three_valid_all_same
high6298.txt_q2,A_three_valid_all_same
high63.txt_q0,A_three_valid_all_same
high63.txt_q1,A_three_valid_all_same
high63.txt_q2,A_three_valid_all_same
high63.txt_q3,A_three_valid_all_same
high6313.txt_q0,A_three_valid_all_same
high6313.txt_q1,A_three_valid_all_same
high6313.txt_q2,A_three_valid_all_same
high6313.txt_q3,A_three_valid_all_same
high6326.txt_q0,A_three_valid_all_same
high6326.txt_q1,A_three_valid_all_same
high6326.txt_q2,A_three_valid_all_same
high6331.txt_q0,A_three_valid_all_same
high6331.txt_q1,A_three_valid_all_same
high6331.txt_q2,A_three_valid_all_same
high6348.txt_q0,A_three_valid_all_same
high6348.txt_q1,A_three_valid_all_same
high6348.txt_q2,A_three_valid_all_same
high6348.txt_q3,A_three_valid_all_same
high6352.txt_q0,A_three_valid_all_same
high6352.txt_q1,A_three_valid_all_same
high6352.txt_q2,A_three_valid_all_same
high6352.txt_q3,A_three_valid_all_same
high6372.txt_q0,A_three_valid_all_same
high6384.txt_q0,A_three_valid_all_same
high6384.txt_q1,A_three_valid_all_same
high6384.txt_q2,A_three_valid_all_same
high6396.txt_q0,A_three_valid_all_same
high6396.txt_q1,A_three_valid_all_same
high6396.txt_q2,A_three_valid_all_same
high6396.txt_q3,A_three_valid_all_same
high6397.txt_q0,B_three_valid_exactly_two_same
high6397.txt_q1,A_three_valid_all_same
high6397.txt_q2,A_three_valid_all_same
high6426.txt_q0,A_three_valid_all_same
high6426.txt_q1,A_three_valid_all_same
high6426.txt_q2,A_three_valid_all_same
high6429.txt_q0,A_three_valid_all_same
high6447.txt_q0,A_three_valid_all_same
high6447.txt_q1,A_three_valid_all_same
high6447.txt_q2,A_three_valid_all_same
high6473.txt_q0,A_three_valid_all_same
high6473.txt_q1,A_three_valid_all_same
high6473.txt_q2,A_three_valid_all_same
high6473.txt_q3,A_three_valid_all_same
high6488.txt_q0,A_three_valid_all_same
high6488.txt_q1,B_three_valid_exactly_two_same
high6488.txt_q2,A_three_valid_all_same
high6488.txt_q3,A_three_valid_all_same
high6527.txt_q0,A_three_valid_all_same
high6527.txt_q1,A_three_valid_all_same
high6527.txt_q2,A_three_valid_all_same
high6551.txt_q0,A_three_valid_all_same
high6551.txt_q1,A_three_valid_all_same
high6551.txt_q2,A_three_valid_all_same
high6551.txt_q3,A_three_valid_all_same
high6553.txt_q0,A_three_valid_all_same
high6553.txt_q1,A_three_valid_all_same
high6553.txt_q2,A_three_valid_all_same
high6553.txt_q3,A_three_valid_all_same
high657.txt_q0,A_three_valid_all_same
high657.txt_q1,A_three_valid_all_same
high657.txt_q2,A_three_valid_all_same
high6574.txt_q0,A_three_valid_all_same
high6574.txt_q1,A_three_valid_all_same
high6574.txt_q2,A_three_valid_all_same
high6587.txt_q0,A_three_valid_all_same
high6587.txt_q1,A_three_valid_all_same
high6607.txt_q0,A_three_valid_all_same
high6607.txt_q1,A_three_valid_all_same
high6607.txt_q2,A_three_valid_all_same
high6607.txt_q3,A_three_valid_all_same
high6608.txt_q0,A_three_valid_all_same
high6608.txt_q1,A_three_valid_all_same
high6608.txt_q2,A_three_valid_all_same
high6608.txt_q3,A_three_valid_all_same
high6612.txt_q0,A_three_valid_all_same
high6612.txt_q1,A_three_valid_all_same
high6612.txt_q2,A_three_valid_all_same
high6612.txt_q3,A_three_valid_all_same
high6614.txt_q0,A_three_valid_all_same
high6614.txt_q1,A_three_valid_all_same
high6649.txt_q0,A_three_valid_all_same
high6649.txt_q1,A_three_valid_all_same
high6649.txt_q2,A_three_valid_all_same
high667.txt_q0,A_three_valid_all_same
high667.txt_q1,A_three_valid_all_same
high667.txt_q2,A_three_valid_all_same
high6683.txt_q0,A_three_valid_all_same
high6683.txt_q1,B_three_valid_exactly_two_same
high6683.txt_q2,B_three_valid_exactly_two_same
high6702.txt_q0,A_three_valid_all_same
high6702.txt_q1,A_three_valid_all_same
high6702.txt_q2,A_three_valid_all_same
high6702.txt_q3,A_three_valid_all_same
high674.txt_q0,A_three_valid_all_same
high674.txt_q1,A_three_valid_all_same
high674.txt_q2,A_three_valid_all_same
high6751.txt_q0,A_three_valid_all_same
high6751.txt_q1,A_three_valid_all_same
high6751.txt_q2,A_three_valid_all_same
high6763.txt_q0,A_three_valid_all_same
high6763.txt_q1,A_three_valid_all_same
high6763.txt_q2,A_three_valid_all_same
high6763.txt_q3,A_three_valid_all_same
high677.txt_q0,A_three_valid_all_same
high677.txt_q1,A_three_valid_all_same
high677.txt_q2,A_three_valid_all_same
high677.txt_q3,A_three_valid_all_same
high6775.txt_q0,A_three_valid_all_same
high6775.txt_q1,B_three_valid_exactly_two_same
high6775.txt_q2,A_three_valid_all_same
high6775.txt_q3,A_three_valid_all_same
high6801.txt_q0,A_three_valid_all_same
high6801.txt_q1,A_three_valid_all_same
high6814.txt_q0,B_three_valid_exactly_two_same
high6814.txt_q1,A_three_valid_all_same
high6814.txt_q2,A_three_valid_all_same
high6814.txt_q3,A_three_valid_all_same
high6838.txt_q0,A_three_valid_all_same
high6855.txt_q0,A_three_valid_all_same
high6855.txt_q1,A_three_valid_all_same
high6855.txt_q2,A_three_valid_all_same
high6855.txt_q3,A_three_valid_all_same
high6903.txt_q0,A_three_valid_all_same
high6903.txt_q1,A_three_valid_all_same
high6903.txt_q2,A_three_valid_all_same
high6915.txt_q0,A_three_valid_all_same
high6915.txt_q1,A_three_valid_all_same
high6915.txt_q2,A_three_valid_all_same
high6915.txt_q3,A_three_valid_all_same
high6964.txt_q0,A_three_valid_all_same
high6964.txt_q1,A_three_valid_all_same
high6964.txt_q2,A_three_valid_all_same
high6973.txt_q0,A_three_valid_all_same
high6973.txt_q1,A_three_valid_all_same
high6973.txt_q2,A_three_valid_all_same
high6973.txt_q3,A_three_valid_all_same
high7006.txt_q0,B_three_valid_exactly_two_same
high7006.txt_q1,A_three_valid_all_same
high7006.txt_q2,A_three_valid_all_same
high7037.txt_q0,A_three_valid_all_same
high7037.txt_q1,A_three_valid_all_same
high7056.txt_q0,A_three_valid_all_same
high7056.txt_q1,A_three_valid_all_same
high7056.txt_q2,A_three_valid_all_same
high7056.txt_q3,B_three_valid_exactly_two_same
high7083.txt_q0,A_three_valid_all_same
high7083.txt_q1,A_three_valid_all_same
high7083.txt_q2,A_three_valid_all_same
high7085.txt_q0,A_three_valid_all_same
high7085.txt_q1,A_three_valid_all_same
high7085.txt_q2,A_three_valid_all_same
high7101.txt_q0,A_three_valid_all_same
high7101.txt_q1,A_three_valid_all_same
high7101.txt_q2,A_three_valid_all_same
high7190.txt_q0,A_three_valid_all_same
high7190.txt_q1,A_three_valid_all_same
high7190.txt_q2,A_three_valid_all_same
high7190.txt_q3,A_three_valid_all_same
high7197.txt_q0,A_three_valid_all_same
high7197.txt_q1,B_three_valid_exactly_two_same
high7197.txt_q2,A_three_valid_all_same
high721.txt_q0,A_three_valid_all_same
high721.txt_q1,A_three_valid_all_same
high721.txt_q2,A_three_valid_all_same
high7218.txt_q0,A_three_valid_all_same
high7218.txt_q1,A_three_valid_all_same
high7218.txt_q2,A_three_valid_all_same
high7252.txt_q0,A_three_valid_all_same
high7252.txt_q1,A_three_valid_all_same
high7252.txt_q2,A_three_valid_all_same
high7271.txt_q0,A_three_valid_all_same
high7300.txt_q0,A_three_valid_all_same
high7300.txt_q1,A_three_valid_all_same
high7300.txt_q2,A_three_valid_all_same
high7363.txt_q0,A_three_valid_all_same
high7363.txt_q1,A_three_valid_all_same
high7363.txt_q2,A_three_valid_all_same
high7363.txt_q3,A_three_valid_all_same
high7418.txt_q0,A_three_valid_all_same
high7418.txt_q1,A_three_valid_all_same
high7418.txt_q2,A_three_valid_all_same
high7445.txt_q0,A_three_valid_all_same
high7445.txt_q1,A_three_valid_all_same
high7445.txt_q2,A_three_valid_all_same
high7445.txt_q3,A_three_valid_all_same
high7451.txt_q0,A_three_valid_all_same
high7451.txt_q1,A_three_valid_all_same
high7451.txt_q2,A_three_valid_all_same
high7451.txt_q3,A_three_valid_all_same
high7462.txt_q0,A_three_valid_all_same
high7462.txt_q1,A_three_valid_all_same
high7462.txt_q2,A_three_valid_all_same
high7462.txt_q3,A_three_valid_all_same
high7463.txt_q0,A_three_valid_all_same
high7463.txt_q1,A_three_valid_all_same
high7463.txt_q2,A_three_valid_all_same
high7481.txt_q0,A_three_valid_all_same
high7481.txt_q1,A_three_valid_all_same
high7481.txt_q2,A_three_valid_all_same
high7481.txt_q3,B_three_valid_exactly_two_same
high7487.txt_q0,A_three_valid_all_same
high7487.txt_q1,A_three_valid_all_same
high7487.txt_q2,A_three_valid_all_same
high7487.txt_q3,B_three_valid_exactly_two_same
high7487.txt_q4,A_three_valid_all_same
high7491.txt_q0,B_three_valid_exactly_two_same
high7491.txt_q1,A_three_valid_all_same
high7491.txt_q2,A_three_valid_all_same
high7491.txt_q3,A_three_valid_all_same
high7495.txt_q0,A_three_valid_all_same
high7495.txt_q1,A_three_valid_all_same
high7495.txt_q2,A_three_valid_all_same
high75.txt_q0,A_three_valid_all_same
high75.txt_q1,A_three_valid_all_same
high75.txt_q2,A_three_valid_all_same
high7514.txt_q0,A_three_valid_all_same
high7514.txt_q1,A_three_valid_all_same
high7514.txt_q2,B_three_valid_exactly_two_same
high7524.txt_q0,C_three_valid_all_different
high7524.txt_q1,B_three_valid_exactly_two_same
high7524.txt_q2,A_three_valid_all_same
high7574.txt_q0,A_three_valid_all_same
high7574.txt_q1,A_three_valid_all_same
high7574.txt_q2,A_three_valid_all_same
high7588.txt_q0,A_three_valid_all_same
high7588.txt_q1,A_three_valid_all_same
high7588.txt_q2,A_three_valid_all_same
high7588.txt_q3,A_three_valid_all_same
high7588.txt_q4,A_three_valid_all_same
high760.txt_q0,A_three_valid_all_same
high760.txt_q1,A_three_valid_all_same
high760.txt_q2,A_three_valid_all_same
high760.txt_q3,A_three_valid_all_same
high763.txt_q0,A_three_valid_all_same
high763.txt_q1,A_three_valid_all_same
high763.txt_q2,A_three_valid_all_same
high763.txt_q3,A_three_valid_all_same
high7637.txt_q0,A_three_valid_all_same
high7637.txt_q1,A_three_valid_all_same
high7639.txt_q0,A_three_valid_all_same
high7639.txt_q1,A_three_valid_all_same
high7648.txt_q0,A_three_valid_all_same
high7648.txt_q1,A_three_valid_all_same
high7648.txt_q2,A_three_valid_all_same
high7648.txt_q3,A_three_valid_all_same
high7652.txt_q0,A_three_valid_all_same
high7652.txt_q1,A_three_valid_all_same
high7652.txt_q2,A_three_valid_all_same
high7652.txt_q3,A_three_valid_all_same
high7652.txt_q4,A_three_valid_all_same
high7705.txt_q0,A_three_valid_all_same
high7705.txt_q1,B_three_valid_exactly_two_same
high7705.txt_q2,A_three_valid_all_same
high7705.txt_q3,A_three_valid_all_same
high7724.txt_q0,A_three_valid_all_same
high7724.txt_q1,A_three_valid_all_same
high7724.txt_q2,A_three_valid_all_same
high7733.txt_q0,A_three_valid_all_same
high7733.txt_q1,A_three_valid_all_same
high7745.txt_q0,A_three_valid_all_same
high7745.txt_q1,A_three_valid_all_same
high7745.txt_q2,B_three_valid_exactly_two_same
high7752.txt_q0,B_three_valid_exactly_two_same
high7752.txt_q1,A_three_valid_all_same
high7752.txt_q2,A_three_valid_all_same
high7752.txt_q3,A_three_valid_all_same
high7780.txt_q0,A_three_valid_all_same
high7780.txt_q1,A_three_valid_all_same
high7780.txt_q2,A_three_valid_all_same
high7780.txt_q3,A_three_valid_all_same
high7786.txt_q0,A_three_valid_all_same
high7786.txt_q1,A_three_valid_all_same
high7786.txt_q2,A_three_valid_all_same
high7786.txt_q3,A_three_valid_all_same
high7803.txt_q0,A_three_valid_all_same
high7803.txt_q1,A_three_valid_all_same
high7803.txt_q2,A_three_valid_all_same
high7803.txt_q3,A_three_valid_all_same
high7805.txt_q0,A_three_valid_all_same
high7805.txt_q1,A_three_valid_all_same
high7805.txt_q2,A_three_valid_all_same
high7811.txt_q0,A_three_valid_all_same
high7811.txt_q1,A_three_valid_all_same
high7811.txt_q2,A_three_valid_all_same
high7811.txt_q3,A_three_valid_all_same
high782.txt_q0,A_three_valid_all_same
high782.txt_q1,A_three_valid_all_same
high782.txt_q2,A_three_valid_all_same
high782.txt_q3,B_three_valid_exactly_two_same
high782.txt_q4,C_three_valid_all_different
high7822.txt_q0,A_three_valid_all_same
high7822.txt_q1,A_three_valid_all_same
high7822.txt_q2,A_three_valid_all_same
high7822.txt_q3,A_three_valid_all_same
high7827.txt_q0,A_three_valid_all_same
high7827.txt_q1,A_three_valid_all_same
high7827.txt_q2,A_three_valid_all_same
high7827.txt_q3,A_three_valid_all_same
high7852.txt_q0,A_three_valid_all_same
high7852.txt_q1,A_three_valid_all_same
high7852.txt_q2,A_three_valid_all_same
high7890.txt_q0,A_three_valid_all_same
high7890.txt_q1,A_three_valid_all_same
high7896.txt_q0,A_three_valid_all_same
high7896.txt_q1,A_three_valid_all_same
high7896.txt_q2,A_three_valid_all_same
high7944.txt_q0,A_three_valid_all_same
high7944.txt_q1,A_three_valid_all_same
high7944.txt_q2,A_three_valid_all_same
high7944.txt_q3,A_three_valid_all_same
high7998.txt_q0,A_three_valid_all_same
high7998.txt_q1,A_three_valid_all_same
high7998.txt_q2,A_three_valid_all_same
high8046.txt_q0,B_three_valid_exactly_two_same
high8046.txt_q1,A_three_valid_all_same
high8046.txt_q2,A_three_valid_all_same
high8060.txt_q0,A_three_valid_all_same
high8060.txt_q1,A_three_valid_all_same
high8060.txt_q2,A_three_valid_all_same
high8060.txt_q3,A_three_valid_all_same
high8110.txt_q0,A_three_valid_all_same
high8110.txt_q1,A_three_valid_all_same
high8110.txt_q2,A_three_valid_all_same
high8114.txt_q0,A_three_valid_all_same
high8114.txt_q1,A_three_valid_all_same
high8114.txt_q2,A_three_valid_all_same
high8114.txt_q3,A_three_valid_all_same
high8132.txt_q0,A_three_valid_all_same
high8132.txt_q1,A_three_valid_all_same
high8132.txt_q2,A_three_valid_all_same
high8132.txt_q3,A_three_valid_all_same
high8145.txt_q0,A_three_valid_all_same
high8145.txt_q1,A_three_valid_all_same
high8145.txt_q2,A_three_valid_all_same
high8145.txt_q3,A_three_valid_all_same
high8162.txt_q0,A_three_valid_all_same
high8162.txt_q1,A_three_valid_all_same
high8162.txt_q2,A_three_valid_all_same
high818.txt_q0,A_three_valid_all_same
high818.txt_q1,A_three_valid_all_same
high818.txt_q2,A_three_valid_all_same
high8191.txt_q0,A_three_valid_all_same
high8191.txt_q1,A_three_valid_all_same
high8191.txt_q2,A_three_valid_all_same
high8191.txt_q3,A_three_valid_all_same
high8209.txt_q0,A_three_valid_all_same
high8209.txt_q1,A_three_valid_all_same
high8209.txt_q2,A_three_valid_all_same
high8209.txt_q3,A_three_valid_all_same
high8217.txt_q0,A_three_valid_all_same
high8217.txt_q1,A_three_valid_all_same
high8217.txt_q2,B_three_valid_exactly_two_same
high8217.txt_q3,A_three_valid_all_same
high8217.txt_q4,A_three_valid_all_same
high8238.txt_q0,A_three_valid_all_same
high8238.txt_q1,A_three_valid_all_same
high8238.txt_q2,A_three_valid_all_same
high8238.txt_q3,A_three_valid_all_same
high8282.txt_q0,A_three_valid_all_same
high8282.txt_q1,A_three_valid_all_same
high8282.txt_q2,A_three_valid_all_same
high8345.txt_q0,A_three_valid_all_same
high8345.txt_q1,A_three_valid_all_same
high8345.txt_q2,A_three_valid_all_same
high8345.txt_q3,A_three_valid_all_same
high8385.txt_q0,A_three_valid_all_same
high8385.txt_q1,A_three_valid_all_same
high8385.txt_q2,A_three_valid_all_same
high8385.txt_q3,A_three_valid_all_same
high839.txt_q0,A_three_valid_all_same
high839.txt_q1,A_three_valid_all_same
high839.txt_q2,A_three_valid_all_same
high839.txt_q3,A_three_valid_all_same
high839.txt_q4,A_three_valid_all_same
high8395.txt_q0,A_three_valid_all_same
high8395.txt_q1,A_three_valid_all_same
high8395.txt_q2,A_three_valid_all_same
high8406.txt_q0,B_three_valid_exactly_two_same
high8406.txt_q1,A_three_valid_all_same
high8406.txt_q2,A_three_valid_all_same
high8422.txt_q0,A_three_valid_all_same
high8422.txt_q1,A_three_valid_all_same
high8422.txt_q2,A_three_valid_all_same
high8453.txt_q0,A_three_valid_all_same
high8453.txt_q1,A_three_valid_all_same
high8453.txt_q2,A_three_valid_all_same
high8453.txt_q3,A_three_valid_all_same
high8453.txt_q4,A_three_valid_all_same
high8462.txt_q0,A_three_valid_all_same
high8462.txt_q1,A_three_valid_all_same
high8462.txt_q2,A_three_valid_all_same
high8462.txt_q3,A_three_valid_all_same
high8482.txt_q0,A_three_valid_all_same
high8482.txt_q1,A_three_valid_all_same
high8482.txt_q2,A_three_valid_all_same
high8508.txt_q0,A_three_valid_all_same
high8508.txt_q1,B_three_valid_exactly_two_same
high8508.txt_q2,A_three_valid_all_same
high8508.txt_q3,A_three_valid_all_same
high8508.txt_q4,A_three_valid_all_same
high8512.txt_q0,C_three_valid_all_different
high8512.txt_q1,A_three_valid_all_same
high8512.txt_q2,A_three_valid_all_same
high8512.txt_q3,A_three_valid_all_same
high8527.txt_q0,A_three_valid_all_same
high8527.txt_q1,A_three_valid_all_same
high8527.txt_q2,A_three_valid_all_same
high8527.txt_q3,A_three_valid_all_same
high8561.txt_q0,A_three_valid_all_same
high8561.txt_q1,A_three_valid_all_same
high8561.txt_q2,B_three_valid_exactly_two_same
high8602.txt_q0,A_three_valid_all_same
high8602.txt_q1,A_three_valid_all_same
high8602.txt_q2,A_three_valid_all_same
high8614.txt_q0,A_three_valid_all_same
high8614.txt_q1,A_three_valid_all_same
high8614.txt_q2,C_three_valid_all_different
high8614.txt_q3,B_three_valid_exactly_two_same
high8623.txt_q0,A_three_valid_all_same
high8623.txt_q1,A_three_valid_all_same
high8623.txt_q2,A_three_valid_all_same
high8623.txt_q3,A_three_valid_all_same
high8623.txt_q4,A_three_valid_all_same
high8635.txt_q0,A_three_valid_all_same
high8635.txt_q1,A_three_valid_all_same
high8635.txt_q2,A_three_valid_all_same
high8635.txt_q3,B_three_valid_exactly_two_same
high8670.txt_q0,A_three_valid_all_same
high8670.txt_q1,A_three_valid_all_same
high8670.txt_q2,A_three_valid_all_same
high8670.txt_q3,A_three_valid_all_same
high8686.txt_q0,A_three_valid_all_same
high8686.txt_q1,A_three_valid_all_same
high8708.txt_q0,A_three_valid_all_same
high8708.txt_q1,B_three_valid_exactly_two_same
high8708.txt_q2,A_three_valid_all_same
high8708.txt_q3,A_three_valid_all_same
high8736.txt_q0,A_three_valid_all_same
high8736.txt_q1,A_three_valid_all_same
high8736.txt_q2,A_three_valid_all_same
high8736.txt_q3,A_three_valid_all_same
high8736.txt_q4,A_three_valid_all_same
high8747.txt_q0,A_three_valid_all_same
high8747.txt_q1,A_three_valid_all_same
high8747.txt_q2,A_three_valid_all_same
high8789.txt_q0,A_three_valid_all_same
high8789.txt_q1,A_three_valid_all_same
high8789.txt_q2,A_three_valid_all_same
high8789.txt_q3,A_three_valid_all_same
high8800.txt_q0,A_three_valid_all_same
high8800.txt_q1,A_three_valid_all_same
high8811.txt_q0,A_three_valid_all_same
high8811.txt_q1,A_three_valid_all_same
high8811.txt_q2,A_three_valid_all_same
high8811.txt_q3,A_three_valid_all_same
high8811.txt_q4,A_three_valid_all_same
high8826.txt_q0,A_three_valid_all_same
high8826.txt_q1,A_three_valid_all_same
high8826.txt_q2,A_three_valid_all_same
high883.txt_q0,A_three_valid_all_same
high883.txt_q1,A_three_valid_all_same
high883.txt_q2,A_three_valid_all_same
high883.txt_q3,A_three_valid_all_same
high884.txt_q0,A_three_valid_all_same
high884.txt_q1,A_three_valid_all_same
high884.txt_q2,A_three_valid_all_same
high8862.txt_q0,A_three_valid_all_same
high8862.txt_q1,A_three_valid_all_same
high8862.txt_q2,A_three_valid_all_same
high8862.txt_q3,B_three_valid_exactly_two_same
high8881.txt_q0,A_three_valid_all_same
high8881.txt_q1,A_three_valid_all_same
high8881.txt_q2,B_three_valid_exactly_two_same
high8881.txt_q3,A_three_valid_all_same
high8918.txt_q0,A_three_valid_all_same
high8918.txt_q1,A_three_valid_all_same
high8919.txt_q0,A_three_valid_all_same
high8919.txt_q1,A_three_valid_all_same
high8935.txt_q0,B_three_valid_exactly_two_same
high8935.txt_q1,A_three_valid_all_same
high8935.txt_q2,B_three_valid_exactly_two_same
high8935.txt_q3,A_three_valid_all_same
high8935.txt_q4,A_three_valid_all_same
high8982.txt_q0,A_three_valid_all_same
high8982.txt_q1,A_three_valid_all_same
high8982.txt_q2,A_three_valid_all_same
high8985.txt_q0,A_three_valid_all_same
high8985.txt_q1,A_three_valid_all_same
high8985.txt_q2,A_three_valid_all_same
high8985.txt_q3,A_three_valid_all_same
high9002.txt_q0,A_three_valid_all_same
high9002.txt_q1,A_three_valid_all_same
high9002.txt_q2,A_three_valid_all_same
high9002.txt_q3,A_three_valid_all_same
high9003.txt_q0,A_three_valid_all_same
high9003.txt_q1,A_three_valid_all_same
high9003.txt_q2,A_three_valid_all_same
high9027.txt_q0,A_three_valid_all_same
high9027.txt_q1,A_three_valid_all_same
high9027.txt_q2,A_three_valid_all_same
high9027.txt_q3,A_three_valid_all_same
high9027.txt_q4,A_three_valid_all_same
high9067.txt_q0,A_three_valid_all_same
high9067.txt_q1,A_three_valid_all_same
high9067.txt_q2,B_three_valid_exactly_two_same
high9071.txt_q0,A_three_valid_all_same
high9071.txt_q1,A_three_valid_all_same
high9071.txt_q2,B_three_valid_exactly_two_same
high9071.txt_q3,A_three_valid_all_same
high9071.txt_q4,A_three_valid_all_same
high9117.txt_q0,A_three_valid_all_same
high9117.txt_q1,A_three_valid_all_same
high9117.txt_q2,A_three_valid_all_same
high9117.txt_q3,A_three_valid_all_same
high9118.txt_q0,A_three_valid_all_same
high9118.txt_q1,A_three_valid_all_same
high9138.txt_q0,A_three_valid_all_same
high9138.txt_q1,A_three_valid_all_same
high9138.txt_q2,A_three_valid_all_same
high9168.txt_q0,A_three_valid_all_same
high9168.txt_q1,A_three_valid_all_same
high9168.txt_q2,A_three_valid_all_same
high9187.txt_q0,A_three_valid_all_same
high9187.txt_q1,A_three_valid_all_same
high9187.txt_q2,A_three_valid_all_same
high9266.txt_q0,A_three_valid_all_same
high9266.txt_q1,B_three_valid_exactly_two_same
high9272.txt_q0,A_three_valid_all_same
high9272.txt_q1,A_three_valid_all_same
high9272.txt_q2,A_three_valid_all_same
high9272.txt_q3,A_three_valid_all_same
high9349.txt_q0,A_three_valid_all_same
high9349.txt_q1,A_three_valid_all_same
high9349.txt_q2,B_three_valid_exactly_two_same
high9349.txt_q3,A_three_valid_all_same
high9351.txt_q0,A_three_valid_all_same
high9351.txt_q1,A_three_valid_all_same
high9351.txt_q2,A_three_valid_all_same
high9351.txt_q3,A_three_valid_all_same
high939.txt_q0,A_three_valid_all_same
high939.txt_q1,A_three_valid_all_same
high9395.txt_q0,B_three_valid_exactly_two_same
high9395.txt_q1,A_three_valid_all_same
high9395.txt_q2,A_three_valid_all_same
high9399.txt_q0,A_three_valid_all_same
high9399.txt_q1,C_three_valid_all_different
high9399.txt_q2,A_three_valid_all_same
high9407.txt_q0,A_three_valid_all_same
high9407.txt_q1,A_three_valid_all_same
high9408.txt_q0,A_three_valid_all_same
high9408.txt_q1,A_three_valid_all_same
high9408.txt_q2,A_three_valid_all_same
high9417.txt_q0,A_three_valid_all_same
high9417.txt_q1,A_three_valid_all_same
high9417.txt_q2,A_three_valid_all_same
high9417.txt_q3,A_three_valid_all_same
high9444.txt_q0,A_three_valid_all_same
high9444.txt_q1,A_three_valid_all_same
high9444.txt_q2,A_three_valid_all_same
high9444.txt_q3,A_three_valid_all_same
high9463.txt_q0,A_three_valid_all_same
high9463.txt_q1,B_three_valid_exactly_two_same
high9463.txt_q2,A_three_valid_all_same
high9481.txt_q0,A_three_valid_all_same
high9481.txt_q1,A_three_valid_all_same
high9481.txt_q2,A_three_valid_all_same
high9494.txt_q0,A_three_valid_all_same
high9516.txt_q0,A_three_valid_all_same
high9516.txt_q1,A_three_valid_all_same
high9516.txt_q2,A_three_valid_all_same
high9516.txt_q3,A_three_valid_all_same
high952.txt_q0,A_three_valid_all_same
high952.txt_q1,A_three_valid_all_same
high952.txt_q2,A_three_valid_all_same
high9543.txt_q0,A_three_valid_all_same
high9543.txt_q1,A_three_valid_all_same
high9579.txt_q0,A_three_valid_all_same
high9579.txt_q1,A_three_valid_all_same
high9616.txt_q0,A_three_valid_all_same
high9616.txt_q1,A_three_valid_all_same
high9616.txt_q2,A_three_valid_all_same
high9625.txt_q0,A_three_valid_all_same
high9625.txt_q1,B_three_valid_exactly_two_same
high9625.txt_q2,A_three_valid_all_same
high9627.txt_q0,A_three_valid_all_same
high9627.txt_q1,A_three_valid_all_same
high9709.txt_q0,A_three_valid_all_same
high9709.txt_q1,A_three_valid_all_same
high9709.txt_q2,A_three_valid_all_same
high9737.txt_q0,A_three_valid_all_same
high9737.txt_q1,A_three_valid_all_same
high9737.txt_q2,A_three_valid_all_same
high9750.txt_q0,B_three_valid_exactly_two_same
high9750.txt_q1,A_three_valid_all_same
high9779.txt_q0,A_three_valid_all_same
high9779.txt_q1,A_three_valid_all_same
high9779.txt_q2,A_three_valid_all_same
high9779.txt_q3,A_three_valid_all_same
high9805.txt_q0,A_three_valid_all_same
high9805.txt_q1,A_three_valid_all_same
high9805.txt_q2,A_three_valid_all_same
high9805.txt_q3,A_three_valid_all_same
high981.txt_q0,A_three_valid_all_same
high981.txt_q1,A_three_valid_all_same
high9813.txt_q0,A_three_valid_all_same
high9813.txt_q1,A_three_valid_all_same
high9813.txt_q2,A_three_valid_all_same
high9828.txt_q0,A_three_valid_all_same
high9828.txt_q1,A_three_valid_all_same
high9828.txt_q2,B_three_valid_exactly_two_same
high9828.txt_q3,A_three_valid_all_same
high9841.txt_q0,A_three_valid_all_same
high9841.txt_q1,B_three_valid_exactly_two_same
high9841.txt_q2,A_three_valid_all_same
high9841.txt_q3,A_three_valid_all_same
high9864.txt_q0,A_three_valid_all_same
high9864.txt_q1,A_three_valid_all_same
high9864.txt_q2,A_three_valid_all_same
high9897.txt_q0,A_three_valid_all_same
high9897.txt_q1,A_three_valid_all_same
high9897.txt_q2,A_three_valid_all_same
high9957.txt_q0,A_three_valid_all_same
high9957.txt_q1,A_three_valid_all_same
high9957.txt_q2,A_three_valid_all_same
high9957.txt_q3,A_three_valid_all_same
high9979.txt_q0,A_three_valid_all_same
high9979.txt_q1,A_three_valid_all_same
high9987.txt_q0,A_three_valid_all_same
high9987.txt_q1,A_three_valid_all_same
high9987.txt_q2,A_three_valid_all_same
middle1011.txt_q0,A_three_valid_all_same
middle1011.txt_q1,A_three_valid_all_same
middle1011.txt_q2,A_three_valid_all_same
middle1011.txt_q3,A_three_valid_all_same
middle1011.txt_q4,A_three_valid_all_same
middle1030.txt_q0,A_three_valid_all_same
middle1030.txt_q1,A_three_valid_all_same
middle1030.txt_q2,A_three_valid_all_same
middle1030.txt_q3,A_three_valid_all_same
middle1031.txt_q0,A_three_valid_all_same
middle1031.txt_q1,A_three_valid_all_same
middle1031.txt_q2,A_three_valid_all_same
middle1031.txt_q3,A_three_valid_all_same
middle1031.txt_q4,A_three_valid_all_same
middle1035.txt_q0,A_three_valid_all_same
middle1035.txt_q1,A_three_valid_all_same
middle1035.txt_q2,A_three_valid_all_same
middle1035.txt_q3,A_three_valid_all_same
middle1035.txt_q4,A_three_valid_all_same
middle1045.txt_q0,A_three_valid_all_same
middle1045.txt_q1,A_three_valid_all_same
middle1045.txt_q2,A_three_valid_all_same
middle1061.txt_q0,A_three_valid_all_same
middle1061.txt_q1,A_three_valid_all_same
middle1071.txt_q0,A_three_valid_all_same
middle1071.txt_q1,A_three_valid_all_same
middle1071.txt_q2,A_three_valid_all_same
middle1071.txt_q3,A_three_valid_all_same
middle1081.txt_q0,A_three_valid_all_same
middle1081.txt_q1,A_three_valid_all_same
middle1097.txt_q0,A_three_valid_all_same
middle1097.txt_q1,A_three_valid_all_same
middle1097.txt_q2,A_three_valid_all_same
middle1097.txt_q3,A_three_valid_all_same
middle1097.txt_q4,A_three_valid_all_same
middle1129.txt_q0,A_three_valid_all_same
middle1129.txt_q1,A_three_valid_all_same
middle1129.txt_q2,A_three_valid_all_same
middle1132.txt_q0,A_three_valid_all_same
middle1132.txt_q1,A_three_valid_all_same
middle1132.txt_q2,A_three_valid_all_same
middle1132.txt_q3,A_three_valid_all_same
middle1132.txt_q4,A_three_valid_all_same
middle1137.txt_q0,A_three_valid_all_same
middle1137.txt_q1,A_three_valid_all_same
middle1137.txt_q2,A_three_valid_all_same
middle1137.txt_q3,A_three_valid_all_same
middle1137.txt_q4,A_three_valid_all_same
middle1148.txt_q0,A_three_valid_all_same
middle1148.txt_q1,A_three_valid_all_same
middle1148.txt_q2,A_three_valid_all_same
middle1155.txt_q0,A_three_valid_all_same
middle1155.txt_q1,A_three_valid_all_same
middle1155.txt_q2,B_three_valid_exactly_two_same
middle1155.txt_q3,A_three_valid_all_same
middle1160.txt_q0,A_three_valid_all_same
middle1160.txt_q1,A_three_valid_all_same
middle1160.txt_q2,A_three_valid_all_same
middle1160.txt_q3,A_three_valid_all_same
middle1163.txt_q0,A_three_valid_all_same
middle1163.txt_q1,A_three_valid_all_same
middle1163.txt_q2,A_three_valid_all_same
middle1163.txt_q3,A_three_valid_all_same
middle1187.txt_q0,A_three_valid_all_same
middle1187.txt_q1,A_three_valid_all_same
middle1187.txt_q2,A_three_valid_all_same
middle1187.txt_q3,B_three_valid_exactly_two_same
middle1187.txt_q4,A_three_valid_all_same
middle1263.txt_q0,A_three_valid_all_same
middle1263.txt_q1,A_three_valid_all_same
middle1263.txt_q2,A_three_valid_all_same
middle1263.txt_q3,A_three_valid_all_same
middle1292.txt_q0,A_three_valid_all_same
middle1292.txt_q1,A_three_valid_all_same
middle1292.txt_q2,A_three_valid_all_same
middle1292.txt_q3,A_three_valid_all_same
middle1292.txt_q4,A_three_valid_all_same
middle13.txt_q0,A_three_valid_all_same
middle13.txt_q1,A_three_valid_all_same
middle13.txt_q2,A_three_valid_all_same
middle13.txt_q3,A_three_valid_all_same
middle13.txt_q4,A_three_valid_all_same
middle1302.txt_q0,A_three_valid_all_same
middle1302.txt_q1,A_three_valid_all_same
middle1302.txt_q2,A_three_valid_all_same
middle1381.txt_q0,A_three_valid_all_same
middle1381.txt_q1,A_three_valid_all_same
middle1381.txt_q2,A_three_valid_all_same
middle1381.txt_q3,A_three_valid_all_same
middle1386.txt_q0,A_three_valid_all_same
middle1386.txt_q1,A_three_valid_all_same
middle1386.txt_q2,A_three_valid_all_same
middle1386.txt_q3,A_three_valid_all_same
middle1386.txt_q4,A_three_valid_all_same
middle1388.txt_q0,A_three_valid_all_same
middle1388.txt_q1,A_three_valid_all_same
middle1388.txt_q2,A_three_valid_all_same
middle1388.txt_q3,A_three_valid_all_same
middle1390.txt_q0,A_three_valid_all_same
middle1390.txt_q1,A_three_valid_all_same
middle1390.txt_q2,A_three_valid_all_same
middle1390.txt_q3,A_three_valid_all_same
middle1417.txt_q0,A_three_valid_all_same
middle1417.txt_q1,A_three_valid_all_same
middle1417.txt_q2,A_three_valid_all_same
middle1417.txt_q3,A_three_valid_all_same
middle1422.txt_q0,A_three_valid_all_same
middle1422.txt_q1,A_three_valid_all_same
middle1422.txt_q2,A_three_valid_all_same
middle1422.txt_q3,A_three_valid_all_same
middle1422.txt_q4,A_three_valid_all_same
middle1427.txt_q0,A_three_valid_all_same
middle1427.txt_q1,A_three_valid_all_same
middle1427.txt_q2,A_three_valid_all_same
middle1427.txt_q3,A_three_valid_all_same
middle1438.txt_q0,A_three_valid_all_same
middle1438.txt_q1,A_three_valid_all_same
middle1438.txt_q2,A_three_valid_all_same
middle1438.txt_q3,A_three_valid_all_same
middle1438.txt_q4,A_three_valid_all_same
middle1455.txt_q0,A_three_valid_all_same
middle1455.txt_q1,A_three_valid_all_same
middle1455.txt_q2,A_three_valid_all_same
middle1455.txt_q3,A_three_valid_all_same
middle1455.txt_q4,A_three_valid_all_same
middle1463.txt_q0,A_three_valid_all_same
middle1463.txt_q1,A_three_valid_all_same
middle1463.txt_q2,A_three_valid_all_same
middle1463.txt_q3,A_three_valid_all_same
middle1463.txt_q4,A_three_valid_all_same
middle148.txt_q0,A_three_valid_all_same
middle148.txt_q1,A_three_valid_all_same
middle148.txt_q2,A_three_valid_all_same
middle148.txt_q3,A_three_valid_all_same
middle148.txt_q4,B_three_valid_exactly_two_same
middle1554.txt_q0,A_three_valid_all_same
middle1554.txt_q1,A_three_valid_all_same
middle1554.txt_q2,A_three_valid_all_same
middle1554.txt_q3,A_three_valid_all_same
middle1554.txt_q4,A_three_valid_all_same
middle157.txt_q0,A_three_valid_all_same
middle157.txt_q1,A_three_valid_all_same
middle157.txt_q2,A_three_valid_all_same
middle157.txt_q3,A_three_valid_all_same
middle157.txt_q4,A_three_valid_all_same
middle1584.txt_q0,A_three_valid_all_same
middle1584.txt_q1,A_three_valid_all_same
middle1584.txt_q2,A_three_valid_all_same
middle1584.txt_q3,A_three_valid_all_same
middle1593.txt_q0,A_three_valid_all_same
middle1593.txt_q1,A_three_valid_all_same
middle1593.txt_q2,A_three_valid_all_same
middle1593.txt_q3,A_three_valid_all_same
middle1593.txt_q4,A_three_valid_all_same
middle163.txt_q0,A_three_valid_all_same
middle163.txt_q1,A_three_valid_all_same
middle163.txt_q2,A_three_valid_all_same
middle163.txt_q3,B_three_valid_exactly_two_same
middle163.txt_q4,A_three_valid_all_same
middle1638.txt_q0,A_three_valid_all_same
middle1638.txt_q1,A_three_valid_all_same
middle1638.txt_q2,A_three_valid_all_same
middle1638.txt_q3,A_three_valid_all_same
middle1638.txt_q4,A_three_valid_all_same
middle1641.txt_q0,A_three_valid_all_same
middle1641.txt_q1,A_three_valid_all_same
middle1641.txt_q2,A_three_valid_all_same
middle1641.txt_q3,A_three_valid_all_same
middle1642.txt_q0,A_three_valid_all_same
middle1642.txt_q1,A_three_valid_all_same
middle1642.txt_q2,A_three_valid_all_same
middle1642.txt_q3,A_three_valid_all_same
middle1650.txt_q0,A_three_valid_all_same
middle1650.txt_q1,A_three_valid_all_same
middle1650.txt_q2,A_three_valid_all_same
middle168.txt_q0,A_three_valid_all_same
middle168.txt_q1,A_three_valid_all_same
middle1688.txt_q0,A_three_valid_all_same
middle1688.txt_q1,A_three_valid_all_same
middle1688.txt_q2,A_three_valid_all_same
middle1689.txt_q0,A_three_valid_all_same
middle1689.txt_q1,A_three_valid_all_same
middle1689.txt_q2,A_three_valid_all_same
middle1689.txt_q3,A_three_valid_all_same
middle1700.txt_q0,A_three_valid_all_same
middle1700.txt_q1,A_three_valid_all_same
middle1734.txt_q0,A_three_valid_all_same
middle1734.txt_q1,A_three_valid_all_same
middle1734.txt_q2,A_three_valid_all_same
middle175.txt_q0,A_three_valid_all_same
middle175.txt_q1,A_three_valid_all_same
middle175.txt_q2,A_three_valid_all_same
middle1793.txt_q0,A_three_valid_all_same
middle1793.txt_q1,A_three_valid_all_same
middle1793.txt_q2,A_three_valid_all_same
middle1793.txt_q3,A_three_valid_all_same
middle1793.txt_q4,B_three_valid_exactly_two_same
middle1813.txt_q0,A_three_valid_all_same
middle1813.txt_q1,A_three_valid_all_same
middle1813.txt_q2,A_three_valid_all_same
middle1813.txt_q3,A_three_valid_all_same
middle1839.txt_q0,A_three_valid_all_same
middle1839.txt_q1,A_three_valid_all_same
middle1839.txt_q2,A_three_valid_all_same
middle1839.txt_q3,A_three_valid_all_same
middle1839.txt_q4,A_three_valid_all_same
middle1865.txt_q0,A_three_valid_all_same
middle1865.txt_q1,A_three_valid_all_same
middle1865.txt_q2,B_three_valid_exactly_two_same
middle1865.txt_q3,A_three_valid_all_same
middle1865.txt_q4,B_three_valid_exactly_two_same
middle1874.txt_q0,A_three_valid_all_same
middle1874.txt_q1,A_three_valid_all_same
middle1874.txt_q2,A_three_valid_all_same
middle1874.txt_q3,A_three_valid_all_same
middle1874.txt_q4,A_three_valid_all_same
middle1916.txt_q0,A_three_valid_all_same
middle1916.txt_q1,A_three_valid_all_same
middle1916.txt_q2,A_three_valid_all_same
middle1916.txt_q3,A_three_valid_all_same
middle1916.txt_q4,A_three_valid_all_same
middle1957.txt_q0,A_three_valid_all_same
middle1957.txt_q1,A_three_valid_all_same
middle1957.txt_q2,A_three_valid_all_same
middle1957.txt_q3,A_three_valid_all_same
middle1957.txt_q4,A_three_valid_all_same
middle1978.txt_q0,A_three_valid_all_same
middle1978.txt_q1,A_three_valid_all_same
middle1978.txt_q2,A_three_valid_all_same
middle1978.txt_q3,A_three_valid_all_same
middle1989.txt_q0,A_three_valid_all_same
middle1989.txt_q1,A_three_valid_all_same
middle1990.txt_q0,A_three_valid_all_same
middle1990.txt_q1,A_three_valid_all_same
middle1990.txt_q2,A_three_valid_all_same
middle1990.txt_q3,A_three_valid_all_same
middle2047.txt_q0,A_three_valid_all_same
middle2047.txt_q1,A_three_valid_all_same
middle205.txt_q0,A_three_valid_all_same
middle2067.txt_q0,A_three_valid_all_same
middle2074.txt_q0,A_three_valid_all_same
middle2074.txt_q1,A_three_valid_all_same
middle2074.txt_q2,A_three_valid_all_same
middle2079.txt_q0,A_three_valid_all_same
middle2079.txt_q1,A_three_valid_all_same
middle2079.txt_q2,A_three_valid_all_same
middle2080.txt_q0,A_three_valid_all_same
middle2080.txt_q1,A_three_valid_all_same
middle2080.txt_q2,A_three_valid_all_same
middle2080.txt_q3,A_three_valid_all_same
middle2098.txt_q0,A_three_valid_all_same
middle2098.txt_q1,A_three_valid_all_same
middle2098.txt_q2,A_three_valid_all_same
middle2118.txt_q0,A_three_valid_all_same
middle2118.txt_q1,A_three_valid_all_same
middle2118.txt_q2,A_three_valid_all_same
middle2118.txt_q3,B_three_valid_exactly_two_same
middle2119.txt_q0,A_three_valid_all_same
middle2119.txt_q1,A_three_valid_all_same
middle2165.txt_q0,A_three_valid_all_same
middle2165.txt_q1,A_three_valid_all_same
middle2165.txt_q2,A_three_valid_all_same
middle2165.txt_q3,A_three_valid_all_same
middle2165.txt_q4,A_three_valid_all_same
middle217.txt_q0,A_three_valid_all_same
middle217.txt_q1,A_three_valid_all_same
middle217.txt_q2,A_three_valid_all_same
middle217.txt_q3,A_three_valid_all_same
middle2199.txt_q0,A_three_valid_all_same
middle2199.txt_q1,A_three_valid_all_same
middle2199.txt_q2,A_three_valid_all_same
middle2199.txt_q3,A_three_valid_all_same
middle2289.txt_q0,A_three_valid_all_same
middle2289.txt_q1,A_three_valid_all_same
middle2289.txt_q2,A_three_valid_all_same
middle2289.txt_q3,A_three_valid_all_same
middle2289.txt_q4,A_three_valid_all_same
middle2305.txt_q0,A_three_valid_all_same
middle2305.txt_q1,A_three_valid_all_same
middle2305.txt_q2,A_three_valid_all_same
middle2305.txt_q3,A_three_valid_all_same
middle2305.txt_q4,A_three_valid_all_same
middle2333.txt_q0,A_three_valid_all_same
middle2333.txt_q1,A_three_valid_all_same
middle2333.txt_q2,A_three_valid_all_same
middle2333.txt_q3,A_three_valid_all_same
middle2356.txt_q0,A_three_valid_all_same
middle2356.txt_q1,A_three_valid_all_same
middle2407.txt_q0,A_three_valid_all_same
middle2407.txt_q1,A_three_valid_all_same
middle2407.txt_q2,A_three_valid_all_same
middle2407.txt_q3,A_three_valid_all_same
middle2407.txt_q4,A_three_valid_all_same
middle2414.txt_q0,A_three_valid_all_same
middle2414.txt_q1,A_three_valid_all_same
middle2414.txt_q2,A_three_valid_all_same
middle2414.txt_q3,A_three_valid_all_same
middle2439.txt_q0,A_three_valid_all_same
middle2439.txt_q1,A_three_valid_all_same
middle2439.txt_q2,A_three_valid_all_same
middle2439.txt_q3,A_three_valid_all_same
middle2446.txt_q0,A_three_valid_all_same
middle2446.txt_q1,A_three_valid_all_same
middle2446.txt_q2,A_three_valid_all_same
middle2446.txt_q3,A_three_valid_all_same
middle2462.txt_q0,A_three_valid_all_same
middle2462.txt_q1,A_three_valid_all_same
middle2462.txt_q2,A_three_valid_all_same
middle2462.txt_q3,B_three_valid_exactly_two_same
middle2462.txt_q4,A_three_valid_all_same
middle2473.txt_q0,A_three_valid_all_same
middle2473.txt_q1,A_three_valid_all_same
middle2473.txt_q2,A_three_valid_all_same
middle2473.txt_q3,A_three_valid_all_same
middle2473.txt_q4,A_three_valid_all_same
middle2489.txt_q0,A_three_valid_all_same
middle2489.txt_q1,A_three_valid_all_same
middle2489.txt_q2,A_three_valid_all_same
middle2489.txt_q3,A_three_valid_all_same
middle2489.txt_q4,A_three_valid_all_same
middle2507.txt_q0,A_three_valid_all_same
middle2507.txt_q1,A_three_valid_all_same
middle2507.txt_q2,A_three_valid_all_same
middle2507.txt_q3,A_three_valid_all_same
middle2564.txt_q0,A_three_valid_all_same
middle2564.txt_q1,A_three_valid_all_same
middle2564.txt_q2,A_three_valid_all_same
middle2564.txt_q3,A_three_valid_all_same
middle2572.txt_q0,A_three_valid_all_same
middle2572.txt_q1,A_three_valid_all_same
middle2572.txt_q2,A_three_valid_all_same
middle2572.txt_q3,A_three_valid_all_same
middle2578.txt_q0,A_three_valid_all_same
middle2578.txt_q1,A_three_valid_all_same
middle2578.txt_q2,A_three_valid_all_same
middle2578.txt_q3,A_three_valid_all_same
middle2578.txt_q4,A_three_valid_all_same
middle2612.txt_q0,A_three_valid_all_same
middle2612.txt_q1,A_three_valid_all_same
middle2612.txt_q3,A_three_valid_all_same
middle2624.txt_q0,A_three_valid_all_same
middle2624.txt_q1,A_three_valid_all_same
middle2624.txt_q2,A_three_valid_all_same
middle2624.txt_q3,A_three_valid_all_same
middle2662.txt_q0,A_three_valid_all_same
middle2663.txt_q0,A_three_valid_all_same
middle2663.txt_q1,A_three_valid_all_same
middle2663.txt_q2,A_three_valid_all_same
middle2679.txt_q0,A_three_valid_all_same
middle2679.txt_q1,A_three_valid_all_same
middle2679.txt_q2,A_three_valid_all_same
middle2679.txt_q3,A_three_valid_all_same
middle2703.txt_q0,A_three_valid_all_same
middle2703.txt_q1,A_three_valid_all_same
middle2703.txt_q2,A_three_valid_all_same
middle2722.txt_q0,B_three_valid_exactly_two_same
middle2750.txt_q0,A_three_valid_all_same
middle2750.txt_q1,A_three_valid_all_same
middle2750.txt_q2,A_three_valid_all_same
middle2750.txt_q3,A_three_valid_all_same
middle2750.txt_q4,A_three_valid_all_same
middle2756.txt_q0,A_three_valid_all_same
middle2756.txt_q1,A_three_valid_all_same
middle2756.txt_q2,A_three_valid_all_same
middle2768.txt_q0,A_three_valid_all_same
middle2768.txt_q1,A_three_valid_all_same
middle2768.txt_q2,A_three_valid_all_same
middle2768.txt_q3,A_three_valid_all_same
middle2774.txt_q0,A_three_valid_all_same
middle2774.txt_q1,A_three_valid_all_same
middle2774.txt_q2,A_three_valid_all_same
middle2774.txt_q3,A_three_valid_all_same
middle2774.txt_q4,A_three_valid_all_same
middle2841.txt_q0,A_three_valid_all_same
middle2841.txt_q1,A_three_valid_all_same
middle2841.txt_q2,A_three_valid_all_same
middle2841.txt_q3,A_three_valid_all_same
middle2887.txt_q0,A_three_valid_all_same
middle2887.txt_q1,A_three_valid_all_same
middle2887.txt_q2,A_three_valid_all_same
middle2887.txt_q3,A_three_valid_all_same
middle2887.txt_q4,A_three_valid_all_same
middle2899.txt_q0,A_three_valid_all_same
middle2899.txt_q1,A_three_valid_all_same
middle2899.txt_q2,A_three_valid_all_same
middle291.txt_q0,B_three_valid_exactly_two_same
middle291.txt_q1,A_three_valid_all_same
middle291.txt_q2,A_three_valid_all_same
middle291.txt_q3,A_three_valid_all_same
middle2910.txt_q0,A_three_valid_all_same
middle2910.txt_q1,A_three_valid_all_same
middle2910.txt_q2,A_three_valid_all_same
middle2910.txt_q3,A_three_valid_all_same
middle2927.txt_q0,A_three_valid_all_same
middle2927.txt_q1,A_three_valid_all_same
middle2927.txt_q2,A_three_valid_all_same
middle2927.txt_q3,A_three_valid_all_same
middle2927.txt_q4,A_three_valid_all_same
middle2930.txt_q0,A_three_valid_all_same
middle2930.txt_q1,A_three_valid_all_same
middle2946.txt_q0,A_three_valid_all_same
middle2946.txt_q1,A_three_valid_all_same
middle2946.txt_q2,A_three_valid_all_same
middle2946.txt_q3,A_three_valid_all_same
middle2955.txt_q0,A_three_valid_all_same
middle299.txt_q0,A_three_valid_all_same
middle299.txt_q1,A_three_valid_all_same
middle299.txt_q2,A_three_valid_all_same
middle299.txt_q3,A_three_valid_all_same
middle299.txt_q4,A_three_valid_all_same
middle2994.txt_q0,A_three_valid_all_same
middle2994.txt_q1,A_three_valid_all_same
middle2994.txt_q2,A_three_valid_all_same
middle2994.txt_q3,B_three_valid_exactly_two_same
middle3016.txt_q0,A_three_valid_all_same
middle3016.txt_q1,A_three_valid_all_same
middle3016.txt_q2,A_three_valid_all_same
middle3016.txt_q3,A_three_valid_all_same
middle3028.txt_q0,A_three_valid_all_same
middle3028.txt_q1,A_three_valid_all_same
middle3028.txt_q2,A_three_valid_all_same
middle3028.txt_q3,A_three_valid_all_same
middle3028.txt_q4,A_three_valid_all_same
middle3052.txt_q0,A_three_valid_all_same
middle3052.txt_q1,A_three_valid_all_same
middle3052.txt_q2,A_three_valid_all_same
middle3088.txt_q0,A_three_valid_all_same
middle3088.txt_q1,A_three_valid_all_same
middle3089.txt_q0,A_three_valid_all_same
middle3089.txt_q1,A_three_valid_all_same
middle3089.txt_q2,A_three_valid_all_same
middle3103.txt_q0,A_three_valid_all_same
middle3103.txt_q1,A_three_valid_all_same
middle3103.txt_q2,A_three_valid_all_same
middle3103.txt_q3,A_three_valid_all_same
middle3120.txt_q0,A_three_valid_all_same
middle3120.txt_q1,A_three_valid_all_same
middle3120.txt_q2,A_three_valid_all_same
middle3120.txt_q3,A_three_valid_all_same
middle3263.txt_q0,A_three_valid_all_same
middle3263.txt_q1,A_three_valid_all_same
middle3263.txt_q2,A_three_valid_all_same
middle3263.txt_q3,A_three_valid_all_same
middle3263.txt_q4,A_three_valid_all_same
middle3334.txt_q0,A_three_valid_all_same
middle3334.txt_q1,A_three_valid_all_same
middle3334.txt_q2,A_three_valid_all_same
middle3334.txt_q3,A_three_valid_all_same
middle3349.txt_q0,A_three_valid_all_same
middle3349.txt_q1,A_three_valid_all_same
middle3349.txt_q2,A_three_valid_all_same
middle3349.txt_q3,A_three_valid_all_same
middle3349.txt_q4,A_three_valid_all_same
middle3372.txt_q0,A_three_valid_all_same
middle3372.txt_q1,A_three_valid_all_same
middle3372.txt_q2,A_three_valid_all_same
middle3372.txt_q3,A_three_valid_all_same
middle3376.txt_q0,A_three_valid_all_same
middle3376.txt_q1,A_three_valid_all_same
middle3376.txt_q2,A_three_valid_all_same
middle34.txt_q0,A_three_valid_all_same
middle34.txt_q1,A_three_valid_all_same
middle34.txt_q2,A_three_valid_all_same
middle34.txt_q3,B_three_valid_exactly_two_same
middle3409.txt_q0,A_three_valid_all_same
middle3409.txt_q1,A_three_valid_all_same
middle3409.txt_q2,A_three_valid_all_same
middle3429.txt_q0,A_three_valid_all_same
middle3429.txt_q1,A_three_valid_all_same
middle3429.txt_q2,A_three_valid_all_same
middle3429.txt_q3,A_three_valid_all_same
middle3429.txt_q4,A_three_valid_all_same
middle344.txt_q0,A_three_valid_all_same
middle344.txt_q1,A_three_valid_all_same
middle344.txt_q2,A_three_valid_all_same
middle344.txt_q3,A_three_valid_all_same
middle344.txt_q4,A_three_valid_all_same
middle3476.txt_q0,A_three_valid_all_same
middle3476.txt_q1,A_three_valid_all_same
middle3476.txt_q2,A_three_valid_all_same
middle3476.txt_q3,A_three_valid_all_same
middle3476.txt_q4,A_three_valid_all_same
middle3508.txt_q0,A_three_valid_all_same
middle3508.txt_q1,A_three_valid_all_same
middle3508.txt_q2,A_three_valid_all_same
middle3551.txt_q0,A_three_valid_all_same
middle3551.txt_q1,A_three_valid_all_same
middle3551.txt_q2,A_three_valid_all_same
middle3551.txt_q3,A_three_valid_all_same
middle3554.txt_q0,A_three_valid_all_same
middle3554.txt_q1,A_three_valid_all_same
middle3554.txt_q2,A_three_valid_all_same
middle3554.txt_q3,A_three_valid_all_same
middle3554.txt_q4,A_three_valid_all_same
middle3561.txt_q0,A_three_valid_all_same
middle3561.txt_q1,A_three_valid_all_same
middle3561.txt_q2,A_three_valid_all_same
middle3561.txt_q3,A_three_valid_all_same
middle3578.txt_q0,A_three_valid_all_same
middle3578.txt_q1,A_three_valid_all_same
middle3578.txt_q2,A_three_valid_all_same
middle3578.txt_q3,A_three_valid_all_same
middle3578.txt_q4,A_three_valid_all_same
middle3594.txt_q0,A_three_valid_all_same
middle3594.txt_q1,A_three_valid_all_same
middle3625.txt_q0,A_three_valid_all_same
middle3625.txt_q1,A_three_valid_all_same
middle3625.txt_q2,A_three_valid_all_same
middle3625.txt_q3,A_three_valid_all_same
middle3626.txt_q0,A_three_valid_all_same
middle3626.txt_q1,A_three_valid_all_same
middle3626.txt_q2,A_three_valid_all_same
middle3630.txt_q0,A_three_valid_all_same
middle3630.txt_q1,A_three_valid_all_same
middle3630.txt_q2,A_three_valid_all_same
middle3630.txt_q3,A_three_valid_all_same
middle364.txt_q0,A_three_valid_all_same
middle364.txt_q1,A_three_valid_all_same
middle364.txt_q2,A_three_valid_all_same
middle364.txt_q3,A_three_valid_all_same
middle3647.txt_q0,A_three_valid_all_same
middle3647.txt_q1,A_three_valid_all_same
middle3647.txt_q2,A_three_valid_all_same
middle3647.txt_q3,A_three_valid_all_same
middle3647.txt_q4,A_three_valid_all_same
middle3661.txt_q0,A_three_valid_all_same
middle3661.txt_q1,A_three_valid_all_same
middle3661.txt_q2,A_three_valid_all_same
middle3661.txt_q3,A_three_valid_all_same
middle3661.txt_q4,A_three_valid_all_same
middle3670.txt_q0,A_three_valid_all_same
middle3670.txt_q1,B_three_valid_exactly_two_same
middle3670.txt_q2,A_three_valid_all_same
middle3670.txt_q3,A_three_valid_all_same
middle3670.txt_q4,A_three_valid_all_same
middle3720.txt_q0,A_three_valid_all_same
middle3720.txt_q1,A_three_valid_all_same
middle3720.txt_q2,A_three_valid_all_same
middle3720.txt_q3,A_three_valid_all_same
middle3720.txt_q4,A_three_valid_all_same
middle3728.txt_q0,A_three_valid_all_same
middle3728.txt_q1,A_three_valid_all_same
middle3728.txt_q2,A_three_valid_all_same
middle3728.txt_q3,A_three_valid_all_same
middle3751.txt_q0,A_three_valid_all_same
middle3751.txt_q1,A_three_valid_all_same
middle3751.txt_q2,A_three_valid_all_same
middle3751.txt_q3,A_three_valid_all_same
middle3751.txt_q4,A_three_valid_all_same
middle3753.txt_q0,A_three_valid_all_same
middle3753.txt_q1,A_three_valid_all_same
middle3753.txt_q2,A_three_valid_all_same
middle3753.txt_q3,A_three_valid_all_same
middle3775.txt_q0,A_three_valid_all_same
middle3775.txt_q1,A_three_valid_all_same
middle3775.txt_q2,A_three_valid_all_same
middle3775.txt_q3,A_three_valid_all_same
middle3775.txt_q4,A_three_valid_all_same
middle3779.txt_q0,A_three_valid_all_same
middle3779.txt_q1,A_three_valid_all_same
middle3779.txt_q2,A_three_valid_all_same
middle3779.txt_q3,A_three_valid_all_same
middle3828.txt_q0,A_three_valid_all_same
middle3828.txt_q1,A_three_valid_all_same
middle3828.txt_q2,A_three_valid_all_same
middle3828.txt_q3,A_three_valid_all_same
middle3828.txt_q4,A_three_valid_all_same
middle3841.txt_q0,A_three_valid_all_same
middle3841.txt_q1,A_three_valid_all_same
middle3841.txt_q2,A_three_valid_all_same
middle388.txt_q0,A_three_valid_all_same
middle388.txt_q1,A_three_valid_all_same
middle388.txt_q2,A_three_valid_all_same
middle388.txt_q3,A_three_valid_all_same
middle3887.txt_q0,A_three_valid_all_same
middle3887.txt_q1,A_three_valid_all_same
middle3891.txt_q0,A_three_valid_all_same
middle3891.txt_q1,A_three_valid_all_same
middle3891.txt_q2,B_three_valid_exactly_two_same
middle3891.txt_q3,A_three_valid_all_same
middle3891.txt_q4,B_three_valid_exactly_two_same
middle3994.txt_q0,A_three_valid_all_same
middle3994.txt_q1,A_three_valid_all_same
middle3994.txt_q2,A_three_valid_all_same
middle3994.txt_q3,A_three_valid_all_same
middle3994.txt_q4,A_three_valid_all_same
middle401.txt_q0,A_three_valid_all_same
middle401.txt_q1,A_three_valid_all_same
middle401.txt_q2,A_three_valid_all_same
middle401.txt_q3,A_three_valid_all_same
middle4032.txt_q0,A_three_valid_all_same
middle4032.txt_q1,A_three_valid_all_same
middle4032.txt_q2,A_three_valid_all_same
middle4032.txt_q3,A_three_valid_all_same
middle4052.txt_q0,A_three_valid_all_same
middle4052.txt_q1,A_three_valid_all_same
middle4052.txt_q2,A_three_valid_all_same
middle4068.txt_q0,A_three_valid_all_same
middle4068.txt_q1,A_three_valid_all_same
middle4068.txt_q2,B_three_valid_exactly_two_same
middle4068.txt_q3,A_three_valid_all_same
middle4074.txt_q0,A_three_valid_all_same
middle4074.txt_q1,A_three_valid_all_same
middle4074.txt_q2,A_three_valid_all_same
middle4084.txt_q0,A_three_valid_all_same
middle4084.txt_q1,A_three_valid_all_same
middle4084.txt_q2,A_three_valid_all_same
middle4084.txt_q3,A_three_valid_all_same
middle4088.txt_q0,A_three_valid_all_same
middle4088.txt_q1,A_three_valid_all_same
middle4088.txt_q2,A_three_valid_all_same
middle4088.txt_q3,A_three_valid_all_same
middle4132.txt_q0,A_three_valid_all_same
middle4132.txt_q1,A_three_valid_all_same
middle4132.txt_q2,A_three_valid_all_same
middle4132.txt_q3,A_three_valid_all_same
middle4167.txt_q0,A_three_valid_all_same
middle4167.txt_q1,A_three_valid_all_same
middle4167.txt_q2,A_three_valid_all_same
middle4167.txt_q3,A_three_valid_all_same
middle4167.txt_q4,A_three_valid_all_same
middle4178.txt_q0,A_three_valid_all_same
middle4178.txt_q1,A_three_valid_all_same
middle4182.txt_q0,A_three_valid_all_same
middle4182.txt_q1,A_three_valid_all_same
middle4182.txt_q2,A_three_valid_all_same
middle4183.txt_q0,A_three_valid_all_same
middle4183.txt_q1,A_three_valid_all_same
middle4183.txt_q2,A_three_valid_all_same
middle4183.txt_q3,A_three_valid_all_same
middle4233.txt_q0,A_three_valid_all_same
middle4233.txt_q1,A_three_valid_all_same
middle4233.txt_q2,A_three_valid_all_same
middle4233.txt_q3,A_three_valid_all_same
middle4233.txt_q4,A_three_valid_all_same
middle4237.txt_q0,A_three_valid_all_same
middle4237.txt_q1,B_three_valid_exactly_two_same
middle4237.txt_q2,A_three_valid_all_same
middle4237.txt_q3,B_three_valid_exactly_two_same
middle4237.txt_q4,A_three_valid_all_same
middle4240.txt_q0,A_three_valid_all_same
middle4240.txt_q1,A_three_valid_all_same
middle4240.txt_q2,A_three_valid_all_same
middle4240.txt_q3,A_three_valid_all_same
middle4240.txt_q4,A_three_valid_all_same
middle4266.txt_q0,A_three_valid_all_same
middle4266.txt_q1,A_three_valid_all_same
middle4266.txt_q2,A_three_valid_all_same
middle4287.txt_q0,A_three_valid_all_same
middle4287.txt_q1,A_three_valid_all_same
middle4287.txt_q2,A_three_valid_all_same
middle4287.txt_q3,A_three_valid_all_same
middle4287.txt_q4,A_three_valid_all_same
middle4307.txt_q0,A_three_valid_all_same
middle4307.txt_q1,A_three_valid_all_same
middle4307.txt_q2,A_three_valid_all_same
middle435.txt_q0,A_three_valid_all_same
middle435.txt_q1,A_three_valid_all_same
middle435.txt_q2,A_three_valid_all_same
middle435.txt_q3,A_three_valid_all_same
middle4375.txt_q0,A_three_valid_all_same
middle4375.txt_q1,A_three_valid_all_same
middle4375.txt_q2,A_three_valid_all_same
middle4394.txt_q0,A_three_valid_all_same
middle4394.txt_q1,A_three_valid_all_same
middle4394.txt_q2,A_three_valid_all_same
middle4394.txt_q3,A_three_valid_all_same
middle4460.txt_q0,A_three_valid_all_same
middle4460.txt_q1,A_three_valid_all_same
middle4460.txt_q2,A_three_valid_all_same
middle4460.txt_q3,B_three_valid_exactly_two_same
middle4492.txt_q0,A_three_valid_all_same
middle4492.txt_q1,A_three_valid_all_same
middle4492.txt_q2,A_three_valid_all_same
middle4520.txt_q0,A_three_valid_all_same
middle4520.txt_q1,A_three_valid_all_same
middle4520.txt_q2,A_three_valid_all_same
middle4520.txt_q3,B_three_valid_exactly_two_same
middle4525.txt_q0,A_three_valid_all_same
middle4525.txt_q1,A_three_valid_all_same
middle4525.txt_q2,A_three_valid_all_same
middle4525.txt_q3,A_three_valid_all_same
middle4527.txt_q0,A_three_valid_all_same
middle4527.txt_q1,A_three_valid_all_same
middle4527.txt_q2,A_three_valid_all_same
middle4527.txt_q3,A_three_valid_all_same
middle4527.txt_q4,A_three_valid_all_same
middle4542.txt_q0,A_three_valid_all_same
middle4542.txt_q2,A_three_valid_all_same
middle4542.txt_q3,A_three_valid_all_same
middle4542.txt_q4,A_three_valid_all_same
middle4574.txt_q0,A_three_valid_all_same
middle4574.txt_q1,B_three_valid_exactly_two_same
middle4574.txt_q2,A_three_valid_all_same
middle4576.txt_q0,A_three_valid_all_same
middle4576.txt_q1,A_three_valid_all_same
middle4576.txt_q2,A_three_valid_all_same
middle4576.txt_q3,B_three_valid_exactly_two_same
middle4584.txt_q0,A_three_valid_all_same
middle4584.txt_q1,A_three_valid_all_same
middle4584.txt_q2,A_three_valid_all_same
middle4584.txt_q3,A_three_valid_all_same
middle4591.txt_q0,A_three_valid_all_same
middle4591.txt_q1,A_three_valid_all_same
middle4591.txt_q2,A_three_valid_all_same
middle4591.txt_q3,A_three_valid_all_same
middle4669.txt_q0,A_three_valid_all_same
middle4669.txt_q1,A_three_valid_all_same
middle4669.txt_q2,A_three_valid_all_same
middle4669.txt_q3,A_three_valid_all_same
middle4669.txt_q4,A_three_valid_all_same
middle4676.txt_q0,A_three_valid_all_same
middle4676.txt_q1,A_three_valid_all_same
middle4676.txt_q2,A_three_valid_all_same
middle4690.txt_q0,A_three_valid_all_same
middle4690.txt_q1,A_three_valid_all_same
middle4690.txt_q2,A_three_valid_all_same
middle4690.txt_q3,A_three_valid_all_same
middle4690.txt_q4,A_three_valid_all_same
middle4704.txt_q0,A_three_valid_all_same
middle4704.txt_q1,A_three_valid_all_same
middle4704.txt_q2,A_three_valid_all_same
middle4704.txt_q3,A_three_valid_all_same
middle4704.txt_q4,A_three_valid_all_same
middle4715.txt_q0,A_three_valid_all_same
middle4715.txt_q1,A_three_valid_all_same
middle4715.txt_q2,A_three_valid_all_same
middle4715.txt_q3,A_three_valid_all_same
middle4717.txt_q0,A_three_valid_all_same
middle4717.txt_q1,A_three_valid_all_same
middle4717.txt_q2,A_three_valid_all_same
middle4717.txt_q3,A_three_valid_all_same
middle4825.txt_q0,A_three_valid_all_same
middle4825.txt_q1,A_three_valid_all_same
middle4825.txt_q2,A_three_valid_all_same
middle4825.txt_q3,A_three_valid_all_same
middle4864.txt_q0,A_three_valid_all_same
middle4864.txt_q1,A_three_valid_all_same
middle4864.txt_q2,A_three_valid_all_same
middle487.txt_q0,A_three_valid_all_same
middle487.txt_q1,A_three_valid_all_same
middle487.txt_q2,A_three_valid_all_same
middle487.txt_q3,A_three_valid_all_same
middle4896.txt_q0,A_three_valid_all_same
middle4896.txt_q1,A_three_valid_all_same
middle4896.txt_q2,A_three_valid_all_same
middle4896.txt_q3,A_three_valid_all_same
middle4899.txt_q0,A_three_valid_all_same
middle4899.txt_q1,A_three_valid_all_same
middle4899.txt_q2,A_three_valid_all_same
middle4899.txt_q3,A_three_valid_all_same
middle4899.txt_q4,A_three_valid_all_same
middle490.txt_q0,A_three_valid_all_same
middle490.txt_q1,A_three_valid_all_same
middle490.txt_q2,A_three_valid_all_same
middle490.txt_q3,B_three_valid_exactly_two_same
middle495.txt_q0,A_three_valid_all_same
middle495.txt_q1,A_three_valid_all_same
middle495.txt_q2,A_three_valid_all_same
middle4966.txt_q0,A_three_valid_all_same
middle4966.txt_q1,A_three_valid_all_same
middle4966.txt_q2,A_three_valid_all_same
middle4966.txt_q3,A_three_valid_all_same
middle4988.txt_q0,A_three_valid_all_same
middle4988.txt_q1,A_three_valid_all_same
middle4988.txt_q2,A_three_valid_all_same
middle4988.txt_q3,A_three_valid_all_same
middle5018.txt_q0,A_three_valid_all_same
middle5018.txt_q1,A_three_valid_all_same
middle5064.txt_q0,A_three_valid_all_same
middle5064.txt_q1,A_three_valid_all_same
middle5064.txt_q2,B_three_valid_exactly_two_same
middle5069.txt_q0,A_three_valid_all_same
middle5069.txt_q1,A_three_valid_all_same
middle5069.txt_q2,A_three_valid_all_same
middle5069.txt_q3,A_three_valid_all_same
middle511.txt_q0,A_three_valid_all_same
middle511.txt_q1,A_three_valid_all_same
middle511.txt_q2,A_three_valid_all_same
middle5123.txt_q0,A_three_valid_all_same
middle5123.txt_q1,A_three_valid_all_same
middle5123.txt_q2,A_three_valid_all_same
middle5123.txt_q3,A_three_valid_all_same
middle5123.txt_q4,A_three_valid_all_same
middle5148.txt_q0,A_three_valid_all_same
middle5148.txt_q1,A_three_valid_all_same
middle5148.txt_q2,A_three_valid_all_same
middle5148.txt_q3,A_three_valid_all_same
middle5154.txt_q0,A_three_valid_all_same
middle5154.txt_q1,A_three_valid_all_same
middle5154.txt_q2,A_three_valid_all_same
middle5154.txt_q3,A_three_valid_all_same
middle516.txt_q0,A_three_valid_all_same
middle516.txt_q1,A_three_valid_all_same
middle516.txt_q2,A_three_valid_all_same
middle516.txt_q3,A_three_valid_all_same
middle5162.txt_q0,A_three_valid_all_same
middle5162.txt_q1,A_three_valid_all_same
middle5162.txt_q2,A_three_valid_all_same
middle5162.txt_q3,A_three_valid_all_same
middle5162.txt_q4,A_three_valid_all_same
middle5205.txt_q0,A_three_valid_all_same
middle5205.txt_q1,A_three_valid_all_same
middle5205.txt_q2,A_three_valid_all_same
middle5208.txt_q0,A_three_valid_all_same
middle5208.txt_q1,A_three_valid_all_same
middle5208.txt_q2,A_three_valid_all_same
middle5208.txt_q3,A_three_valid_all_same
middle5208.txt_q4,A_three_valid_all_same
middle5210.txt_q0,A_three_valid_all_same
middle5210.txt_q1,A_three_valid_all_same
middle5210.txt_q2,A_three_valid_all_same
middle5210.txt_q3,A_three_valid_all_same
middle5210.txt_q4,A_three_valid_all_same
middle5226.txt_q0,A_three_valid_all_same
middle5226.txt_q1,A_three_valid_all_same
middle5226.txt_q2,A_three_valid_all_same
middle5226.txt_q3,A_three_valid_all_same
middle5230.txt_q0,A_three_valid_all_same
middle5230.txt_q1,A_three_valid_all_same
middle5230.txt_q2,A_three_valid_all_same
middle5230.txt_q3,A_three_valid_all_same
middle5230.txt_q4,A_three_valid_all_same
middle5294.txt_q0,A_three_valid_all_same
middle5294.txt_q1,A_three_valid_all_same
middle5294.txt_q2,A_three_valid_all_same
middle5296.txt_q0,A_three_valid_all_same
middle5296.txt_q1,A_three_valid_all_same
middle5296.txt_q2,A_three_valid_all_same
middle5300.txt_q0,A_three_valid_all_same
middle5300.txt_q1,A_three_valid_all_same
middle5300.txt_q2,A_three_valid_all_same
middle5310.txt_q0,A_three_valid_all_same
middle5310.txt_q1,A_three_valid_all_same
middle5310.txt_q2,A_three_valid_all_same
middle5310.txt_q3,A_three_valid_all_same
middle5325.txt_q0,A_three_valid_all_same
middle5325.txt_q1,A_three_valid_all_same
middle5325.txt_q2,A_three_valid_all_same
middle5325.txt_q3,A_three_valid_all_same
middle5325.txt_q4,A_three_valid_all_same
middle5339.txt_q0,B_three_valid_exactly_two_same
middle5339.txt_q1,A_three_valid_all_same
middle5339.txt_q2,A_three_valid_all_same
middle5339.txt_q3,A_three_valid_all_same
middle534.txt_q0,A_three_valid_all_same
middle534.txt_q1,A_three_valid_all_same
middle534.txt_q2,A_three_valid_all_same
middle5366.txt_q0,B_three_valid_exactly_two_same
middle5366.txt_q1,A_three_valid_all_same
middle5366.txt_q2,A_three_valid_all_same
middle5380.txt_q0,A_three_valid_all_same
middle5380.txt_q1,A_three_valid_all_same
middle5390.txt_q0,A_three_valid_all_same
middle5390.txt_q1,A_three_valid_all_same
middle5390.txt_q2,A_three_valid_all_same
middle5396.txt_q0,A_three_valid_all_same
middle5396.txt_q1,A_three_valid_all_same
middle5396.txt_q2,B_three_valid_exactly_two_same
middle5396.txt_q3,A_three_valid_all_same
middle5396.txt_q4,A_three_valid_all_same
middle5426.txt_q0,A_three_valid_all_same
middle5426.txt_q1,A_three_valid_all_same
middle5426.txt_q2,A_three_valid_all_same
middle5450.txt_q0,A_three_valid_all_same
middle5450.txt_q1,A_three_valid_all_same
middle5450.txt_q2,A_three_valid_all_same
middle5450.txt_q3,A_three_valid_all_same
middle5450.txt_q4,A_three_valid_all_same
middle5477.txt_q0,A_three_valid_all_same
middle5477.txt_q1,A_three_valid_all_same
middle5477.txt_q2,A_three_valid_all_same
middle5477.txt_q3,A_three_valid_all_same
middle5483.txt_q0,A_three_valid_all_same
middle5483.txt_q1,A_three_valid_all_same
middle5483.txt_q2,A_three_valid_all_same
middle5525.txt_q0,A_three_valid_all_same
middle5525.txt_q1,A_three_valid_all_same
middle5525.txt_q2,A_three_valid_all_same
middle5525.txt_q3,A_three_valid_all_same
middle5525.txt_q4,B_three_valid_exactly_two_same
middle5544.txt_q0,A_three_valid_all_same
middle5544.txt_q1,A_three_valid_all_same
middle5544.txt_q2,A_three_valid_all_same
middle5625.txt_q0,A_three_valid_all_same
middle5625.txt_q1,B_three_valid_exactly_two_same
middle5671.txt_q0,A_three_valid_all_same
middle5671.txt_q1,A_three_valid_all_same
middle5671.txt_q2,A_three_valid_all_same
middle5711.txt_q0,A_three_valid_all_same
middle5711.txt_q1,A_three_valid_all_same
middle5711.txt_q2,A_three_valid_all_same
middle5711.txt_q3,A_three_valid_all_same
middle5739.txt_q0,A_three_valid_all_same
middle5739.txt_q1,A_three_valid_all_same
middle5739.txt_q2,A_three_valid_all_same
middle5739.txt_q3,A_three_valid_all_same
middle5739.txt_q4,A_three_valid_all_same
middle5761.txt_q0,A_three_valid_all_same
middle5761.txt_q1,A_three_valid_all_same
middle5761.txt_q2,A_three_valid_all_same
middle577.txt_q0,A_three_valid_all_same
middle577.txt_q1,A_three_valid_all_same
middle577.txt_q2,A_three_valid_all_same
middle5776.txt_q0,A_three_valid_all_same
middle5776.txt_q1,B_three_valid_exactly_two_same
middle5776.txt_q2,A_three_valid_all_same
middle5776.txt_q3,A_three_valid_all_same
middle5785.txt_q0,A_three_valid_all_same
middle5785.txt_q1,A_three_valid_all_same
middle5785.txt_q2,A_three_valid_all_same
middle5785.txt_q3,A_three_valid_all_same
middle5869.txt_q0,A_three_valid_all_same
middle5869.txt_q1,A_three_valid_all_same
middle5869.txt_q2,A_three_valid_all_same
middle5975.txt_q0,A_three_valid_all_same
middle5975.txt_q1,A_three_valid_all_same
middle5975.txt_q2,A_three_valid_all_same
middle6000.txt_q0,A_three_valid_all_same
middle6000.txt_q1,A_three_valid_all_same
middle6000.txt_q2,A_three_valid_all_same
middle6000.txt_q3,A_three_valid_all_same
middle6000.txt_q4,A_three_valid_all_same
middle6023.txt_q0,A_three_valid_all_same
middle6023.txt_q1,B_three_valid_exactly_two_same
middle6023.txt_q2,A_three_valid_all_same
middle6023.txt_q3,A_three_valid_all_same
middle6062.txt_q0,A_three_valid_all_same
middle6062.txt_q1,A_three_valid_all_same
middle6062.txt_q2,A_three_valid_all_same
middle6062.txt_q3,A_three_valid_all_same
middle6062.txt_q4,A_three_valid_all_same
middle6065.txt_q0,A_three_valid_all_same
middle6065.txt_q1,A_three_valid_all_same
middle6065.txt_q2,A_three_valid_all_same
middle6065.txt_q3,A_three_valid_all_same
middle6068.txt_q0,A_three_valid_all_same
middle6068.txt_q1,A_three_valid_all_same
middle6068.txt_q2,A_three_valid_all_same
middle6068.txt_q3,A_three_valid_all_same
middle6068.txt_q4,A_three_valid_all_same
middle6107.txt_q0,A_three_valid_all_same
middle6107.txt_q1,A_three_valid_all_same
middle6107.txt_q2,A_three_valid_all_same
middle6107.txt_q3,A_three_valid_all_same
middle611.txt_q0,A_three_valid_all_same
middle611.txt_q1,A_three_valid_all_same
middle611.txt_q2,A_three_valid_all_same
middle6118.txt_q0,A_three_valid_all_same
middle6118.txt_q1,A_three_valid_all_same
middle6120.txt_q0,A_three_valid_all_same
middle6120.txt_q1,A_three_valid_all_same
middle6120.txt_q2,A_three_valid_all_same
middle6128.txt_q0,A_three_valid_all_same
middle6128.txt_q1,A_three_valid_all_same
middle6187.txt_q0,A_three_valid_all_same
middle6187.txt_q1,A_three_valid_all_same
middle6187.txt_q2,A_three_valid_all_same
middle6187.txt_q3,A_three_valid_all_same
middle6187.txt_q4,A_three_valid_all_same
middle6190.txt_q0,A_three_valid_all_same
middle6190.txt_q1,A_three_valid_all_same
middle6190.txt_q2,A_three_valid_all_same
middle6190.txt_q3,A_three_valid_all_same
middle6190.txt_q4,A_three_valid_all_same
middle6244.txt_q0,A_three_valid_all_same
middle625.txt_q0,A_three_valid_all_same
middle625.txt_q1,A_three_valid_all_same
middle625.txt_q2,A_three_valid_all_same
middle6261.txt_q0,A_three_valid_all_same
middle6261.txt_q1,A_three_valid_all_same
middle6261.txt_q2,A_three_valid_all_same
middle6261.txt_q3,A_three_valid_all_same
middle6275.txt_q0,A_three_valid_all_same
middle6275.txt_q1,A_three_valid_all_same
middle6275.txt_q2,B_three_valid_exactly_two_same
middle6279.txt_q0,A_three_valid_all_same
middle6279.txt_q1,A_three_valid_all_same
middle6279.txt_q2,A_three_valid_all_same
middle6279.txt_q3,A_three_valid_all_same
middle6322.txt_q0,A_three_valid_all_same
middle6322.txt_q1,A_three_valid_all_same
middle6322.txt_q2,A_three_valid_all_same
middle6322.txt_q3,A_three_valid_all_same
middle6322.txt_q4,A_three_valid_all_same
middle635.txt_q0,A_three_valid_all_same
middle635.txt_q1,A_three_valid_all_same
middle635.txt_q2,A_three_valid_all_same
middle6373.txt_q0,A_three_valid_all_same
middle6373.txt_q1,A_three_valid_all_same
middle6373.txt_q2,A_three_valid_all_same
middle6373.txt_q3,A_three_valid_all_same
middle6373.txt_q4,A_three_valid_all_same
middle6374.txt_q0,A_three_valid_all_same
middle6374.txt_q1,B_three_valid_exactly_two_same
middle6374.txt_q2,A_three_valid_all_same
middle6374.txt_q3,A_three_valid_all_same
middle6374.txt_q4,A_three_valid_all_same
middle6382.txt_q0,A_three_valid_all_same
middle6382.txt_q1,A_three_valid_all_same
middle6394.txt_q0,A_three_valid_all_same
middle6394.txt_q1,A_three_valid_all_same
middle6394.txt_q2,A_three_valid_all_same
middle6407.txt_q0,A_three_valid_all_same
middle6407.txt_q1,A_three_valid_all_same
middle6407.txt_q2,A_three_valid_all_same
middle6407.txt_q3,A_three_valid_all_same
middle6409.txt_q0,A_three_valid_all_same
middle6409.txt_q1,B_three_valid_exactly_two_same
middle6409.txt_q2,A_three_valid_all_same
middle6409.txt_q3,A_three_valid_all_same
middle641.txt_q0,A_three_valid_all_same
middle641.txt_q1,A_three_valid_all_same
middle6413.txt_q0,A_three_valid_all_same
middle6413.txt_q1,A_three_valid_all_same
middle6413.txt_q2,A_three_valid_all_same
middle6413.txt_q3,A_three_valid_all_same
middle6413.txt_q4,A_three_valid_all_same
middle6456.txt_q0,A_three_valid_all_same
middle6456.txt_q1,A_three_valid_all_same
middle6456.txt_q2,B_three_valid_exactly_two_same
middle6471.txt_q0,A_three_valid_all_same
middle6510.txt_q0,A_three_valid_all_same
middle6510.txt_q1,A_three_valid_all_same
middle6510.txt_q2,A_three_valid_all_same
middle6510.txt_q3,A_three_valid_all_same
middle6510.txt_q4,A_three_valid_all_same
middle6526.txt_q0,A_three_valid_all_same
middle6526.txt_q1,A_three_valid_all_same
middle6526.txt_q2,A_three_valid_all_same
middle6526.txt_q3,A_three_valid_all_same
middle6526.txt_q4,A_three_valid_all_same
middle6552.txt_q0,A_three_valid_all_same
middle6552.txt_q1,A_three_valid_all_same
middle6565.txt_q0,A_three_valid_all_same
middle6565.txt_q1,A_three_valid_all_same
middle6565.txt_q2,A_three_valid_all_same
middle6611.txt_q0,A_three_valid_all_same
middle6611.txt_q1,A_three_valid_all_same
middle6611.txt_q2,B_three_valid_exactly_two_same
middle6630.txt_q0,A_three_valid_all_same
middle6630.txt_q1,A_three_valid_all_same
middle6630.txt_q2,A_three_valid_all_same
middle6630.txt_q3,A_three_valid_all_same
middle6637.txt_q0,A_three_valid_all_same
middle6637.txt_q1,B_three_valid_exactly_two_same
middle6637.txt_q2,A_three_valid_all_same
middle6682.txt_q0,B_three_valid_exactly_two_same
middle6682.txt_q1,A_three_valid_all_same
middle6682.txt_q2,A_three_valid_all_same
middle669.txt_q0,A_three_valid_all_same
middle669.txt_q1,A_three_valid_all_same
middle669.txt_q2,A_three_valid_all_same
middle669.txt_q3,B_three_valid_exactly_two_same
middle6704.txt_q0,A_three_valid_all_same
middle6704.txt_q1,A_three_valid_all_same
middle6704.txt_q2,A_three_valid_all_same
middle6704.txt_q3,A_three_valid_all_same
middle6704.txt_q4,A_three_valid_all_same
middle6708.txt_q0,A_three_valid_all_same
middle6708.txt_q1,A_three_valid_all_same
middle6708.txt_q2,A_three_valid_all_same
middle6708.txt_q3,A_three_valid_all_same
middle6749.txt_q0,A_three_valid_all_same
middle6749.txt_q1,B_three_valid_exactly_two_same
middle676.txt_q0,A_three_valid_all_same
middle676.txt_q1,A_three_valid_all_same
middle676.txt_q2,A_three_valid_all_same
middle676.txt_q3,A_three_valid_all_same
middle6838.txt_q0,A_three_valid_all_same
middle6838.txt_q1,A_three_valid_all_same
middle6838.txt_q2,A_three_valid_all_same
middle6863.txt_q0,A_three_valid_all_same
middle6863.txt_q1,A_three_valid_all_same
middle6863.txt_q2,A_three_valid_all_same
middle6863.txt_q3,A_three_valid_all_same
middle6875.txt_q0,B_three_valid_exactly_two_same
middle6875.txt_q1,A_three_valid_all_same
middle6875.txt_q2,A_three_valid_all_same
middle6875.txt_q3,A_three_valid_all_same
middle6916.txt_q0,A_three_valid_all_same
middle6916.txt_q1,A_three_valid_all_same
middle6916.txt_q2,A_three_valid_all_same
middle6921.txt_q0,A_three_valid_all_same
middle6921.txt_q1,A_three_valid_all_same
middle6921.txt_q2,A_three_valid_all_same
middle6921.txt_q3,A_three_valid_all_same
middle6921.txt_q4,A_three_valid_all_same
middle6928.txt_q0,A_three_valid_all_same
middle6928.txt_q1,A_three_valid_all_same
middle6928.txt_q2,A_three_valid_all_same
middle6939.txt_q0,A_three_valid_all_same
middle6939.txt_q1,A_three_valid_all_same
middle6939.txt_q2,A_three_valid_all_same
middle6948.txt_q0,A_three_valid_all_same
middle6948.txt_q1,A_three_valid_all_same
middle6948.txt_q2,A_three_valid_all_same
middle6948.txt_q3,A_three_valid_all_same
middle6975.txt_q0,A_three_valid_all_same
middle6975.txt_q1,A_three_valid_all_same
middle6975.txt_q2,A_three_valid_all_same
middle6975.txt_q3,A_three_valid_all_same
middle6975.txt_q4,A_three_valid_all_same
middle6992.txt_q0,A_three_valid_all_same
middle6992.txt_q1,A_three_valid_all_same
middle6992.txt_q2,A_three_valid_all_same
middle6992.txt_q3,A_three_valid_all_same
middle6993.txt_q0,A_three_valid_all_same
middle6993.txt_q1,A_three_valid_all_same
middle6993.txt_q2,A_three_valid_all_same
middle6993.txt_q3,A_three_valid_all_same
middle6993.txt_q4,A_three_valid_all_same
middle7012.txt_q0,A_three_valid_all_same
middle7012.txt_q1,A_three_valid_all_same
middle7012.txt_q2,A_three_valid_all_same
middle705.txt_q0,A_three_valid_all_same
middle705.txt_q1,A_three_valid_all_same
middle705.txt_q2,A_three_valid_all_same
middle705.txt_q3,A_three_valid_all_same
middle7059.txt_q0,A_three_valid_all_same
middle7059.txt_q1,A_three_valid_all_same
middle7059.txt_q2,A_three_valid_all_same
middle7059.txt_q3,A_three_valid_all_same
middle7059.txt_q4,A_three_valid_all_same
middle7063.txt_q0,B_three_valid_exactly_two_same
middle7063.txt_q1,A_three_valid_all_same
middle7063.txt_q2,A_three_valid_all_same
middle7079.txt_q0,A_three_valid_all_same
middle7079.txt_q1,A_three_valid_all_same
middle7079.txt_q2,A_three_valid_all_same
middle7079.txt_q3,A_three_valid_all_same
middle7088.txt_q0,A_three_valid_all_same
middle7088.txt_q1,A_three_valid_all_same
middle7088.txt_q2,A_three_valid_all_same
middle7088.txt_q3,A_three_valid_all_same
middle7093.txt_q0,A_three_valid_all_same
middle7093.txt_q1,A_three_valid_all_same
middle7093.txt_q2,A_three_valid_all_same
middle7094.txt_q0,A_three_valid_all_same
middle7094.txt_q1,A_three_valid_all_same
middle7094.txt_q2,B_three_valid_exactly_two_same
middle7094.txt_q3,A_three_valid_all_same
middle7097.txt_q0,A_three_valid_all_same
middle7097.txt_q1,A_three_valid_all_same
middle7097.txt_q2,A_three_valid_all_same
middle7160.txt_q0,A_three_valid_all_same
middle7160.txt_q1,A_three_valid_all_same
middle7160.txt_q2,A_three_valid_all_same
middle7160.txt_q3,A_three_valid_all_same
middle7160.txt_q4,A_three_valid_all_same
middle7169.txt_q0,A_three_valid_all_same
middle7169.txt_q1,A_three_valid_all_same
middle7169.txt_q2,A_three_valid_all_same
middle7169.txt_q3,A_three_valid_all_same
middle7188.txt_q0,A_three_valid_all_same
middle7188.txt_q1,A_three_valid_all_same
middle7188.txt_q2,A_three_valid_all_same
middle7193.txt_q0,A_three_valid_all_same
middle7193.txt_q1,A_three_valid_all_same
middle7193.txt_q2,A_three_valid_all_same
middle7193.txt_q3,A_three_valid_all_same
middle7196.txt_q0,A_three_valid_all_same
middle7196.txt_q1,A_three_valid_all_same
middle7196.txt_q2,A_three_valid_all_same
middle7196.txt_q3,A_three_valid_all_same
middle7196.txt_q4,A_three_valid_all_same
middle7209.txt_q0,A_three_valid_all_same
middle7209.txt_q1,A_three_valid_all_same
middle7209.txt_q2,A_three_valid_all_same
middle7209.txt_q3,A_three_valid_all_same
middle7209.txt_q4,A_three_valid_all_same
middle721.txt_q0,A_three_valid_all_same
middle721.txt_q1,A_three_valid_all_same
middle721.txt_q2,A_three_valid_all_same
middle721.txt_q3,A_three_valid_all_same
middle7210.txt_q0,A_three_valid_all_same
middle7210.txt_q1,A_three_valid_all_same
middle7210.txt_q2,A_three_valid_all_same
middle7210.txt_q3,A_three_valid_all_same
middle7210.txt_q4,A_three_valid_all_same
middle7234.txt_q0,A_three_valid_all_same
middle7234.txt_q1,A_three_valid_all_same
middle7234.txt_q2,A_three_valid_all_same
middle7234.txt_q3,A_three_valid_all_same
middle728.txt_q0,A_three_valid_all_same
middle728.txt_q1,A_three_valid_all_same
middle728.txt_q2,A_three_valid_all_same
middle7284.txt_q0,A_three_valid_all_same
middle7284.txt_q1,A_three_valid_all_same
middle7284.txt_q2,A_three_valid_all_same
middle7284.txt_q3,A_three_valid_all_same
middle7284.txt_q4,A_three_valid_all_same
middle73.txt_q0,A_three_valid_all_same
middle73.txt_q1,A_three_valid_all_same
middle7301.txt_q0,A_three_valid_all_same
middle7301.txt_q1,A_three_valid_all_same
middle7301.txt_q2,A_three_valid_all_same
middle7301.txt_q3,A_three_valid_all_same
middle7301.txt_q4,A_three_valid_all_same
middle7320.txt_q0,A_three_valid_all_same
middle7320.txt_q1,A_three_valid_all_same
middle7320.txt_q2,A_three_valid_all_same
middle7320.txt_q3,A_three_valid_all_same
middle7351.txt_q0,A_three_valid_all_same
middle7351.txt_q1,A_three_valid_all_same
middle7351.txt_q2,A_three_valid_all_same
middle7351.txt_q3,A_three_valid_all_same
middle7433.txt_q0,A_three_valid_all_same
middle7433.txt_q1,A_three_valid_all_same
middle7433.txt_q2,C_three_valid_all_different
middle7443.txt_q0,A_three_valid_all_same
middle7443.txt_q1,A_three_valid_all_same
middle7443.txt_q2,A_three_valid_all_same
middle7444.txt_q0,A_three_valid_all_same
middle7444.txt_q1,B_three_valid_exactly_two_same
middle7444.txt_q2,A_three_valid_all_same
middle7444.txt_q3,A_three_valid_all_same
middle746.txt_q0,A_three_valid_all_same
middle746.txt_q1,A_three_valid_all_same
middle746.txt_q2,A_three_valid_all_same
middle746.txt_q3,A_three_valid_all_same
middle7475.txt_q0,A_three_valid_all_same
middle7475.txt_q1,A_three_valid_all_same
middle7475.txt_q2,A_three_valid_all_same
middle7475.txt_q3,A_three_valid_all_same
middle7497.txt_q0,A_three_valid_all_same
middle7497.txt_q1,A_three_valid_all_same
middle7497.txt_q2,A_three_valid_all_same
middle7513.txt_q0,A_three_valid_all_same
middle7513.txt_q1,A_three_valid_all_same
middle7513.txt_q2,A_three_valid_all_same
middle7513.txt_q3,A_three_valid_all_same
middle7513.txt_q4,A_three_valid_all_same
middle7574.txt_q0,A_three_valid_all_same
middle7574.txt_q1,B_three_valid_exactly_two_same
middle7574.txt_q2,A_three_valid_all_same
middle7574.txt_q3,A_three_valid_all_same
middle758.txt_q0,A_three_valid_all_same
middle758.txt_q1,B_three_valid_exactly_two_same
middle758.txt_q2,A_three_valid_all_same
middle7599.txt_q0,A_three_valid_all_same
middle7599.txt_q1,A_three_valid_all_same
middle7599.txt_q2,A_three_valid_all_same
middle7599.txt_q3,A_three_valid_all_same
middle7599.txt_q4,A_three_valid_all_same
middle7646.txt_q0,A_three_valid_all_same
middle7646.txt_q1,A_three_valid_all_same
middle7646.txt_q2,A_three_valid_all_same
middle7646.txt_q3,A_three_valid_all_same
middle7646.txt_q4,A_three_valid_all_same
middle7672.txt_q0,A_three_valid_all_same
middle7672.txt_q1,A_three_valid_all_same
middle7672.txt_q2,A_three_valid_all_same
middle7672.txt_q3,A_three_valid_all_same
middle7672.txt_q4,A_three_valid_all_same
middle7673.txt_q0,A_three_valid_all_same
middle7673.txt_q1,A_three_valid_all_same
middle7673.txt_q2,A_three_valid_all_same
middle7673.txt_q3,A_three_valid_all_same
middle770.txt_q0,A_three_valid_all_same
middle770.txt_q1,A_three_valid_all_same
middle770.txt_q2,A_three_valid_all_same
middle770.txt_q3,A_three_valid_all_same
middle770.txt_q4,A_three_valid_all_same
middle7703.txt_q0,A_three_valid_all_same
middle7703.txt_q1,A_three_valid_all_same
middle7703.txt_q2,A_three_valid_all_same
middle7722.txt_q0,A_three_valid_all_same
middle7722.txt_q1,A_three_valid_all_same
middle7722.txt_q2,A_three_valid_all_same
middle7722.txt_q3,A_three_valid_all_same
middle7722.txt_q4,A_three_valid_all_same
middle7729.txt_q0,A_three_valid_all_same
middle7729.txt_q1,A_three_valid_all_same
middle7729.txt_q2,B_three_valid_exactly_two_same
middle7740.txt_q0,A_three_valid_all_same
middle7740.txt_q1,A_three_valid_all_same
middle7740.txt_q2,A_three_valid_all_same
middle7752.txt_q0,A_three_valid_all_same
middle7752.txt_q1,A_three_valid_all_same
middle7752.txt_q2,B_three_valid_exactly_two_same
middle7752.txt_q3,A_three_valid_all_same
middle7779.txt_q0,A_three_valid_all_same
middle7779.txt_q1,A_three_valid_all_same
middle7779.txt_q2,A_three_valid_all_same
middle7779.txt_q3,A_three_valid_all_same
middle7779.txt_q4,A_three_valid_all_same
middle7798.txt_q0,A_three_valid_all_same
middle7798.txt_q1,A_three_valid_all_same
middle7808.txt_q0,A_three_valid_all_same
middle7808.txt_q1,A_three_valid_all_same
middle7808.txt_q2,A_three_valid_all_same
middle7834.txt_q0,B_three_valid_exactly_two_same
middle7834.txt_q1,A_three_valid_all_same
middle7834.txt_q2,A_three_valid_all_same
middle7834.txt_q3,A_three_valid_all_same
middle7834.txt_q4,A_three_valid_all_same
middle7845.txt_q0,A_three_valid_all_same
middle7845.txt_q1,A_three_valid_all_same
middle7845.txt_q2,A_three_valid_all_same
middle7875.txt_q0,A_three_valid_all_same
middle7875.txt_q1,A_three_valid_all_same
middle7875.txt_q2,A_three_valid_all_same
middle7875.txt_q3,A_three_valid_all_same
middle7890.txt_q0,A_three_valid_all_same
middle7890.txt_q1,A_three_valid_all_same
middle7923.txt_q0,A_three_valid_all_same
middle7923.txt_q1,A_three_valid_all_same
middle7923.txt_q2,A_three_valid_all_same
middle7961.txt_q0,A_three_valid_all_same
middle7961.txt_q1,A_three_valid_all_same
middle7961.txt_q2,A_three_valid_all_same
middle7998.txt_q0,A_three_valid_all_same
middle7998.txt_q1,A_three_valid_all_same
middle7998.txt_q2,A_three_valid_all_same
middle8038.txt_q0,A_three_valid_all_same
middle8038.txt_q1,A_three_valid_all_same
middle8038.txt_q2,A_three_valid_all_same
middle8038.txt_q3,A_three_valid_all_same
middle8038.txt_q4,A_three_valid_all_same
middle8049.txt_q0,A_three_valid_all_same
middle8049.txt_q1,A_three_valid_all_same
middle8049.txt_q2,A_three_valid_all_same
middle8073.txt_q0,A_three_valid_all_same
middle8073.txt_q1,A_three_valid_all_same
middle8073.txt_q2,A_three_valid_all_same
middle8073.txt_q3,A_three_valid_all_same
middle8073.txt_q4,A_three_valid_all_same
middle8111.txt_q0,A_three_valid_all_same
middle8111.txt_q1,A_three_valid_all_same
middle8111.txt_q2,A_three_valid_all_same
middle8111.txt_q3,B_three_valid_exactly_two_same
middle8111.txt_q4,A_three_valid_all_same
middle8154.txt_q0,A_three_valid_all_same
middle8154.txt_q1,A_three_valid_all_same
middle8154.txt_q2,A_three_valid_all_same
middle8154.txt_q3,A_three_valid_all_same
middle8154.txt_q4,A_three_valid_all_same
middle8160.txt_q0,A_three_valid_all_same
middle8160.txt_q1,A_three_valid_all_same
middle8160.txt_q2,A_three_valid_all_same
middle8160.txt_q3,A_three_valid_all_same
middle8161.txt_q0,A_three_valid_all_same
middle8161.txt_q1,A_three_valid_all_same
middle8161.txt_q2,A_three_valid_all_same
middle8161.txt_q3,A_three_valid_all_same
middle8161.txt_q4,A_three_valid_all_same
middle8201.txt_q0,A_three_valid_all_same
middle8201.txt_q1,A_three_valid_all_same
middle8201.txt_q2,A_three_valid_all_same
middle8238.txt_q0,A_three_valid_all_same
middle8238.txt_q1,A_three_valid_all_same
middle8248.txt_q0,A_three_valid_all_same
middle8248.txt_q1,A_three_valid_all_same
middle8248.txt_q2,A_three_valid_all_same
middle8248.txt_q3,B_three_valid_exactly_two_same
middle8248.txt_q4,A_three_valid_all_same
middle8280.txt_q0,A_three_valid_all_same
middle8280.txt_q1,A_three_valid_all_same
middle8280.txt_q2,A_three_valid_all_same
middle8280.txt_q3,A_three_valid_all_same
middle8280.txt_q4,A_three_valid_all_same
middle8280.txt_q5,A_three_valid_all_same
middle84.txt_q0,B_three_valid_exactly_two_same
middle84.txt_q1,A_three_valid_all_same
middle84.txt_q2,A_three_valid_all_same
middle84.txt_q3,A_three_valid_all_same
middle84.txt_q4,A_three_valid_all_same
middle849.txt_q0,A_three_valid_all_same
middle849.txt_q1,A_three_valid_all_same
middle849.txt_q2,A_three_valid_all_same
middle849.txt_q3,A_three_valid_all_same
middle849.txt_q4,A_three_valid_all_same
middle859.txt_q0,A_three_valid_all_same
middle859.txt_q1,A_three_valid_all_same
middle859.txt_q2,A_three_valid_all_same
middle859.txt_q3,A_three_valid_all_same
middle859.txt_q4,A_three_valid_all_same
middle886.txt_q0,A_three_valid_all_same
middle886.txt_q1,A_three_valid_all_same
middle886.txt_q2,A_three_valid_all_same
middle897.txt_q0,A_three_valid_all_same
middle897.txt_q1,A_three_valid_all_same
middle897.txt_q2,A_three_valid_all_same
middle897.txt_q3,A_three_valid_all_same
middle897.txt_q4,A_three_valid_all_same
middle909.txt_q0,A_three_valid_all_same
middle909.txt_q1,A_three_valid_all_same
middle909.txt_q2,A_three_valid_all_same
middle909.txt_q3,A_three_valid_all_same
middle909.txt_q4,A_three_valid_all_same
middle927.txt_q0,A_three_valid_all_same
middle927.txt_q1,A_three_valid_all_same
middle927.txt_q2,B_three_valid_exactly_two_same
middle927.txt_q3,B_three_valid_exactly_two_same
middle928.txt_q0,A_three_valid_all_same
middle928.txt_q1,A_three_valid_all_same
middle928.txt_q2,A_three_valid_all_same
middle928.txt_q3,A_three_valid_all_same
middle928.txt_q4,A_three_valid_all_same
middle93.txt_q0,A_three_valid_all_same
middle93.txt_q1,A_three_valid_all_same
middle93.txt_q2,A_three_valid_all_same
middle93.txt_q3,A_three_valid_all_same
middle93.txt_q4,B_three_valid_exactly_two_same
middle938.txt_q0,A_three_valid_all_same
middle938.txt_q1,A_three_valid_all_same
middle938.txt_q2,A_three_valid_all_same
middle938.txt_q3,A_three_valid_all_same
middle940.txt_q0,A_three_valid_all_same
middle940.txt_q1,A_three_valid_all_same
middle940.txt_q2,A_three_valid_all_same
middle940.txt_q3,A_three_valid_all_same
middle940.txt_q4,A_three_valid_all_same
middle940.txt_q5,A_three_valid_all_same
middle946.txt_q0,A_three_valid_all_same
middle946.txt_q1,A_three_valid_all_same
middle946.txt_q2,A_three_valid_all_same
middle946.txt_q3,A_three_valid_all_same
middle956.txt_q0,A_three_valid_all_same
middle956.txt_q1,A_three_valid_all_same
middle956.txt_q2,A_three_valid_all_same
middle956.txt_q3,A_three_valid_all_same
middle97.txt_q0,A_three_valid_all_same
middle97.txt_q1,B_three_valid_exactly_two_same
middle991.txt_q0,A_three_valid_all_same
middle991.txt_q1,A_three_valid_all_same
middle991.txt_q2,A_three_valid_all_same
middle991.txt_q3,A_three_valid_all_same
middle992.txt_q0,A_three_valid_all_same
middle992.txt_q1,A_three_valid_all_same
middle992.txt_q2,A_three_valid_all_same
middle992.txt_q3,A_three_valid_all_same
middle2612.txt_q2,D_two_valid_same
middle291.txt_q4,D_two_valid_same
middle4542.txt_q1,D_two_valid_same
