blind_item_id,passage,question,option_A,option_B,option_C,option_D,rater_answer,answer_confidence,evidence_demand,cannot_judge,optional_stage1_note,official_answer_key,key_problem,stem_problem,distractor_problem,evidence_problem,optional_stage2_note
A001,"Since we are social beings, the quality of our lives depends in large measure on our interpersonal  relationships. One strength of the human condition is our possibility to give and receive support from one another under stressful conditions. Social support makes up of the exchange of resources among people based on their interpersonal ties. Those of us with strong support systems appear better able to deal with major life changes and daily problems. People with strong social ties live longer and have better health than those without such ties. Studies over types of illnesses, from depression to heart disease, show that the presence of social support helps people defend themselves against illness, and the absence of such support makes poor health more likely.
Social support cushions  stress in a number of ways. First, friends, relatives and co-workers may let us know that they value us. Our self-respect is strengthened when we feel accepted by others in spite of our faults and difficulties. Second, other people often provide us with informational support. They help us to define and understand our problems and find solutions to them. Third, we typically find social companionship supportive. Taking part in free-time activities with others helps us to meet our social needs while at the same time distracting   us from our worries and troubles. Finally, other people may give us instrumental support money aid, material resources, and needed services - that reduces stress by helping us resolve and deal with our problems.",Interpersonal relationships are important because they can   _,make people live more easily,smooth away daily problems,deal with life changes,cure types of illnesses,A,4,1,0,,A,0,0,0,0,
A002,"Different Kinds of Birds
Avocets
There are 4 different species of Avocet found around the world-Pied Avocet , Red-necked Avocet, Andean Avocet, and American Avocet. This bird is found in North and South America, Europe, and even Australia. This long-legged bird has webbed feet and an upturned, thin bill.
Bald Eagles
The bald eagle is found in wetlands and near coastlines. They have very large and broad wings, with a broad tail. The head and tail are white in color, which is the major distinguishable factor of the bald eagle. The long, hooked bill is yellow in color. They feed on fish, ducks, rabbits, geese, etc.
Eastern Bluebirds
These are around 61/2 inches in length .Such birds are found mainly in gardens woodlands, and orchards with the arrival of spring. Male Eastern Bluebirds are bright blue on the upper half and have a white belly. Female Eastern Bluebirds have a grayish head with shades of blue as well. New York and Missouri have named this creature as their state bird.
Flamingos
These pink-bodied birds with a unique beak, are generally found in large groups. The beaks are capable of removing mud before they can eat their food. Flamingos can be found in many African countries, areas of Florida, and one particular type of species is found only in the Andean highlands.
Kingfishers
There are over 90 various species of Kingfishers found in the woodland areas as well as wetlands across the world. They are excellent divers when it comes to catching fish in the rivers. Their pointed bills are what help them bag the catch. Kingfishers have good eyesight whether they are in air or underwater.",Birds that can be found only in the Andean highlands are   _  .,Bald Eagles,Female Eastern Bluebirds,Andean Avocets,one special type of Flamingos,D,3,2,0,,D,0,0,0,0,
A003,"One year, my school report made my parents angry. On Christmas Eve, all the presents were stolen, along with our TV. My parents told me that there were no presents because Santa was very angry with my behavior over the past year. The next year on Christmas Eve I slept downstairs with a plastic sword waiting for Santa to make sure that he didn't steal the new TV. The next morning, when I woke up, I saw Santa standing there. As soon as I saw that there were no presents, I grabbed my plastic sword and ran at him, shouting angrily: ""THIEF! THIEF!""
Jack
When I was young, we always had a specific room for the Christmas tree. My mom never really liked the location, so one year she moved the tree into another room. I was convinced that Santa would not know where the tree was and would get lost in our house. I was worried that he would be mad and put me on the ""bad"" list and would not give me any gifts because he couldn't find the tree. I came up with the idea to make signs leading from the fireplace to the tree. They said things like: ""Tree this way"" or ""Santa, put the gifts over here."" When my big brother saw them he began to laugh his head off.
Lucy
Does everyone remember going to the mall and sitting on Santa's lap to have his picture taken at Christmas time?
Well, I used to think that if I did that, Santa would get mad bcause he would have to go all around the world and give every kid the chance to have his picture taken with him. Of course his lap would hurt and he would be very fired. I thought he might keep a copy of the picture and that would be how he decided who would be on his naughty list.
My mom couldn't get me onto Santa's lap until she made him promise I wouldn't end up on his naughty list.
Lydia",Why didn't Lydia want to take pictures with Santa?,She was afraid that Santa would get mad with her.,She was afraid that Santa would get too tired and hurt himself.,She disliked the idea that Santa would keep a copy of her picture.,She feared that she would appear in the Santa's naughty list.,D,2,2,0,,D,1,0,0,0,"I can build a reading for C too, not just the key."
A004,"According to the most recent count, more than 6,500 homeless people sleep on the street or in shelters in San Francisco, and there are only eight shower facilities  specifically available to the homeless, and most of these have just one or two stalls and aren't open every day. Now San Francisco-based company Lava Mae, is trying to change that with a simple but smart idea--turning retired city buses into mobile showers for the homeless. The idea known as Lava Mae, is a response to the need of the homeless in the city.
It all started two years ago when Sandoval got in a cab after a meeting in the SoMa district of San Francisco, where the homeless mainly lived. ""My driver turned around and said, 'Welcome to the land of broken dreams.' "" Then Sandoval awoke from her imagination and started really look at the people around her. "" A woman I passed was crying and saying that she would never be clean"", Sandoval said. She took what the woman said as a sign that she should focus on the problem of hygiene , one of the most pressing needs for the homeless. 
After doing some research, Sandoval hit on the idea of a mobile unit that could be equipped with shower facilities. According to the company's founder Doniece Sandoval, every bus will be renewed and equipped with two separate private areas, each with a shower stall, sink, changing areas, toilet and bench. Sandoval says that if everyone sticks to a five-minute shower, a single Lava Mae bus could provide service for about 100 people during each 8- to 10-hour shift. 
The project has been several years in the making as it has not been easy to get officials to agree. In addition, it is also difficult to ask the bus company to donate buses. Now she has reached an agreement with a bus company, which will donate the buses being retired in the next four years. 
While Lava Mae is now focused on the city of San Francisco, there is no reason that the idea cannot be spread all over the world.",What is TRUE about the project of Lava Mae?,A single Lava Mae bus could provide service for 100 people at a time.,The project has met a lot of difficulties.,The officials strongly support the project.,The idea of Lava Mae will not be spread all over the world.,B,3,4,0,,B,1,1,0,0,"I can build a reading for A too, not just the key."
A005,"Coffee grows only in the tropics . The temperature must be between 65 and 70 degrees Fahrenheit. Coffee must have shade from nearby trees, but it also requires at least two hours of sunlight each day.
It was in the 18thand 19thcenturies that coffee seeds from the Middle East were taken to Latin America, the Carribean, and Africa. It spread fast, with demand for the coffee growing in the northern part of the world. Millions of acres of rainforest and jungle were planted with coffee trees. Because of coffee's need for shade and its ability to be grown alongside other crops, the small coffee trees didn't require any forests to be cleared.
But this took a bad turn in 1970 when US agricultural scientists decided to develop a new coffee plant that grew only in the full sun. Farmer agreed to grow this new coffee because they could produce five times more coffee than before. With the support of local governments, it isn't difficult to understand why many traditional coffee fields quickly became modern ones. As a result, over the past 40 years, Central America has lost two-thirds of its rainforests at a rate of 40 million acres per year. That figure is similar to Mexico.
These modern coffee plantations  are very harmful as nothing can grow in the fields besides the coffee bushes. As the rainforests disappear, so do the animals. Sun plantations also contribute to soil erosion . The coffee trees must face not only the heat with no protection, they must also face heavy rains, which slowly washes much of the soil away. Sun coffee field are actually risky for farmers in the long term.",Which of the following places has the longest coffee-planting history?,Latin America,The Carribean,Africa,The Middle East,D,3,3,0,,D,0,0,0,0,
A006,"A nameless British millionaire is currently putting people to the test by handing out PS1,000 to those he randomly meets in the street.All he'd ask is that they'd do something positive with the cash.The reactions are varied,from the surprised to the suspicious to the simply delighted.He has given away close to PS100,000 to people he has met around the world.He hands those that he chooses a card explaining his project and allows them 48 hours to get in touch.
""Mr.Lucky"" is from London,in his late thirties and appears wearing rolled-up jeans and with a camera around his neck.Working for an insurance company abroad,he earned his fortune and resigned last year after having realized he had more money than he knew what to do with.
""I once booked myself a flight into space;I thought I'd fulfill my childhood dream.Then I told my friends and when the conversation changed to what they would do if they had that amount of money,I felt embarrassed.Their ideas were much more generous,interesting and responsible than mine,"" said Mr.Lucky.After canceling his space flight and struggling to choose a worthy cause for his cash,he decided to set up the WeAreLucky project.""I didn't want to just pass on my luck;I also wanted to share the responsibility.I decided to give away PS1,000 every day.I'd asked the receivers to fill in a brief questionnaire to explain their intentions in using the money.""
But is handing over the responsibility to others really a responsible thing to do? How does he know the money will be used properly? ""I'm not going to judge or start checking up on them.Sometimes what we need to do is just believing others,"" he said with nearly childlike enthusiasm.",Why did Mr.Lucky hand out his money?,He was easy-going and rich.,He wanted to help the poor.,He believed people could use it properly.,He needed people to share his responsibility.,C,2,1,0,,C,1,0,0,0,Passage supports D about as well as the key; I'd call this a toss-up.
A007,"I hated dinner parties. But I decided to give them another _ because I'm in London. And my friend Mallery invited me. And because dinner parties in London are very different from those back in New York. There, ""I'm having a dinner party"" means ""I'm booking a table for 12 at a restaurant you can't afford and we'll be sharing the cheque evenly, no matter what you eat.""
Worse, in Manhattan there is always someone who leaves before the bill arrives. They'll throw down cash, half of what they owe, and then people like me, who don't drink, end up paying even more. But if I try to use the same trick, the hostess will shout ""Where are you going?"" And it's not like I can say I have somewhere to go : everyone knows I have nowhere to go.
But in London, dinner parties are in people's homes. Not only that, the guests are an interesting mix. The last time I went to one, the guests were from France, India, Denmark and Nigeria; it was like a gathering at the United Nations. In New York, the mix is less striking. It's like a gathering at Bloomingdale's, a well-known department store.
For New Yorkers, talking about other parts of the world means Brooklyn and Queens in New York. But at Mallery's, when I said that I had been to Myanmar recently, people knew where it was. In New York people would think it was a usual new club.",What does the author dislike most about dinner parties in New York?,There is a strange mix of people.,The restaurant are expensive.,The bill is not fairly shared.,People have to pay cash.,C,2,3,0,,C,0,0,0,1,Passage doesn't quite give what's needed for the key without a leap.
A008,"Well-known Chinese writer, literary translator and foreign literature researcher Yang Jiang died at the age of 105 in Beijing on 25 May, 2016.
Yang, the wife of late Chinese novelist Qian Zhongshu, enjoyed decades of fame across the country for her literature works such as Six Chapters from My Life""Downunder""(1981), Baptism(1988), and We Three(2004), which recalls her husband and her daughter Qian Yuan(1937-1997) who died of cancer one year before her father's death. Her translation of the Spanish novel Don Quixote de la Mancha<<>>  is widely considered the best Chinese version so far. 
Yang Jiang, whose original name was Yang Jikang, was born in Beijing and grew up in Suzhou, East China's Jiangsu province. She got her master's degree in foreign languages and literature at Tsinghua University, where she met her husband Qian Zhongshu, whose later work, the satirical novel Fortress Besieged <<>>  is famous around the world. The couple married in 1935 and during 1935 to 1938, they went to Oxford University for further study. They returned to China in 1938 and both of them went into academia   and made important contributions to the development of Chinese culture. Yang and Qian were known for having the perfect love story in Chinese literary circles. Qian once commented that Yang was ""the most virtuous wife and most talented lady"". Apart from her own achievements in literature, she made a great contribution to Qian's works after his death. More than 70,000 letters and drafts by her husband were collected by her for the publication Qian Zhongshu's Manuscript Collection in 2003. 
Yang loved reading and encouraged the younger generation to read more books. She donated millions of yuan that she earned through sales of her works to Tsinghua University and set up the ""Love Reading"" scholarship in the name of her family after her husband and daughter passed away.",What's the best title of this passage?,Yang Jiang's works.,Young people should read more books.,Yang Jiang and her husband.,"Yang Jiang, Chinese writer died at 105.",D,3,2,0,,D,0,0,0,0,
A009,"Can you imagine a world without chocolate? It's not something I'd like to do, so I was relieved to read that there's a university with a programme to safeguard the future of chocolate!
The University of Reading, in England, has just opened a new clearing house for all the world's new cocoa varieties. They must be quarantined   before they can be grown. Why? Cocoa production hit a record high of 4.4 million tons last year but about 30% of the precious crop is regularly lost to pests and diseases. Now we don't want that, do we?
Demand for chocolate has been increasing faster than the world supply of cocoa and researchers think that new varieties are key to solving this problem.
The University of Reading has been protecting the quality of the new crop since 1985, after it took over the task from the Royal Botanical Gardens in Kew, London. And it has improved its facilities. The leader of the institution's cocoa project, Professor Paul Hadley, says, ""One of the main issues concerning cocoa improvement is the supply of reliably clean, healthy, interesting cocoa material.""
The cocoa centre has a collection of 400 plant varieties and their greenhouse uses a lot of energy to keep them in tropical conditions. After up to two years in quarantine, clean and safe seeds are sent to some 20 countries, including several in West Africa. That's where 75% of the cocoa used for chocolate worldwide comes from. The crop is extremely important for the local economy: it employs about two million people.
Professor Paul Hadley says he works with a small team of skilled technicians who look after the collection. And more of us seem to count on them now.
The scientist says, ""There is some concern within the industry that demand is increasing constantly, particularly in countries like China, where the standard of living is increasing and people are getting a taste for different chocolates.""",The institution's cocoa project is to   _  .,have cocoa skin removed,offer more jobs to people,ensure the quality of cocoa,supply cocoa to two million people,C,3,2,0,,C,0,0,0,0,
A010,"Before a new type airplane goes service, every part of it is tested again and again. But there are two tests that are more of into important than the others.
The first is called the ""tank test"". A modern airplane must fly very high in the sky. Air must be pumped into the plane so that the passengers can breathe. The metal structure of the plane has to be very strong for this reason. When the plane is filled with air, the air presses against the skin of the plane inside. The pressure on a small window is like a huge foot that is trying to get out. If a small part of the plane were to fail, the plane would explode in the sky. To test the structure of the plane, the plane is lowered into a huge tank or container of water. Then it is filled with air. The pressure inside the plane is greater than it ever will be when it is high up in the air. Finally, there is an explosion. This does not cause so much damage inside the water tank as it would anywhere else. Engineers can discover which part of the plane has broken. Then that part is made stronger.
The most dangerous test happens when the new plane is going through test flights in the air. The test must find out exactly what happens when the engines  are all shut off at once. The plane begins to fall like a stone. It is the pilot's job to find out how he can get control of the plane again. These two tests are examples of how planes are made safe before they ever carry passengers.",What might be the most suitable title for the text?,Two Important Tests on Airplane,The Importance of Flying Safety,The Danger of Testing Airplanes,How Airplanes Are made and Tested,A,1,2,0,,A,0,0,0,0,
A011,"Egypt: Bridging the Gap between School English and Real English
Teaching English in Egypt in general and in my town Damietta in particular, is mainly directed towards helping students to pass their final exams. Unfortunately, most teachers do not adopt a long -term approach that guarantees that their students will be able to use English outside the classroom. So students only concentrate on one skill which is writing. Thus their listening and speaking skills are disabled. What is important to them is to pass the exam which is primarily based on writing .Teachers are not only concentrated with providing their students with questions that are similar to those of the final exam, particularly General Secondary Education Certificate (GSEC) Examination, so students spend most of their time answering typical exam questions.
Most students' scores are high; a lot of students get full marks. However, few students are able to communicate in English because their role plays. As a result, a lot of students complain that they are unable to understand and talk fluently with native speakers of English.
To enable students to communicate freely and spontaneously  in English, I bring features of real communication into language practice, I always ask students about their own experiences, and suggest groups of students practice what they have learned outside the classroom. This helps lower-achieving students absorb language. Furthermore, role play is a very effective way to improve speaking skills particularly if it is connected to the experience of the students.","In Egypt, the students only concentrate on ------",listening skill,speaking skill,reading skill,writing skill,D,4,2,0,,D,0,0,0,0,
A012,"Are you the type of person who easily gets less confident by negative  advice? Follow this short lesson about self confidence.
Henry Ward Beecher was a well-known American churchman, social reformer  and speaker in the middle of the 19th century. When he was a young boy in school, he learned a lesson which he never forgot.
Once he was called up to recite  in front of the class. When he recited only a few lines, the teacher interrupted with a forceful ""No!"" He started over and again the teacher shouted, ""No!"" Ashamed, Henry sat down.
The next boy rose to recite and had just begun when the teacher shouted, ""No!"" This student, however, kept on reciting until he completed it. As he sat down, the teacher replied, ""Very good!""
Henry was angry. ""I recited just as he did,"" he complained to the teacher.
But the teacher replied, ""It is not enough to know your lesson, you must be sure. When you allowed me to stop you, it meant that you were uncertain, if the world says, No! it is your business to say Yes! and prove it.""
The world will say, ""No!"" in a thousand ways.
""No! You can't do that.""
""No! You are wrong.""
""No! You are too young.""
""No! You don't have the education.""
""No! You don't have the ability.""
""No! You don't have the money.""
""No! You can't work it out.""
And each ""No!"" you hear has the possibility to weaken your confidence bit by bit until you give up all together.
When the world says, ""No!"" to you, you should be strong-minded to say, ""Yes!"" and prove it.",What did the teacher think of Henry?,He was not so clever as the next boy.,He didn't recite so fast as the next boy.,He didn't recite so loudly as the next boy.,He was not so sure as the next boy when reciting.,D,4,2,0,,D,0,0,1,0,"A distractor here can be tossed just from the sentence structure, not the content."
A013,"Jobs and work do much more than most of us realize to provide happiness and contentment.We're all used to thinking that work provides the material things of life--the goods and services that make our modern civilization possible.But we are much less conscious of the degree to which work provides the more important psychological wellbeing that can make the difference between a full and an empty life.
Historically,work has been associated with slavery and sin  and punishment.And in our own day we are used to bearing traditional complaints.Against this background,it may well come as a surprise to learn that not only psychologists but other behavioral scientists have come to accept the positive contribution of work to the individual's happiness and sense of personal achievement.Work is more than a necessity for most human beings;it is the focus of their lives,the source of their identity and creativity.
Rather than a punishment of a burden,work is the opportunity to realize one's potential.And the opposite is true,too.For large numbers of people,the absence of work is harmful to their health.Retirement often brings many problems surrounding the ""What do I do with myself?""question,even though there may be no financial cares.Large numbers of people regularly get headaches and other illnesses on weekends when they don't have their jobs to go to,and must take care of themselves.It has been observed that unemployment,quite apart from financial pressures,brings enormous psychological troubles and that many individuals'conditions become worse rapidly when jobless.
But why?Why should work be such a significant source of human satisfaction?A good share of the answer rests in the kind of pride that is stimulated by the job,by the activity of accomplishing.",Which best describes the author's attitude towards work in the passage?,Doubtful.,Concerned.,Approving.,Neutral.,C,3,2,0,,C,0,0,0,1,Feels like the reader has to bring in something not stated to land on the key.
A014,"Now scientists have discovered the first evidence that the animals actually behave like their masters. Just like children, they adopt a ""look and learn"" approach which means they can mimic   human's actions when going about their tasks.
Biologists and psychologists at the universities of Vienna and Oxford designed an experiment to test the theory that dogs do have the ability to copy what they see, using a simple wooden box. In the study, ten owners showed their dogs how to open the wooden box, sometimes using their heads to push a handle and sometimes using their hands.
In the first part of the test, five dogs were rewarded with a piece of sausage for copying their owners' actions. The other five were rewarded with food for not copying, and using other methods. With each dog the experiment was repeated hundreds of times, and the time taken for a dog to get it ""right"" on 85 percent of attempts (17 goes out of 20) was recorded. The dogs encouraged to mirror their owners reached this point almost three times sooner on average than those rewarded for not copying them. In the second part of the test, all the dogs were only rewarded for copying the method their owners used. The five dogs previously rewarded for copying their owners reached the 85 percent mark more than twice as the other five.
In a paper published in Proceeding of the Royal Society, _ concluded, ""Like humans, dogs can't help imitating actions they see."" Going further, they said, ""The results suggest the imitative   behavior of dogs is shaped more by their developmental interactions with humans than by their evolutionary   history of domestication  .""
Caroline Kisko, from the Kennel club, said, ""A dog's behavior is influenced much like that of a child learning right from wrong and adopting similar patterns of behavior. We hope that owners understand the importance of their actions and use this knowledge to set good examples and therefore positively influence the behavior of their pets.""",What's the best title of the passage?,Dogs Are Intelligent Animals,Dogs Are like Children Most,Dogs Behave like Their Masters,Dogs Can Complete Simple Tasks,C,4,1,0,,C,0,0,0,0,
A015,"In a school some trouble was caused by the students. They are very naughty and didn't obey the school rules.They often fought with each other and they didn't forgive each other. One day a new teacher came to this school. When he heard that, he came up with a good idea.
He told each of his students to bring a clear plastic bag and a bag of potatoes to school. For every person they didn't want to forgive in their lives, they chose a potato, wrote the person's name on it, and put it in the plastic bag.
Some of their bags were very heavy. They were then told to carry this bag with them everywhere for one week. They would put it beside their bed at night, on the seat when sitting in a car or on a bus, and next to their desk at school. Days of carrying the bags around with them made students get to know what a weight they were carrying in their minds. And they had to pay attention to it all the time so they didn't forget it or leave it in embarrassing   places. As time passed by, the potatoes went bad and smelt nasty.
Too often we think of _ as a gift to other people, and it clearly is for ourselves! If we choose to keep our sadness and hatred   in our hearts, we will have to carry them around all our lives. After that, the students got on well with each other and didn't fight anymore. Learn to forgive , and you will be happier at the same time.",Which of following is NOT true?,Tolerance is a gift for other people and ourselves.,Carrying a bag of potatoes made the students embarrassed.,The students had to take bags of potatoes with them everywhere.,The students had to take bags of potatoes with them for about two weeks.,D,3,1,0,,D,0,1,0,0,Stem could point to two different things depending on how you parse it.
A016,"Swiss national Louis Palmer fulfilled a childhood dream when he set off from his mother country on July 3, travelling over deserts, cities and seas in 17 countries in a solar taxi to reach UN Climate Change Conference in Bali, Indonesia.
""In 1986, 1 was a 14-year-old boy. I was dreaming that when I will be an adult. I want to drive around the world, "" he told reporters.
""Then it came to my mind, how can I travel around the world and enjoy the beauty of this world with a car that is polluting the world? Then I thought the perfect car would be a solar car. ""
His car, which has become a major attraction at the gates of the summit of some 188 nations, was built in three years with scientific help from four universities and 15 Swiss companies. The car pulls a trailer with six square meters of solar panels which absorb the sun. The electricity is fed into the battery which powers the car, and can run for up to 100 kilometers a day.
""It's the first time in history that a car is driving around the world without a single drop of petrol, "" said Palmer.
His epic solar journey is not his first adventure--he crossed Africa on a bicycle and North America in a light aircraft.
So far, Palmer has gone by land through Europe and the Middle East, then by sea to India and on to Indonesia. After covering much of Asia, Australia, North America and Africa, he will return to Switzerland to try and drum up support for the commercial possibilities of solar cars.
For the moment, he _ , with more curious customers waiting to take a ride in his unique automobile which, he said, ""works like a Swiss clock. ""","Why did Louis Palmer take so long a journey in a ""solar taxi""?",To attend the conference.,To advertise the solar car.,To realize his dream.,To turn to the summit for help.,C,4,3,0,,C,0,0,0,0,
A017,"The man sitting opposite Robert was the Financial Controller. Everybody called him ""the FC"" for short. He made all the decisions about money. Robert needed some more. That was why he had to see him. The two men did not get on very well. In fact, they had always disliked each other.
""Your request is out of the question,"" the FC said. Robert had difficulty in controlling himself, but he managed somehow. He explained that he wanted the money in order to make more programmes.
""And why do you want to do that?"" the FC asked sharply. Again, Robert almost lost his temper. ""Because more and more people are listening to my department's programmes. There's great demand for them,"" he answered.
The FC did not seem to believe him. But Robert had a report on the numbers of listeners to all EBC programmes. The FC became less confident. Robert threw the report down on the table and told him to read it.
The FC looked at it in silence. The figures   proved that he had been wrong, but he did not want to admit it. ""Well,"" he finally said, ""I may have made a small mistake."" Robert noticed the word ""may."" He got up to leave. But he had the feeling that he would get the money after all.","""Your request is out of the question.""Here ""out of the question""means",without any question,with some question,impossible,possible,C,3,1,0,,C,1,0,0,0,Passage supports B about as well as the key; I'd call this a toss-up.
A018,"It is December 25th, 2050. The people in the city are all celebrating Christmas. I'm the mayor of our city. My citizens and I are holding a big party under the sea, though you wouldn't believe it. But please do not feel excited, you should feel sad because we have to live under the sea. Because of the pollution, the earth has been completely destroyed, from top to bottom. The atmosphere has no oxygen and moisture. As a result, the plants are burned by the strong sunlight with a great number of harmful rays. Of course, none of them are still alive. Not only no green, but also the temperature reaches about 121degC all day even in winter because there is too much CO2 circling the earth.
On the land, there is no life. Luckily, the sea is not destroyed by human. So, we have to move into the sea. At the bottom of the water, people have built many new cities. There is a lot of advanced(,) equipment in each city. Computers are used to control all the machines, even the people's life. We can also make the seawater into fresh water. There are two machines making oxygen. If they stop working for only one minute, more than 10 million people will die.
The population of our city is over 30 million and, of course, it is quite crowded. We have lots of high buildings and bridges. The roads are wide, too. Our cars are small UFOs, don't be surprised, it is true. At the bottom of the sea you can't see anything, because there is no light all day. However, we have advanced lighting equipment so that we can see the ""sun"" under the sea. Of course, the advanced lighting equipment is very expensive. And if it doesn't work, we can see nothing under the sea. What should we do then?",. The best title for this passage might be   _   .,A Christmas In The Future,A City Under The Sea,The Underwater Life,The Future Life Under The Sea,D,4,3,0,,D,0,0,1,1,One distractor is basically restating another option.
A019,"The centerpiece of curling is the curling stone. Kays of Scotland has been making curling stones since 1851, when William Kay and his sons Andrew and Thomas set up a workshop in Mauchline, Ayrshire, in southwest Scotland. Kays is still owned by the relatives of the founder, and today it is the only curling stone maker left in Scotland.
Used in a highly competitive sport, the curling stones are made to exact standards. First, stones are _ and then into round ""cheeses"". Finally, the cheeses are shaped and polished into curling stones in a series of steps.
Each stone must weigh 44 pounds. Each must have a maximum diameter   of 36 inches. Polishing is done by hand on a wheel using water, diamond-talcum power, and felt. Finishing the stone's ""running edge"" is done entirely by hand with a special kind of paper and a digital measure and magnifying glass  . Lastly, a handle  is fitted into holes on the top of the stone. Stones are computer-matched into pairs. Sixteen stones----8 pairs----are needed for a game, and since curling game field usually have 6 lanes, each game field needs 96 matched stones!
Kays is a small company, employing less than ten skilled workers. Master craftsman and co-owner James Wyllie is skilled at all phases of curling stone making and is also an enthusiastic curler, as well as active member of Mauchline's Burns Club, which meets regularly to honor well-known Mauchline residents.",What is true about Kays?,It is a family business.,It's a brand  of curling stones.,It's a place in Scotland.,It's the name of a curling stone dealer .,A,2,4,0,,A,0,0,0,1,Feels like the reader has to bring in something not stated to land on the key.
A020,"Hot words on the Internet don't stay hot for long. ""Geili"" and ""fuyun"", last year's biggest linguistic innovations, are practically prehistoric in Internet terms. What's buzzing now is ""hold steady""
The term comes from a segment   on the Taiwanese TV show
which features Miss Lin(Xie Yilin) giving a lecture on how to behave like a fashion queen at parties or on the bus. The extremely funny lecture is mainly an over-the-top mockery  of the fashion world, but Miss Lin makes a point: We need to hold steady in pressure-filled or embarrassing situations.
Holding steady, Internet slang for ""staying poised"", is one of the qualities the public has been looking for lately as pressures on marriage, work and money can easily drive people crazy. The quality was demonstrated by a girl named Su Miaoling this year. The contestant in the TV singing competition
carried herself with an air of confidence on stage and kept her cool when others got anxious. ""I like your poise . Very few contestants on this stage can keep calm like you do,"" said one of the show's judges, Hu Haiquan, to Su. Internet users dubbed Su ""Sister Poise"".
Poise is also appreciated in Western culture as an essential quality of a well-mannered person. Each year, the National League of Junior Cotillions of the US releases a list of the Ten Best Mannered People. Kate Middleton made it onto the list in 2011 ""for the poise and dignity with which she conducts herself in the public spotlight"". The Duchess of Cambridge was also acclaimed earlier this year for her remarkable poise at the royal wedding.
Good news for many, poise is not genetic----it can be acquired with a bit of effort. A personal growth guidance gives tips on how to stay poised. ""Take a few deep breaths when you are facing a situation that tests your patience; practice yoga regularly to calm your nerves; use self-affirmation by saying 'I choose to be calm in any situation'; write down your affirmation daily to imprint the goal,"" reads the site.",Which of the following is NOT the way to hold steady?,learn to use self-encouragement.,Write the goals to be achieved,Practice yoga regularly to calm your nerves.,Take deep breaths when facing difficult situations.,B,2,1,0,,B,0,1,0,0,Not fully clear which detail the question wants.
A021,"Egypt: Bridging the Gap between School English and Real English
Teaching English in Egypt in general and in my town Damietta in particular, is mainly directed towards helping students to pass their final exams. Unfortunately, most teachers do not adopt a long -term approach that guarantees that their students will be able to use English outside the classroom. So students only concentrate on one skill which is writing. Thus their listening and speaking skills are disabled. What is important to them is to pass the exam which is primarily based on writing .Teachers are not only concentrated with providing their students with questions that are similar to those of the final exam, particularly General Secondary Education Certificate (GSEC) Examination, so students spend most of their time answering typical exam questions.
Most students' scores are high; a lot of students get full marks. However, few students are able to communicate in English because their role plays. As a result, a lot of students complain that they are unable to understand and talk fluently with native speakers of English.
To enable students to communicate freely and spontaneously  in English, I bring features of real communication into language practice, I always ask students about their own experiences, and suggest groups of students practice what they have learned outside the classroom. This helps lower-achieving students absorb language. Furthermore, role play is a very effective way to improve speaking skills particularly if it is connected to the experience of the students.",The teachers question their students based on -------,what they learn in the class,What their parents expect,The questions that are similar to those of GSEC,The ability that will be used outside the classroom,C,4,1,0,,C,0,1,0,0,Question wording allows more than one reading of what's being asked.
A022,"All Eskimos live most of their lives close to sea or fresh water. They may follow game inland for several hundred miles, but they always return to the shores of rivers, lakes, or seas. Eskimo land has a bare look. Large rocks, pebbles, and sand cover much of the surface. Plants called lichen   grow on the rocks, and where there is enough soil, grass, flowers, and even small bushes manage to live. No trees can grow on Eskimo land, so geographers sometimes call it the Arctic plains. There are some animals in Eskimo land, such as rabbits, which eat the plants. Other animals, like the white fox and the gray wolf, eat the rabbits. The Eskimo is a meat-eater, too, and may even eat a wolf when food is scarce.
The Eskimo year has two main parts: a long, cold winter and a short, cool summer. Spring and fall are almost too short to be noticed. Summer is the best time, as food is usually plentiful. But it is also the time when Eskimos are very busy. Winter is never far away, and the men must bring home extra meat for the women to prepare and store, for seldom can enough animals be killed in winter to feed a family.
The Far North is sometimes called the land of the midnight sun. This is true in the middle of summer, for between April 21st and August 21st the sun never sets in Northern Greenland. But in midwinter the Far North is a land with no sunshine at all. Around Oct. 21st the Eskimos of Northern Greenland see the sun set directly south of them, and they don't see it again until February 22nd. All places on earth get about the same amount of daylight during a year. As a result, if summer is lighter, winter has to be darker.
Winter nights in the Far North are seldom _ . As in the rest of the world, the stars and moon provide a little light. The northern lights also help the Eskimo to see. And with the ground covered with snow, even a little light is reflected back to the Eskimo's eyes.",Which of the following statements is NOT true?,Eskimos do not usually eat wolves.,Eskimos like to chase one another.,Eskimos depend heavily on water.,Eskimos are meat-eaters.,B,3,2,0,,B,0,0,0,0,
A023,"Detective Keeling took his client--a goodlooking lady into the back yard of the store together. The lady opened a door in the wall and they entered the small room behind the store. They crossed the room to a locked door.
Mr. Keeling took some special keys from his pocket. Moments later, one of the keys unlocked the door. The lady went into the store. She said she would hide under the table to keep watch on her husband. Mr. Keeling did not follow her.
The detective went quickly to the policeman's house. Then the two men hurried to the jewellery store. They looked through the window. The policeman was surprised. He spoke to Mr. Keeling, ""I don't understand. You told me, 'Robbins took a young woman to a restaurant.' Where is she?""
""There she is!"" said Mr. Keeling. He pointed through the window.
""Do you know the lady with Robbins?"" asked the policeman.
""That's his secret friend,"" said Mr. Keeling.
""No! You're wrong! That's Robbins' wife,"" said the policeman. ""I've known her for fifteen years.""
""What?"" the detective shouted. His face became pale. ""Who is under the table in the store?"" He started to kick the door of the jewellery store. Mr. Robbins came to the door and opened it. The policeman and the detective ran into the store.
""Look under that table!"" shouted the detective. ""Be quick!""
The policeman lifted the cloth and put his arm under the table. He pulled out a black dress, a black veil and a woman's wig .
""Is this young lady your wife?"" Mr. Keeling asked the jeweller. He pointed at the woman.
""Yes! She is my wife!"" said Mr. Robbins angrily. ""Why did you kick my door? Why are those clothes under my table?""
""Please check all the jewellery in your store, Mr. Robbins,"" the policeman said. ""Is anything missing?""
Some diamond rings and some expensive necklaces were missing. The missing jewellery was worth $800. Later that night, Mr. Keeling was sitting in his office. He was looking through a big book of photographs. They were photographs of criminals. The policeman had brought the book to the detective's office. Suddenly, Mr. Keeling stopped turning the pages. He looked at a picture of a handsome young man with a familiar face.
The next morning, Mr. Keeling paid the jeweller $800, then closed his office.","At the beginning, the lady was able to go into the jewellery store because   _  .",she went to the back yard and found the way,she was the owner of the store and had the key,two men helped her together to enter the store,Mr. Keeling unlocked the back door to the store,D,3,2,0,,D,0,0,0,0,
A024,"Fu Yuan has been left at home since he was one month old. His parents left to work in Fujian. For the past eight years, Fu has only seen his parents three times although they sent home 500 yuan every two or three months.
Fu Xiaoyu, 16, has to live alone since her grandmother died three years ago. Her parents didn't want to give up their jobs in Guangdong. Also they couldn't afford the cost of sending her to a school in the city where they work.
These are just two of the 29 kids interviewed last summer in a village in Sichuan Province.
In the poor village, 582 adults have left to look for work, leaving 156 children without parents. Among these kids, 88 percent of them live with their grandparents, five percent live with their uncles or aunts and seven percent have to live on their own.
To our surprise, 80 percent of the children say they love going to school, even though some children have to walk along the mountain roads for two hours to get to school However, for these children, studying is not their main thing. Doing housework and taking care of younger sisters or brothers take up most of their time. Though they have to work hard at home, over 65 percent of the kids interviewed prefer that their parents can work outside. They understand how important money is for their families.",Which of the following is NOT true?,Fu Xiaoyu began to live with her grandmother three years ago.,29 kids are interviewed in a village in Sichuan Province.,It takes some children two hours to get to school.,Most of the kids interviewed live with their grandparents.,A,3,3,0,,A,0,0,0,0,
A025,"There was once a lonely girl who longed so much for love.One day while she was walking in the woods she found two starving songbirds.She took them home and put them in a small cage,caring them with love.Luckily,the birds grew strong little by little.Every morning they greeted her with a wonderful song.The girl felt great love for the birds.
One day the girl left the door to the cage open accidentally.The larger and stronger of the two birds flew from the cage.The girl was so frightened that he would fly away so as he flew close,she grasped him wildly.Her heart felt glad at her success in capturing him.Suddenly,she felt the bird go limp,so she opened her hand and stared in horror at the dead bird.It was her desperate love that had killed him.
She noticed the other bird moving back and forth on the edge of the cage.She could feel his strong desire-needing to fly into the clear,blue sky.Unwillingly,she lifted him from the cage and _ him softly into the air.The lucky bird circled once,twice,three times.
The girl watched delightedly at the bird.Her heart was no longer concerned with her loss.What she wanted to see was that the bird could fly happily.Suddenly the bird flew closer and landed softly on her shoulder.It sang the sweetest tune that she had ever heard.
Remember,the fastest way to lose love is to hold on it too tight;the best way to keep love is to give it wings!",Why did the girl grasp the stronger bird wildly?,Because the girl disliked the bird any longer.,Because the bird wanted to fly alone.,Because the girl loved the bird deeply.,Because the bird intended to found some food.,C,3,2,0,,C,0,0,1,0,Two options read almost the same; one should probably be reworded.
A026,"This is Jim's room. It's not big, but it's very clean. There is a bed in the room. It's near the door. Under the bed, there are two balls. There is a desk and a chair near the window. There are two pictures in the room, too. They are on the wall.",_   are on the wall of Jim's room.,The books,The balls,The newspapers,The pictures,D,3,1,0,,D,0,0,0,0,
A027,"Dear Linda,
I have got your letter. I know that you want to have your own club, but you don't know how to start one. Do you know what makes a club, such as an English Club or a Basketball Club, successful? Here is some advice.
*Decide what kind of club to have, and come up with a nice name. Since you are interested in music, why not start a Music Club? A club is to bring people with common interests together.
*Look for members. You can start with your friends, but it isn't really a club until people you don't know want to join.
*Make rules. Get together with the members and agree on rules. Make sure that if someone breaks any rule , he or she should be _ .
*Have regular meetings. For the first time, you should make sure that all the members attend. Call the members to remind  them of it, and use the meeting to organize future meetings and other activities. I hope that these ideas may help you and that you can have your own club soon.
Yours,
Mrs. Smith",A club isn't really a club if   _  .,its members aren't interested in music,there are only ten people in it,only your friends want to join it,activities are organized once a week,C,3,1,0,,C,0,0,0,0,"Straightforward, no concerns."
A028,"In many parts of the world, people live to a healthy old age. What is the secret of their long lives?
Three things are very important: fresh air, fresh food and a simple way of life. People who live in Himalayas  are famous for their long and healthy lives. They work near their homes in the clean mountains. They don't have buses, cars or trains. They don't sit all day in busy offices. They take more exercise and eat less food than people in the cities. They eat vegetables grown by themselves. They drink milk taken from their own cows. For years, the Hunzas of the Himalayas don't need doctors, for there is not much illness. They are happy and healthy people.",What are the Hunzas famous for?,Vegetables.,Milk.,Food.,Their long and healthy lives.,D,4,3,0,,D,0,0,0,0,
A029,"Jenny was a pretty five-year-old girl. One day when she and her mother were checking out at the grocery store, Jenny saw a plastic pearl   necklace priced at $2.50. Her mother bought the necklace for her on condition that she had to do some homework to pay it off. Jenny agreed. She worked very hard every day, and soon Jenny paid off the necklace. Jenny loved it so much that she wore it everywhere except when she was in the shower. Her mother had told her it would turn her neck green!
Jenny had a very loving daddy. When Jenny went to bed, he would read Jenny her favorite story.
One night when he finished the story, he said, ""Jenny, could you give me your necklace?""
""Oh! Daddy, not my necklace!"" Jenny said. ""But you can have Rosy, my favorite doll. Remember her? You gave her to me last year for my birthday. Okay? ""
""Oh no, darling, that's okay."" Her father brushed her cheek with a kiss. ""Good night, little one.
A week later, her father once again asked Jenny for the necklace after her favorite story. ""Oh, Daddy, not my necklace! But you can have Ribbons, my toy horse. Do you remember her? She's my favorite.""
""No, that's okay,"" her father said and brushed her cheek again with a kiss. ""God bless you, little one. Sweet dreams. ""
Several days later, when Jenny's father came in to read her a story, Jenny was sitting on her bed and her lip was trembling. ""Here, Daddy,"" she said, holding out her hand. She opened it and her beloved pearl necklace was inside. She let it slip into her father's hand.
With one hand her father held the plastic pearl necklace and with the other he pulled out of his pocket a blue box. Inside the box was a real, beautiful pearl necklace. He had had it all along. He was waiting for Jenny to give up the cheap necklace so he could give her a real one.",What can be the best title for the text?,A Lovely Girl,Father and Daughter,A Pearl Necklace,An Unforgettable Childhood,A,4,3,0,,C,0,0,0,0,
A030,"Publishing on paper will draw up to an end in the next 30 years. That's what some high-tech experts have said ever since computers began appearing in everyone's workplace. If you have ever read a newspaper online, you have experienced a tiny part of what paperless future look like.
       New technology will certainly continue to revolutionize written communication. But will the use of paper in our everyday lives really disappear anytime soon? Well, don't give up on paper just yet.
       Paper, an ancient Chinese invention, has dominated  written communication for centuries. Cai Lun, an official in the prefix = st1 /Chinese Imperial Court, is well-known for inventing paper in A.D. 105. This invention changed the world forever.
       Today, surprisingly, it seems the digital age has actually strengthened the importance of paper. Studies show that paper use has doubled in the last 20 years. People still like to print their longer documents and e-mails. But today's technology is rapidly improving. And efforts toward a paperless world continue.
       The Internet is clearly one giant step. Many of the publications have created Web sites that offer everything in their paper editions--and even more. Their Web sites can be continually updated as news happens. Other types of material have also fit well into the digital age. Dictionaries and other reference books actually work better in a paperless format. Information published on a Web site or CD-ROM can be kept more current.
       In addition publishers have begun to produce e-book version of their best sellers. New e-book readers---a simple computer about the size of a paperback book--can store nearly a hundred books. But e-books haven't gained a large following.Readingfrom a computer is simply uncomfortable and paperback books are easier to carry around.",What is not included as a resource of paperless material in the passage?,e-books,CD-ROM,a newspaper online,dictionaries and other reference books,D,3,1,0,,D,0,0,0,0,
A031,"Extract 1
A computer is an ""information processor"".It is given information,called ""data"",instructed to do certain things and then show us the results.The data put into the computer is called the""input"" and the results which come out are the ""output"".Some people say the circle of large standing stones at Stonechenge is a kind of computer.Prehistory people worked out their calendar from the position of the shadows made by the sun shining on the stones.
Extract 2
Teach yourself new subjects and skills at your own pace with a home computer.Use it to help with schoolwork,for self-improvement,even to improve your career skills.Learn touchtyping.  Foreign languages or computer programming.A home computer can help children of all ages learn classroom subjects such as spelling,geography and others.In fact it makes learning fun.So if you want to teach yourself,or help your children teach themselves-get a home computer.It can also help you manage your personal finances or help you to work taxes and plan household budgets.You can make business a pleasure with a home computer.","If you think of the circle of large standing stones as a computer,  _  .",the shadow is the input and the position is the output,the sunlight is the input and the calendar is the output,the position is the input and the sunlight is the output,the calendar is the input and the shadow is the output,B,2,3,0,,B,0,1,0,0,Not fully clear which detail the question wants.
A032,"The average British women's waistline  has grown by 2 inches in 10 years, all thanks to the sedentary  lifestyle.
A study conducted by Cancer Research prefix = st1 /UKscientists found that the average waistline of British women has increased from 31.8 inches to 33.5 inches.
Men are also nowhere behind the fairer sex, for the research found that the average man's waistline has grown by 1.4 inches to 38 inches.
 ""We know high body weight increases the risk of a number of cancers and it is important we get this message out to as many people as possible,"" the Daily Mail quoted Dr Lesley Walker, of Cancer ResearchUK, as saying.
 ""A healthy diet with plenty of fiber, fruit and vegetables, as well as regular exercise can help people lose weight and reduce their risk of cancer,"" he added.
The trend was found to be obvious in the under 45s, where the proportion of men with a body mass index  over 35, and of women with a BMI of over 40, has grown twice during the decade.
Lead researcher Professor Jane Wardle said it is possible that young people follow a less healthy lifestyle than their elders.
 ""Snacking habits, takeaway meals high in fat and sedentary lifestyles where many people spend both work and leisure time sitting in front of a computer are all likely to contribute to the results.""
She added that genetics  also play an important role in the growing rate of getting fat.",Which is the best title of the passage?,British women's waistlines have grown,It is easy for the English to get fat,It is easy for the English to suffer from cancer,The English have a less healthy lifestyle,A,3,2,0,,A,0,0,0,0,
A033,"For us boys and girls, books are not all. We can find time to play at home or at school. Playing is about having fun. But how do we play? It doesn't mean   watching TV or playing computer games.
In the morning, we can run with our parents to be healthy. We can play sports with friends after school. We can also do what we like after class. For example, we can draw and we can play chess with others. It is also fun to help others.
Playing can make children happy and they can't be bored. _ can also help students get on well with others and it is good for them.
Play well and then you can learn well.","When children are playing, they are   _  .",sad,happy,hungry,bored,D,3,1,0,,B,0,0,0,0,
A034,"A regular drop in the sun's radiation  can cause unusually cold winters in parts of North America and Europe, scientists say, a finding that could improve long-range forecasts and help countries prepare for snowstorms.
Scientists have known for a long time that the sun has an 11-year cycle during which radiation measured by sunspots on the surface reaches a peak then falls. But explaining a clear connection to weather is harder.
""Our research confirms the observed connection between solar change and regional winter climate,"" lead author Sarah Ineson of the UK Met Office told the reporters in an email. The study was published in the magazine Nature Geoscience on Monday.
The researchers found that the reducing of ultraviolet(UV,) radiation from the sun can affect high-altitude wind patterns in the Northern Hemisphere , causing cold winters.
""While UV levels won't tell us what the day-to-day weather will do, they show us the bright future of improved forecasts for winter conditions for months and even years ahead. These forecasts play an important role in long-term possibility planning,"" Ineson, a climate scientist, said.
Ineson and colleagues from Imperial College London and the University of Oxford used satellite data that more accurately  measures UV radiation from the sun and found a much greater change than previously thought.
They found that in years of low activity, unusually cold air forms high in the atmosphere over the tropics. This causes a redistribution  of heat in the atmosphere, making easterly winds that bring freezing weather and snowstorms to northern Europe and the United States and milder weather to Canada and the Mediterranean.
When solar UV radiation is stronger, the opposite occurs.
More study was needed, though. A key uncertainty in the experiment lay in the satellite data used, because it covers only a few years. ""So questions remain concerning both accuracy  and also applicability to other solar cycles,"" she said.",What will happen if the sun turns into years of high activity according to the finding?,Canada and the Mediterranean will have milder weather.,The whole Northern Hemisphere will suffer from extreme winter days.,Freezing cold weather will appear in northern Europe.,Burning hot weather will appear in the United States.,D,3,1,0,,D,0,1,0,0,Question wording allows more than one reading of what's being asked.
A035,"Speed-reading is an essential skill in the Internet age. We skim over articles, e-mails to try to grasp key words and the essential meaning of a certain text. Continuous information from our electronic devices, it would be impossible to cope if we read word by word, line by line. But a new trend calls on people to unplug and enjoy reading slowly, listing benefits beyond intellectual development.
A recent story from The Wall Street Journal reported on a book club in Wellington, New Zealand, where members meet in a cafe and turn off their smart phones. They sink into cozy chairs and read in silence for an hour.
Some of these benefits have been backed up by science. For example, a study of 300 elderly people published by the journal Neurology last year showed that regular engagement in intellectual activities like slow-reading slowed the rate of memory loss later in life.
Yet technology has made us less attentive readers. Screens have changed our reading patterns from the linear, left-to-right sequence to a wild skimming and skipping pattern as we hunt for important words and information. The Internet may have made us stupider, says Patrick Kingsley from The Guardian.  
Slow reading means a return to an uninterrupted, linear pattern, in a quiet environment free of distractions. Aim for 30 minutes a day, advises Kelly from The Atlantic. ""You can spend half an hour pretty easily if only during your free moments -- whenever you find yourself automatically firing up your laptop to check your favorite site, or scanning Twitter for something to pass the time-you pick up a meaningful work of literature.""",Which of the following suggestions can be Kelly's ?,To spare some time to check emails every day.,To go through some sites to kill time every day.,To chat with favorite persons on Twitter every day.,To read literary works for 30 minutes every day.,A,3,1,0,,D,1,0,1,0,"Key and A both have textual support here, key isn't the clear best."
A036,"Some people think that all wild animals are very dangerous. Actually, very few of them will _ a man if he leaves them alone. If you met a lion or an elephant, suppose, you would run away, but even a lion will keep away from a man unless it is very hungry. Lions and tigers only kill and eat men when they have grown too old and too weak to catch their usual food, such as deer and other small animals. If you saw a wild elephant, perhaps you would be frightened. Elephants usually run away at once unless you attack them. Some animals get very frightened if they only smell a man; some take no notice at all but quietly walk in another direction. Wild animals only attack hunters when they are afraid that the hunters mean to harm their young ones, or then the hunters shoot at them and make them angry.",Lions and tigers will not kill or eat men   _   .,unless men try to run away,if they are too old and too weak,if they are able to get enough food,however men act towards them,C,3,1,0,,C,0,0,0,0,
A037,"The word for this summer's new clothes is HAPPY. Colors are bright  and sunny, with lots of yellow, red, and orange. You can also find some great bright patterns , such as striped  and checked  pants. In the clothes shops this summer, you'll see a lot of beautiful floral  dresses. Long skirts are popular again, and so are jeans and shorts for holidays and sports. White is the new color for shoes and bags. So put away all of your boring   black and dark colors-it's time for summer!",What is the main idea of the passage?,Bright colors are popular now.,White is the new color for shoes and bags.,Summer fashion is always happy.,New clothes are very expensive to buy.,B,3,2,0,,A,1,0,0,0,Passage supports B about as well as the key; I'd call this a toss-up.
A038,"This is the front page of the Simple English Wikipedia. Wikipedias are places where people work together to write encyclopedias  in different languages. We use simple English words and grammar here. The Simple English Wikipedia is for everyone! That includes children and adults who are learning English.
There are 59,298 articles on the Simple English Wikipedia. All of the pages are free to use. They have all been published under both the
and the
. You can help here! You may change these pages and make the new pages. Read the help pages and other good pages to learn how to write pages here. If you need help, you may ask questions at Simple talk.
When writing articles here:
Use easy words and shorter sentences. This lets people who know little English read them.
Write good pages. The best encyclopedia pages have useful, well written information.
Use the pages to learn and teach. These pages can help people learn English. You can also use them to make a new Wikipedia to help other people.
Simple does not mean little. Writing in Simple English means that simple words are used. It does not mean readers want simple information. Articles do not have to be short to be simple; expand articles, include a lot of information, but use basic vocabulary.
Be bold! Your article does not have to be perfect, because other editors will fix it and make it better. And most importantly, do not be afraid to start and make articles better yourself.","If you want to write articles for the Simple English Wikipedia, you should   _   .",learn how to write pages in a famous university first,use advanced English grammar and professional terms,use easy words and shorter sentences to describe valuable information,write articles only for children,C,3,1,0,,C,0,0,0,0,
A039,"Bark
Cover Price: $19.80      Price: $15.00($2.50 / issue   )
You save: $4.80 (24%)    Review: By Pat Kane
I absolutely love Bark magazine! I love the ""smiling"" pages and the tips on every issue. I am a dog lover and have saved all of my dogs from either death row or from people who were going to put them down. Everyone should have a chance to live and Bark stresses that with its articles. This magazine is a MUST HAVE for any dog lover!!
Dog Fancy
Cover Price: $54.00       Price: $14.99 ($1.25 / issue)
You save: $39.01 (72%)    Review: By Berner Mom
Don't waste your money on this magazine. 60-70 percent of it are advertisements, and the articles offer little useful information. It might be suitable for children, but not adults who are serious about educating themselves about dogs.
Dog World
Cover Price: $48.88       Price: $14.99 ($1.25 / issue)
You save: $33.89 (69%)    Review: By one critic
Dog World has many very interesting and thought-provoking   articles for people involved in dog showing, breeding , performance events, etc. However,over half of the magazine is devoted to breeder ads, which is boring. Still, as a whole, I recommend  it for the articles. Good articles, but tons of ads.
Modern Dog
Cover Price: $45.00       Price: $15.00 ($3.75 / issue)
You save: $30.00 (24%)    Review: By Dinah
My new favorite magazine! Beautiful photos, smart and amusing articles, fashion, art, interviews with famous people... all with a dog focus!Cover models range from Paris Hilton and Tinkerbell to Virginia Madsen and her dogs. Thanks to Modern Dog I now know how to give a dog-friendly cocktail party and how to actually get my dog to come when she's called. Surely worth checking out.","According to the text, Modern Dog   _  .",has lovely dog pictures on the cover,is interesting but not helpful,has some photos but no articles,has interviews with famous people,D,4,2,0,,D,0,0,0,0,"Straightforward, no concerns."
A040,"Here is the tour that's voted ""3rdbest tour in London"" on the Best Things to Do--TripAdvisor! Hairy Goat is the best and most original tour company in London.
Do you like walking around a city and discovering something that makes a great photo? London is full of interesting photo chances and maybe you need someone to lead you to them. The tour is perfect for team events,
families, groups of friends and school or college classes.
Bring: A fully charged camera and plenty of memory cards or film, a drink and wear comfortable walking shoes. Dress for three hours' walking outside.
Price: PS45 per adult (18yrs and over), PS40 per child (12-15yrs) and full-time students (student ID required). Some tours to be booked and paid in advance. Please call or email for details. Please follow the links on the website or call Corinna at +44(0)7540832771.
Meet: Meet in front of the Royal Exchange Building at Bank Underground Station. Take Exit 3 or 4 from the underground station.
When: See the website for scheduled dates.
Duration: Three hours, at a comfortable walking pace.
Finish: By an underground station within the city. Location varies daily.","A family of four, including a son of 19 and a daughter of 13, should pay   _  .",PS180,PS175,PS170,PS160,B,3,1,0,,B,0,1,0,0,Question wording allows more than one reading of what's being asked.
A041,"If you're like most teens, you probably spend a lot of time online. The Internet is a great place to do homework, talk to your friends and download your favorite music. But with all of that good stuff  , there is also bad stuff. So we've put together some safety tips for you.
Some people pretend   to be your age or a friendly adult so that you will trust them. You can never be certain that people you meet on the Internet are really who they say they are. It's dangerous to get together with someone you met online. We suggest that you never do it. As we said before, they may not be who they say they are. However, if your parents agree to the meeting, they should go with you, and the meeting should be in a public place.
When you are online, never give anyone personal information like your name, address, phone number, the name or location of your school or your parents' names or where they work. Don't put personal information or your picture in your online profile or anywhere else online. Use a screen name that is different from your real name and your e-mail address.
Stay out of chat rooms. Some people in chat rooms often create a  _ profile, hoping a teen will trust them. Someone who seems to be a 14-year-old girl from New York who wants to be friends may be a 42-year-old man from California who wants something else.",Most teens   _   at present.,are good at surfing online,like surfing the Internet,are tired of the Internet,have learned a lot from the Internet,B,3,1,0,,B,0,0,0,0,
A042,"Why don't birds get lost on their long migratory   flights? Scientists have puzzled over this question for many years. Now they're beginning to fill in the blanks.
Not long ago, experiments showed that birds rely on the sun to guide them during daylight hours. But what about birds that fly mainly by night? Tests with artificial stars have proved conclusively that certain night-flying birds are able to follow the stars in their long-distance flights.
One such bird, a warbler  , had spent its lifetime in a cage and had never flown under a natural sky. Yet it showed an inborn ability to use the stars for guidance. The bird's cage was placed under an artificial star-filled sky at migration time. The bird tried to fly in the same direction as that taken by his outdoor cousins. Any change in the direction of the make-be-live stars caused a change in the direction of his flight. Scientists think that warblers, when flying in daylight, use the sun for guidance. But the stars are apparently their main means of navigation  . What do they do when the stars are hidden by clouds? Apparently, they find their way by such landmarks as mountain ranges, coast lines, and river courses. But when it's too dark to see these, the warblers circle helplessly, unable to get their direction.","When the stars are hidden by clouds, warblers find their way by  _   .",an artificial star,some landmarks,their inborn ability,A and B,B,1,3,0,,B,1,0,0,1,"Key and C both have textual support here, key isn't the clear best."
A043,"I was in a shopping mall recently, and I decided to go and get a cup of tea. As I was making my way to the coffee shop, I noticed an old gentleman rather poorly dressed sitting on a bench nearby. I knew from the first sight that he was in need of some kind of help. He had a little lunch in front of him and was wholeheartedly enjoying it.
There was a young man in front of me in the line also waiting to be served. The young man handed the servant a twenty-dollar bill and asked for an orange juice as well as a _ . The servant looked at the young man with a little surprise, not fully understanding him. The young man asked her to give the juice to the old gentleman eating his lunch outside on the bench. The young man also told her that he would be watching every second so that she would be completely safe at all times. Later, there was a wonderful exchange between the waitress and the old man. I only wished I had taken a photo of the smiles on both of their faces.
As I was thinking about this event later on, I wondered why the young man didn't just perform this act of kindness himself. I thought he was hoping that this act of kindness might inspire others to do something for the old man as well. Thinking of the happy smiles on the old man's face, I felt how worthwhile it is to help others.","In the author's opinion, the young man asked the servant to take the juice to the old man so that  _  .",the old man could probably accept it,he would become famous for his good deed,more people would be inspired to do good deeds,he would become a friend of the servant,C,3,4,0,,C,0,1,0,0,Stem could point to two different things depending on how you parse it.
A044,"About ten years ago when I was an undergraduate in college, I was working as a practice student at my University's Museum of Natural History. One day while working at the cash register   in the gift shop, I saw an elderly couple come in with a little girl in a wheelchair.
As I looked closer at this girl, I saw that she was kind of set on her chair. I then realized she had no arms or legs, just a head, neck and main body. She was wearing a little white dress with red dots.
As the couple wheeled her up to me I was looking down at the register. I turned my head  toward the girl and gave her a wink. As I took the money from her grandparents, I looked back at the girl, who was giving me the cutest, largest smile I have ever seen.
All of a sudden her _ was gone and all I saw was this beautiful girl, whose smile just melted me and almost instantly  gave me a completely new sense of what life is all about. She took me from a poor, unhappy college student and brought me into her world: a world of smiles, love and warmth.
That was ten years ago. I'm a successful business person now and whenever I get down and think about the troubles of the world, I think about that little girl and the remarkable   lesson about life that she taught me.","In the writer's opinion, the little girl was not disabled at all because  _  .",she gave him an important lesson,she had the cutest and biggest smile,she had a healthier heart than many other people,she offered him the courage in business,C,4,3,0,,C,0,1,0,0,Not fully clear which detail the question wants.
A045,"Fruit is good for people. Many people eat some fruit every day. Mr. and Mrs. Green like fruit very much and every Monday Mrs. Green goes to buy some fruit in the shop near her house. The man in the shop knows her well and helps a lot. She can buy all kinds of fruit there, apples, pears, oranges and bananas. In different time of the year, the price of each kind of fruit is not the same, sometimes high, sometimes low. Mrs. Green wants to buy cheap fruit. But Mr. Green likes bananas only. She buys bananas for him every week. She only buys cheap fruit for herself.",Which of following is NOT right?,Fruit is good for people.,Mr. and Mrs. Green like fruit a lot.,Mrs. Green can buy all kinds of fruit.,Mrs. Green only buys apples for herself.,D,3,2,0,,D,0,1,0,0,Question wording allows more than one reading of what's being asked.
A046,"A rat looked through a crack in the wall to see the farmer and his wife opening a package. What food might it contain? He was alarmed to discover that it was a rat trap  .
Going back to the farmyard the rat gave a warning: ""There is a rat trap in the house, a rat trap in the house!"" The chicken raised her head and said: ""Excuse me, Mr Rat, I can tell this is a big concern to you, but it is of no business to me. I cannot be bothered with it.""
The rat turned to the pig and told him: ""There is a rat trap in the house, a rat trap in the house!""""I am so very sorry, Mr. Rat,"" sympathized the pig, ""but there is nothing I can do about it but pray. I will make sure that you are in my prayers.""
The rat turned to the cow. She said, ""Like wow, Mr. Rat. A rat trap. I am in grave danger. Duh?""
So the rat returned to the house, head down and _ , to face the farmer's rat trap alone.
That very night a sound was heard throughout the house, like the sound of a rat trap catching its prey  . The farmer's wife rushed to see what was caught. In the darkness, she did not see that it was a poisonous snake whose tail the trap had caught. The snake bit the farmer's wife.
The farmer rushed her to the hospital. She returned home with a fever. Now everyone knows you treat a fever with fresh chicken soup, so the farmer took his hatchet   to the farmyard for the soup's main ingredient.
His wife's sickness continued so that friends and neighbors came to sit with her around the clock. To feed them the farmer killed the pig.
The farmer's wife did not get well. She died, and so many people came for her funeral that the farmer had the cow killed to provide meat for all of them to eat.
So the next time you hear that someone is facing a problem and think that it does not concern you, remember that when there is a rat trap in the house, the whole farmyard is at risk.",We can conclude from the article that  _  .,the farmer's wife got good treatment in the hospital,the farmer regretted setting up the rat trap,the rat was very wise in avoiding the trap,none of the other animals felt threatened by the rat trap,D,3,1,0,,D,0,0,0,0,
A047,"Televisions, stereos, telephones, and computers have changed the way we spend our time and what we know about the world. Some of the changes brought about by these material possessions have improved our way of life, but others have made it worse. Our young teenagers turn on the television, play the stereo, play games on the computer, talk on the telephone, and eat all the same time. This drives me right up the wall to instant insanity .
However, teens of today place too great an importance on material property. They spend an average of several hours a day watching television, listening to stereos, playing on the computer, playing video games, and talking on the telephone. Families no longer watch television together and there is great lack of communication. Materialism is evident when an otherwise intelligent teenager drives their parents crazy, and into debt, when misusing communication equipment. Teens judge and admire other teens for what they own and have, rather than for what they are or what they can do. They no longer care about values, like honesty, integrity , freedom, talent, quality and other values and morals.
However, good or bad, communication devices are here to stay. It is up to us, as parents, to stop our beloved teenagers from misusing and abusing our communication equipment and devices. We need to avoid the problems they present and to make the most of their opportunities they possess and hold for us all.",The writer attributes   the unsatisfactory behavior of teens to    _   .,teens' too much free time,parents' non-interference,inadequate school education,material property,D,3,1,0,,D,0,0,0,0,
A048,"Global warming happens when greenhouse gases trap heat and light from the sun in the earths atmosphere, which increases the temperature. This is like when heat is trapped in a car. On a hot day, the car gets hotter when it is out in the parking lot. This is because the heat and light from the sun can get into the car, by going through the windows,but it can't get back out. This is what the greenhouse effect does to the earth .The heat and light can get through the atmosphere, but it can't get out. As a result,the temperature rises.
Sometimes the temperature can change in a way that helps us. The greenhouse effect makes the earth appropriate for people to live on. Without _ ,the earth would be freezing,or it would be burning hot. It would be freezing at night because we would not get the sun's heat and light .During the day, especially during the summer, it would be burning because the sun would be up with no atmosphere to filter it,so people,plants,and animals would be exposed to all the light and heat.
Although the greenhouse effect makes the earth able to have people living on it,if there gets to be too many gases,the each can get unusually warmer, and many plants,animals.and people will die. Plants would die because they would not be able to take the heat .This would cause us to have less food to eat,and it would also limit the food that animals have. With less food for the animals that we need to survive we would even have less food. Gradually,people,plants,and animals would all die of hunger.
People are doing many things to try to stop global warming .One thing is carpooling--driving with someone to a place that you are both going to. Another thing is being more careful about leaving electrical devices turned on. Now,more people are even riding buses or bikes to lower the amount of greenhouse gases in the air .Although adults do many things to help stop global warming,kids call do just as much.",What is the effect of atmosphere?,It only traps the heat of the sun.,It does great harm to humans.,It makes the earth neither too hot nor too cold.,It prevents all the light from the sun shining on the earth.,C,4,1,0,,C,0,0,0,0,
A049,"The city of Venice,in  Italy,is one of a kind.It is built on more than 120 islands,just off arrival.After explaining where my new house was,I told him that I had left the key under the doormat.Since I knew it would be quite late before I could get back,I suggested that be make himself at home and help himself to anything that was kept in the refrigerator .
Two hours later my friend phoned me from the house.At the moment,he said,he was listening to some of my records after having had a nice meal.He had found the pan and meat in the refrigerator.Now,he was drinking a cup of tea and hoped that I would join him soon.When I asked him if he bad any difficulty finding the house,he answered that the only problem  was that he had not been able to find the key under the doormat,but luckily,the living room window by the apple tree had been left open and  he had climbed in through the window.I listened to all this in great surprise.There is no apple tree outside my window,but there is one by the living room window of my next-door  neighbor's house!",The writer left the key under the doormat so that   _   .,nobody would find it,he might not lose it,his family could use the same key,his friend could easily get it,D,4,2,0,,D,0,0,0,0,
A050,"Cholesterol                          Dr, Arlene Donar, Medical
Watchers                                     Director SPECIAL PURCHASE
ALERT-JULY 2008
""BEST PRODUCT WE VE EVER SEEN""--THIS REALLY-WORKS--ON SALE NOW
Need to ler your cho1esterol ?  We strongly recommend
CholesterolblockTM, This really works, and how is the best time to buy, because of a special offer for the first 250 customers only for a limited time.
*Takes cholesterol out of food, no matter what you eat.
*Clinically demonstrated effective in university and hospital testing,.
*Lowers cholesterol absorption up to 42% or more.
*NO SIEDE EFFCTS unlike LiptorR, ZocorR, CrestorR& other commonly prescribed medications safe and effective.
*Outsells all other brands on Internet every month.
LIMITED TIME ONLY---Try Cholesterol Watchers free with purchase.",Where can you most probably read this passage?,In a travel guide book.,On a university bulletin board.,In a health magazine.,In a doctor's prescription.,C,3,2,0,,C,0,0,0,0,
A051,"One year our family decided to have a special celebration of Mother's Day, as a token of appreciations for all the sacrifices that Mother had made for us. After breakfast we had arranged, as a surprise, to hire a car and take her for a beautiful drive in the country. Mother was rarely able to have a treat like that, because she was busy in the house nearly all the time.
But on the very morning of the day, we changed the plan a little, because it occurred to Father that it would be even better to take Mother fishing. As the car was hired and paid for, we might as well use it to drive up into the hills where the streams are. As Father said, if you just go driving without object, you have a sense of aimlessness, but if you are going to fish there is a definite purpose that heightens the enjoyment.
So we all felt it would be nicer for Mother to have a definite purpose . Father had just got a fishing rod the day before, which he said mother could use if she wanted to. Only Mother said she would much rather watch him fish than try to fish herself.
So we got her to make up a sandwich lunch in case we got hungry, though we were to come home again to a big festive dinner.
Well, when the car came to the door, it turned out that there was not as much space in it as we had supposed. It was plain that we couldn't all get in.
Father said that he could just stay home and put in the time working in the garden. He said that there was a lot of rough dirty work that he could do, like digging a trench for the garbage, which would save hiring a man, and so he said that he'd stay home; he said that we were not to let the fact that he had not had a real holiday for three years stand in our way. He wanted us to go right ahead and not to mind him.
But of course we all felt that it would never do to let Father stay home, especially as we knew he would make trouble if he did. The two girls, Anne and Mary, would have stayed and helped the maid get dinner, only it seemed such a pity,for the two girls were eager to show their new hats on a lovely day like this. But they said that Mother had only to say the word and they'd gladly stay home and work. Will and I would have dropped out, but unfortunately we wouldn't have been any use in preparing the dinner.",Why didn't the author drop out of the activity?,Because his sisters didn't join in.,Because he needed to have dinner.,Because he couldn't cook the dinner.,Because he hadn't had a real holiday for three years.,C,1,1,0,,C,1,0,0,0,Passage supports D about as well as the key; I'd call this a toss-up.
A052,"In the tenth grade,I began working for free at a vet's that was run by a friend. I wanted to get experience for what I thought would be my future job. However,on one particular Saturday morning I learnt something perhaps more important.
The hospital was in the middle of one of the poorer sections of the city and some people could only pay for the most basic treatments. On this Saturday,a man and his young son,who was probably about 7 years old,walked in with a small cat in a cardboard box. There was something wrong with the cat's left eye. But the man could not afford to pay for the cost of the medicine. He kept quiet for a while,and then he asked where the nearest animal shelter was. Hearing this,his son cried and started to argue with him. All of a sudden,an older woman who was sitting in the waiting room stood up,walked up to the counter,and told the man that she would pay for the cost. The man thanked her and the son got to keep a healthy cat.
I always thought it was the right thing to help out a needy person,but I only saw people do acts of kindness on TV or in movies. What the woman did made me believe that these things do happen in real life,and quite often.
Now,when I can't decide whether to help someone who is in need,I remember this woman,and then I have the courage to step up to the plate. Sometimes other people follow.",What would the man probably do with the cat if the woman didn't help him?,Take it home without treatment.,Give it to someone on the street.,Give it to the woman.,Give it up.,D,2,3,0,,D,0,0,1,1,One distractor is basically restating another option.
A053,"It's official, not making your bed keeps you healthy. Dust mites   present in everyone's home can cause asthma, but they can not live in the dry conditions of an unmade bed.
The average bed is home to one and a half million mites, and they cause a number of common allergies  , as they chomp away on human skin in the night; and then produce the allergens which we inhale  .
Dust mites grow in the warm humid conditions prevalent in the occupied bed, but they cannot multiply without moisture. So leaving the bed unmade during the day means that the water is not retained by the sheets, which means that the mites dehydrate   and die.
Researcher Dr. Stephen Pretlove who has developed a computer model to track how changes in the home can reduce a numbers of dust mites said, ""We know that mites can only survive by taking in water from the atmosphere using small glands on the outside of their body.""
In the next stage of their research, the scientists are putting mite pockets into beds in 36 houses around the United Kingdom. This will test the _ of the computer model and will investigate how people's daily routines affect mite populations.
Building features such as heating ventilation   and insulation   will also be adjustable to monitor how the mites cope and react to different atmospheres.
Dr. Pretlove said the research had potential to reduce the PS700 million spent treating mite-induced illnesses each year in the UK.
""Our findings could help building designers create healthy homes and health care workers point out environments most at risk from mites.""
Dr. Matt Hallsworth, of the charity Asthma UK, said, ""House-dust mite allergen can be an important trigger for many people with asthma, but at present many people find they are inevitable.""",What is the best title of the passage?,The Causes of Asthma,Research on Allergies,Don't make your bed and stay healthy,The Bad Effects of Mites,C,4,1,0,,C,0,0,0,0,
A054,"Over 30 000 years ago,people from northern Asia went to America.Today we can tell these people Indians.
The Indians went to America because the weather began to change.Northern Asia became very cold.Everything froze.They had to move or they would die.How did the first Indians go to America? They walked!
Later Columbus found the New World in 1492.At first,only a few Europeans followed.They traveled to America in boats.For the next 300 years,about 500 000 people went there.Then the number grew very quickly.From 1815 to 1915,over 32 000 000 Europeans left their countries for the United States.The biggest groups went from Germany and Italy.These Europeans spoke many different languages.Most of them took almost no money.They went to America to find a better life.",The New world was   _  .,Italy,northern Asia,Germany,America,D,3,4,0,,D,0,0,0,0,
A055,"Some students will have no time to relax, while others have no plan for the coming February.
Denial, a high school student, who is going to take part in the college entrance examination, said he had to go to the capital city of Guangdong Province every weekend. He has found a new professor who can help him prepare for the exam. His family is not rich, but his parents offer him 800 yuan for each lesson and 200 yuan to pay for the bus ticket. He said he would try his best to pass the exam next year. Therefore, he has to practice playing the piano 6 hours a day before every lesson. He said he even thought sleeping was a waste of time. How hard-working he is!
However, not every student has a perfect plan like Denial. His younger sister doesn't get up until noon. She said holiday was boring because she couldn't play with her classmates. That's why she keeps sleeping for a long time to avoid being bored. What a special reason, isn't it?
Do you like their holiday plans? If not, why not listen to Aunt Li for advice?
Dear students,
How can you have a wonderful holiday? Both relaxing and studying are very important for you. I suggest you make good use of your time every day and make a plan before the holiday begins. Two hours' study is not a long time, right? Don't spend too much time playing computer games or watching TV. It's bad for your eyes and neck. If your parents are free at the weekend, going out for a picnic sounds great.
Have you made up your mind, students?",Denial's sister isn't sleeping at   _  .,9 a.m.,3 a.m.,11 a.m.,1 p.m.,A,3,2,0,,D,0,0,0,0,
A056,"These days we are all conditioned to accept newness, whatever it costs. Very soon, there is no doubt that Apple's tablet   will seem as a vital tool of modern living to us as sewing machine did to our grandparents. At least, it will until someone produces an even smarter, thinner and more essential tablet, which, if recent history is any guide, will be in approximately six months' time. Turn your back for a moment and you find that every electronic item in your possession is as old as a tombstone. Why should you care if people laugh just because you use an old mobile phone? But try getting the thing repaired when it goes wrong. It's like walking into a pub and asking for an orange juice. You will be made to feel like some sort of time-traveler from the 1970s. ""Why not buy a new one?"" you will get asked.
And so the mountain of electrical rubbish grows. An average British person was believed to get rid of quite a number of electronic goods in a lifetime. They weighed three tons, stood 7 feet high, and included five fridges, six microwaves, seven PCs, six TVs, 12 kettles, 35 mobile phones and so on. Even then, the calculation seemed to be conservative. Only 35 mobiles in a lifetime? The huge number of electronic items now regularly thrown away by British families is clearly one big problem. But this has other consequences. It contributes greatly to the uneasy feeling that modem technology is going by faster than we can keep up. By the time I've learnt how to use a tool it's already broken or lost. I've lost count of the number of TV remote-controls that I've bought, mislaid and replaced without working out what most of the buttons did.
And the technology changes so unbelievably fast. It was less than years ago that I spotted an energetic businessman friend pulling what seemed to be either a large container or a small nuclear bomb on wheels through a railway station. I asked. ""What have you got in there? Your money or your wife?"" ""Neither,"" he replied, with the satisfied look of a man who knew he was keeping pace with the latest technology, no matter how ridiculous he looked. ""This is what everyone will have soon--even you. It's called a mobile telephone.""
I don't feel sorry for the pace of change. On the contrary, I'm amazed by those high-tech designers who can somehow fit a camera, music-player, computer and phone into a plastic box no bigger than a packet of cigarette. If those geniuses could also find a way to keep the underground trains running on the first snowy day of winter, they would be making real progress for human beings. What I do regret, however, is that so many household items fall behind so soon. My parents bought a wooden wireless radio in 1947, the year they were married. In 1973, the year I went to university, it was still working. It sat in the kitchen like an old friend--which, in a way, it was. It certainly spoke to us more than we spoke to each other on some mornings. When my mum replaced it with a new-style radio that could also play cassette-tapes, I felt a real sense of loss.
Such is the over-excited change of 21st-century technology that there's no time to satisfy our emotional needs. Even if Apple's new products turn out to be the most significant tablets I very much doubt if they will resist this trend.",Which of the following is conveyed in the passage?,The fast pace of change brings us no good.,We have to keep up with new technology.,Household items should be upgraded quickly.,We should hold on for new technology to last.,D,4,2,0,,D,0,0,0,0,
A057,"After the examination, the doctor told my parents my sight would get worse and that I would lose my sight finally. On the way home from hospital, no one said a word. One day, would I only imagine the scenery beyond the glass rather than see it?
That September, I entered middle school. Most nights I had homework that included an armful of books to read. To keep up with other children, I took great trouble to finish the task. With my nose a couple of inches from the page, I was tired easily. What's worse, after I had read several pages on my own, the words slipped off the page into inky pools.
However, then I did not have audio books and electronic devices like kids do now. Instead, Mom volunteered to read out loud. Mom worked part-time, cleaned the house, cooked and spent time with Grandma. In spite of being so busy, she showed up in my room like clockwork. She put on her reading glasses. Mom always thought those glasses made her look old. To me, she looked like a teacher.
In my room, Mom's voice competed with the ticking of the clock. Being forced to focus on listening, I found a way to keep my marks up and compete with the other kids. When the teacher asked a question, I raised my hand with confidence. Teachers praised me for having a good memory. Reading removed my fear for my failing sight, reading also made me curious about other people's challenges and how they managed. Though I could not use my eyes to fix on each passage, my mind lit up with every new book.
True to what the doctor said, the worst came, but thanks to Mom, my sense of hearing now allows me to ""see"". This was the most precious   gift from a mother to her child.",How did the author manage to get high marks?,By being confident,By listening carefully.,By getting help from his classmates.,By reading as many books as possible.,B,4,4,0,,B,0,0,0,0,
A058,"Face-book chief operating officer Sheryl Sandberg and Anna Maria Chavez, chief of American Girl Scouts, are leading a campaign to discourage the use of the word ""bossy"". Does the term destroy the confidence of young girls?
The campaign claims that terms like ""bossy"" are improperly applied to females, preventing schoolgirls from seeing themselves as future ""leaders"". From its first application, the word has been definitely connected more with women than with men. It first appeared in 1882, according to the Oxford English Dictionary, mentioning ""a lady manager who was extremely bossy"". As late as 2008, the word appeared in reference to females four times more often than males, claim the Ban Bossy campaigners. ""To me, the reference is always is association with women,"" says Helen Trim, director of Fresh Minds. ""I have three brothers and my family still call me 'bossy' today."" Her father is the only other family member who could be considered in that way, says Trim, but nobody would ever call him so.
Some educators recommend that the word should be reclaimed, rather than banned.""But the thing with'bossy' is that there's an infantile  element to it,""says Sara Mills, professor at Sheffield University. ""You think of 'bossy' as being like a little kid who's claiming more than he has the right to claim.""
It's not just""bossy""under fire.""Pushy""is another target. The implication is that women shouldn't present themselves as powerful and confident. Mills suggests, which some women are willing to listen to and accept. Trim points out that many modern female business role models are able to be bosses without being labeled'bossy'.And she rarely,if ever, hears the word used within her company. But she says that the damage may be dome much earlier in a woman's life.""It does come about from those early teenage years.""she says.""I think it's impossible to ban a word, but if people are replacing it with words like'confidence'or'assertiveness',we would all be in a much better place.""",Trim's family still consider her bossy because     .,she is expected to lead in her family,she is the boss of her company,she is a powerful and confident female,her farther considers her that way,C,3,2,0,,C,0,0,0,0,
A059,"In countries around the world, food has been used to celebrate at our holidays, our rituals and our family gatherings. The food eaten at holiday time has made the deepest impact on our culture and memories. Different holidays bring different types of food. Much of the food we eat during the holidays comes from old traditions handed down for hundreds of years.
New Year's Eve always brings parties and get-togethers, but where you live in the world may determine what food graces your table. In the southern US, partiers eat black eyed peas, which are thought to bring good luck and prosperity . The Japanese also eat food for good luck on New Year's, but their choice is red snapper, the color red being considered good luck in Japan. The Jewish celebrate New Year by eating apples dipped in honey and in Madrid, Spain the last minutes of the New Year are counted down with the popping of grapes into the mouth. A pet is a cake prepared by the Greek with a coin baked into it. The person who gets the slice of cake with the coin in it should have good luck in the upcoming year.
In the United States, a typical Christmas feast can contain a variety of foods ranging from turkey to chicken, from ham to goose, but other countries celebrate this holiday differently. Perhaps these choices have been taken from the traditions of our heritage . In Denmark, a traditional Christmas meal is roast goose, Greece, leg of lamb. Traditionally, Italians keep their Christmas Eve meal meatless. The traditional Christmas dinner in New Zealand is a picnic eaten on the beach.
Though holidays around the world are celebrated in different ways, it is food, feast and family that bring us together.","According to the passage, in different holidays people usually   _  .",have different kinds of food to eat,recall the interesting life when they were young,have a wide variety of parties.,get together to play games.,A,4,1,0,,A,0,0,0,0,
A060,"Computers.Love them or hate them, it is impossible to escape from them in the modern age.They are so much a part of our everyday lives--from instant messaging to e-mails.With many people preferring to use e-mail rather than traditional regular mail, it has become very important to be aware of how we express ourselves when using e-mail.The requirement of etiquette is obviously needed.
         Grammar and spelling
         Firstly, if you are dealing with a formal e-mail, pay close attention to grammar and spelling.Don't forget to run your spell-check (program) at the end of the document, but don't treat it as the final word.Carefully re-read it yourself, as sometimes even spell and grammar checking programs come up with some strange explanations.Remember, your first e-mail to a potential employer or college could be your last -- you won't want to spoil your first impression by making basic errors.
         E-mail addresses
         Also, for official e-mails, carefully consider your existing e-mail address.A funny e-mail address (such as pinkfluffycutiepie@...com) may be fine for using with your friends, but what impression do you think this address might give to an employer or college admissions officer? Consider using one address for personal e-mails and a different one for formal use.
Upper case 
         Take care also NOT TO TYPE UNNECESSARILY IN UPPER CASE, as this is the e-mail version of shouting.
Personal information
         You should  _ too about giving away too much personal information over the Internet.It may feel much more comfortable to ""talk"" using instant messages as there are no uncomfortable silences or awkward moments, but never forget that--unless the person you are speaking to is a friend or family member--you really know nothing about them, so be careful.Further to this, NEVER agree to meet a stranger that you have spoken to online, as it can be extremely dangerous.
My final message though is--have fun! The Internet is exciting, useful and informative.But, as with so many things that we believe we can't live without, it is a much better servant than a master.",The text is mainly about  _  .,how to express ourselves when using e-mail,"computers, so much a part of our everyday lives","the Internet, a much better servant than a master",paying close attention to grammar and spelling when dealing with a formal e-mail,A,2,3,0,,A,1,1,0,0,Passage supports D about as well as the key; I'd call this a toss-up.
A061,"The Flamingo Las Vegas is one of the oldest Las Vegas hotels. There are lots of wonderful Las Vegas shows that will leave a good impression on you. Here are the Las Vegas shows being performed at the hotel.
Donny and Marie
Donny and Marie is a family-friendly variety show. It is performed by well-known Donny and Marie Osmond on all weekdays except on Sundays and Mondays. The show follows the winning formula of their 1970s TV program, incorporating dancing, humor and all of their hit songs. It starts at 7:30 pm and each ticket costs at least $91.25.
Olivia Newton-John
Grammy award-winning singer Olivia Newton-John is ""hopelessly devoted"" to perform many of her fans, opening ""Summer Nights"" to perform many of her best-loved songs during her four decades long career. Alongside an eight-piece band, Newton-John will share stories about her career and sing many songs. Concert-goers can buy meet and greet tickets at $249. Regular price tickets start from $78.5. The show starts at 7:30 pm on Tuesdays, Wednesdays, Thursdays, Fridays and Saturdays.
Vinnie Favorito
Vinnie Favorito is a famous actor who is known to make people laugh. His jokes are very popular. Unlike other comedians who use pre-developed material, Vinnie Farorito gets his comedy from his interaction with people in the audience. The tickets start from $68.95. Performance days are six days per week except Sundays. Show time is 8 pm..
X Burlesque
X Burlesque is a wonderful show performed by six dancing ladies. The show is filled with popular music that suits everyone's taste from rock to country and a variety of dancing styles that allow each dancer to showcase her unique talents. The tickets start from $50.26. It is a daily show at 10:00 pm.","If a young couple wants to see Olivia Newton-John in the flesh, they have to pay   _  .",78.5 dollars,157 dollars,249 dollars,498 dollars,D,2,2,0,,D,0,0,1,1,One distractor is basically restating another option.
A062,"It's interesting that technology often works as a servant for us, yet frequently we become a servant to it. E-mail is a useful tool but many feel controlled by this new tool. The average business person is getting about 80e-mails per day and many feel that about 80% of the messages in their ""Inbox"" are of little or no value. So, I have four suggestions to help you to become better at ""Erasing E-mail"".
1.Get off the lists. The best way to deal with a problem is to never have it. If you are receiving a lot of unwanted e-mails, ask to be removed from the various lists. This would include your inclusion in unwanted lists.
2.""Unlisted address"". Just as you keep an ""unlisted"" telephone number that you share only with those whom you want to have direct access to, you might want to get a separate e-mail address only for the important communications you wish to receive.
3.Check it once or twice per day. Many I speak with are becoming chained to their email server, monitoring incoming email continuously. Maybe this is because e-mail creates its own sense of urgency, but most of thecommunications are not all that urgent. I respond to them a couple of times per day.
4.Deal with it. As you open each e-mail, do one of the following:
a. If it requires a quick response, respond to it and delete it.
b. If it requires a response but is not the best use of your time, try to find someone else to do it.
c. If it is going to take any serious amount of time to respond, schedule it for action in your Day Planner andthen download the message, save it, or print it out for future action.
I personally receive about 250 e-mails per day and by practicing the suggestions above, I can handle thatvolume in about an hour, taking advantage of this fantastic tool but not being controlled by it to make sure I'mdoing more important tasks in my day.","To avoid being chained by the coming e-mails, what you can do is to   _  .",respond urgent ones only,reply to all of them at the same time,handle them a couple of times daily,keep replying to e-mails all day long,C,4,1,0,,C,0,0,0,0,
A063,"Body language is a very powerful tool of a communication, not only between people but in the animal world as well.
In many instances, we produce idioms which are all understandable by borrowing examples from animal communication.
For example, we know that a frightened cat will arch . From this starting-point we might hear the expression. ""He gets my back up!"" meaning ""He makes me angry.""
In the same manner, we know that many animals, if challenged by attackers, will not turn and run away because this will encourage the attackers to attack them more forcefully. Instead, they will move backwards slowly to get out of harm's way, always facing their attacker. We call this action ""backing off"" and it can be used as well with humans as with animals.
In the case of humans, however, the back-off may not be physical but oral, as in using a kinder tone of voice and gentle words instead of fighting against the attackers.",Which of the following is wrong according to the article?,"To learn knowledge, humans must learn from animals.",Both humans and animals have the body language.,Both humans and animals have ways of getting out of harm.,"""Face your attackers"" means to encourage yourself.",A,3,2,0,,A,1,0,1,0,Passage supports B about as well as the key; I'd call this a toss-up.
A064,"The majority of physicists once believed that the universe's expansion was slowing down. In 1998, they were proven completely wrong. Though it flies in the face of scientific theory, the universe is expanding at an ever-increasing rate. 
One possible explanation is that empty space has a thing called dark energy, which supposedly makes up about three quarters of the universe. Dark energy supposedly very sparsely  exists in such a way that it interacts with other objects only through attracting force. It has a strong negative pressure, which causes it to pull on its surroundings and as a result, pull apart the universe. This neatly explains the universe's expansion without completely changing our understanding of the universe. Scientists can merely claim that dark energy ""should"" exist. 
According to Einstein's theory of relativity, it is impossible to travel faster than at the speed of light. 
With this in mind, physicists set out to do the impossible and succeeded. In 2000, scientists in Princeton, New Jersey sent a small pulse  of laser light through a vapor made up of gaseous cesium . The pulse traveled so quickly that it was already leaving the vapor-filled chamber as it was still entering, roughly 300 times faster than it would have in a vacuum . Thus, light moved faster than the speed of light. 
Other experiments have since managed to conquer light's supposed speed limit, though all claims have had fine print that keeps them from being especially groundbreaking . Those seeking to truly prove Einstein wrong must instead turn to objects like black holes, which could theoretically cause things to move at faster-than-light speeds. Black holes have been proven to be particularly uncooperative test subjects though, and for now this remains a guess.",What can be inferred from the passage?,The pulse traveled exactly 300 times faster than light.,It is impossible to exceed the speed of light.,Objects like black holes haven't been found.,Einstein's theory of relativity is wrong.,A,3,1,0,,C,1,0,0,0,"Key and A both have textual support here, key isn't the clear best."
A065,"A tourist comes out of the airport. There are a lot of taxis, but he asks every taxi-driver's name, and takes the third taxi. It costs 5 from the airport to the hotel. ""How much does it cost for the whole day?"" the tourists asks. ""100,"" says the taxi-driver. This is very expensive, but the tourist accepts the price.
The taxi-driver takes the tourist everywhere. He shows him all monuments and all the museums. In the evening they go back to the hotel. The tourist gives the taxi-driver 100 and says, ""What about tomorrow?"" The taxi-driver looks at the tourist. "" Tomorrow? It's another 100 tomorrow."" But the tourist says, ""That's OK. If that's the price. See you tomorrow."" The taxi-driver is very pleased. The day the taxi-driver takes the tourist everywhere again. And in the second evening they go back to the hotel. The tourist gives the taxi-driver another 100 and says, ""I'm going home tomorrow."" He likes the tourist, above all, 100 a day is a good money. ""So you are going home, where do you come from?"" he asks.
""I come from New York.""
""New York!"" says the taxi-driver, ""I have a sister in New York. Her name is Susannah, Do you know her?""
""Of course I know her. She gave me 200 for you.""",The tourist asks every taxi-driver his name because  _,he is afraid f being cheated,he knows one of the taxi-drivers,he knows of one of the taxi-drivers,there is a friend of his among the taxi-drivers.,C,4,3,0,,C,0,0,1,1,Two options read almost the same; one should probably be reworded.
A066,"The word for this summer's new clothes is HAPPY. Colors are bright  and sunny, with lots of yellow, red, and orange. You can also find some great bright patterns , such as striped  and checked  pants. In the clothes shops this summer, you'll see a lot of beautiful floral  dresses. Long skirts are popular again, and so are jeans and shorts for holidays and sports. White is the new color for shoes and bags. So put away all of your boring   black and dark colors-it's time for summer!",Which color is NOT mentioned  in the passage?,Orange,White,Green,Black,C,4,1,0,,C,0,0,0,0,
A067,"Children start out as natural scientists, eager to look into the world around them. Helping them enjoy science can be easy; there is no need for a lot of scientific terms or expensive lab equipment. You only have to share your children's curiosity. Firstly, listen to their questions. I once visited a classroom of seven -year- olds to talk about science as a job. The children asked me ""textbook questions"" about schooling, salary and whether I liked my job. When I finished answering, we sat facing one another in science. Finally I said,"" Now that we've finished with your lists, do you have questions of your own about science?""
After a long pause, a boy raised his hand, ""have you ever seen a grasshopper eat? When I try eating leaves like that, I get a stomachache. Why?""
This began a set of questions that lasted nearly two hours.
Secondly, give them time to think. Studies over the past 30 years have shown that. After asking a question, adults typically wait only one second or less for an answer, no time for a child to think. When adults increase their ""wait time"" to three seconds or more, children give more logical, complete and creative answers.
Thirdly, watch your language. Once you have a child involved in a science discussion, don't jump in with ""That's right"" or ""very good"". These words work well when it comes to encouraging good behavior. But in talking about science, quick praise can signal that discussion is over. Instead, keep things going by saying, ""That's interesting"" or ""I'd never thought of it that way before', or coming up with more questions or ideas.
Never push a child to ""think"". It doesn't make sense; children are always thinking, without your telling them to. What's more, this can turn a conversation into a performance. The child will try to find the answer you want, in as few words as possible, so that he will be a small target for your disagreement.
Lastly, show; don't tell. Real-life impressions of nature are far more impressive than any lesson children can learn from a book or a television program. Let children look at their fingertips through a magnifying glass, and they'll understand why you want them to wash before dinner. Rather than saying that water evaporates, set a pot of water to boil and let them watch the water level drop.",The author mentions all of the following techniques for adults to share with their children's curiosity except that adults should  _  .,tell their children stories instead of reciting facts,offer their children chances to see things for themselves,be patient enough when their children answer questions,encourage their children to ask questions of their own,A,4,2,0,,A,0,0,0,0,
A068,"John Russell, aged 83, got on a Chicago bus and saw a sign saying that senior citizens  could ride (or take buses) for half fare . When he dropped his three quarters in the box, the driver demanded (or asked for) identification . John took out an ID card. ""You need a special CTA card,"" said the driver. John did not have the Chicago Transit Authority  card because he lives in New York and was in Chicago visiting his two sons.
""Put in another three quarters,"" said the driver, ""or get off the bus.""
One privilege(;) of old age is being stubborn  . John said, "" Give me back my quarters, and I'll get off.""
""I can't -- it's in the box. If you don't get off, I'll call the police,"" said he, which he did. Two police cars pulled up.
""I'm the criminal ,"" said John Russell. Then he and the driver told their stories.
""That's what you called me for?"" one policeman asked the driver. Another police!man then said to John, ""I'll give you three quarters.""
John shook his head, ""Why should you give me the quarters? He has to give me my quarters.""
""Where are you going?"" asked the policemen.
""Downtown to have lunch with friends,"" John said.
""Come on,"" the policemen said. ""We'll get you your card."" So they took him down!town to the CTA office. But the people there wouldn't give him a CTA card --- he needed a picture.
""What about his quarters?"" one policeman asked. The officials discussed, and the decision was made to give John's quarters back.
When John got downstairs, the policemen asked where he was going.
""To see my friends,"" John said.
""How are you going to get there?""
""On the bus. And all I'm going to pay is 75 cents.""
""Good luck,"" the policemen said.
John got on a bus, dropped three quarters in the box, and said, ""I'm a senior citizen..."" The driver looked at John and nodded. He didn't know how lucky he was to be a sensible man.",The suitable title for the above passage is   _  .,Giving No Quarters,Giving No More Quarters,A Sensible Driver,A Senior Citizen,B,4,1,0,,B,0,0,1,0,"A distractor here can be tossed just from the sentence structure, not the content."
A069,"Brian Walker chews pens. He bites them so hard that his boss has warned him to stop or buy his own. Kate's weakness is more acceptable-she is unable to walk past a cake shop without overeating Sophin Cartier finds her cigarette habit a headache, while prefix = st1 /Alice's thumb-sucking drives her boy friend crazy. Four people with very different habits, but they all share a common problem anxiety disorder or, in serious cases. Obsessive Compulsive Disorder (OCD).
From nail-biting to too much hand-washing, overeating and internet addiction ,OCD is widespread in almost every workplace and countless home. ""It is a  ly common form of nxiety,""says Dr. Mootee. ""The main feature of OCD is the repetition of unwanted obsessive  thoughts such as worries that doors are left unlocked , gas or electrical appliances are left on."" In order to fight against the essay checking door locks and gas or electrical appliandces.
 Dr. Mootee says that repetitive washing, particularly of the hands, is the most common type of OCD. She has treated many patients who wash their hands up to 30 times a day. The technique Mootee uses to treat people with OCD is called cognitive-behavioral therapy .""It is based on the general idea that people have the ability to change the way they think and behave,""says Mootee.
But when does a habit become a problem? ""It's personal,""says Mootee.""Everyone has something unusual, but if you can't put up with it, then it's a problem and you need to do something to change it.""Mootee says many people resist for treatment because they fear they are""crazy"". But as people become more knowledgeable about these problems they will go and get help. The only way to cure is to conquer.","According to the passage, a person suffering from OCD    .",reduces his/her anxiety by taking drugs,gets into unwanted habits to relieve stress,has unwanted thoughts about habits,has unwanted thoughts because of illness,C,3,1,0,,B,0,0,1,0,Two options read almost the same; one should probably be reworded.
A070,"There are many kinds of ants in America. One kind is very strong. People are afraid of it.
These ants move in a large group. They eat all the animals on their way. They can kill and eat elephants, and they can eat wood houses. Sometimes even people are killed by them. When the ants come, people leave their homes. But people are sometimes glad after the ants pass through, because they can see no insects  or snakes.",People have to get away from the ants because   _  .,they can eat and kill elephants,they can also eat wood houses,they go in large groups,they can even kill people,D,4,1,0,,D,0,0,0,0,
A071,"About a year ago, a couple with three children moved into the apartment next door to me. I never heard any noise from the children, but the parents were always _ at them.
We often met. I always spoke, but the only answer I ever got was a hello from a four-year-old girl. One day when I returned, they were just coming back to their apartment and the little girl was holding the door in the hall open for the others. I remained in the car doing unnecessary things. The parents were telling her to hurry. I looked up and saw the little girl was still holding the door open, waiting for me. I hurried as much as I could and thanked her. She was smiling from ear to ear.
That afternoon I was at the K-Mart and saw a white teddy bear. I thought of the little girl and said to myself, ""I bet she would like it."" So I bought it for her.
The next day there was a knock on the door and it was the little girl and her father. She was so proud of her bear and thanked me. Then I noticed her mother and the other children were there in the hall, too.
Now when we meet in the hall, we all speak in a friendly manner. Last night we had about four inches of snow. The temperature was below zero. When I opened the outside door, there was my car with all the snow removed. The man next door was the only person I knew in the whole building, so when I saw him the next day, I asked him if he was the nice person that removed the snow. He said NO. He wanted to, but his wife said she wanted to do it.
Isn't it amazing that the small kind act of a four-year-old girl can change so many things for the better?",The passage mainly tells us  _  .?,Children should be polite to their neighbors.,People should be kind and communicate with each other.,Your neighbors are not as bad as you think.,Things can be changed by removing snow.,B,2,2,0,,B,0,0,0,0,
A072,"Eleven-year-old Evan Green doesn't want to save just one tree-he wants to save a whole rainforest!
In the Redwood City, Calif, a boy started a group called the Red Dragon Conservation Team four years ago to do just that. So far, the team's members have raised $4,500. That's enough to purchase and protect more than 16 acres of rainforest in Costa Rica through the Center for Ecosystem survival.
Every year, thousands of square miles of rainforest are destroyed worldwide. Logging and farming are mostly likely to blame, scientists say. The loss is terrible news for animals and people. Even though rainforests cover less than 2 percent of the earth, they are home to half the world's plants and animals. Rainforests also provide water and help control the earth's climate.
Evan's work to save the rainforests recently earned him a Barron prize for Young Heroes. The prizes are given to children or teenagers who have made a positive difference in the world. Evan's goal is ""to save enough rainforests to last forever"". He won't have to do it alone. His actions have already inspired other kids to chip in. One girl asked for donations instead of presents on her birthday. She raised $850. Other kids are starting their own conservation teams.
Evan says everyone can help the planet-even by taking small steps such as recycling. He and his family try to make a difference every day. ""We recycle, we try to limit our garbage... we've been walking a little more, and we buy local food,"" Evan said.",How much does it cost to buy and protect an acre of rainforest in Costa Rica?,"About $4,500.",About $850.,"About $1,000.",About $280.,D,3,1,0,,D,0,0,0,0,
A073,"Children love playing games. That is a well-known fact. Kids learn how to play games at a very early age, and once they find a game they love, they can play for hours and hours. In fact, games for kids are so popular that there is an entire industry dedicated  to designing and selling them. There seems to be a fun game for kids for every occasion. Christmas and birthday are often celebrated with the family tradition of gifting a new game.
In recent years, however, Internet games and gaming system seem to have taken kids' world by storm. Online games for kids have quickly become a very popular way to pass the time with small children and teens alike. Online games are a great way to have fun, and they can be quite educational as well. Many online games created for specific age groups encourage grade-appropriate development and educational skills.
Hundreds of websites offer fun and educational games to kids. Many of these sites are created by big names, such as National Geographic, which we can trust. They offer free games that parents know are proper for children. Parents are encouraged to go online and research online games proper for their children's age before allowing their kids to play these games. Parents want to look for parental controls such as the ability to set or monitor their children's playtime.
With so many options to choose from, parents and children will find it easy to find fun games and activities on the Internet. And nowadays, being able to use a computer is a very important skill for children to learn, so playing on the computer is definitely both educational and fun. Children are sure to learn new skills about any subject with the right, trusted website.",Which of the following is TRUE of National Geographic Games?,The news is updated every day.,There is a large amount of information.,It can help parents to control kids' playtime.,The games on it are good for kids' mental and physical health.,D,1,1,0,,D,0,0,0,0,
A074,"I'm Mary.I have a piece of good news to tell you.My parents bought a new flat in the centre of the city.The rooms are not big, but they are all comfortable.There are more rooms than our old flat. I am excited  because I have my own bedroom.In the old flat, I share the bedroom with my sister.
My favourite room in the new flat is my bedroom.I can be alone   in it.It is my own small world.I can listen to music, read comics and chat with my friends on the phone.I can also look for things on the internet and send e-mails to my e-friends.
Kitchen is my favourite room, too.I like helping my mother with the cooking.She is not only a good teacher but also a good cook.She often teaches me how to make some different dishes.She lived in Sichuan when she was a child.So she likes hot food and she can cook very delicious hot food.",What's Mary's new flat like?,Big and comfortable,Small and not comfortable,Big but not comfortable,Small but comfortable,D,4,4,0,,D,0,0,1,0,"A distractor here can be tossed just from the sentence structure, not the content."
