annotator_id,question_id,chosen_letter,timestamp,consent_version
H159,middle2722.txt_q0,A,2026-07-20T02:30:25,v2026.07.1
H188,middle2722.txt_q0,C,2026-07-26T12:38:17,v2026.07.1
H081,middle2722.txt_q0,D,2026-07-26T04:53:43,v2026.07.1
H056,middle2722.txt_q0,D,2026-07-24T14:18:11,v2026.07.1
H130,middle2722.txt_q0,D,2026-07-27T13:26:43,v2026.07.1
H156,middle2722.txt_q0,B,2026-07-23T20:26:00,v2026.07.1
H098,middle2722.txt_q0,D,2026-07-17T19:44:35,v2026.07.1
H085,middle2722.txt_q0,D,2026-07-20T23:35:17,v2026.07.1
H030,middle2722.txt_q0,D,2026-07-11T16:43:52,v2026.07.1
H022,middle2722.txt_q0,D,2026-07-17T17:22:37,v2026.07.1
H013,middle2722.txt_q0,D,2026-07-12T16:27:51,v2026.07.1
H143,middle2722.txt_q0,C,2026-07-21T19:26:53,v2026.07.1
H128,middle2722.txt_q0,D,2026-07-19T00:48:52,v2026.07.1
H092,middle2722.txt_q0,B,2026-07-18T00:46:25,v2026.07.1
H167,middle2722.txt_q0,A,2026-07-20T13:00:24,v2026.07.1
H108,middle2722.txt_q0,C,2026-07-25T11:47:01,v2026.07.1
H076,middle2722.txt_q0,D,2026-07-11T02:28:23,v2026.07.1
H100,middle2722.txt_q0,A,2026-07-11T05:50:22,v2026.07.1
H042,middle2722.txt_q0,D,2026-07-20T03:43:42,v2026.07.1
H107,middle2722.txt_q0,A,2026-07-25T09:33:34,v2026.07.1
H051,middle2722.txt_q0,B,2026-07-18T20:41:26,v2026.07.1
H191,middle2722.txt_q0,C,2026-07-18T04:59:39,v2026.07.1
H185,middle2722.txt_q0,D,2026-07-17T13:08:54,v2026.07.1
H162,middle2722.txt_q0,D,2026-07-27T07:15:24,v2026.07.1
H058,middle2722.txt_q0,C,2026-07-22T03:33:26,v2026.07.1
H008,middle2722.txt_q0,C,2026-07-21T04:33:03,v2026.07.1
H166,middle2722.txt_q0,B,2026-07-12T16:54:16,v2026.07.1
H147,middle2722.txt_q0,C,2026-07-20T10:42:01,v2026.07.1
H009,middle2722.txt_q0,D,2026-07-13T05:01:23,v2026.07.1
H183,middle2722.txt_q0,A,2026-07-12T23:21:37,v2026.07.1
H196,middle5154.txt_q2,B,2026-07-12T01:53:16,v2026.07.1
H024,middle5154.txt_q2,B,2026-07-24T20:44:47,v2026.07.1
H019,middle5154.txt_q2,B,2026-07-18T08:32:51,v2026.07.1
H055,middle5154.txt_q2,B,2026-07-15T15:46:47,v2026.07.1
H031,middle5154.txt_q2,D,2026-07-11T03:53:30,v2026.07.1
H189,middle5154.txt_q2,B,2026-07-10T16:19:35,v2026.07.1
H134,middle5154.txt_q2,A,2026-07-18T22:17:56,v2026.07.1
H096,middle5154.txt_q2,B,2026-07-13T00:09:53,v2026.07.1
H143,middle5154.txt_q2,B,2026-07-18T10:21:03,v2026.07.1
H192,middle5154.txt_q2,A,2026-07-21T22:15:27,v2026.07.1
H054,middle5154.txt_q2,A,2026-07-14T22:04:05,v2026.07.1
H122,middle5154.txt_q2,C,2026-07-18T02:57:50,v2026.07.1
H200,middle5154.txt_q2,B,2026-07-25T02:44:18,v2026.07.1
H142,middle5154.txt_q2,D,2026-07-25T23:41:39,v2026.07.1
H029,middle5154.txt_q2,B,2026-07-18T19:15:10,v2026.07.1
H064,middle5154.txt_q2,C,2026-07-24T07:35:53,v2026.07.1
H032,middle5154.txt_q2,D,2026-07-25T11:19:58,v2026.07.1
H147,middle5154.txt_q2,D,2026-07-25T08:21:08,v2026.07.1
H007,middle5154.txt_q2,A,2026-07-15T21:54:56,v2026.07.1
H058,middle5154.txt_q2,D,2026-07-26T20:37:02,v2026.07.1
H088,middle5154.txt_q2,B,2026-07-10T16:29:15,v2026.07.1
H046,middle5154.txt_q2,B,2026-07-19T11:20:56,v2026.07.1
H160,middle5154.txt_q2,C,2026-07-11T06:21:02,v2026.07.1
H179,middle5154.txt_q2,B,2026-07-21T21:26:58,v2026.07.1
H140,middle5154.txt_q2,D,2026-07-24T17:57:46,v2026.07.1
H136,middle5154.txt_q2,B,2026-07-22T11:59:44,v2026.07.1
H095,middle5154.txt_q2,B,2026-07-26T07:47:25,v2026.07.1
H077,middle5154.txt_q2,A,2026-07-13T17:56:37,v2026.07.1
H049,middle5154.txt_q2,D,2026-07-21T23:50:39,v2026.07.1
H040,middle5154.txt_q2,B,2026-07-16T15:27:38,v2026.07.1
H187,middle4068.txt_q0,C,2026-07-13T03:28:35,v2026.07.1
H148,middle4068.txt_q0,D,2026-07-27T03:06:13,v2026.07.1
H174,middle4068.txt_q0,A,2026-07-12T04:36:16,v2026.07.1
H090,middle4068.txt_q0,D,2026-07-12T10:35:49,v2026.07.1
H012,middle4068.txt_q0,D,2026-07-13T16:40:01,v2026.07.1
H145,middle4068.txt_q0,A,2026-07-22T16:13:27,v2026.07.1
H076,middle4068.txt_q0,A,2026-07-10T18:53:19,v2026.07.1
H041,middle4068.txt_q0,D,2026-07-25T18:05:54,v2026.07.1
H075,middle4068.txt_q0,D,2026-07-16T08:38:13,v2026.07.1
H021,middle4068.txt_q0,B,2026-07-25T23:58:11,v2026.07.1
H129,middle4068.txt_q0,D,2026-07-21T03:52:56,v2026.07.1
H191,middle4068.txt_q0,D,2026-07-25T09:35:09,v2026.07.1
H005,middle4068.txt_q0,A,2026-07-20T05:51:52,v2026.07.1
H138,middle4068.txt_q0,C,2026-07-14T15:21:23,v2026.07.1
H200,middle4068.txt_q0,A,2026-07-21T21:18:21,v2026.07.1
H096,middle4068.txt_q0,C,2026-07-14T01:30:21,v2026.07.1
H188,middle4068.txt_q0,B,2026-07-26T10:22:20,v2026.07.1
H014,middle4068.txt_q0,A,2026-07-16T04:29:32,v2026.07.1
H019,middle4068.txt_q0,D,2026-07-23T18:46:05,v2026.07.1
H013,middle4068.txt_q0,D,2026-07-21T21:00:57,v2026.07.1
H036,middle4068.txt_q0,B,2026-07-21T16:44:28,v2026.07.1
H025,middle4068.txt_q0,C,2026-07-18T12:42:47,v2026.07.1
H048,middle4068.txt_q0,B,2026-07-13T03:16:31,v2026.07.1
H098,middle4068.txt_q0,A,2026-07-27T11:30:57,v2026.07.1
H028,middle4068.txt_q0,C,2026-07-13T18:34:19,v2026.07.1
H093,middle4068.txt_q0,B,2026-07-23T02:07:41,v2026.07.1
H167,middle4068.txt_q0,C,2026-07-12T07:01:06,v2026.07.1
H085,middle4068.txt_q0,C,2026-07-13T02:54:29,v2026.07.1
H195,middle4068.txt_q0,B,2026-07-13T07:34:17,v2026.07.1
H161,middle4068.txt_q0,D,2026-07-13T03:14:29,v2026.07.1
H183,middle5018.txt_q1,D,2026-07-21T12:33:18,v2026.07.1
H004,middle5018.txt_q1,A,2026-07-10T12:41:26,v2026.07.1
H002,middle5018.txt_q1,D,2026-07-15T12:56:11,v2026.07.1
H041,middle5018.txt_q1,A,2026-07-11T02:57:48,v2026.07.1
H089,middle5018.txt_q1,D,2026-07-14T15:17:59,v2026.07.1
H182,middle5018.txt_q1,C,2026-07-19T04:40:28,v2026.07.1
H119,middle5018.txt_q1,D,2026-07-18T01:22:36,v2026.07.1
H167,middle5018.txt_q1,C,2026-07-26T05:36:59,v2026.07.1
H010,middle5018.txt_q1,C,2026-07-18T05:54:12,v2026.07.1
H069,middle5018.txt_q1,C,2026-07-27T05:31:06,v2026.07.1
H024,middle5018.txt_q1,B,2026-07-24T21:37:25,v2026.07.1
H095,middle5018.txt_q1,D,2026-07-15T04:16:28,v2026.07.1
H060,middle5018.txt_q1,C,2026-07-19T06:48:37,v2026.07.1
H185,middle5018.txt_q1,C,2026-07-20T09:01:42,v2026.07.1
H057,middle5018.txt_q1,B,2026-07-12T23:07:46,v2026.07.1
H035,middle5018.txt_q1,A,2026-07-21T19:00:32,v2026.07.1
H091,middle5018.txt_q1,A,2026-07-12T11:06:16,v2026.07.1
H040,middle5018.txt_q1,C,2026-07-14T15:59:05,v2026.07.1
H096,middle5018.txt_q1,C,2026-07-15T09:19:21,v2026.07.1
H158,middle5018.txt_q1,A,2026-07-26T19:54:47,v2026.07.1
H084,middle5018.txt_q1,A,2026-07-15T11:50:13,v2026.07.1
H026,middle5018.txt_q1,C,2026-07-10T18:59:01,v2026.07.1
H134,middle5018.txt_q1,C,2026-07-10T14:49:00,v2026.07.1
H188,middle5018.txt_q1,C,2026-07-13T20:07:47,v2026.07.1
H146,middle5018.txt_q1,B,2026-07-11T14:38:21,v2026.07.1
H110,middle5018.txt_q1,D,2026-07-27T01:11:36,v2026.07.1
H140,middle5018.txt_q1,D,2026-07-12T02:35:10,v2026.07.1
H021,middle5018.txt_q1,C,2026-07-24T05:30:12,v2026.07.1
H200,middle5018.txt_q1,B,2026-07-18T08:54:54,v2026.07.1
H113,middle5018.txt_q1,C,2026-07-18T11:26:12,v2026.07.1
H141,middle8248.txt_q2,D,2026-07-18T06:58:07,v2026.07.1
H007,middle8248.txt_q2,B,2026-07-18T10:46:28,v2026.07.1
H025,middle8248.txt_q2,A,2026-07-21T20:26:07,v2026.07.1
H074,middle8248.txt_q2,B,2026-07-10T11:41:27,v2026.07.1
H090,middle8248.txt_q2,C,2026-07-14T15:15:42,v2026.07.1
H098,middle8248.txt_q2,C,2026-07-13T17:11:24,v2026.07.1
H097,middle8248.txt_q2,D,2026-07-13T13:54:25,v2026.07.1
H043,middle8248.txt_q2,A,2026-07-26T00:37:05,v2026.07.1
H091,middle8248.txt_q2,D,2026-07-12T13:29:02,v2026.07.1
H088,middle8248.txt_q2,D,2026-07-17T16:47:04,v2026.07.1
H145,middle8248.txt_q2,C,2026-07-26T14:12:22,v2026.07.1
H155,middle8248.txt_q2,D,2026-07-22T23:01:31,v2026.07.1
H187,middle8248.txt_q2,D,2026-07-18T03:08:13,v2026.07.1
H128,middle8248.txt_q2,C,2026-07-21T09:54:36,v2026.07.1
H100,middle8248.txt_q2,C,2026-07-18T13:28:05,v2026.07.1
H084,middle8248.txt_q2,A,2026-07-25T15:33:19,v2026.07.1
H026,middle8248.txt_q2,A,2026-07-23T04:44:22,v2026.07.1
H164,middle8248.txt_q2,B,2026-07-26T19:55:00,v2026.07.1
H137,middle8248.txt_q2,D,2026-07-26T14:03:51,v2026.07.1
H062,middle8248.txt_q2,D,2026-07-11T02:19:30,v2026.07.1
H173,middle8248.txt_q2,D,2026-07-20T17:25:43,v2026.07.1
H040,middle8248.txt_q2,D,2026-07-11T00:39:56,v2026.07.1
H075,middle8248.txt_q2,C,2026-07-18T20:51:32,v2026.07.1
H063,middle8248.txt_q2,D,2026-07-12T05:00:02,v2026.07.1
H005,middle8248.txt_q2,D,2026-07-13T15:05:50,v2026.07.1
H093,middle8248.txt_q2,C,2026-07-23T12:02:37,v2026.07.1
H186,middle8248.txt_q2,D,2026-07-14T03:06:25,v2026.07.1
H057,middle8248.txt_q2,D,2026-07-11T09:39:10,v2026.07.1
H178,middle8248.txt_q2,C,2026-07-10T15:01:38,v2026.07.1
H068,middle8248.txt_q2,A,2026-07-14T19:11:48,v2026.07.1
H135,middle3263.txt_q1,C,2026-07-20T00:24:36,v2026.07.1
H076,middle3263.txt_q1,B,2026-07-27T02:02:07,v2026.07.1
H192,middle3263.txt_q1,A,2026-07-22T09:15:00,v2026.07.1
H049,middle3263.txt_q1,D,2026-07-13T19:57:26,v2026.07.1
H168,middle3263.txt_q1,C,2026-07-26T15:26:51,v2026.07.1
H057,middle3263.txt_q1,C,2026-07-11T15:11:20,v2026.07.1
H096,middle3263.txt_q1,D,2026-07-24T18:59:43,v2026.07.1
H032,middle3263.txt_q1,D,2026-07-20T16:42:15,v2026.07.1
H046,middle3263.txt_q1,B,2026-07-26T13:04:17,v2026.07.1
H188,middle3263.txt_q1,C,2026-07-18T20:57:39,v2026.07.1
H171,middle3263.txt_q1,C,2026-07-26T16:26:23,v2026.07.1
H040,middle3263.txt_q1,D,2026-07-22T14:30:39,v2026.07.1
H161,middle3263.txt_q1,C,2026-07-24T12:13:30,v2026.07.1
H186,middle3263.txt_q1,C,2026-07-15T17:59:45,v2026.07.1
H159,middle3263.txt_q1,A,2026-07-12T19:37:44,v2026.07.1
H105,middle3263.txt_q1,A,2026-07-11T07:07:07,v2026.07.1
H122,middle3263.txt_q1,D,2026-07-19T22:09:09,v2026.07.1
H073,middle3263.txt_q1,D,2026-07-17T08:55:03,v2026.07.1
H152,middle3263.txt_q1,C,2026-07-22T16:22:26,v2026.07.1
H084,middle3263.txt_q1,A,2026-07-10T10:43:15,v2026.07.1
H185,middle3263.txt_q1,D,2026-07-24T18:42:14,v2026.07.1
H197,middle3263.txt_q1,C,2026-07-18T23:23:40,v2026.07.1
H053,middle3263.txt_q1,D,2026-07-23T02:24:29,v2026.07.1
H183,middle3263.txt_q1,B,2026-07-26T00:07:11,v2026.07.1
H066,middle3263.txt_q1,C,2026-07-27T00:13:11,v2026.07.1
H088,middle3263.txt_q1,C,2026-07-19T05:56:32,v2026.07.1
H008,middle3263.txt_q1,D,2026-07-20T20:25:41,v2026.07.1
H039,middle3263.txt_q1,A,2026-07-24T00:00:44,v2026.07.1
H136,middle3263.txt_q1,C,2026-07-26T17:59:01,v2026.07.1
H117,middle3263.txt_q1,D,2026-07-23T01:17:41,v2026.07.1
H124,middle1302.txt_q2,A,2026-07-24T14:43:08,v2026.07.1
H014,middle1302.txt_q2,D,2026-07-24T21:51:07,v2026.07.1
H021,middle1302.txt_q2,B,2026-07-13T00:38:30,v2026.07.1
H168,middle1302.txt_q2,B,2026-07-15T23:21:42,v2026.07.1
H174,middle1302.txt_q2,B,2026-07-16T22:12:15,v2026.07.1
H015,middle1302.txt_q2,C,2026-07-12T10:03:00,v2026.07.1
H169,middle1302.txt_q2,B,2026-07-24T10:42:19,v2026.07.1
H079,middle1302.txt_q2,C,2026-07-26T05:56:00,v2026.07.1
H141,middle1302.txt_q2,D,2026-07-20T02:19:47,v2026.07.1
H003,middle1302.txt_q2,D,2026-07-11T21:57:11,v2026.07.1
H187,middle1302.txt_q2,D,2026-07-26T21:39:55,v2026.07.1
H060,middle1302.txt_q2,B,2026-07-20T04:30:24,v2026.07.1
H158,middle1302.txt_q2,A,2026-07-23T22:55:46,v2026.07.1
H095,middle1302.txt_q2,D,2026-07-21T07:07:19,v2026.07.1
H195,middle1302.txt_q2,D,2026-07-14T00:01:53,v2026.07.1
H171,middle1302.txt_q2,B,2026-07-20T17:30:15,v2026.07.1
H155,middle1302.txt_q2,B,2026-07-10T16:20:47,v2026.07.1
H198,middle1302.txt_q2,B,2026-07-11T17:58:48,v2026.07.1
H115,middle1302.txt_q2,A,2026-07-24T00:43:19,v2026.07.1
H132,middle1302.txt_q2,B,2026-07-10T12:41:54,v2026.07.1
H162,middle1302.txt_q2,A,2026-07-26T07:44:02,v2026.07.1
H044,middle1302.txt_q2,B,2026-07-26T16:28:29,v2026.07.1
H154,middle1302.txt_q2,C,2026-07-19T13:38:40,v2026.07.1
H138,middle1302.txt_q2,B,2026-07-26T17:22:40,v2026.07.1
H091,middle1302.txt_q2,B,2026-07-20T23:06:41,v2026.07.1
H062,middle1302.txt_q2,B,2026-07-14T19:45:56,v2026.07.1
H054,middle1302.txt_q2,A,2026-07-12T16:29:38,v2026.07.1
H173,middle1302.txt_q2,B,2026-07-26T10:16:40,v2026.07.1
H129,middle1302.txt_q2,D,2026-07-25T04:42:35,v2026.07.1
H039,middle1302.txt_q2,B,2026-07-19T19:16:03,v2026.07.1
H056,middle5154.txt_q3,D,2026-07-24T02:49:30,v2026.07.1
H175,middle5154.txt_q3,D,2026-07-15T18:23:25,v2026.07.1
H115,middle5154.txt_q3,A,2026-07-13T00:31:50,v2026.07.1
H123,middle5154.txt_q3,B,2026-07-13T19:47:55,v2026.07.1
H110,middle5154.txt_q3,B,2026-07-17T02:37:09,v2026.07.1
H157,middle5154.txt_q3,B,2026-07-17T08:11:51,v2026.07.1
H041,middle5154.txt_q3,B,2026-07-27T16:58:28,v2026.07.1
H181,middle5154.txt_q3,A,2026-07-19T17:36:37,v2026.07.1
H148,middle5154.txt_q3,D,2026-07-19T07:25:15,v2026.07.1
H043,middle5154.txt_q3,D,2026-07-11T11:36:40,v2026.07.1
H084,middle5154.txt_q3,C,2026-07-15T10:58:44,v2026.07.1
H147,middle5154.txt_q3,C,2026-07-24T14:40:34,v2026.07.1
H052,middle5154.txt_q3,C,2026-07-15T22:13:35,v2026.07.1
H036,middle5154.txt_q3,C,2026-07-23T18:39:23,v2026.07.1
H184,middle5154.txt_q3,B,2026-07-14T22:40:32,v2026.07.1
H023,middle5154.txt_q3,D,2026-07-11T13:25:23,v2026.07.1
H113,middle5154.txt_q3,C,2026-07-25T08:24:14,v2026.07.1
H111,middle5154.txt_q3,C,2026-07-16T04:25:58,v2026.07.1
H065,middle5154.txt_q3,C,2026-07-18T10:54:47,v2026.07.1
H124,middle5154.txt_q3,C,2026-07-14T01:26:59,v2026.07.1
H172,middle5154.txt_q3,C,2026-07-27T02:11:07,v2026.07.1
H009,middle5154.txt_q3,A,2026-07-18T04:16:29,v2026.07.1
H138,middle5154.txt_q3,C,2026-07-15T15:54:12,v2026.07.1
H049,middle5154.txt_q3,A,2026-07-17T23:09:31,v2026.07.1
H158,middle5154.txt_q3,C,2026-07-11T08:50:28,v2026.07.1
H061,middle5154.txt_q3,C,2026-07-25T01:24:51,v2026.07.1
H054,middle5154.txt_q3,D,2026-07-10T23:13:49,v2026.07.1
H035,middle5154.txt_q3,A,2026-07-12T10:06:18,v2026.07.1
H191,middle5154.txt_q3,D,2026-07-14T11:27:52,v2026.07.1
H062,middle5154.txt_q3,D,2026-07-14T22:51:20,v2026.07.1
H059,middle401.txt_q3,D,2026-07-12T09:32:43,v2026.07.1
H200,middle401.txt_q3,A,2026-07-19T11:21:43,v2026.07.1
H153,middle401.txt_q3,C,2026-07-27T08:46:05,v2026.07.1
H086,middle401.txt_q3,C,2026-07-22T01:07:07,v2026.07.1
H010,middle401.txt_q3,D,2026-07-13T11:42:16,v2026.07.1
H049,middle401.txt_q3,D,2026-07-27T16:52:32,v2026.07.1
H119,middle401.txt_q3,D,2026-07-14T21:41:29,v2026.07.1
H193,middle401.txt_q3,C,2026-07-18T23:45:43,v2026.07.1
H175,middle401.txt_q3,C,2026-07-24T19:08:42,v2026.07.1
H030,middle401.txt_q3,C,2026-07-24T13:13:28,v2026.07.1
H070,middle401.txt_q3,C,2026-07-22T06:05:26,v2026.07.1
H054,middle401.txt_q3,B,2026-07-24T10:02:42,v2026.07.1
H162,middle401.txt_q3,A,2026-07-16T09:08:59,v2026.07.1
H136,middle401.txt_q3,C,2026-07-16T20:30:12,v2026.07.1
H174,middle401.txt_q3,D,2026-07-22T07:04:34,v2026.07.1
H025,middle401.txt_q3,D,2026-07-27T13:04:59,v2026.07.1
H079,middle401.txt_q3,B,2026-07-27T06:26:55,v2026.07.1
H113,middle401.txt_q3,C,2026-07-11T23:18:03,v2026.07.1
H057,middle401.txt_q3,C,2026-07-25T16:20:24,v2026.07.1
H189,middle401.txt_q3,C,2026-07-11T07:35:26,v2026.07.1
H064,middle401.txt_q3,C,2026-07-17T14:20:18,v2026.07.1
H006,middle401.txt_q3,C,2026-07-12T13:34:12,v2026.07.1
H016,middle401.txt_q3,D,2026-07-15T22:34:47,v2026.07.1
H052,middle401.txt_q3,B,2026-07-16T12:26:09,v2026.07.1
H018,middle401.txt_q3,B,2026-07-18T14:39:22,v2026.07.1
H062,middle401.txt_q3,A,2026-07-16T21:28:30,v2026.07.1
H072,middle401.txt_q3,D,2026-07-13T20:03:14,v2026.07.1
H027,middle401.txt_q3,A,2026-07-22T20:41:41,v2026.07.1
H101,middle401.txt_q3,A,2026-07-23T20:37:39,v2026.07.1
H078,middle401.txt_q3,B,2026-07-23T21:03:04,v2026.07.1
H164,middle4591.txt_q2,C,2026-07-12T02:41:54,v2026.07.1
H161,middle4591.txt_q2,A,2026-07-25T06:21:29,v2026.07.1
H144,middle4591.txt_q2,B,2026-07-12T15:23:07,v2026.07.1
H011,middle4591.txt_q2,C,2026-07-26T16:23:26,v2026.07.1
H181,middle4591.txt_q2,A,2026-07-19T22:13:07,v2026.07.1
H007,middle4591.txt_q2,D,2026-07-21T16:35:27,v2026.07.1
H047,middle4591.txt_q2,A,2026-07-12T18:53:06,v2026.07.1
H073,middle4591.txt_q2,C,2026-07-23T21:07:21,v2026.07.1
H107,middle4591.txt_q2,D,2026-07-25T13:01:26,v2026.07.1
H039,middle4591.txt_q2,D,2026-07-23T19:56:23,v2026.07.1
H077,middle4591.txt_q2,B,2026-07-14T02:03:44,v2026.07.1
H176,middle4591.txt_q2,B,2026-07-22T10:54:46,v2026.07.1
H058,middle4591.txt_q2,B,2026-07-13T04:59:31,v2026.07.1
H091,middle4591.txt_q2,C,2026-07-23T07:07:01,v2026.07.1
H090,middle4591.txt_q2,C,2026-07-15T23:40:38,v2026.07.1
H143,middle4591.txt_q2,C,2026-07-24T19:14:36,v2026.07.1
H109,middle4591.txt_q2,C,2026-07-12T09:58:26,v2026.07.1
H027,middle4591.txt_q2,B,2026-07-14T04:42:04,v2026.07.1
H150,middle4591.txt_q2,C,2026-07-22T13:36:46,v2026.07.1
H088,middle4591.txt_q2,B,2026-07-21T14:30:18,v2026.07.1
H127,middle4591.txt_q2,D,2026-07-16T04:39:41,v2026.07.1
H131,middle4591.txt_q2,C,2026-07-17T04:32:29,v2026.07.1
H078,middle4591.txt_q2,B,2026-07-18T12:34:14,v2026.07.1
H034,middle4591.txt_q2,C,2026-07-27T16:32:59,v2026.07.1
H002,middle4591.txt_q2,C,2026-07-26T07:06:13,v2026.07.1
H018,middle4591.txt_q2,A,2026-07-20T14:53:10,v2026.07.1
H134,middle4591.txt_q2,A,2026-07-17T22:31:34,v2026.07.1
H040,middle4591.txt_q2,A,2026-07-19T19:53:55,v2026.07.1
H004,middle4591.txt_q2,C,2026-07-24T02:15:39,v2026.07.1
H119,middle4591.txt_q2,C,2026-07-11T05:10:37,v2026.07.1
H128,middle4574.txt_q2,A,2026-07-22T14:29:41,v2026.07.1
H015,middle4574.txt_q2,C,2026-07-23T00:18:18,v2026.07.1
H045,middle4574.txt_q2,B,2026-07-15T07:14:50,v2026.07.1
H189,middle4574.txt_q2,D,2026-07-25T14:36:20,v2026.07.1
H063,middle4574.txt_q2,D,2026-07-15T18:03:47,v2026.07.1
H068,middle4574.txt_q2,A,2026-07-24T09:58:49,v2026.07.1
H154,middle4574.txt_q2,A,2026-07-11T23:07:47,v2026.07.1
H151,middle4574.txt_q2,D,2026-07-16T09:44:10,v2026.07.1
H138,middle4574.txt_q2,B,2026-07-19T09:43:54,v2026.07.1
H170,middle4574.txt_q2,B,2026-07-16T06:32:12,v2026.07.1
H127,middle4574.txt_q2,A,2026-07-20T18:47:17,v2026.07.1
H175,middle4574.txt_q2,B,2026-07-16T01:44:11,v2026.07.1
H178,middle4574.txt_q2,B,2026-07-18T17:17:53,v2026.07.1
H135,middle4574.txt_q2,B,2026-07-15T06:43:12,v2026.07.1
H109,middle4574.txt_q2,A,2026-07-18T18:21:29,v2026.07.1
H057,middle4574.txt_q2,C,2026-07-22T01:54:06,v2026.07.1
H176,middle4574.txt_q2,D,2026-07-20T04:44:55,v2026.07.1
H020,middle4574.txt_q2,C,2026-07-18T10:48:36,v2026.07.1
H043,middle4574.txt_q2,B,2026-07-18T04:21:15,v2026.07.1
H055,middle4574.txt_q2,B,2026-07-25T03:24:05,v2026.07.1
H124,middle4574.txt_q2,B,2026-07-17T07:34:09,v2026.07.1
H094,middle4574.txt_q2,D,2026-07-23T06:58:01,v2026.07.1
H005,middle4574.txt_q2,B,2026-07-12T06:15:07,v2026.07.1
H037,middle4574.txt_q2,C,2026-07-27T10:03:20,v2026.07.1
H159,middle4574.txt_q2,C,2026-07-11T01:25:34,v2026.07.1
H078,middle4574.txt_q2,C,2026-07-23T04:38:07,v2026.07.1
H161,middle4574.txt_q2,C,2026-07-14T23:37:35,v2026.07.1
H181,middle4574.txt_q2,B,2026-07-27T14:32:20,v2026.07.1
H088,middle4574.txt_q2,C,2026-07-19T19:21:19,v2026.07.1
H009,middle4574.txt_q2,D,2026-07-16T18:30:05,v2026.07.1
H090,middle3647.txt_q1,A,2026-07-22T06:18:32,v2026.07.1
H002,middle3647.txt_q1,D,2026-07-23T20:09:36,v2026.07.1
H042,middle3647.txt_q1,B,2026-07-11T22:08:28,v2026.07.1
H117,middle3647.txt_q1,D,2026-07-16T09:23:17,v2026.07.1
H144,middle3647.txt_q1,B,2026-07-19T02:40:15,v2026.07.1
H034,middle3647.txt_q1,A,2026-07-17T19:45:40,v2026.07.1
H040,middle3647.txt_q1,C,2026-07-17T11:42:54,v2026.07.1
H093,middle3647.txt_q1,C,2026-07-11T13:39:20,v2026.07.1
H067,middle3647.txt_q1,D,2026-07-12T03:47:35,v2026.07.1
H104,middle3647.txt_q1,B,2026-07-10T17:40:22,v2026.07.1
H150,middle3647.txt_q1,C,2026-07-19T20:53:17,v2026.07.1
H044,middle3647.txt_q1,A,2026-07-16T17:46:41,v2026.07.1
H194,middle3647.txt_q1,B,2026-07-20T03:24:01,v2026.07.1
H191,middle3647.txt_q1,C,2026-07-13T14:25:10,v2026.07.1
H055,middle3647.txt_q1,A,2026-07-19T21:09:22,v2026.07.1
H178,middle3647.txt_q1,D,2026-07-24T22:55:45,v2026.07.1
H014,middle3647.txt_q1,B,2026-07-14T01:11:31,v2026.07.1
H115,middle3647.txt_q1,B,2026-07-11T20:26:20,v2026.07.1
H107,middle3647.txt_q1,A,2026-07-22T02:56:26,v2026.07.1
H111,middle3647.txt_q1,B,2026-07-25T22:22:52,v2026.07.1
H009,middle3647.txt_q1,B,2026-07-12T15:01:37,v2026.07.1
H086,middle3647.txt_q1,C,2026-07-24T01:02:47,v2026.07.1
H078,middle3647.txt_q1,B,2026-07-20T17:40:47,v2026.07.1
H106,middle3647.txt_q1,A,2026-07-18T20:12:27,v2026.07.1
H170,middle3647.txt_q1,C,2026-07-24T03:06:39,v2026.07.1
H074,middle3647.txt_q1,B,2026-07-13T21:01:48,v2026.07.1
H133,middle3647.txt_q1,D,2026-07-18T20:20:38,v2026.07.1
H068,middle3647.txt_q1,B,2026-07-21T15:31:53,v2026.07.1
H094,middle3647.txt_q1,C,2026-07-15T00:39:25,v2026.07.1
H109,middle3647.txt_q1,B,2026-07-13T18:56:25,v2026.07.1
H059,middle3594.txt_q1,D,2026-07-19T13:36:06,v2026.07.1
H158,middle3594.txt_q1,C,2026-07-17T17:44:13,v2026.07.1
H125,middle3594.txt_q1,A,2026-07-13T20:57:14,v2026.07.1
H064,middle3594.txt_q1,A,2026-07-15T02:09:53,v2026.07.1
H149,middle3594.txt_q1,C,2026-07-13T19:39:28,v2026.07.1
H066,middle3594.txt_q1,C,2026-07-11T05:02:38,v2026.07.1
H176,middle3594.txt_q1,C,2026-07-24T07:18:00,v2026.07.1
H160,middle3594.txt_q1,A,2026-07-21T07:05:31,v2026.07.1
H006,middle3594.txt_q1,A,2026-07-24T23:27:31,v2026.07.1
H084,middle3594.txt_q1,A,2026-07-17T16:39:51,v2026.07.1
H033,middle3594.txt_q1,B,2026-07-18T09:03:19,v2026.07.1
H161,middle3594.txt_q1,C,2026-07-17T03:01:36,v2026.07.1
H123,middle3594.txt_q1,A,2026-07-13T12:36:42,v2026.07.1
H157,middle3594.txt_q1,B,2026-07-15T04:09:38,v2026.07.1
H037,middle3594.txt_q1,C,2026-07-19T17:20:41,v2026.07.1
H014,middle3594.txt_q1,C,2026-07-21T00:20:27,v2026.07.1
H001,middle3594.txt_q1,B,2026-07-21T21:22:07,v2026.07.1
H121,middle3594.txt_q1,D,2026-07-10T18:18:52,v2026.07.1
H050,middle3594.txt_q1,C,2026-07-22T15:46:27,v2026.07.1
H138,middle3594.txt_q1,D,2026-07-20T09:31:56,v2026.07.1
H148,middle3594.txt_q1,A,2026-07-20T02:14:05,v2026.07.1
H119,middle3594.txt_q1,D,2026-07-21T00:28:10,v2026.07.1
H169,middle3594.txt_q1,C,2026-07-15T01:38:09,v2026.07.1
H048,middle3594.txt_q1,C,2026-07-13T14:19:19,v2026.07.1
H156,middle3594.txt_q1,A,2026-07-16T02:39:53,v2026.07.1
H076,middle3594.txt_q1,D,2026-07-21T00:26:26,v2026.07.1
H070,middle3594.txt_q1,B,2026-07-21T08:11:52,v2026.07.1
H185,middle3594.txt_q1,C,2026-07-23T22:14:59,v2026.07.1
H111,middle3594.txt_q1,A,2026-07-21T16:32:37,v2026.07.1
H122,middle3594.txt_q1,C,2026-07-19T04:04:36,v2026.07.1
H067,middle7475.txt_q3,D,2026-07-16T08:09:33,v2026.07.1
H001,middle7475.txt_q3,C,2026-07-13T14:58:00,v2026.07.1
H110,middle7475.txt_q3,D,2026-07-13T14:54:37,v2026.07.1
H163,middle7475.txt_q3,A,2026-07-16T08:29:23,v2026.07.1
H047,middle7475.txt_q3,A,2026-07-20T00:12:23,v2026.07.1
H184,middle7475.txt_q3,D,2026-07-24T09:26:19,v2026.07.1
H081,middle7475.txt_q3,C,2026-07-10T21:32:20,v2026.07.1
H077,middle7475.txt_q3,C,2026-07-27T01:43:24,v2026.07.1
H105,middle7475.txt_q3,A,2026-07-22T21:29:55,v2026.07.1
H082,middle7475.txt_q3,A,2026-07-20T22:54:19,v2026.07.1
H158,middle7475.txt_q3,A,2026-07-15T15:07:55,v2026.07.1
H039,middle7475.txt_q3,A,2026-07-12T09:15:37,v2026.07.1
H182,middle7475.txt_q3,B,2026-07-24T20:36:33,v2026.07.1
H149,middle7475.txt_q3,C,2026-07-10T12:57:00,v2026.07.1
H089,middle7475.txt_q3,A,2026-07-15T07:34:16,v2026.07.1
H116,middle7475.txt_q3,C,2026-07-14T15:41:32,v2026.07.1
H031,middle7475.txt_q3,B,2026-07-10T13:11:33,v2026.07.1
H106,middle7475.txt_q3,A,2026-07-10T13:31:58,v2026.07.1
H136,middle7475.txt_q3,C,2026-07-12T19:12:32,v2026.07.1
H040,middle7475.txt_q3,A,2026-07-13T07:10:19,v2026.07.1
H175,middle7475.txt_q3,D,2026-07-12T03:20:59,v2026.07.1
H064,middle7475.txt_q3,A,2026-07-26T02:44:37,v2026.07.1
H122,middle7475.txt_q3,D,2026-07-18T12:04:19,v2026.07.1
H119,middle7475.txt_q3,A,2026-07-21T06:54:32,v2026.07.1
H109,middle7475.txt_q3,A,2026-07-10T14:14:12,v2026.07.1
H022,middle7475.txt_q3,A,2026-07-23T08:52:04,v2026.07.1
H092,middle7475.txt_q3,A,2026-07-24T13:23:11,v2026.07.1
H086,middle7475.txt_q3,C,2026-07-13T07:35:36,v2026.07.1
H075,middle7475.txt_q3,D,2026-07-15T14:51:40,v2026.07.1
H176,middle7475.txt_q3,A,2026-07-26T20:52:41,v2026.07.1
H177,middle175.txt_q0,C,2026-07-19T11:51:49,v2026.07.1
H061,middle175.txt_q0,A,2026-07-14T02:44:31,v2026.07.1
H110,middle175.txt_q0,A,2026-07-19T14:50:45,v2026.07.1
H119,middle175.txt_q0,A,2026-07-16T04:23:44,v2026.07.1
H145,middle175.txt_q0,B,2026-07-21T15:40:14,v2026.07.1
H035,middle175.txt_q0,A,2026-07-25T21:40:55,v2026.07.1
H172,middle175.txt_q0,B,2026-07-24T14:21:53,v2026.07.1
H181,middle175.txt_q0,B,2026-07-26T03:19:28,v2026.07.1
H026,middle175.txt_q0,C,2026-07-22T03:38:23,v2026.07.1
H124,middle175.txt_q0,A,2026-07-22T18:28:53,v2026.07.1
H128,middle175.txt_q0,A,2026-07-12T05:07:33,v2026.07.1
H104,middle175.txt_q0,A,2026-07-25T20:02:12,v2026.07.1
H052,middle175.txt_q0,B,2026-07-26T20:43:54,v2026.07.1
H068,middle175.txt_q0,C,2026-07-10T11:28:15,v2026.07.1
H103,middle175.txt_q0,C,2026-07-18T22:24:33,v2026.07.1
H038,middle175.txt_q0,B,2026-07-15T03:28:57,v2026.07.1
H004,middle175.txt_q0,B,2026-07-16T23:10:51,v2026.07.1
H178,middle175.txt_q0,D,2026-07-20T19:18:11,v2026.07.1
H190,middle175.txt_q0,A,2026-07-21T08:18:53,v2026.07.1
H018,middle175.txt_q0,A,2026-07-21T09:19:48,v2026.07.1
H141,middle175.txt_q0,A,2026-07-25T09:55:27,v2026.07.1
H025,middle175.txt_q0,A,2026-07-14T03:09:36,v2026.07.1
H011,middle175.txt_q0,D,2026-07-16T09:04:32,v2026.07.1
H100,middle175.txt_q0,A,2026-07-16T01:13:04,v2026.07.1
H086,middle175.txt_q0,C,2026-07-14T17:29:15,v2026.07.1
H065,middle175.txt_q0,A,2026-07-26T21:51:20,v2026.07.1
H017,middle175.txt_q0,D,2026-07-17T21:39:28,v2026.07.1
H137,middle175.txt_q0,A,2026-07-27T11:13:02,v2026.07.1
H153,middle175.txt_q0,B,2026-07-24T22:06:49,v2026.07.1
H031,middle175.txt_q0,A,2026-07-13T14:48:14,v2026.07.1
H191,middle8049.txt_q1,A,2026-07-12T03:21:18,v2026.07.1
H152,middle8049.txt_q1,A,2026-07-18T11:42:20,v2026.07.1
H051,middle8049.txt_q1,A,2026-07-27T11:41:58,v2026.07.1
H028,middle8049.txt_q1,B,2026-07-26T04:17:01,v2026.07.1
H019,middle8049.txt_q1,A,2026-07-27T12:33:10,v2026.07.1
H101,middle8049.txt_q1,C,2026-07-15T10:37:33,v2026.07.1
H072,middle8049.txt_q1,C,2026-07-12T02:00:27,v2026.07.1
H064,middle8049.txt_q1,C,2026-07-21T22:18:34,v2026.07.1
H119,middle8049.txt_q1,C,2026-07-27T13:24:06,v2026.07.1
H111,middle8049.txt_q1,C,2026-07-25T19:57:41,v2026.07.1
H042,middle8049.txt_q1,B,2026-07-22T23:23:28,v2026.07.1
H039,middle8049.txt_q1,C,2026-07-18T03:02:33,v2026.07.1
H002,middle8049.txt_q1,D,2026-07-14T11:57:54,v2026.07.1
H090,middle8049.txt_q1,A,2026-07-20T13:16:34,v2026.07.1
H200,middle8049.txt_q1,A,2026-07-27T15:19:19,v2026.07.1
H125,middle8049.txt_q1,A,2026-07-14T05:00:04,v2026.07.1
H121,middle8049.txt_q1,C,2026-07-12T00:47:04,v2026.07.1
H084,middle8049.txt_q1,C,2026-07-23T07:00:09,v2026.07.1
H153,middle8049.txt_q1,B,2026-07-19T12:52:33,v2026.07.1
H168,middle8049.txt_q1,D,2026-07-11T00:06:38,v2026.07.1
H133,middle8049.txt_q1,B,2026-07-13T15:50:46,v2026.07.1
H166,middle8049.txt_q1,A,2026-07-15T20:17:37,v2026.07.1
H052,middle8049.txt_q1,C,2026-07-10T21:58:07,v2026.07.1
H195,middle8049.txt_q1,B,2026-07-19T07:47:14,v2026.07.1
H175,middle8049.txt_q1,B,2026-07-26T00:27:13,v2026.07.1
H055,middle8049.txt_q1,A,2026-07-19T02:42:04,v2026.07.1
H040,middle8049.txt_q1,D,2026-07-23T17:46:41,v2026.07.1
H030,middle8049.txt_q1,C,2026-07-19T13:18:45,v2026.07.1
H176,middle8049.txt_q1,C,2026-07-27T01:07:55,v2026.07.1
H138,middle8049.txt_q1,C,2026-07-12T23:50:13,v2026.07.1
H146,middle7209.txt_q2,B,2026-07-17T05:38:21,v2026.07.1
H142,middle7209.txt_q2,D,2026-07-17T03:34:52,v2026.07.1
H192,middle7209.txt_q2,C,2026-07-22T13:10:20,v2026.07.1
H056,middle7209.txt_q2,D,2026-07-24T10:00:36,v2026.07.1
H179,middle7209.txt_q2,A,2026-07-24T14:58:19,v2026.07.1
H093,middle7209.txt_q2,A,2026-07-23T17:56:26,v2026.07.1
H173,middle7209.txt_q2,D,2026-07-18T09:40:48,v2026.07.1
H088,middle7209.txt_q2,D,2026-07-11T04:07:36,v2026.07.1
H134,middle7209.txt_q2,A,2026-07-21T10:28:15,v2026.07.1
H097,middle7209.txt_q2,D,2026-07-10T21:36:52,v2026.07.1
H171,middle7209.txt_q2,A,2026-07-18T20:54:07,v2026.07.1
H015,middle7209.txt_q2,A,2026-07-21T00:47:36,v2026.07.1
H159,middle7209.txt_q2,C,2026-07-14T13:48:14,v2026.07.1
H187,middle7209.txt_q2,D,2026-07-22T10:05:49,v2026.07.1
H019,middle7209.txt_q2,D,2026-07-25T16:04:53,v2026.07.1
H062,middle7209.txt_q2,D,2026-07-27T07:20:34,v2026.07.1
H189,middle7209.txt_q2,C,2026-07-13T06:14:53,v2026.07.1
H175,middle7209.txt_q2,D,2026-07-23T13:45:31,v2026.07.1
H039,middle7209.txt_q2,C,2026-07-22T21:14:51,v2026.07.1
H013,middle7209.txt_q2,C,2026-07-14T05:35:03,v2026.07.1
H111,middle7209.txt_q2,C,2026-07-18T03:49:24,v2026.07.1
H138,middle7209.txt_q2,D,2026-07-16T16:46:13,v2026.07.1
H066,middle7209.txt_q2,D,2026-07-10T15:29:53,v2026.07.1
H152,middle7209.txt_q2,D,2026-07-27T01:01:23,v2026.07.1
H032,middle7209.txt_q2,B,2026-07-10T12:22:06,v2026.07.1
H089,middle7209.txt_q2,D,2026-07-25T04:19:27,v2026.07.1
H010,middle7209.txt_q2,B,2026-07-25T20:57:41,v2026.07.1
H063,middle7209.txt_q2,D,2026-07-20T23:04:54,v2026.07.1
H166,middle7209.txt_q2,B,2026-07-23T07:42:27,v2026.07.1
H194,middle7209.txt_q2,A,2026-07-21T10:54:06,v2026.07.1
H144,middle4132.txt_q3,D,2026-07-15T02:38:05,v2026.07.1
H181,middle4132.txt_q3,B,2026-07-26T18:34:08,v2026.07.1
H185,middle4132.txt_q3,A,2026-07-27T13:52:08,v2026.07.1
H170,middle4132.txt_q3,C,2026-07-24T20:11:13,v2026.07.1
H112,middle4132.txt_q3,A,2026-07-11T16:05:04,v2026.07.1
H071,middle4132.txt_q3,C,2026-07-14T01:23:49,v2026.07.1
H116,middle4132.txt_q3,B,2026-07-22T01:57:33,v2026.07.1
H011,middle4132.txt_q3,A,2026-07-21T14:43:43,v2026.07.1
H089,middle4132.txt_q3,C,2026-07-22T02:41:34,v2026.07.1
H088,middle4132.txt_q3,B,2026-07-20T19:48:15,v2026.07.1
H195,middle4132.txt_q3,B,2026-07-12T05:52:54,v2026.07.1
H063,middle4132.txt_q3,A,2026-07-22T13:39:31,v2026.07.1
H062,middle4132.txt_q3,B,2026-07-21T02:48:54,v2026.07.1
H183,middle4132.txt_q3,A,2026-07-24T16:11:00,v2026.07.1
H055,middle4132.txt_q3,D,2026-07-20T17:27:27,v2026.07.1
H198,middle4132.txt_q3,D,2026-07-26T23:35:22,v2026.07.1
H060,middle4132.txt_q3,D,2026-07-25T23:21:54,v2026.07.1
H153,middle4132.txt_q3,A,2026-07-24T19:07:11,v2026.07.1
H102,middle4132.txt_q3,A,2026-07-15T13:50:51,v2026.07.1
H048,middle4132.txt_q3,A,2026-07-11T20:58:01,v2026.07.1
H054,middle4132.txt_q3,A,2026-07-13T10:46:16,v2026.07.1
H182,middle4132.txt_q3,A,2026-07-12T16:40:05,v2026.07.1
H114,middle4132.txt_q3,B,2026-07-17T20:34:13,v2026.07.1
H009,middle4132.txt_q3,B,2026-07-25T12:24:07,v2026.07.1
H084,middle4132.txt_q3,D,2026-07-23T14:21:15,v2026.07.1
H075,middle4132.txt_q3,B,2026-07-11T16:36:25,v2026.07.1
H118,middle4132.txt_q3,A,2026-07-22T22:57:15,v2026.07.1
H138,middle4132.txt_q3,A,2026-07-10T15:45:41,v2026.07.1
H169,middle4132.txt_q3,D,2026-07-18T23:44:47,v2026.07.1
H070,middle4132.txt_q3,A,2026-07-12T11:48:25,v2026.07.1
H196,middle6374.txt_q3,C,2026-07-17T17:59:16,v2026.07.1
H098,middle6374.txt_q3,C,2026-07-19T05:44:42,v2026.07.1
H164,middle6374.txt_q3,B,2026-07-27T12:24:00,v2026.07.1
H015,middle6374.txt_q3,C,2026-07-18T23:45:55,v2026.07.1
H139,middle6374.txt_q3,A,2026-07-25T11:32:53,v2026.07.1
H002,middle6374.txt_q3,A,2026-07-26T01:00:14,v2026.07.1
H188,middle6374.txt_q3,A,2026-07-27T02:36:25,v2026.07.1
H140,middle6374.txt_q3,C,2026-07-26T12:07:33,v2026.07.1
H132,middle6374.txt_q3,A,2026-07-19T02:56:52,v2026.07.1
H191,middle6374.txt_q3,A,2026-07-21T17:15:03,v2026.07.1
H166,middle6374.txt_q3,A,2026-07-11T19:14:32,v2026.07.1
H112,middle6374.txt_q3,B,2026-07-20T07:24:14,v2026.07.1
H134,middle6374.txt_q3,A,2026-07-21T00:37:03,v2026.07.1
H174,middle6374.txt_q3,D,2026-07-23T22:35:27,v2026.07.1
H125,middle6374.txt_q3,B,2026-07-25T09:22:11,v2026.07.1
H124,middle6374.txt_q3,A,2026-07-11T11:40:49,v2026.07.1
H194,middle6374.txt_q3,C,2026-07-11T23:28:10,v2026.07.1
H028,middle6374.txt_q3,A,2026-07-12T02:17:17,v2026.07.1
H101,middle6374.txt_q3,B,2026-07-25T21:09:39,v2026.07.1
H105,middle6374.txt_q3,B,2026-07-13T02:50:53,v2026.07.1
H135,middle6374.txt_q3,B,2026-07-23T22:53:13,v2026.07.1
H063,middle6374.txt_q3,D,2026-07-19T11:50:36,v2026.07.1
H013,middle6374.txt_q3,C,2026-07-17T17:28:10,v2026.07.1
H136,middle6374.txt_q3,D,2026-07-19T05:10:08,v2026.07.1
H189,middle6374.txt_q3,B,2026-07-26T04:17:25,v2026.07.1
H169,middle6374.txt_q3,C,2026-07-14T16:04:47,v2026.07.1
H148,middle6374.txt_q3,A,2026-07-24T02:28:47,v2026.07.1
H129,middle6374.txt_q3,A,2026-07-13T16:36:31,v2026.07.1
H033,middle6374.txt_q3,D,2026-07-27T10:07:31,v2026.07.1
H144,middle6374.txt_q3,B,2026-07-14T09:14:05,v2026.07.1
H156,middle7672.txt_q0,D,2026-07-14T15:32:08,v2026.07.1
H069,middle7672.txt_q0,C,2026-07-16T09:52:07,v2026.07.1
H044,middle7672.txt_q0,C,2026-07-11T15:27:31,v2026.07.1
H105,middle7672.txt_q0,D,2026-07-24T11:34:41,v2026.07.1
H179,middle7672.txt_q0,D,2026-07-23T17:25:36,v2026.07.1
H073,middle7672.txt_q0,B,2026-07-24T21:16:47,v2026.07.1
H025,middle7672.txt_q0,B,2026-07-24T18:31:31,v2026.07.1
H019,middle7672.txt_q0,C,2026-07-20T12:55:42,v2026.07.1
H138,middle7672.txt_q0,B,2026-07-27T12:17:58,v2026.07.1
H087,middle7672.txt_q0,D,2026-07-17T03:33:46,v2026.07.1
H114,middle7672.txt_q0,D,2026-07-24T05:34:12,v2026.07.1
H006,middle7672.txt_q0,D,2026-07-16T00:33:19,v2026.07.1
H128,middle7672.txt_q0,D,2026-07-12T04:18:28,v2026.07.1
H095,middle7672.txt_q0,D,2026-07-21T22:30:08,v2026.07.1
H150,middle7672.txt_q0,D,2026-07-12T06:30:04,v2026.07.1
H076,middle7672.txt_q0,A,2026-07-17T03:34:55,v2026.07.1
H071,middle7672.txt_q0,D,2026-07-14T19:41:39,v2026.07.1
H078,middle7672.txt_q0,B,2026-07-13T20:43:04,v2026.07.1
H102,middle7672.txt_q0,A,2026-07-12T06:07:40,v2026.07.1
H117,middle7672.txt_q0,A,2026-07-21T01:18:31,v2026.07.1
H151,middle7672.txt_q0,D,2026-07-21T15:22:26,v2026.07.1
H009,middle7672.txt_q0,D,2026-07-14T02:53:29,v2026.07.1
H112,middle7672.txt_q0,C,2026-07-17T23:44:38,v2026.07.1
H159,middle7672.txt_q0,C,2026-07-26T07:41:58,v2026.07.1
H199,middle7672.txt_q0,D,2026-07-22T14:52:11,v2026.07.1
H012,middle7672.txt_q0,B,2026-07-24T16:20:30,v2026.07.1
H192,middle7672.txt_q0,B,2026-07-27T10:41:41,v2026.07.1
H032,middle7672.txt_q0,B,2026-07-18T04:29:14,v2026.07.1
H007,middle7672.txt_q0,D,2026-07-25T17:59:20,v2026.07.1
H200,middle7672.txt_q0,C,2026-07-22T04:01:17,v2026.07.1
H175,middle7923.txt_q0,A,2026-07-21T21:11:11,v2026.07.1
H136,middle7923.txt_q0,D,2026-07-21T16:16:30,v2026.07.1
H090,middle7923.txt_q0,B,2026-07-25T15:57:17,v2026.07.1
H171,middle7923.txt_q0,B,2026-07-12T21:55:07,v2026.07.1
H164,middle7923.txt_q0,D,2026-07-23T06:21:24,v2026.07.1
H048,middle7923.txt_q0,D,2026-07-10T10:02:56,v2026.07.1
H007,middle7923.txt_q0,B,2026-07-22T12:45:24,v2026.07.1
H162,middle7923.txt_q0,D,2026-07-21T10:44:46,v2026.07.1
H070,middle7923.txt_q0,D,2026-07-24T18:27:26,v2026.07.1
H057,middle7923.txt_q0,C,2026-07-21T11:31:23,v2026.07.1
H133,middle7923.txt_q0,A,2026-07-17T23:03:12,v2026.07.1
H075,middle7923.txt_q0,B,2026-07-11T08:01:47,v2026.07.1
H058,middle7923.txt_q0,A,2026-07-15T20:54:35,v2026.07.1
H151,middle7923.txt_q0,A,2026-07-15T07:05:38,v2026.07.1
H079,middle7923.txt_q0,A,2026-07-17T17:21:01,v2026.07.1
H191,middle7923.txt_q0,D,2026-07-16T04:30:01,v2026.07.1
H139,middle7923.txt_q0,B,2026-07-19T05:18:59,v2026.07.1
H157,middle7923.txt_q0,D,2026-07-19T06:05:18,v2026.07.1
H154,middle7923.txt_q0,B,2026-07-19T10:47:20,v2026.07.1
H129,middle7923.txt_q0,D,2026-07-12T09:05:31,v2026.07.1
H062,middle7923.txt_q0,C,2026-07-25T02:10:13,v2026.07.1
H004,middle7923.txt_q0,D,2026-07-10T17:29:15,v2026.07.1
H135,middle7923.txt_q0,B,2026-07-20T21:32:22,v2026.07.1
H044,middle7923.txt_q0,C,2026-07-11T11:39:22,v2026.07.1
H170,middle7923.txt_q0,C,2026-07-17T08:37:57,v2026.07.1
H061,middle7923.txt_q0,B,2026-07-12T17:45:29,v2026.07.1
H092,middle7923.txt_q0,D,2026-07-14T07:15:12,v2026.07.1
H131,middle7923.txt_q0,B,2026-07-26T11:36:50,v2026.07.1
H118,middle7923.txt_q0,A,2026-07-24T11:40:03,v2026.07.1
H098,middle7923.txt_q0,C,2026-07-18T19:40:38,v2026.07.1
H133,middle1584.txt_q3,B,2026-07-24T21:28:59,v2026.07.1
H163,middle1584.txt_q3,B,2026-07-27T00:49:31,v2026.07.1
H114,middle1584.txt_q3,B,2026-07-11T15:54:15,v2026.07.1
H152,middle1584.txt_q3,D,2026-07-20T00:29:53,v2026.07.1
H034,middle1584.txt_q3,B,2026-07-20T00:35:52,v2026.07.1
H150,middle1584.txt_q3,C,2026-07-25T19:05:41,v2026.07.1
H076,middle1584.txt_q3,B,2026-07-27T14:14:25,v2026.07.1
H049,middle1584.txt_q3,B,2026-07-17T19:42:44,v2026.07.1
H032,middle1584.txt_q3,C,2026-07-20T19:47:40,v2026.07.1
H134,middle1584.txt_q3,B,2026-07-16T03:18:08,v2026.07.1
H138,middle1584.txt_q3,B,2026-07-15T23:33:36,v2026.07.1
H196,middle1584.txt_q3,B,2026-07-16T02:20:04,v2026.07.1
H056,middle1584.txt_q3,B,2026-07-11T06:00:51,v2026.07.1
H008,middle1584.txt_q3,B,2026-07-21T00:52:00,v2026.07.1
H137,middle1584.txt_q3,A,2026-07-18T02:29:57,v2026.07.1
H175,middle1584.txt_q3,B,2026-07-23T09:41:34,v2026.07.1
H057,middle1584.txt_q3,B,2026-07-11T06:51:37,v2026.07.1
H195,middle1584.txt_q3,A,2026-07-18T14:21:21,v2026.07.1
H177,middle1584.txt_q3,B,2026-07-16T08:43:02,v2026.07.1
H149,middle1584.txt_q3,A,2026-07-27T11:32:02,v2026.07.1
H072,middle1584.txt_q3,C,2026-07-15T12:09:52,v2026.07.1
H010,middle1584.txt_q3,A,2026-07-18T04:51:20,v2026.07.1
H051,middle1584.txt_q3,C,2026-07-20T10:12:16,v2026.07.1
H136,middle1584.txt_q3,B,2026-07-24T21:12:01,v2026.07.1
H009,middle1584.txt_q3,C,2026-07-15T18:15:37,v2026.07.1
H033,middle1584.txt_q3,C,2026-07-10T11:02:06,v2026.07.1
H011,middle1584.txt_q3,B,2026-07-21T15:14:45,v2026.07.1
H098,middle1584.txt_q3,D,2026-07-19T04:38:01,v2026.07.1
H115,middle1584.txt_q3,A,2026-07-14T13:03:34,v2026.07.1
H151,middle1584.txt_q3,B,2026-07-13T09:31:43,v2026.07.1
H009,middle1422.txt_q0,C,2026-07-10T22:30:49,v2026.07.1
H187,middle1422.txt_q0,A,2026-07-27T05:55:05,v2026.07.1
H069,middle1422.txt_q0,A,2026-07-15T05:31:31,v2026.07.1
H093,middle1422.txt_q0,C,2026-07-16T18:53:21,v2026.07.1
H106,middle1422.txt_q0,C,2026-07-15T21:50:11,v2026.07.1
H018,middle1422.txt_q0,C,2026-07-15T07:22:42,v2026.07.1
H105,middle1422.txt_q0,C,2026-07-13T15:08:58,v2026.07.1
H113,middle1422.txt_q0,C,2026-07-13T03:38:30,v2026.07.1
H051,middle1422.txt_q0,B,2026-07-23T07:07:54,v2026.07.1
H028,middle1422.txt_q0,A,2026-07-14T10:16:38,v2026.07.1
H143,middle1422.txt_q0,C,2026-07-12T03:23:18,v2026.07.1
H067,middle1422.txt_q0,C,2026-07-21T10:02:03,v2026.07.1
H010,middle1422.txt_q0,B,2026-07-14T04:49:23,v2026.07.1
H072,middle1422.txt_q0,C,2026-07-14T00:46:19,v2026.07.1
H098,middle1422.txt_q0,B,2026-07-10T09:14:43,v2026.07.1
H024,middle1422.txt_q0,B,2026-07-20T20:24:47,v2026.07.1
H097,middle1422.txt_q0,C,2026-07-14T23:26:49,v2026.07.1
H036,middle1422.txt_q0,C,2026-07-25T04:09:35,v2026.07.1
H014,middle1422.txt_q0,A,2026-07-23T12:11:30,v2026.07.1
H063,middle1422.txt_q0,B,2026-07-16T09:57:53,v2026.07.1
H162,middle1422.txt_q0,D,2026-07-22T19:47:52,v2026.07.1
H021,middle1422.txt_q0,A,2026-07-13T08:26:29,v2026.07.1
H068,middle1422.txt_q0,A,2026-07-10T13:19:50,v2026.07.1
H117,middle1422.txt_q0,B,2026-07-17T07:55:34,v2026.07.1
H017,middle1422.txt_q0,B,2026-07-14T08:37:00,v2026.07.1
H096,middle1422.txt_q0,C,2026-07-11T10:32:16,v2026.07.1
H066,middle1422.txt_q0,B,2026-07-15T06:06:12,v2026.07.1
H136,middle1422.txt_q0,A,2026-07-11T06:05:50,v2026.07.1
H130,middle1422.txt_q0,C,2026-07-16T07:56:10,v2026.07.1
H188,middle1422.txt_q0,A,2026-07-16T07:07:21,v2026.07.1
H053,middle3841.txt_q0,C,2026-07-26T21:50:19,v2026.07.1
H049,middle3841.txt_q0,B,2026-07-11T19:44:04,v2026.07.1
H026,middle3841.txt_q0,D,2026-07-17T15:07:40,v2026.07.1
H087,middle3841.txt_q0,C,2026-07-18T04:12:42,v2026.07.1
H098,middle3841.txt_q0,C,2026-07-24T23:35:03,v2026.07.1
H114,middle3841.txt_q0,C,2026-07-26T22:37:59,v2026.07.1
H036,middle3841.txt_q0,C,2026-07-23T07:26:32,v2026.07.1
H064,middle3841.txt_q0,B,2026-07-19T08:51:32,v2026.07.1
H085,middle3841.txt_q0,C,2026-07-13T03:35:49,v2026.07.1
H164,middle3841.txt_q0,C,2026-07-20T10:10:28,v2026.07.1
H065,middle3841.txt_q0,A,2026-07-17T20:05:39,v2026.07.1
H018,middle3841.txt_q0,C,2026-07-15T13:21:06,v2026.07.1
H001,middle3841.txt_q0,D,2026-07-17T17:49:25,v2026.07.1
H155,middle3841.txt_q0,C,2026-07-18T03:26:40,v2026.07.1
H023,middle3841.txt_q0,C,2026-07-11T07:42:21,v2026.07.1
H165,middle3841.txt_q0,A,2026-07-16T08:59:09,v2026.07.1
H068,middle3841.txt_q0,A,2026-07-18T13:35:22,v2026.07.1
H161,middle3841.txt_q0,A,2026-07-22T12:24:21,v2026.07.1
H149,middle3841.txt_q0,C,2026-07-17T16:02:29,v2026.07.1
H088,middle3841.txt_q0,C,2026-07-20T08:34:37,v2026.07.1
H041,middle3841.txt_q0,C,2026-07-10T15:06:40,v2026.07.1
H121,middle3841.txt_q0,C,2026-07-11T13:42:11,v2026.07.1
H011,middle3841.txt_q0,B,2026-07-19T07:57:41,v2026.07.1
H187,middle3841.txt_q0,D,2026-07-24T19:01:45,v2026.07.1
H052,middle3841.txt_q0,A,2026-07-26T08:28:44,v2026.07.1
H159,middle3841.txt_q0,D,2026-07-27T01:00:51,v2026.07.1
H056,middle3841.txt_q0,C,2026-07-16T15:05:51,v2026.07.1
H160,middle3841.txt_q0,B,2026-07-25T01:22:27,v2026.07.1
H183,middle3841.txt_q0,A,2026-07-13T09:12:18,v2026.07.1
H033,middle3841.txt_q0,C,2026-07-25T01:19:37,v2026.07.1
H079,middle4966.txt_q0,D,2026-07-16T15:28:11,v2026.07.1
H049,middle4966.txt_q0,C,2026-07-16T00:33:47,v2026.07.1
H052,middle4966.txt_q0,A,2026-07-24T21:07:23,v2026.07.1
H166,middle4966.txt_q0,C,2026-07-10T09:32:45,v2026.07.1
H122,middle4966.txt_q0,D,2026-07-13T18:43:28,v2026.07.1
H183,middle4966.txt_q0,C,2026-07-11T22:19:26,v2026.07.1
H092,middle4966.txt_q0,D,2026-07-10T23:17:39,v2026.07.1
H008,middle4966.txt_q0,A,2026-07-18T09:49:41,v2026.07.1
H102,middle4966.txt_q0,C,2026-07-18T08:21:44,v2026.07.1
H132,middle4966.txt_q0,D,2026-07-20T20:01:03,v2026.07.1
H050,middle4966.txt_q0,C,2026-07-17T03:11:51,v2026.07.1
H186,middle4966.txt_q0,B,2026-07-23T22:56:41,v2026.07.1
H072,middle4966.txt_q0,A,2026-07-23T11:23:42,v2026.07.1
H156,middle4966.txt_q0,C,2026-07-19T18:35:42,v2026.07.1
H176,middle4966.txt_q0,C,2026-07-16T11:29:41,v2026.07.1
H169,middle4966.txt_q0,B,2026-07-11T01:15:48,v2026.07.1
H039,middle4966.txt_q0,A,2026-07-15T10:21:06,v2026.07.1
H006,middle4966.txt_q0,A,2026-07-18T23:38:59,v2026.07.1
H185,middle4966.txt_q0,C,2026-07-25T04:26:25,v2026.07.1
H133,middle4966.txt_q0,B,2026-07-13T14:30:15,v2026.07.1
H196,middle4966.txt_q0,A,2026-07-17T21:39:39,v2026.07.1
H187,middle4966.txt_q0,D,2026-07-20T03:30:51,v2026.07.1
H051,middle4966.txt_q0,C,2026-07-13T20:15:16,v2026.07.1
H086,middle4966.txt_q0,A,2026-07-23T00:00:20,v2026.07.1
H149,middle4966.txt_q0,C,2026-07-16T12:53:38,v2026.07.1
H081,middle4966.txt_q0,C,2026-07-27T12:04:22,v2026.07.1
H107,middle4966.txt_q0,A,2026-07-21T04:01:48,v2026.07.1
H074,middle4966.txt_q0,C,2026-07-11T06:08:43,v2026.07.1
H130,middle4966.txt_q0,A,2026-07-26T12:57:34,v2026.07.1
H015,middle4966.txt_q0,C,2026-07-27T09:07:59,v2026.07.1
H172,middle2624.txt_q3,C,2026-07-16T12:51:51,v2026.07.1
H156,middle2624.txt_q3,B,2026-07-13T10:34:53,v2026.07.1
H142,middle2624.txt_q3,B,2026-07-26T07:15:35,v2026.07.1
H146,middle2624.txt_q3,B,2026-07-13T07:15:58,v2026.07.1
H058,middle2624.txt_q3,B,2026-07-11T22:08:51,v2026.07.1
H066,middle2624.txt_q3,B,2026-07-25T16:56:04,v2026.07.1
H137,middle2624.txt_q3,D,2026-07-21T08:48:07,v2026.07.1
H056,middle2624.txt_q3,C,2026-07-21T22:29:34,v2026.07.1
H095,middle2624.txt_q3,A,2026-07-16T07:59:10,v2026.07.1
H132,middle2624.txt_q3,A,2026-07-21T15:22:44,v2026.07.1
H187,middle2624.txt_q3,A,2026-07-21T21:54:47,v2026.07.1
H008,middle2624.txt_q3,B,2026-07-16T13:05:30,v2026.07.1
H152,middle2624.txt_q3,D,2026-07-19T05:52:32,v2026.07.1
H143,middle2624.txt_q3,B,2026-07-27T14:34:09,v2026.07.1
H087,middle2624.txt_q3,A,2026-07-16T04:35:27,v2026.07.1
H114,middle2624.txt_q3,B,2026-07-27T03:22:30,v2026.07.1
H020,middle2624.txt_q3,B,2026-07-26T16:35:46,v2026.07.1
H169,middle2624.txt_q3,A,2026-07-16T21:18:52,v2026.07.1
H115,middle2624.txt_q3,D,2026-07-19T17:26:27,v2026.07.1
H043,middle2624.txt_q3,C,2026-07-24T19:41:37,v2026.07.1
H063,middle2624.txt_q3,B,2026-07-23T06:12:44,v2026.07.1
H130,middle2624.txt_q3,D,2026-07-24T23:43:39,v2026.07.1
H195,middle2624.txt_q3,B,2026-07-13T22:22:32,v2026.07.1
H124,middle2624.txt_q3,B,2026-07-10T18:06:59,v2026.07.1
H078,middle2624.txt_q3,D,2026-07-24T10:31:27,v2026.07.1
H148,middle2624.txt_q3,B,2026-07-17T17:22:10,v2026.07.1
H021,middle2624.txt_q3,A,2026-07-18T15:42:10,v2026.07.1
H061,middle2624.txt_q3,B,2026-07-11T08:22:52,v2026.07.1
H002,middle2624.txt_q3,C,2026-07-13T21:25:01,v2026.07.1
H046,middle2624.txt_q3,C,2026-07-17T06:30:35,v2026.07.1
H075,middle1163.txt_q0,A,2026-07-11T12:28:46,v2026.07.1
H035,middle1163.txt_q0,A,2026-07-27T16:13:37,v2026.07.1
H180,middle1163.txt_q0,A,2026-07-26T11:51:42,v2026.07.1
H056,middle1163.txt_q0,B,2026-07-27T07:01:59,v2026.07.1
H071,middle1163.txt_q0,D,2026-07-19T13:53:44,v2026.07.1
H105,middle1163.txt_q0,B,2026-07-22T23:41:09,v2026.07.1
H055,middle1163.txt_q0,C,2026-07-11T21:19:20,v2026.07.1
H125,middle1163.txt_q0,C,2026-07-26T17:31:28,v2026.07.1
H165,middle1163.txt_q0,C,2026-07-18T21:04:26,v2026.07.1
H032,middle1163.txt_q0,C,2026-07-14T19:12:41,v2026.07.1
H138,middle1163.txt_q0,B,2026-07-12T11:34:17,v2026.07.1
H197,middle1163.txt_q0,A,2026-07-16T07:11:48,v2026.07.1
H097,middle1163.txt_q0,A,2026-07-13T01:41:20,v2026.07.1
H172,middle1163.txt_q0,B,2026-07-25T10:04:14,v2026.07.1
H144,middle1163.txt_q0,D,2026-07-23T00:32:07,v2026.07.1
H086,middle1163.txt_q0,B,2026-07-12T11:31:29,v2026.07.1
H193,middle1163.txt_q0,A,2026-07-13T06:44:35,v2026.07.1
H068,middle1163.txt_q0,B,2026-07-20T22:29:16,v2026.07.1
H178,middle1163.txt_q0,D,2026-07-26T08:51:14,v2026.07.1
H175,middle1163.txt_q0,D,2026-07-23T17:20:01,v2026.07.1
H163,middle1163.txt_q0,D,2026-07-18T23:11:31,v2026.07.1
H150,middle1163.txt_q0,D,2026-07-22T01:27:12,v2026.07.1
H092,middle1163.txt_q0,A,2026-07-26T19:19:25,v2026.07.1
H049,middle1163.txt_q0,A,2026-07-18T07:03:16,v2026.07.1
H054,middle1163.txt_q0,A,2026-07-20T09:16:43,v2026.07.1
H141,middle1163.txt_q0,A,2026-07-19T05:30:08,v2026.07.1
H067,middle1163.txt_q0,A,2026-07-22T19:00:30,v2026.07.1
H195,middle1163.txt_q0,A,2026-07-20T16:06:22,v2026.07.1
H129,middle1163.txt_q0,D,2026-07-24T03:52:31,v2026.07.1
H192,middle1163.txt_q0,D,2026-07-23T06:02:32,v2026.07.1
H078,middle992.txt_q1,A,2026-07-14T18:04:14,v2026.07.1
H162,middle992.txt_q1,B,2026-07-23T17:31:40,v2026.07.1
H029,middle992.txt_q1,B,2026-07-14T17:13:20,v2026.07.1
H159,middle992.txt_q1,D,2026-07-15T16:56:51,v2026.07.1
H063,middle992.txt_q1,B,2026-07-18T02:19:02,v2026.07.1
H180,middle992.txt_q1,D,2026-07-18T16:22:49,v2026.07.1
H088,middle992.txt_q1,C,2026-07-13T22:24:03,v2026.07.1
H064,middle992.txt_q1,B,2026-07-11T23:24:20,v2026.07.1
H166,middle992.txt_q1,D,2026-07-25T02:06:14,v2026.07.1
H109,middle992.txt_q1,D,2026-07-23T18:13:07,v2026.07.1
H191,middle992.txt_q1,B,2026-07-11T02:07:47,v2026.07.1
H157,middle992.txt_q1,B,2026-07-13T16:30:05,v2026.07.1
H118,middle992.txt_q1,B,2026-07-18T17:33:02,v2026.07.1
H057,middle992.txt_q1,C,2026-07-15T19:12:59,v2026.07.1
H153,middle992.txt_q1,D,2026-07-27T14:14:59,v2026.07.1
H060,middle992.txt_q1,C,2026-07-20T09:05:09,v2026.07.1
H020,middle992.txt_q1,B,2026-07-16T20:37:11,v2026.07.1
H121,middle992.txt_q1,C,2026-07-23T04:51:42,v2026.07.1
H165,middle992.txt_q1,A,2026-07-26T20:16:11,v2026.07.1
H128,middle992.txt_q1,A,2026-07-20T05:04:10,v2026.07.1
H093,middle992.txt_q1,B,2026-07-11T20:07:25,v2026.07.1
H194,middle992.txt_q1,C,2026-07-18T10:55:51,v2026.07.1
H114,middle992.txt_q1,B,2026-07-14T17:22:03,v2026.07.1
H144,middle992.txt_q1,B,2026-07-15T07:36:37,v2026.07.1
H096,middle992.txt_q1,C,2026-07-18T17:03:00,v2026.07.1
H197,middle992.txt_q1,A,2026-07-19T20:10:26,v2026.07.1
H002,middle992.txt_q1,C,2026-07-11T04:08:32,v2026.07.1
H132,middle992.txt_q1,D,2026-07-24T22:05:44,v2026.07.1
H010,middle992.txt_q1,B,2026-07-24T09:59:26,v2026.07.1
H098,middle992.txt_q1,B,2026-07-26T06:08:46,v2026.07.1
H086,middle2333.txt_q2,A,2026-07-13T21:36:00,v2026.07.1
H158,middle2333.txt_q2,A,2026-07-13T14:49:30,v2026.07.1
H115,middle2333.txt_q2,B,2026-07-13T13:37:06,v2026.07.1
H040,middle2333.txt_q2,B,2026-07-24T14:43:34,v2026.07.1
H123,middle2333.txt_q2,D,2026-07-12T02:12:03,v2026.07.1
H167,middle2333.txt_q2,B,2026-07-23T20:34:23,v2026.07.1
H108,middle2333.txt_q2,C,2026-07-11T02:46:37,v2026.07.1
H176,middle2333.txt_q2,B,2026-07-17T19:18:30,v2026.07.1
H031,middle2333.txt_q2,D,2026-07-16T06:12:57,v2026.07.1
H071,middle2333.txt_q2,D,2026-07-19T11:17:06,v2026.07.1
H152,middle2333.txt_q2,C,2026-07-18T12:07:48,v2026.07.1
H116,middle2333.txt_q2,C,2026-07-27T16:43:26,v2026.07.1
H141,middle2333.txt_q2,B,2026-07-16T20:03:28,v2026.07.1
H143,middle2333.txt_q2,C,2026-07-24T08:52:31,v2026.07.1
H170,middle2333.txt_q2,C,2026-07-19T18:16:06,v2026.07.1
H078,middle2333.txt_q2,B,2026-07-12T07:10:05,v2026.07.1
H008,middle2333.txt_q2,B,2026-07-11T17:40:11,v2026.07.1
H190,middle2333.txt_q2,A,2026-07-16T06:45:27,v2026.07.1
H027,middle2333.txt_q2,C,2026-07-19T20:21:33,v2026.07.1
H055,middle2333.txt_q2,D,2026-07-26T21:56:49,v2026.07.1
H197,middle2333.txt_q2,B,2026-07-10T09:17:25,v2026.07.1
H043,middle2333.txt_q2,B,2026-07-10T18:48:19,v2026.07.1
H104,middle2333.txt_q2,D,2026-07-27T11:09:17,v2026.07.1
H147,middle2333.txt_q2,C,2026-07-16T03:09:56,v2026.07.1
H161,middle2333.txt_q2,C,2026-07-23T21:38:58,v2026.07.1
H039,middle2333.txt_q2,D,2026-07-22T18:22:51,v2026.07.1
H002,middle2333.txt_q2,C,2026-07-21T02:22:43,v2026.07.1
H144,middle2333.txt_q2,C,2026-07-11T01:20:32,v2026.07.1
H050,middle2333.txt_q2,C,2026-07-25T01:34:54,v2026.07.1
H175,middle2333.txt_q2,A,2026-07-27T07:53:03,v2026.07.1
H097,middle4266.txt_q0,A,2026-07-12T23:14:04,v2026.07.1
H133,middle4266.txt_q0,D,2026-07-15T20:25:17,v2026.07.1
H125,middle4266.txt_q0,B,2026-07-25T12:22:57,v2026.07.1
H019,middle4266.txt_q0,C,2026-07-18T13:36:27,v2026.07.1
H124,middle4266.txt_q0,B,2026-07-10T09:40:23,v2026.07.1
H015,middle4266.txt_q0,B,2026-07-11T18:30:04,v2026.07.1
H036,middle4266.txt_q0,D,2026-07-16T10:46:20,v2026.07.1
H005,middle4266.txt_q0,C,2026-07-14T12:38:03,v2026.07.1
H032,middle4266.txt_q0,B,2026-07-24T09:07:41,v2026.07.1
H058,middle4266.txt_q0,C,2026-07-22T01:58:50,v2026.07.1
H064,middle4266.txt_q0,D,2026-07-23T16:25:11,v2026.07.1
H135,middle4266.txt_q0,A,2026-07-16T15:56:17,v2026.07.1
H156,middle4266.txt_q0,A,2026-07-27T16:06:24,v2026.07.1
H121,middle4266.txt_q0,C,2026-07-22T01:23:38,v2026.07.1
H095,middle4266.txt_q0,B,2026-07-20T03:15:23,v2026.07.1
H051,middle4266.txt_q0,C,2026-07-21T15:41:08,v2026.07.1
H082,middle4266.txt_q0,C,2026-07-19T06:19:43,v2026.07.1
H039,middle4266.txt_q0,A,2026-07-20T20:57:48,v2026.07.1
H080,middle4266.txt_q0,D,2026-07-19T09:13:45,v2026.07.1
H191,middle4266.txt_q0,C,2026-07-10T20:48:54,v2026.07.1
H160,middle4266.txt_q0,D,2026-07-12T15:05:57,v2026.07.1
H137,middle4266.txt_q0,C,2026-07-10T14:36:42,v2026.07.1
H042,middle4266.txt_q0,A,2026-07-27T15:22:09,v2026.07.1
H077,middle4266.txt_q0,A,2026-07-17T06:25:36,v2026.07.1
H150,middle4266.txt_q0,C,2026-07-23T05:33:15,v2026.07.1
H065,middle4266.txt_q0,C,2026-07-21T05:05:57,v2026.07.1
H173,middle4266.txt_q0,C,2026-07-12T19:47:33,v2026.07.1
H161,middle4266.txt_q0,B,2026-07-19T06:57:31,v2026.07.1
H086,middle4266.txt_q0,C,2026-07-27T05:36:48,v2026.07.1
H003,middle4266.txt_q0,C,2026-07-17T21:09:02,v2026.07.1
H146,middle5064.txt_q1,A,2026-07-15T11:16:29,v2026.07.1
H056,middle5064.txt_q1,B,2026-07-20T21:14:50,v2026.07.1
H161,middle5064.txt_q1,B,2026-07-17T11:23:43,v2026.07.1
H057,middle5064.txt_q1,C,2026-07-19T03:05:43,v2026.07.1
H170,middle5064.txt_q1,B,2026-07-10T18:24:55,v2026.07.1
H164,middle5064.txt_q1,C,2026-07-24T14:35:19,v2026.07.1
H179,middle5064.txt_q1,D,2026-07-25T02:42:16,v2026.07.1
H025,middle5064.txt_q1,B,2026-07-12T13:56:40,v2026.07.1
H113,middle5064.txt_q1,D,2026-07-13T00:49:54,v2026.07.1
H125,middle5064.txt_q1,C,2026-07-17T22:15:52,v2026.07.1
H007,middle5064.txt_q1,D,2026-07-25T10:02:13,v2026.07.1
H132,middle5064.txt_q1,C,2026-07-11T02:05:01,v2026.07.1
H140,middle5064.txt_q1,B,2026-07-20T17:00:37,v2026.07.1
H183,middle5064.txt_q1,B,2026-07-24T00:07:21,v2026.07.1
H144,middle5064.txt_q1,B,2026-07-26T12:55:57,v2026.07.1
H137,middle5064.txt_q1,A,2026-07-17T22:28:30,v2026.07.1
H198,middle5064.txt_q1,C,2026-07-14T17:26:02,v2026.07.1
H090,middle5064.txt_q1,A,2026-07-24T07:26:01,v2026.07.1
H102,middle5064.txt_q1,D,2026-07-11T21:16:57,v2026.07.1
H196,middle5064.txt_q1,A,2026-07-18T10:19:32,v2026.07.1
H001,middle5064.txt_q1,C,2026-07-12T22:12:50,v2026.07.1
H083,middle5064.txt_q1,B,2026-07-25T13:39:25,v2026.07.1
H031,middle5064.txt_q1,D,2026-07-15T18:54:56,v2026.07.1
H094,middle5064.txt_q1,D,2026-07-19T20:27:56,v2026.07.1
H033,middle5064.txt_q1,D,2026-07-27T12:47:10,v2026.07.1
H078,middle5064.txt_q1,C,2026-07-18T12:47:44,v2026.07.1
H182,middle5064.txt_q1,C,2026-07-21T23:29:38,v2026.07.1
H105,middle5064.txt_q1,B,2026-07-17T05:33:49,v2026.07.1
H063,middle5064.txt_q1,B,2026-07-24T09:38:52,v2026.07.1
H066,middle5064.txt_q1,B,2026-07-11T07:56:28,v2026.07.1
H117,middle2289.txt_q0,A,2026-07-23T02:30:17,v2026.07.1
H131,middle2289.txt_q0,B,2026-07-16T02:32:43,v2026.07.1
H028,middle2289.txt_q0,C,2026-07-23T04:17:22,v2026.07.1
H010,middle2289.txt_q0,D,2026-07-25T00:59:38,v2026.07.1
H142,middle2289.txt_q0,D,2026-07-24T22:53:18,v2026.07.1
H081,middle2289.txt_q0,B,2026-07-18T03:08:43,v2026.07.1
H179,middle2289.txt_q0,C,2026-07-16T12:37:28,v2026.07.1
H075,middle2289.txt_q0,B,2026-07-15T04:27:18,v2026.07.1
H126,middle2289.txt_q0,B,2026-07-23T08:15:54,v2026.07.1
H109,middle2289.txt_q0,C,2026-07-22T00:17:55,v2026.07.1
H056,middle2289.txt_q0,B,2026-07-19T01:40:30,v2026.07.1
H060,middle2289.txt_q0,D,2026-07-19T14:48:23,v2026.07.1
H034,middle2289.txt_q0,A,2026-07-10T10:13:11,v2026.07.1
H015,middle2289.txt_q0,B,2026-07-18T22:29:45,v2026.07.1
H014,middle2289.txt_q0,B,2026-07-26T08:51:00,v2026.07.1
H155,middle2289.txt_q0,A,2026-07-24T00:26:02,v2026.07.1
H102,middle2289.txt_q0,C,2026-07-20T06:29:11,v2026.07.1
H186,middle2289.txt_q0,C,2026-07-19T16:18:27,v2026.07.1
H199,middle2289.txt_q0,A,2026-07-25T04:08:02,v2026.07.1
H144,middle2289.txt_q0,D,2026-07-22T11:38:47,v2026.07.1
H107,middle2289.txt_q0,B,2026-07-26T10:12:40,v2026.07.1
H040,middle2289.txt_q0,B,2026-07-26T16:15:56,v2026.07.1
H128,middle2289.txt_q0,D,2026-07-18T13:08:53,v2026.07.1
H018,middle2289.txt_q0,B,2026-07-23T22:16:46,v2026.07.1
H006,middle2289.txt_q0,B,2026-07-20T21:23:09,v2026.07.1
H082,middle2289.txt_q0,D,2026-07-27T10:27:19,v2026.07.1
H093,middle2289.txt_q0,D,2026-07-19T18:20:21,v2026.07.1
H009,middle2289.txt_q0,B,2026-07-24T13:41:42,v2026.07.1
H062,middle2289.txt_q0,A,2026-07-24T19:28:46,v2026.07.1
H063,middle2289.txt_q0,B,2026-07-25T20:02:19,v2026.07.1
H091,middle6704.txt_q4,A,2026-07-18T07:12:11,v2026.07.1
H167,middle6704.txt_q4,A,2026-07-27T02:22:05,v2026.07.1
H148,middle6704.txt_q4,A,2026-07-16T02:47:22,v2026.07.1
H121,middle6704.txt_q4,C,2026-07-21T19:58:03,v2026.07.1
H128,middle6704.txt_q4,C,2026-07-20T15:13:00,v2026.07.1
H011,middle6704.txt_q4,A,2026-07-15T21:52:14,v2026.07.1
H090,middle6704.txt_q4,D,2026-07-19T11:43:51,v2026.07.1
H130,middle6704.txt_q4,D,2026-07-23T02:34:52,v2026.07.1
H144,middle6704.txt_q4,A,2026-07-16T20:09:29,v2026.07.1
H059,middle6704.txt_q4,A,2026-07-23T07:32:33,v2026.07.1
H021,middle6704.txt_q4,C,2026-07-24T11:16:02,v2026.07.1
H196,middle6704.txt_q4,A,2026-07-24T02:32:09,v2026.07.1
H100,middle6704.txt_q4,A,2026-07-25T09:03:14,v2026.07.1
H020,middle6704.txt_q4,C,2026-07-24T10:38:12,v2026.07.1
H131,middle6704.txt_q4,A,2026-07-20T16:44:01,v2026.07.1
H142,middle6704.txt_q4,A,2026-07-16T21:54:42,v2026.07.1
H195,middle6704.txt_q4,A,2026-07-13T19:31:50,v2026.07.1
H010,middle6704.txt_q4,A,2026-07-12T14:57:43,v2026.07.1
H103,middle6704.txt_q4,A,2026-07-15T12:37:00,v2026.07.1
H134,middle6704.txt_q4,D,2026-07-18T17:26:28,v2026.07.1
H171,middle6704.txt_q4,B,2026-07-24T09:57:34,v2026.07.1
H198,middle6704.txt_q4,D,2026-07-11T22:25:43,v2026.07.1
H169,middle6704.txt_q4,C,2026-07-21T23:58:24,v2026.07.1
H042,middle6704.txt_q4,B,2026-07-22T00:02:12,v2026.07.1
H108,middle6704.txt_q4,D,2026-07-25T05:38:02,v2026.07.1
H069,middle6704.txt_q4,B,2026-07-16T06:34:51,v2026.07.1
H139,middle6704.txt_q4,A,2026-07-19T15:42:22,v2026.07.1
H004,middle6704.txt_q4,C,2026-07-24T07:58:38,v2026.07.1
H109,middle6704.txt_q4,B,2026-07-18T05:37:50,v2026.07.1
H176,middle6704.txt_q4,A,2026-07-11T09:38:06,v2026.07.1
H004,middle6023.txt_q2,B,2026-07-18T05:31:13,v2026.07.1
H144,middle6023.txt_q2,A,2026-07-20T17:07:23,v2026.07.1
H048,middle6023.txt_q2,C,2026-07-15T14:25:48,v2026.07.1
H108,middle6023.txt_q2,D,2026-07-21T09:55:29,v2026.07.1
H164,middle6023.txt_q2,B,2026-07-22T06:22:25,v2026.07.1
H068,middle6023.txt_q2,D,2026-07-21T03:08:18,v2026.07.1
H160,middle6023.txt_q2,C,2026-07-13T03:27:53,v2026.07.1
H070,middle6023.txt_q2,C,2026-07-16T15:36:12,v2026.07.1
H066,middle6023.txt_q2,D,2026-07-24T02:47:19,v2026.07.1
H179,middle6023.txt_q2,C,2026-07-25T15:01:08,v2026.07.1
H037,middle6023.txt_q2,B,2026-07-25T13:35:57,v2026.07.1
H140,middle6023.txt_q2,B,2026-07-27T11:12:58,v2026.07.1
H047,middle6023.txt_q2,B,2026-07-27T00:24:30,v2026.07.1
H197,middle6023.txt_q2,B,2026-07-21T06:54:48,v2026.07.1
H143,middle6023.txt_q2,B,2026-07-13T17:32:16,v2026.07.1
H157,middle6023.txt_q2,C,2026-07-15T16:23:12,v2026.07.1
H035,middle6023.txt_q2,C,2026-07-13T00:37:29,v2026.07.1
H064,middle6023.txt_q2,C,2026-07-11T08:57:21,v2026.07.1
H036,middle6023.txt_q2,C,2026-07-11T00:30:58,v2026.07.1
H126,middle6023.txt_q2,A,2026-07-23T14:32:34,v2026.07.1
H051,middle6023.txt_q2,C,2026-07-24T02:33:21,v2026.07.1
H077,middle6023.txt_q2,C,2026-07-23T14:03:50,v2026.07.1
H188,middle6023.txt_q2,A,2026-07-23T13:35:57,v2026.07.1
H200,middle6023.txt_q2,C,2026-07-21T08:19:34,v2026.07.1
H162,middle6023.txt_q2,D,2026-07-16T21:14:35,v2026.07.1
H198,middle6023.txt_q2,C,2026-07-21T05:17:08,v2026.07.1
H031,middle6023.txt_q2,B,2026-07-20T02:31:13,v2026.07.1
H177,middle6023.txt_q2,A,2026-07-17T20:19:21,v2026.07.1
H146,middle6023.txt_q2,C,2026-07-23T09:45:30,v2026.07.1
H181,middle6023.txt_q2,C,2026-07-27T12:53:00,v2026.07.1
H158,middle2703.txt_q1,C,2026-07-26T03:30:56,v2026.07.1
H059,middle2703.txt_q1,B,2026-07-11T20:46:38,v2026.07.1
H028,middle2703.txt_q1,C,2026-07-10T09:56:02,v2026.07.1
H184,middle2703.txt_q1,B,2026-07-25T14:32:13,v2026.07.1
H116,middle2703.txt_q1,C,2026-07-26T03:02:23,v2026.07.1
H041,middle2703.txt_q1,D,2026-07-15T10:12:50,v2026.07.1
H100,middle2703.txt_q1,C,2026-07-15T23:24:37,v2026.07.1
H084,middle2703.txt_q1,A,2026-07-27T12:58:21,v2026.07.1
H077,middle2703.txt_q1,C,2026-07-25T21:20:37,v2026.07.1
H166,middle2703.txt_q1,C,2026-07-23T16:58:17,v2026.07.1
H008,middle2703.txt_q1,D,2026-07-15T00:27:35,v2026.07.1
H020,middle2703.txt_q1,B,2026-07-12T12:03:04,v2026.07.1
H136,middle2703.txt_q1,B,2026-07-18T12:35:58,v2026.07.1
H175,middle2703.txt_q1,C,2026-07-12T18:21:47,v2026.07.1
H155,middle2703.txt_q1,D,2026-07-24T23:29:53,v2026.07.1
H145,middle2703.txt_q1,C,2026-07-19T06:06:46,v2026.07.1
H039,middle2703.txt_q1,D,2026-07-17T20:01:26,v2026.07.1
H154,middle2703.txt_q1,C,2026-07-19T16:39:34,v2026.07.1
H124,middle2703.txt_q1,D,2026-07-11T17:15:44,v2026.07.1
H150,middle2703.txt_q1,D,2026-07-11T23:00:08,v2026.07.1
H108,middle2703.txt_q1,C,2026-07-25T21:08:57,v2026.07.1
H197,middle2703.txt_q1,C,2026-07-22T16:20:15,v2026.07.1
H089,middle2703.txt_q1,C,2026-07-21T02:58:03,v2026.07.1
H006,middle2703.txt_q1,B,2026-07-27T03:30:17,v2026.07.1
H015,middle2703.txt_q1,C,2026-07-11T22:34:24,v2026.07.1
H042,middle2703.txt_q1,B,2026-07-23T04:53:00,v2026.07.1
H149,middle2703.txt_q1,C,2026-07-11T08:59:24,v2026.07.1
H109,middle2703.txt_q1,A,2026-07-19T09:40:53,v2026.07.1
H148,middle2703.txt_q1,C,2026-07-17T23:25:29,v2026.07.1
H019,middle2703.txt_q1,C,2026-07-19T01:22:12,v2026.07.1
H009,middle6637.txt_q0,D,2026-07-17T02:27:50,v2026.07.1
H044,middle6637.txt_q0,D,2026-07-22T16:17:25,v2026.07.1
H074,middle6637.txt_q0,A,2026-07-21T18:40:46,v2026.07.1
H020,middle6637.txt_q0,B,2026-07-23T11:56:21,v2026.07.1
H100,middle6637.txt_q0,A,2026-07-14T22:08:35,v2026.07.1
H196,middle6637.txt_q0,D,2026-07-20T16:14:44,v2026.07.1
H175,middle6637.txt_q0,D,2026-07-21T21:40:14,v2026.07.1
H092,middle6637.txt_q0,D,2026-07-11T22:08:19,v2026.07.1
H064,middle6637.txt_q0,C,2026-07-25T00:55:45,v2026.07.1
H166,middle6637.txt_q0,B,2026-07-24T23:46:49,v2026.07.1
H147,middle6637.txt_q0,C,2026-07-21T11:05:37,v2026.07.1
H105,middle6637.txt_q0,B,2026-07-14T05:17:35,v2026.07.1
H088,middle6637.txt_q0,D,2026-07-22T16:33:11,v2026.07.1
H164,middle6637.txt_q0,C,2026-07-14T06:30:43,v2026.07.1
H123,middle6637.txt_q0,B,2026-07-23T10:47:22,v2026.07.1
H005,middle6637.txt_q0,C,2026-07-17T06:22:46,v2026.07.1
H144,middle6637.txt_q0,A,2026-07-20T12:18:05,v2026.07.1
H023,middle6637.txt_q0,D,2026-07-24T20:07:49,v2026.07.1
H008,middle6637.txt_q0,B,2026-07-20T18:12:25,v2026.07.1
H055,middle6637.txt_q0,A,2026-07-11T17:56:56,v2026.07.1
H011,middle6637.txt_q0,C,2026-07-26T09:51:41,v2026.07.1
H150,middle6637.txt_q0,D,2026-07-19T11:16:00,v2026.07.1
H099,middle6637.txt_q0,B,2026-07-13T16:04:52,v2026.07.1
H141,middle6637.txt_q0,D,2026-07-25T07:17:50,v2026.07.1
H050,middle6637.txt_q0,A,2026-07-18T13:03:48,v2026.07.1
H026,middle6637.txt_q0,B,2026-07-12T01:48:16,v2026.07.1
H169,middle6637.txt_q0,D,2026-07-27T00:38:48,v2026.07.1
H080,middle6637.txt_q0,A,2026-07-14T06:31:31,v2026.07.1
H130,middle6637.txt_q0,D,2026-07-23T04:33:28,v2026.07.1
H173,middle6637.txt_q0,B,2026-07-12T13:12:43,v2026.07.1
H151,middle93.txt_q4,C,2026-07-22T11:43:49,v2026.07.1
H037,middle93.txt_q4,C,2026-07-25T02:28:03,v2026.07.1
H090,middle93.txt_q4,D,2026-07-14T02:15:13,v2026.07.1
H092,middle93.txt_q4,D,2026-07-14T01:22:38,v2026.07.1
H040,middle93.txt_q4,B,2026-07-20T06:02:17,v2026.07.1
H168,middle93.txt_q4,D,2026-07-21T20:19:54,v2026.07.1
H139,middle93.txt_q4,C,2026-07-11T01:55:08,v2026.07.1
H060,middle93.txt_q4,A,2026-07-10T11:36:59,v2026.07.1
H116,middle93.txt_q4,C,2026-07-14T05:56:46,v2026.07.1
H028,middle93.txt_q4,D,2026-07-19T10:16:13,v2026.07.1
H163,middle93.txt_q4,C,2026-07-20T04:18:59,v2026.07.1
H027,middle93.txt_q4,C,2026-07-18T22:09:55,v2026.07.1
H093,middle93.txt_q4,D,2026-07-23T05:56:53,v2026.07.1
H126,middle93.txt_q4,C,2026-07-20T10:11:57,v2026.07.1
H014,middle93.txt_q4,C,2026-07-27T00:07:52,v2026.07.1
H004,middle93.txt_q4,B,2026-07-21T09:09:19,v2026.07.1
H141,middle93.txt_q4,A,2026-07-12T18:20:02,v2026.07.1
H077,middle93.txt_q4,D,2026-07-11T06:47:22,v2026.07.1
H153,middle93.txt_q4,D,2026-07-21T11:40:25,v2026.07.1
H164,middle93.txt_q4,C,2026-07-22T14:53:02,v2026.07.1
H039,middle93.txt_q4,C,2026-07-22T00:36:09,v2026.07.1
H134,middle93.txt_q4,B,2026-07-18T06:42:30,v2026.07.1
H114,middle93.txt_q4,A,2026-07-15T21:14:24,v2026.07.1
H123,middle93.txt_q4,C,2026-07-12T00:20:05,v2026.07.1
H035,middle93.txt_q4,D,2026-07-21T01:25:26,v2026.07.1
H025,middle93.txt_q4,C,2026-07-13T07:53:54,v2026.07.1
H147,middle93.txt_q4,C,2026-07-15T04:04:54,v2026.07.1
H186,middle93.txt_q4,B,2026-07-17T05:06:55,v2026.07.1
H086,middle93.txt_q4,C,2026-07-19T14:17:57,v2026.07.1
H138,middle93.txt_q4,B,2026-07-25T19:02:49,v2026.07.1
H130,middle3751.txt_q3,C,2026-07-23T01:55:23,v2026.07.1
H154,middle3751.txt_q3,B,2026-07-11T07:58:54,v2026.07.1
H161,middle3751.txt_q3,C,2026-07-16T14:58:49,v2026.07.1
H139,middle3751.txt_q3,B,2026-07-26T19:38:32,v2026.07.1
H128,middle3751.txt_q3,D,2026-07-27T04:02:22,v2026.07.1
H052,middle3751.txt_q3,D,2026-07-18T03:01:17,v2026.07.1
H078,middle3751.txt_q3,D,2026-07-16T15:16:57,v2026.07.1
H134,middle3751.txt_q3,D,2026-07-26T19:13:28,v2026.07.1
H176,middle3751.txt_q3,B,2026-07-21T01:09:55,v2026.07.1
H196,middle3751.txt_q3,D,2026-07-11T07:53:40,v2026.07.1
H183,middle3751.txt_q3,D,2026-07-25T04:27:32,v2026.07.1
H199,middle3751.txt_q3,A,2026-07-18T13:54:09,v2026.07.1
H149,middle3751.txt_q3,D,2026-07-21T04:15:58,v2026.07.1
H162,middle3751.txt_q3,D,2026-07-18T15:39:43,v2026.07.1
H155,middle3751.txt_q3,D,2026-07-26T18:11:24,v2026.07.1
H133,middle3751.txt_q3,A,2026-07-20T16:57:54,v2026.07.1
H065,middle3751.txt_q3,D,2026-07-22T21:48:52,v2026.07.1
H087,middle3751.txt_q3,D,2026-07-25T08:24:48,v2026.07.1
H108,middle3751.txt_q3,A,2026-07-19T12:33:54,v2026.07.1
H066,middle3751.txt_q3,B,2026-07-21T14:42:45,v2026.07.1
H023,middle3751.txt_q3,C,2026-07-18T21:31:20,v2026.07.1
H084,middle3751.txt_q3,D,2026-07-24T22:51:21,v2026.07.1
H184,middle3751.txt_q3,B,2026-07-24T14:29:14,v2026.07.1
H106,middle3751.txt_q3,C,2026-07-23T12:36:15,v2026.07.1
H147,middle3751.txt_q3,D,2026-07-25T04:34:10,v2026.07.1
H125,middle3751.txt_q3,D,2026-07-23T19:15:16,v2026.07.1
H121,middle3751.txt_q3,B,2026-07-16T13:04:50,v2026.07.1
H194,middle3751.txt_q3,D,2026-07-18T18:14:11,v2026.07.1
H098,middle3751.txt_q3,B,2026-07-26T05:21:19,v2026.07.1
H035,middle3751.txt_q3,C,2026-07-26T21:28:34,v2026.07.1
H054,middle2305.txt_q1,B,2026-07-11T05:34:13,v2026.07.1
H200,middle2305.txt_q1,A,2026-07-11T03:16:25,v2026.07.1
H167,middle2305.txt_q1,C,2026-07-22T04:49:57,v2026.07.1
H162,middle2305.txt_q1,A,2026-07-12T01:29:52,v2026.07.1
H005,middle2305.txt_q1,A,2026-07-10T23:42:35,v2026.07.1
H190,middle2305.txt_q1,A,2026-07-27T02:29:54,v2026.07.1
H083,middle2305.txt_q1,D,2026-07-20T07:22:44,v2026.07.1
H107,middle2305.txt_q1,D,2026-07-18T02:13:39,v2026.07.1
H010,middle2305.txt_q1,D,2026-07-15T05:28:31,v2026.07.1
H086,middle2305.txt_q1,C,2026-07-24T12:51:42,v2026.07.1
H145,middle2305.txt_q1,D,2026-07-22T10:55:26,v2026.07.1
H028,middle2305.txt_q1,D,2026-07-24T09:10:51,v2026.07.1
H193,middle2305.txt_q1,D,2026-07-26T07:09:18,v2026.07.1
H196,middle2305.txt_q1,D,2026-07-10T15:47:11,v2026.07.1
H002,middle2305.txt_q1,C,2026-07-22T09:13:28,v2026.07.1
H108,middle2305.txt_q1,D,2026-07-23T06:47:52,v2026.07.1
H122,middle2305.txt_q1,A,2026-07-19T11:12:45,v2026.07.1
H128,middle2305.txt_q1,A,2026-07-17T18:30:00,v2026.07.1
H124,middle2305.txt_q1,D,2026-07-27T10:45:34,v2026.07.1
H046,middle2305.txt_q1,D,2026-07-25T18:22:37,v2026.07.1
H179,middle2305.txt_q1,B,2026-07-17T17:24:07,v2026.07.1
H152,middle2305.txt_q1,B,2026-07-10T16:11:54,v2026.07.1
H092,middle2305.txt_q1,D,2026-07-13T13:37:52,v2026.07.1
H047,middle2305.txt_q1,B,2026-07-10T09:48:12,v2026.07.1
H174,middle2305.txt_q1,B,2026-07-11T21:20:55,v2026.07.1
H171,middle2305.txt_q1,C,2026-07-26T09:12:51,v2026.07.1
H099,middle2305.txt_q1,C,2026-07-17T15:36:02,v2026.07.1
H197,middle2305.txt_q1,D,2026-07-18T11:46:54,v2026.07.1
H072,middle2305.txt_q1,D,2026-07-20T23:19:27,v2026.07.1
H133,middle2305.txt_q1,A,2026-07-27T04:31:38,v2026.07.1
H116,middle5366.txt_q2,B,2026-07-27T09:15:55,v2026.07.1
H079,middle5366.txt_q2,A,2026-07-12T10:01:33,v2026.07.1
H022,middle5366.txt_q2,D,2026-07-23T19:30:16,v2026.07.1
H090,middle5366.txt_q2,B,2026-07-15T13:06:21,v2026.07.1
H199,middle5366.txt_q2,B,2026-07-22T04:49:35,v2026.07.1
H200,middle5366.txt_q2,D,2026-07-14T00:04:01,v2026.07.1
H054,middle5366.txt_q2,B,2026-07-16T00:12:35,v2026.07.1
H034,middle5366.txt_q2,C,2026-07-22T17:16:22,v2026.07.1
H038,middle5366.txt_q2,D,2026-07-19T20:44:22,v2026.07.1
H138,middle5366.txt_q2,B,2026-07-24T18:03:54,v2026.07.1
H120,middle5366.txt_q2,A,2026-07-13T14:35:20,v2026.07.1
H157,middle5366.txt_q2,D,2026-07-21T23:42:54,v2026.07.1
H019,middle5366.txt_q2,B,2026-07-13T02:01:27,v2026.07.1
H126,middle5366.txt_q2,B,2026-07-27T12:54:03,v2026.07.1
H175,middle5366.txt_q2,B,2026-07-19T12:23:58,v2026.07.1
H133,middle5366.txt_q2,B,2026-07-17T06:53:08,v2026.07.1
H174,middle5366.txt_q2,B,2026-07-14T22:41:05,v2026.07.1
H082,middle5366.txt_q2,D,2026-07-27T13:32:28,v2026.07.1
H042,middle5366.txt_q2,A,2026-07-13T10:31:44,v2026.07.1
H165,middle5366.txt_q2,D,2026-07-27T17:32:51,v2026.07.1
H070,middle5366.txt_q2,D,2026-07-22T04:58:09,v2026.07.1
H050,middle5366.txt_q2,D,2026-07-17T11:30:33,v2026.07.1
H006,middle5366.txt_q2,A,2026-07-13T09:14:14,v2026.07.1
H080,middle5366.txt_q2,B,2026-07-13T11:31:43,v2026.07.1
H072,middle5366.txt_q2,B,2026-07-24T13:10:37,v2026.07.1
H013,middle5366.txt_q2,C,2026-07-24T03:35:14,v2026.07.1
H062,middle5366.txt_q2,B,2026-07-16T23:48:10,v2026.07.1
H181,middle5366.txt_q2,B,2026-07-17T18:56:12,v2026.07.1
H068,middle5366.txt_q2,B,2026-07-25T10:38:45,v2026.07.1
H147,middle5366.txt_q2,B,2026-07-15T09:53:49,v2026.07.1
H148,middle7063.txt_q1,B,2026-07-14T17:40:07,v2026.07.1
H017,middle7063.txt_q1,C,2026-07-17T10:09:21,v2026.07.1
H146,middle7063.txt_q1,C,2026-07-18T13:09:27,v2026.07.1
H171,middle7063.txt_q1,C,2026-07-13T15:04:29,v2026.07.1
H047,middle7063.txt_q1,D,2026-07-26T20:08:49,v2026.07.1
H055,middle7063.txt_q1,C,2026-07-20T16:22:03,v2026.07.1
H032,middle7063.txt_q1,C,2026-07-25T11:27:05,v2026.07.1
H111,middle7063.txt_q1,B,2026-07-13T01:22:24,v2026.07.1
H033,middle7063.txt_q1,A,2026-07-25T12:27:05,v2026.07.1
H092,middle7063.txt_q1,C,2026-07-23T12:35:40,v2026.07.1
H123,middle7063.txt_q1,D,2026-07-15T03:27:32,v2026.07.1
H013,middle7063.txt_q1,B,2026-07-24T09:43:56,v2026.07.1
H104,middle7063.txt_q1,B,2026-07-19T20:04:45,v2026.07.1
H106,middle7063.txt_q1,C,2026-07-12T10:39:26,v2026.07.1
H060,middle7063.txt_q1,A,2026-07-17T00:49:55,v2026.07.1
H049,middle7063.txt_q1,B,2026-07-13T00:51:17,v2026.07.1
H094,middle7063.txt_q1,B,2026-07-18T20:58:15,v2026.07.1
H085,middle7063.txt_q1,C,2026-07-10T21:33:35,v2026.07.1
H109,middle7063.txt_q1,C,2026-07-11T19:52:28,v2026.07.1
H192,middle7063.txt_q1,C,2026-07-22T20:25:57,v2026.07.1
H176,middle7063.txt_q1,C,2026-07-19T10:16:47,v2026.07.1
H108,middle7063.txt_q1,C,2026-07-17T18:23:41,v2026.07.1
H027,middle7063.txt_q1,B,2026-07-20T05:06:29,v2026.07.1
H091,middle7063.txt_q1,C,2026-07-10T20:14:56,v2026.07.1
H036,middle7063.txt_q1,B,2026-07-19T01:19:12,v2026.07.1
H159,middle7063.txt_q1,C,2026-07-23T14:16:47,v2026.07.1
H030,middle7063.txt_q1,C,2026-07-20T23:23:31,v2026.07.1
H125,middle7063.txt_q1,B,2026-07-17T06:14:15,v2026.07.1
H073,middle7063.txt_q1,A,2026-07-23T11:28:21,v2026.07.1
H007,middle7063.txt_q1,C,2026-07-13T19:18:49,v2026.07.1
H087,middle1990.txt_q1,D,2026-07-10T21:36:22,v2026.07.1
H069,middle1990.txt_q1,D,2026-07-21T01:57:16,v2026.07.1
H163,middle1990.txt_q1,D,2026-07-10T18:02:04,v2026.07.1
H064,middle1990.txt_q1,D,2026-07-10T10:27:18,v2026.07.1
H198,middle1990.txt_q1,D,2026-07-17T10:19:52,v2026.07.1
H155,middle1990.txt_q1,D,2026-07-15T19:49:01,v2026.07.1
H099,middle1990.txt_q1,D,2026-07-25T09:19:47,v2026.07.1
H127,middle1990.txt_q1,D,2026-07-22T13:58:51,v2026.07.1
H086,middle1990.txt_q1,C,2026-07-10T11:44:00,v2026.07.1
H078,middle1990.txt_q1,C,2026-07-11T11:58:42,v2026.07.1
H075,middle1990.txt_q1,D,2026-07-23T04:06:10,v2026.07.1
H052,middle1990.txt_q1,B,2026-07-22T19:44:32,v2026.07.1
H079,middle1990.txt_q1,D,2026-07-23T02:34:09,v2026.07.1
H131,middle1990.txt_q1,D,2026-07-26T23:20:46,v2026.07.1
H186,middle1990.txt_q1,D,2026-07-25T06:23:12,v2026.07.1
H015,middle1990.txt_q1,D,2026-07-27T08:35:30,v2026.07.1
H142,middle1990.txt_q1,D,2026-07-18T22:30:27,v2026.07.1
H020,middle1990.txt_q1,A,2026-07-18T18:46:09,v2026.07.1
H125,middle1990.txt_q1,D,2026-07-19T21:44:23,v2026.07.1
H194,middle1990.txt_q1,B,2026-07-13T01:49:04,v2026.07.1
H187,middle1990.txt_q1,D,2026-07-10T11:45:19,v2026.07.1
H097,middle1990.txt_q1,D,2026-07-14T04:57:41,v2026.07.1
H137,middle1990.txt_q1,B,2026-07-24T06:12:04,v2026.07.1
H119,middle1990.txt_q1,D,2026-07-17T22:34:51,v2026.07.1
H102,middle1990.txt_q1,D,2026-07-22T14:16:17,v2026.07.1
H135,middle1990.txt_q1,C,2026-07-12T22:13:50,v2026.07.1
H051,middle1990.txt_q1,D,2026-07-19T03:59:24,v2026.07.1
H115,middle1990.txt_q1,B,2026-07-16T23:59:21,v2026.07.1
H112,middle1990.txt_q1,D,2026-07-13T03:56:38,v2026.07.1
H080,middle1990.txt_q1,D,2026-07-13T06:23:59,v2026.07.1
H045,middle4240.txt_q1,C,2026-07-26T11:22:09,v2026.07.1
H120,middle4240.txt_q1,B,2026-07-21T03:39:49,v2026.07.1
H189,middle4240.txt_q1,C,2026-07-10T14:19:57,v2026.07.1
H024,middle4240.txt_q1,C,2026-07-19T19:13:00,v2026.07.1
H199,middle4240.txt_q1,C,2026-07-16T17:18:28,v2026.07.1
H156,middle4240.txt_q1,C,2026-07-19T11:46:41,v2026.07.1
H134,middle4240.txt_q1,C,2026-07-11T08:01:12,v2026.07.1
H146,middle4240.txt_q1,C,2026-07-12T12:30:36,v2026.07.1
H101,middle4240.txt_q1,C,2026-07-21T15:34:24,v2026.07.1
H010,middle4240.txt_q1,A,2026-07-27T12:22:28,v2026.07.1
H005,middle4240.txt_q1,A,2026-07-23T10:50:51,v2026.07.1
H119,middle4240.txt_q1,B,2026-07-23T20:33:47,v2026.07.1
H066,middle4240.txt_q1,C,2026-07-21T17:40:52,v2026.07.1
H147,middle4240.txt_q1,D,2026-07-26T13:25:25,v2026.07.1
H194,middle4240.txt_q1,B,2026-07-18T08:13:32,v2026.07.1
H135,middle4240.txt_q1,D,2026-07-24T00:21:51,v2026.07.1
H070,middle4240.txt_q1,C,2026-07-20T20:51:52,v2026.07.1
H198,middle4240.txt_q1,D,2026-07-19T07:16:01,v2026.07.1
H034,middle4240.txt_q1,D,2026-07-24T20:11:31,v2026.07.1
H190,middle4240.txt_q1,C,2026-07-23T13:45:24,v2026.07.1
H062,middle4240.txt_q1,C,2026-07-22T15:59:36,v2026.07.1
H187,middle4240.txt_q1,C,2026-07-18T12:10:28,v2026.07.1
H103,middle4240.txt_q1,C,2026-07-14T07:04:26,v2026.07.1
H098,middle4240.txt_q1,A,2026-07-23T12:24:27,v2026.07.1
H009,middle4240.txt_q1,B,2026-07-25T00:36:29,v2026.07.1
H006,middle4240.txt_q1,D,2026-07-23T02:47:34,v2026.07.1
H140,middle4240.txt_q1,C,2026-07-14T12:03:37,v2026.07.1
H025,middle4240.txt_q1,C,2026-07-23T16:23:34,v2026.07.1
H143,middle4240.txt_q1,B,2026-07-22T11:42:41,v2026.07.1
H030,middle4240.txt_q1,C,2026-07-15T11:16:06,v2026.07.1
H153,middle5339.txt_q0,C,2026-07-23T14:16:32,v2026.07.1
H017,middle5339.txt_q0,C,2026-07-23T23:40:37,v2026.07.1
H072,middle5339.txt_q0,C,2026-07-19T22:24:23,v2026.07.1
H188,middle5339.txt_q0,D,2026-07-11T20:22:42,v2026.07.1
H161,middle5339.txt_q0,C,2026-07-18T20:50:52,v2026.07.1
H150,middle5339.txt_q0,A,2026-07-15T12:21:37,v2026.07.1
H088,middle5339.txt_q0,D,2026-07-16T01:01:43,v2026.07.1
H145,middle5339.txt_q0,D,2026-07-27T12:13:26,v2026.07.1
H171,middle5339.txt_q0,C,2026-07-26T19:36:31,v2026.07.1
H075,middle5339.txt_q0,C,2026-07-21T07:24:38,v2026.07.1
H057,middle5339.txt_q0,C,2026-07-12T05:16:44,v2026.07.1
H134,middle5339.txt_q0,C,2026-07-11T04:49:04,v2026.07.1
H195,middle5339.txt_q0,C,2026-07-19T08:46:05,v2026.07.1
H177,middle5339.txt_q0,C,2026-07-21T07:38:43,v2026.07.1
H060,middle5339.txt_q0,C,2026-07-14T10:14:42,v2026.07.1
H074,middle5339.txt_q0,C,2026-07-21T22:20:25,v2026.07.1
H005,middle5339.txt_q0,D,2026-07-24T05:12:35,v2026.07.1
H089,middle5339.txt_q0,B,2026-07-13T07:30:22,v2026.07.1
H084,middle5339.txt_q0,C,2026-07-21T19:59:05,v2026.07.1
H147,middle5339.txt_q0,C,2026-07-27T13:38:38,v2026.07.1
H100,middle5339.txt_q0,C,2026-07-13T04:37:45,v2026.07.1
H155,middle5339.txt_q0,C,2026-07-21T17:46:38,v2026.07.1
H154,middle5339.txt_q0,A,2026-07-24T18:32:18,v2026.07.1
H031,middle5339.txt_q0,C,2026-07-20T23:54:21,v2026.07.1
H037,middle5339.txt_q0,C,2026-07-16T11:58:11,v2026.07.1
H191,middle5339.txt_q0,C,2026-07-17T06:34:01,v2026.07.1
H124,middle5339.txt_q0,C,2026-07-21T17:55:35,v2026.07.1
H008,middle5339.txt_q0,C,2026-07-26T19:44:53,v2026.07.1
H090,middle5339.txt_q0,D,2026-07-15T13:56:04,v2026.07.1
H083,middle5339.txt_q0,C,2026-07-23T10:29:23,v2026.07.1
H072,middle3828.txt_q2,C,2026-07-26T12:28:59,v2026.07.1
H118,middle3828.txt_q2,C,2026-07-21T07:51:47,v2026.07.1
H136,middle3828.txt_q2,D,2026-07-20T21:32:29,v2026.07.1
H015,middle3828.txt_q2,A,2026-07-12T03:08:16,v2026.07.1
H032,middle3828.txt_q2,C,2026-07-27T17:34:42,v2026.07.1
H077,middle3828.txt_q2,B,2026-07-12T11:38:35,v2026.07.1
H189,middle3828.txt_q2,A,2026-07-23T15:35:28,v2026.07.1
H101,middle3828.txt_q2,C,2026-07-12T10:13:22,v2026.07.1
H193,middle3828.txt_q2,A,2026-07-20T22:21:17,v2026.07.1
H114,middle3828.txt_q2,C,2026-07-20T08:58:15,v2026.07.1
H127,middle3828.txt_q2,B,2026-07-11T17:58:18,v2026.07.1
H001,middle3828.txt_q2,C,2026-07-18T04:35:02,v2026.07.1
H006,middle3828.txt_q2,C,2026-07-26T09:23:32,v2026.07.1
H167,middle3828.txt_q2,C,2026-07-27T12:52:47,v2026.07.1
H120,middle3828.txt_q2,C,2026-07-21T09:17:07,v2026.07.1
H172,middle3828.txt_q2,A,2026-07-26T06:11:02,v2026.07.1
H017,middle3828.txt_q2,C,2026-07-21T01:06:12,v2026.07.1
H137,middle3828.txt_q2,C,2026-07-13T03:23:38,v2026.07.1
H028,middle3828.txt_q2,D,2026-07-15T20:58:13,v2026.07.1
H109,middle3828.txt_q2,C,2026-07-10T20:08:04,v2026.07.1
H157,middle3828.txt_q2,C,2026-07-26T03:46:44,v2026.07.1
H011,middle3828.txt_q2,B,2026-07-25T00:10:35,v2026.07.1
H068,middle3828.txt_q2,C,2026-07-16T12:53:53,v2026.07.1
H140,middle3828.txt_q2,C,2026-07-20T06:04:32,v2026.07.1
H074,middle3828.txt_q2,B,2026-07-16T12:29:02,v2026.07.1
H152,middle3828.txt_q2,C,2026-07-14T16:58:54,v2026.07.1
H095,middle3828.txt_q2,C,2026-07-26T11:21:28,v2026.07.1
H003,middle3828.txt_q2,C,2026-07-11T03:20:35,v2026.07.1
H163,middle3828.txt_q2,A,2026-07-15T13:23:40,v2026.07.1
H057,middle3828.txt_q2,D,2026-07-10T21:28:01,v2026.07.1
H059,middle3263.txt_q2,A,2026-07-24T07:33:49,v2026.07.1
H028,middle3263.txt_q2,C,2026-07-21T14:46:41,v2026.07.1
H184,middle3263.txt_q2,C,2026-07-13T14:58:47,v2026.07.1
H063,middle3263.txt_q2,C,2026-07-11T10:39:01,v2026.07.1
H117,middle3263.txt_q2,C,2026-07-22T02:05:53,v2026.07.1
H004,middle3263.txt_q2,C,2026-07-25T08:22:12,v2026.07.1
H174,middle3263.txt_q2,C,2026-07-22T05:22:31,v2026.07.1
H058,middle3263.txt_q2,A,2026-07-21T15:52:11,v2026.07.1
H177,middle3263.txt_q2,C,2026-07-19T16:11:18,v2026.07.1
H176,middle3263.txt_q2,C,2026-07-24T18:42:21,v2026.07.1
H019,middle3263.txt_q2,C,2026-07-17T00:43:54,v2026.07.1
H088,middle3263.txt_q2,C,2026-07-26T13:15:44,v2026.07.1
H156,middle3263.txt_q2,C,2026-07-23T21:02:08,v2026.07.1
H037,middle3263.txt_q2,A,2026-07-26T04:50:43,v2026.07.1
H147,middle3263.txt_q2,C,2026-07-25T21:34:21,v2026.07.1
H064,middle3263.txt_q2,C,2026-07-21T16:10:40,v2026.07.1
H003,middle3263.txt_q2,B,2026-07-26T22:07:48,v2026.07.1
H100,middle3263.txt_q2,B,2026-07-14T00:34:19,v2026.07.1
H044,middle3263.txt_q2,C,2026-07-18T08:25:50,v2026.07.1
H163,middle3263.txt_q2,A,2026-07-18T10:09:42,v2026.07.1
H048,middle3263.txt_q2,B,2026-07-10T22:52:32,v2026.07.1
H138,middle3263.txt_q2,C,2026-07-19T05:34:40,v2026.07.1
H035,middle3263.txt_q2,A,2026-07-21T15:40:50,v2026.07.1
H122,middle3263.txt_q2,C,2026-07-17T17:32:21,v2026.07.1
H102,middle3263.txt_q2,A,2026-07-15T04:37:16,v2026.07.1
H067,middle3263.txt_q2,C,2026-07-17T09:42:47,v2026.07.1
H170,middle3263.txt_q2,C,2026-07-15T06:49:18,v2026.07.1
H104,middle3263.txt_q2,C,2026-07-27T16:33:26,v2026.07.1
H168,middle3263.txt_q2,C,2026-07-20T04:45:57,v2026.07.1
H134,middle3263.txt_q2,C,2026-07-24T01:36:25,v2026.07.1
H058,middle4287.txt_q1,D,2026-07-17T05:06:32,v2026.07.1
H200,middle4287.txt_q1,D,2026-07-11T14:37:07,v2026.07.1
H141,middle4287.txt_q1,D,2026-07-18T22:39:52,v2026.07.1
H032,middle4287.txt_q1,D,2026-07-23T18:50:58,v2026.07.1
H105,middle4287.txt_q1,D,2026-07-26T05:28:50,v2026.07.1
H056,middle4287.txt_q1,D,2026-07-19T02:57:50,v2026.07.1
H075,middle4287.txt_q1,D,2026-07-22T16:23:10,v2026.07.1
H069,middle4287.txt_q1,D,2026-07-22T07:49:50,v2026.07.1
H111,middle4287.txt_q1,C,2026-07-26T06:27:18,v2026.07.1
H079,middle4287.txt_q1,D,2026-07-18T20:05:13,v2026.07.1
H064,middle4287.txt_q1,D,2026-07-20T06:20:41,v2026.07.1
H072,middle4287.txt_q1,D,2026-07-11T22:21:59,v2026.07.1
H052,middle4287.txt_q1,D,2026-07-14T13:00:01,v2026.07.1
H143,middle4287.txt_q1,D,2026-07-25T13:12:41,v2026.07.1
H070,middle4287.txt_q1,D,2026-07-10T22:33:12,v2026.07.1
H051,middle4287.txt_q1,D,2026-07-25T01:50:37,v2026.07.1
H001,middle4287.txt_q1,D,2026-07-22T07:47:30,v2026.07.1
H005,middle4287.txt_q1,D,2026-07-18T12:33:22,v2026.07.1
H158,middle4287.txt_q1,D,2026-07-18T02:17:27,v2026.07.1
H053,middle4287.txt_q1,C,2026-07-16T18:58:38,v2026.07.1
H092,middle4287.txt_q1,B,2026-07-18T09:05:19,v2026.07.1
H184,middle4287.txt_q1,D,2026-07-27T06:23:28,v2026.07.1
H085,middle4287.txt_q1,C,2026-07-26T01:17:05,v2026.07.1
H173,middle4287.txt_q1,D,2026-07-22T07:49:08,v2026.07.1
H135,middle4287.txt_q1,A,2026-07-11T21:38:35,v2026.07.1
H061,middle4287.txt_q1,D,2026-07-19T17:45:26,v2026.07.1
H190,middle4287.txt_q1,D,2026-07-24T09:06:18,v2026.07.1
H029,middle4287.txt_q1,D,2026-07-21T09:10:26,v2026.07.1
H149,middle4287.txt_q1,D,2026-07-27T12:18:05,v2026.07.1
H084,middle4287.txt_q1,D,2026-07-18T03:34:16,v2026.07.1
H184,middle4460.txt_q0,A,2026-07-21T13:51:07,v2026.07.1
H005,middle4460.txt_q0,B,2026-07-17T01:57:15,v2026.07.1
H109,middle4460.txt_q0,B,2026-07-12T09:29:51,v2026.07.1
H041,middle4460.txt_q0,B,2026-07-21T00:09:51,v2026.07.1
H134,middle4460.txt_q0,B,2026-07-23T11:55:31,v2026.07.1
H124,middle4460.txt_q0,A,2026-07-10T12:59:35,v2026.07.1
H022,middle4460.txt_q0,D,2026-07-22T16:10:38,v2026.07.1
H066,middle4460.txt_q0,B,2026-07-10T20:49:29,v2026.07.1
H052,middle4460.txt_q0,D,2026-07-26T19:13:25,v2026.07.1
H092,middle4460.txt_q0,A,2026-07-21T07:53:49,v2026.07.1
H055,middle4460.txt_q0,B,2026-07-17T08:14:08,v2026.07.1
H053,middle4460.txt_q0,B,2026-07-25T10:10:12,v2026.07.1
H047,middle4460.txt_q0,B,2026-07-18T22:20:31,v2026.07.1
H097,middle4460.txt_q0,C,2026-07-15T00:39:12,v2026.07.1
H148,middle4460.txt_q0,B,2026-07-12T20:08:29,v2026.07.1
H004,middle4460.txt_q0,B,2026-07-19T16:01:24,v2026.07.1
H016,middle4460.txt_q0,C,2026-07-26T23:02:34,v2026.07.1
H010,middle4460.txt_q0,B,2026-07-11T04:18:47,v2026.07.1
H075,middle4460.txt_q0,B,2026-07-13T22:16:17,v2026.07.1
H006,middle4460.txt_q0,B,2026-07-17T17:24:17,v2026.07.1
H101,middle4460.txt_q0,A,2026-07-16T08:57:03,v2026.07.1
H093,middle4460.txt_q0,C,2026-07-14T06:10:40,v2026.07.1
H200,middle4460.txt_q0,B,2026-07-22T23:01:37,v2026.07.1
H149,middle4460.txt_q0,B,2026-07-20T03:35:26,v2026.07.1
H112,middle4460.txt_q0,A,2026-07-17T03:01:15,v2026.07.1
H033,middle4460.txt_q0,A,2026-07-13T05:29:14,v2026.07.1
H070,middle4460.txt_q0,B,2026-07-24T20:35:54,v2026.07.1
H150,middle4460.txt_q0,B,2026-07-19T20:50:24,v2026.07.1
H029,middle4460.txt_q0,B,2026-07-16T15:26:32,v2026.07.1
H194,middle4460.txt_q0,B,2026-07-21T10:21:11,v2026.07.1
H117,middle6510.txt_q3,C,2026-07-18T09:57:11,v2026.07.1
H066,middle6510.txt_q3,C,2026-07-21T06:33:33,v2026.07.1
H138,middle6510.txt_q3,C,2026-07-19T22:14:24,v2026.07.1
H047,middle6510.txt_q3,B,2026-07-21T20:44:16,v2026.07.1
H011,middle6510.txt_q3,C,2026-07-15T12:05:25,v2026.07.1
H197,middle6510.txt_q3,C,2026-07-17T05:24:56,v2026.07.1
H137,middle6510.txt_q3,A,2026-07-25T05:41:40,v2026.07.1
H186,middle6510.txt_q3,C,2026-07-13T08:56:14,v2026.07.1
H050,middle6510.txt_q3,C,2026-07-16T13:26:08,v2026.07.1
H134,middle6510.txt_q3,C,2026-07-25T12:46:43,v2026.07.1
H105,middle6510.txt_q3,C,2026-07-22T10:25:57,v2026.07.1
H005,middle6510.txt_q3,C,2026-07-14T15:54:25,v2026.07.1
H078,middle6510.txt_q3,C,2026-07-18T15:07:01,v2026.07.1
H136,middle6510.txt_q3,C,2026-07-10T14:32:40,v2026.07.1
H178,middle6510.txt_q3,C,2026-07-10T19:29:10,v2026.07.1
H073,middle6510.txt_q3,C,2026-07-16T11:17:53,v2026.07.1
H080,middle6510.txt_q3,C,2026-07-26T00:48:44,v2026.07.1
H079,middle6510.txt_q3,C,2026-07-20T20:36:06,v2026.07.1
H004,middle6510.txt_q3,B,2026-07-12T20:58:09,v2026.07.1
H038,middle6510.txt_q3,C,2026-07-19T23:04:21,v2026.07.1
H126,middle6510.txt_q3,C,2026-07-21T17:37:42,v2026.07.1
H198,middle6510.txt_q3,A,2026-07-20T08:12:46,v2026.07.1
H052,middle6510.txt_q3,B,2026-07-20T13:41:45,v2026.07.1
H054,middle6510.txt_q3,C,2026-07-17T22:08:38,v2026.07.1
H101,middle6510.txt_q3,C,2026-07-13T11:47:33,v2026.07.1
H045,middle6510.txt_q3,C,2026-07-22T22:54:38,v2026.07.1
H032,middle6510.txt_q3,C,2026-07-20T23:44:31,v2026.07.1
H012,middle6510.txt_q3,C,2026-07-12T23:52:18,v2026.07.1
H132,middle6510.txt_q3,C,2026-07-18T17:33:21,v2026.07.1
H127,middle6510.txt_q3,C,2026-07-18T03:43:40,v2026.07.1
H146,middle3372.txt_q3,A,2026-07-10T14:21:08,v2026.07.1
H191,middle3372.txt_q3,A,2026-07-20T10:40:30,v2026.07.1
H086,middle3372.txt_q3,A,2026-07-17T03:40:31,v2026.07.1
H095,middle3372.txt_q3,A,2026-07-20T11:32:12,v2026.07.1
H037,middle3372.txt_q3,A,2026-07-19T09:43:16,v2026.07.1
H155,middle3372.txt_q3,A,2026-07-19T01:37:56,v2026.07.1
H187,middle3372.txt_q3,A,2026-07-17T02:39:04,v2026.07.1
H124,middle3372.txt_q3,B,2026-07-26T19:18:39,v2026.07.1
H133,middle3372.txt_q3,D,2026-07-22T02:01:00,v2026.07.1
H078,middle3372.txt_q3,A,2026-07-20T00:08:06,v2026.07.1
H106,middle3372.txt_q3,A,2026-07-19T03:18:36,v2026.07.1
H179,middle3372.txt_q3,A,2026-07-22T03:41:33,v2026.07.1
H180,middle3372.txt_q3,C,2026-07-18T12:15:11,v2026.07.1
H130,middle3372.txt_q3,C,2026-07-23T16:24:48,v2026.07.1
H114,middle3372.txt_q3,B,2026-07-25T12:56:53,v2026.07.1
H094,middle3372.txt_q3,D,2026-07-21T16:32:24,v2026.07.1
H068,middle3372.txt_q3,A,2026-07-19T12:51:29,v2026.07.1
H034,middle3372.txt_q3,A,2026-07-21T00:55:49,v2026.07.1
H138,middle3372.txt_q3,A,2026-07-10T18:32:52,v2026.07.1
H085,middle3372.txt_q3,B,2026-07-20T00:10:06,v2026.07.1
H159,middle3372.txt_q3,A,2026-07-16T05:16:44,v2026.07.1
H050,middle3372.txt_q3,A,2026-07-15T06:39:57,v2026.07.1
H116,middle3372.txt_q3,D,2026-07-16T08:32:16,v2026.07.1
H189,middle3372.txt_q3,A,2026-07-12T08:03:34,v2026.07.1
H126,middle3372.txt_q3,A,2026-07-18T02:30:19,v2026.07.1
H123,middle3372.txt_q3,B,2026-07-15T16:16:38,v2026.07.1
H042,middle3372.txt_q3,A,2026-07-19T23:24:50,v2026.07.1
H002,middle3372.txt_q3,A,2026-07-12T20:35:59,v2026.07.1
H066,middle3372.txt_q3,A,2026-07-17T16:32:57,v2026.07.1
H075,middle3372.txt_q3,A,2026-07-24T00:08:19,v2026.07.1
H072,middle7673.txt_q0,C,2026-07-16T20:42:41,v2026.07.1
H149,middle7673.txt_q0,C,2026-07-21T04:38:27,v2026.07.1
H126,middle7673.txt_q0,B,2026-07-11T04:40:21,v2026.07.1
H014,middle7673.txt_q0,C,2026-07-19T08:59:52,v2026.07.1
H020,middle7673.txt_q0,C,2026-07-25T05:14:54,v2026.07.1
H092,middle7673.txt_q0,B,2026-07-20T23:59:20,v2026.07.1
H048,middle7673.txt_q0,C,2026-07-18T11:49:56,v2026.07.1
H187,middle7673.txt_q0,B,2026-07-21T06:57:17,v2026.07.1
H190,middle7673.txt_q0,D,2026-07-13T01:33:07,v2026.07.1
H078,middle7673.txt_q0,B,2026-07-11T13:06:12,v2026.07.1
H015,middle7673.txt_q0,C,2026-07-12T05:35:52,v2026.07.1
H143,middle7673.txt_q0,C,2026-07-23T23:34:31,v2026.07.1
H175,middle7673.txt_q0,C,2026-07-25T07:35:51,v2026.07.1
H133,middle7673.txt_q0,B,2026-07-10T23:52:43,v2026.07.1
H069,middle7673.txt_q0,C,2026-07-22T04:12:18,v2026.07.1
H008,middle7673.txt_q0,C,2026-07-26T03:44:26,v2026.07.1
H162,middle7673.txt_q0,C,2026-07-11T05:49:31,v2026.07.1
H057,middle7673.txt_q0,C,2026-07-25T16:06:39,v2026.07.1
H152,middle7673.txt_q0,D,2026-07-26T07:38:43,v2026.07.1
H141,middle7673.txt_q0,C,2026-07-20T00:10:18,v2026.07.1
H039,middle7673.txt_q0,C,2026-07-13T23:39:42,v2026.07.1
H177,middle7673.txt_q0,C,2026-07-11T18:35:03,v2026.07.1
H142,middle7673.txt_q0,D,2026-07-13T23:00:31,v2026.07.1
H033,middle7673.txt_q0,C,2026-07-12T14:28:10,v2026.07.1
H099,middle7673.txt_q0,C,2026-07-15T00:50:46,v2026.07.1
H073,middle7673.txt_q0,C,2026-07-12T20:25:44,v2026.07.1
H176,middle7673.txt_q0,C,2026-07-12T17:54:53,v2026.07.1
H108,middle7673.txt_q0,C,2026-07-24T11:50:38,v2026.07.1
H052,middle7673.txt_q0,C,2026-07-26T06:18:48,v2026.07.1
H045,middle7673.txt_q0,B,2026-07-26T23:44:06,v2026.07.1
H053,middle3103.txt_q1,C,2026-07-13T16:01:15,v2026.07.1
H105,middle3103.txt_q1,B,2026-07-23T13:18:43,v2026.07.1
H182,middle3103.txt_q1,B,2026-07-21T04:52:22,v2026.07.1
H133,middle3103.txt_q1,B,2026-07-23T05:21:01,v2026.07.1
H109,middle3103.txt_q1,B,2026-07-12T14:11:55,v2026.07.1
H043,middle3103.txt_q1,B,2026-07-14T16:19:18,v2026.07.1
H084,middle3103.txt_q1,B,2026-07-21T01:51:46,v2026.07.1
H081,middle3103.txt_q1,C,2026-07-22T02:07:10,v2026.07.1
H147,middle3103.txt_q1,B,2026-07-24T06:32:41,v2026.07.1
H195,middle3103.txt_q1,B,2026-07-21T12:35:06,v2026.07.1
H102,middle3103.txt_q1,B,2026-07-16T09:42:41,v2026.07.1
H025,middle3103.txt_q1,B,2026-07-25T09:09:00,v2026.07.1
H069,middle3103.txt_q1,B,2026-07-21T16:22:52,v2026.07.1
H176,middle3103.txt_q1,B,2026-07-12T01:00:59,v2026.07.1
H015,middle3103.txt_q1,A,2026-07-16T08:23:50,v2026.07.1
H065,middle3103.txt_q1,B,2026-07-12T04:32:40,v2026.07.1
H018,middle3103.txt_q1,B,2026-07-12T20:08:08,v2026.07.1
H040,middle3103.txt_q1,D,2026-07-21T22:04:30,v2026.07.1
H193,middle3103.txt_q1,B,2026-07-21T16:24:18,v2026.07.1
H088,middle3103.txt_q1,B,2026-07-20T08:45:12,v2026.07.1
H094,middle3103.txt_q1,B,2026-07-16T20:08:12,v2026.07.1
H168,middle3103.txt_q1,B,2026-07-15T06:46:06,v2026.07.1
H134,middle3103.txt_q1,B,2026-07-25T19:14:35,v2026.07.1
H096,middle3103.txt_q1,C,2026-07-14T22:34:10,v2026.07.1
H085,middle3103.txt_q1,B,2026-07-21T20:34:28,v2026.07.1
H083,middle3103.txt_q1,B,2026-07-13T04:02:43,v2026.07.1
H091,middle3103.txt_q1,D,2026-07-16T10:02:58,v2026.07.1
H121,middle3103.txt_q1,B,2026-07-25T05:42:54,v2026.07.1
H143,middle3103.txt_q1,B,2026-07-14T20:57:19,v2026.07.1
H058,middle3103.txt_q1,A,2026-07-24T18:59:46,v2026.07.1
H200,middle6456.txt_q0,D,2026-07-23T19:30:39,v2026.07.1
H072,middle6456.txt_q0,D,2026-07-24T09:12:58,v2026.07.1
H008,middle6456.txt_q0,D,2026-07-19T10:36:53,v2026.07.1
H114,middle6456.txt_q0,D,2026-07-15T21:08:25,v2026.07.1
H084,middle6456.txt_q0,A,2026-07-27T10:41:16,v2026.07.1
H009,middle6456.txt_q0,D,2026-07-16T18:43:42,v2026.07.1
H064,middle6456.txt_q0,D,2026-07-24T20:26:02,v2026.07.1
H036,middle6456.txt_q0,D,2026-07-25T05:38:31,v2026.07.1
H118,middle6456.txt_q0,C,2026-07-15T13:47:53,v2026.07.1
H185,middle6456.txt_q0,C,2026-07-10T16:10:16,v2026.07.1
H127,middle6456.txt_q0,D,2026-07-11T23:53:35,v2026.07.1
H090,middle6456.txt_q0,A,2026-07-24T13:49:34,v2026.07.1
H197,middle6456.txt_q0,D,2026-07-16T04:29:42,v2026.07.1
H155,middle6456.txt_q0,D,2026-07-12T17:45:09,v2026.07.1
H177,middle6456.txt_q0,D,2026-07-19T12:49:21,v2026.07.1
H045,middle6456.txt_q0,D,2026-07-14T03:04:42,v2026.07.1
H044,middle6456.txt_q0,C,2026-07-10T21:35:25,v2026.07.1
H191,middle6456.txt_q0,B,2026-07-25T14:30:47,v2026.07.1
H194,middle6456.txt_q0,A,2026-07-14T14:34:52,v2026.07.1
H103,middle6456.txt_q0,C,2026-07-12T20:53:24,v2026.07.1
H043,middle6456.txt_q0,D,2026-07-16T13:32:47,v2026.07.1
H134,middle6456.txt_q0,B,2026-07-17T02:05:36,v2026.07.1
H164,middle6456.txt_q0,A,2026-07-16T08:39:41,v2026.07.1
H091,middle6456.txt_q0,D,2026-07-19T16:53:34,v2026.07.1
H130,middle6456.txt_q0,C,2026-07-11T01:35:06,v2026.07.1
H174,middle6456.txt_q0,D,2026-07-26T03:50:26,v2026.07.1
H033,middle6456.txt_q0,D,2026-07-17T10:36:45,v2026.07.1
H038,middle6456.txt_q0,C,2026-07-26T15:48:41,v2026.07.1
H110,middle6456.txt_q0,D,2026-07-14T03:30:19,v2026.07.1
H095,middle6456.txt_q0,D,2026-07-18T02:39:57,v2026.07.1
H078,middle2507.txt_q1,D,2026-07-24T21:14:33,v2026.07.1
H153,middle2507.txt_q1,B,2026-07-22T08:38:32,v2026.07.1
H198,middle2507.txt_q1,D,2026-07-26T12:13:03,v2026.07.1
H087,middle2507.txt_q1,D,2026-07-20T13:26:15,v2026.07.1
H007,middle2507.txt_q1,D,2026-07-18T04:43:02,v2026.07.1
H158,middle2507.txt_q1,D,2026-07-19T21:15:01,v2026.07.1
H183,middle2507.txt_q1,D,2026-07-20T04:38:39,v2026.07.1
H197,middle2507.txt_q1,D,2026-07-12T19:15:21,v2026.07.1
H035,middle2507.txt_q1,D,2026-07-20T06:33:16,v2026.07.1
H040,middle2507.txt_q1,D,2026-07-24T20:04:41,v2026.07.1
H118,middle2507.txt_q1,B,2026-07-25T07:24:41,v2026.07.1
H182,middle2507.txt_q1,D,2026-07-15T00:27:30,v2026.07.1
H071,middle2507.txt_q1,D,2026-07-24T17:00:41,v2026.07.1
H189,middle2507.txt_q1,A,2026-07-27T10:13:36,v2026.07.1
H185,middle2507.txt_q1,B,2026-07-18T11:40:16,v2026.07.1
H122,middle2507.txt_q1,D,2026-07-19T20:15:21,v2026.07.1
H195,middle2507.txt_q1,D,2026-07-24T03:39:28,v2026.07.1
H055,middle2507.txt_q1,D,2026-07-24T14:41:56,v2026.07.1
H069,middle2507.txt_q1,D,2026-07-16T21:01:07,v2026.07.1
H031,middle2507.txt_q1,D,2026-07-21T04:57:05,v2026.07.1
H043,middle2507.txt_q1,D,2026-07-25T10:44:30,v2026.07.1
H019,middle2507.txt_q1,B,2026-07-24T17:29:37,v2026.07.1
H001,middle2507.txt_q1,D,2026-07-10T21:53:44,v2026.07.1
H123,middle2507.txt_q1,C,2026-07-11T11:22:43,v2026.07.1
H025,middle2507.txt_q1,B,2026-07-13T12:32:33,v2026.07.1
H178,middle2507.txt_q1,D,2026-07-19T18:16:41,v2026.07.1
H152,middle2507.txt_q1,D,2026-07-17T10:29:04,v2026.07.1
H171,middle2507.txt_q1,D,2026-07-14T15:20:26,v2026.07.1
H046,middle2507.txt_q1,D,2026-07-15T10:06:04,v2026.07.1
H143,middle2507.txt_q1,D,2026-07-26T03:45:48,v2026.07.1
H019,middle2407.txt_q0,D,2026-07-11T17:52:51,v2026.07.1
H029,middle2407.txt_q0,D,2026-07-13T06:46:26,v2026.07.1
H179,middle2407.txt_q0,D,2026-07-20T11:17:31,v2026.07.1
H028,middle2407.txt_q0,D,2026-07-22T02:16:14,v2026.07.1
H177,middle2407.txt_q0,D,2026-07-17T06:24:36,v2026.07.1
H169,middle2407.txt_q0,D,2026-07-18T09:59:33,v2026.07.1
H027,middle2407.txt_q0,D,2026-07-17T03:50:13,v2026.07.1
H046,middle2407.txt_q0,D,2026-07-14T07:35:12,v2026.07.1
H059,middle2407.txt_q0,D,2026-07-25T05:06:16,v2026.07.1
H135,middle2407.txt_q0,D,2026-07-22T16:32:51,v2026.07.1
H136,middle2407.txt_q0,B,2026-07-13T09:57:47,v2026.07.1
H154,middle2407.txt_q0,D,2026-07-19T01:12:49,v2026.07.1
H076,middle2407.txt_q0,D,2026-07-12T05:25:17,v2026.07.1
H058,middle2407.txt_q0,B,2026-07-22T16:40:11,v2026.07.1
H004,middle2407.txt_q0,B,2026-07-20T18:51:12,v2026.07.1
H014,middle2407.txt_q0,D,2026-07-10T16:40:40,v2026.07.1
H032,middle2407.txt_q0,C,2026-07-16T00:33:28,v2026.07.1
H107,middle2407.txt_q0,A,2026-07-20T20:00:01,v2026.07.1
H128,middle2407.txt_q0,C,2026-07-13T20:41:36,v2026.07.1
H025,middle2407.txt_q0,D,2026-07-10T20:35:51,v2026.07.1
H155,middle2407.txt_q0,C,2026-07-15T02:51:57,v2026.07.1
H149,middle2407.txt_q0,A,2026-07-11T06:04:50,v2026.07.1
H160,middle2407.txt_q0,D,2026-07-22T05:40:38,v2026.07.1
H085,middle2407.txt_q0,D,2026-07-14T06:05:42,v2026.07.1
H057,middle2407.txt_q0,A,2026-07-13T05:28:05,v2026.07.1
H030,middle2407.txt_q0,D,2026-07-21T21:07:35,v2026.07.1
H072,middle2407.txt_q0,D,2026-07-18T01:36:13,v2026.07.1
H180,middle2407.txt_q0,A,2026-07-21T17:32:47,v2026.07.1
H153,middle2407.txt_q0,B,2026-07-12T10:13:45,v2026.07.1
H182,middle2407.txt_q0,D,2026-07-24T22:53:37,v2026.07.1
H153,middle5339.txt_q3,B,2026-07-12T01:18:37,v2026.07.1
H088,middle5339.txt_q3,D,2026-07-17T05:55:03,v2026.07.1
H036,middle5339.txt_q3,C,2026-07-23T15:08:54,v2026.07.1
H027,middle5339.txt_q3,B,2026-07-13T01:02:54,v2026.07.1
H042,middle5339.txt_q3,B,2026-07-27T06:24:40,v2026.07.1
H154,middle5339.txt_q3,A,2026-07-14T23:55:46,v2026.07.1
H131,middle5339.txt_q3,C,2026-07-24T07:51:20,v2026.07.1
H070,middle5339.txt_q3,B,2026-07-11T22:58:56,v2026.07.1
H029,middle5339.txt_q3,B,2026-07-26T03:33:42,v2026.07.1
H026,middle5339.txt_q3,B,2026-07-27T10:52:10,v2026.07.1
H136,middle5339.txt_q3,C,2026-07-18T13:41:31,v2026.07.1
H059,middle5339.txt_q3,D,2026-07-25T04:11:39,v2026.07.1
H073,middle5339.txt_q3,D,2026-07-20T22:04:50,v2026.07.1
H102,middle5339.txt_q3,D,2026-07-17T03:40:44,v2026.07.1
H035,middle5339.txt_q3,B,2026-07-19T02:30:35,v2026.07.1
H162,middle5339.txt_q3,B,2026-07-19T04:32:10,v2026.07.1
H033,middle5339.txt_q3,A,2026-07-11T08:58:01,v2026.07.1
H051,middle5339.txt_q3,B,2026-07-11T08:02:06,v2026.07.1
H160,middle5339.txt_q3,B,2026-07-27T10:02:32,v2026.07.1
H058,middle5339.txt_q3,B,2026-07-19T19:43:56,v2026.07.1
H014,middle5339.txt_q3,C,2026-07-15T19:22:38,v2026.07.1
H123,middle5339.txt_q3,D,2026-07-24T20:54:36,v2026.07.1
H086,middle5339.txt_q3,C,2026-07-25T09:56:00,v2026.07.1
H016,middle5339.txt_q3,B,2026-07-26T08:57:50,v2026.07.1
H020,middle5339.txt_q3,C,2026-07-23T03:40:06,v2026.07.1
H090,middle5339.txt_q3,A,2026-07-23T08:08:28,v2026.07.1
H185,middle5339.txt_q3,B,2026-07-18T01:28:08,v2026.07.1
H075,middle5339.txt_q3,B,2026-07-17T13:35:35,v2026.07.1
H141,middle5339.txt_q3,B,2026-07-14T16:14:34,v2026.07.1
H025,middle5339.txt_q3,B,2026-07-11T11:29:33,v2026.07.1
H060,middle8073.txt_q2,A,2026-07-23T18:00:17,v2026.07.1
H174,middle8073.txt_q2,B,2026-07-11T21:58:45,v2026.07.1
H094,middle8073.txt_q2,D,2026-07-25T02:06:50,v2026.07.1
H190,middle8073.txt_q2,C,2026-07-18T02:11:10,v2026.07.1
H078,middle8073.txt_q2,B,2026-07-16T18:13:24,v2026.07.1
H028,middle8073.txt_q2,B,2026-07-18T08:44:59,v2026.07.1
H176,middle8073.txt_q2,D,2026-07-11T22:14:04,v2026.07.1
H186,middle8073.txt_q2,B,2026-07-22T20:40:35,v2026.07.1
H105,middle8073.txt_q2,A,2026-07-13T04:53:42,v2026.07.1
H200,middle8073.txt_q2,B,2026-07-25T02:20:07,v2026.07.1
H030,middle8073.txt_q2,B,2026-07-24T10:41:53,v2026.07.1
H177,middle8073.txt_q2,D,2026-07-17T00:44:59,v2026.07.1
H025,middle8073.txt_q2,B,2026-07-10T09:56:34,v2026.07.1
H128,middle8073.txt_q2,B,2026-07-23T18:51:38,v2026.07.1
H196,middle8073.txt_q2,B,2026-07-27T07:50:24,v2026.07.1
H088,middle8073.txt_q2,B,2026-07-20T15:50:51,v2026.07.1
H110,middle8073.txt_q2,A,2026-07-18T06:00:54,v2026.07.1
H061,middle8073.txt_q2,B,2026-07-27T02:39:17,v2026.07.1
H147,middle8073.txt_q2,B,2026-07-25T06:39:05,v2026.07.1
H135,middle8073.txt_q2,B,2026-07-20T23:25:39,v2026.07.1
H016,middle8073.txt_q2,B,2026-07-10T22:51:24,v2026.07.1
H194,middle8073.txt_q2,B,2026-07-16T13:35:10,v2026.07.1
H116,middle8073.txt_q2,B,2026-07-25T21:49:36,v2026.07.1
H037,middle8073.txt_q2,B,2026-07-24T22:22:29,v2026.07.1
H132,middle8073.txt_q2,B,2026-07-13T09:23:00,v2026.07.1
H034,middle8073.txt_q2,D,2026-07-19T12:56:48,v2026.07.1
H004,middle8073.txt_q2,B,2026-07-21T06:07:01,v2026.07.1
H063,middle8073.txt_q2,B,2026-07-24T19:45:31,v2026.07.1
H075,middle8073.txt_q2,B,2026-07-13T17:16:44,v2026.07.1
H009,middle8073.txt_q2,B,2026-07-15T05:48:16,v2026.07.1
H123,middle728.txt_q2,C,2026-07-18T21:04:19,v2026.07.1
H173,middle728.txt_q2,B,2026-07-18T22:12:40,v2026.07.1
H073,middle728.txt_q2,B,2026-07-21T16:05:23,v2026.07.1
H165,middle728.txt_q2,B,2026-07-20T11:38:58,v2026.07.1
H077,middle728.txt_q2,B,2026-07-27T04:14:22,v2026.07.1
H053,middle728.txt_q2,B,2026-07-20T00:14:14,v2026.07.1
H120,middle728.txt_q2,D,2026-07-24T20:16:29,v2026.07.1
H102,middle728.txt_q2,B,2026-07-22T11:24:29,v2026.07.1
H028,middle728.txt_q2,B,2026-07-17T04:09:54,v2026.07.1
H011,middle728.txt_q2,B,2026-07-24T21:57:30,v2026.07.1
H195,middle728.txt_q2,B,2026-07-21T08:05:15,v2026.07.1
H141,middle728.txt_q2,B,2026-07-25T13:52:54,v2026.07.1
H078,middle728.txt_q2,B,2026-07-25T09:25:01,v2026.07.1
H016,middle728.txt_q2,A,2026-07-22T21:18:51,v2026.07.1
H164,middle728.txt_q2,B,2026-07-27T12:40:32,v2026.07.1
H158,middle728.txt_q2,B,2026-07-15T17:06:03,v2026.07.1
H010,middle728.txt_q2,B,2026-07-20T13:32:04,v2026.07.1
H040,middle728.txt_q2,B,2026-07-11T01:04:32,v2026.07.1
H140,middle728.txt_q2,C,2026-07-19T13:53:43,v2026.07.1
H063,middle728.txt_q2,A,2026-07-14T19:04:23,v2026.07.1
H069,middle728.txt_q2,B,2026-07-14T18:56:16,v2026.07.1
H030,middle728.txt_q2,D,2026-07-13T03:05:24,v2026.07.1
H185,middle728.txt_q2,B,2026-07-22T02:40:13,v2026.07.1
H067,middle728.txt_q2,B,2026-07-15T04:22:48,v2026.07.1
H138,middle728.txt_q2,B,2026-07-15T09:09:39,v2026.07.1
H169,middle728.txt_q2,B,2026-07-17T16:19:50,v2026.07.1
H183,middle728.txt_q2,B,2026-07-25T01:16:58,v2026.07.1
H081,middle728.txt_q2,B,2026-07-15T08:28:03,v2026.07.1
H197,middle728.txt_q2,B,2026-07-19T04:02:50,v2026.07.1
H130,middle728.txt_q2,A,2026-07-23T07:27:43,v2026.07.1
H050,middle5339.txt_q2,D,2026-07-21T18:23:33,v2026.07.1
H053,middle5339.txt_q2,D,2026-07-25T05:43:42,v2026.07.1
H180,middle5339.txt_q2,D,2026-07-11T05:36:48,v2026.07.1
H187,middle5339.txt_q2,D,2026-07-15T09:42:03,v2026.07.1
H175,middle5339.txt_q2,D,2026-07-24T11:17:06,v2026.07.1
H079,middle5339.txt_q2,D,2026-07-19T03:41:06,v2026.07.1
H150,middle5339.txt_q2,D,2026-07-13T17:37:42,v2026.07.1
H189,middle5339.txt_q2,C,2026-07-21T15:52:31,v2026.07.1
H060,middle5339.txt_q2,D,2026-07-23T00:45:33,v2026.07.1
H052,middle5339.txt_q2,A,2026-07-21T03:28:52,v2026.07.1
H046,middle5339.txt_q2,D,2026-07-10T14:51:34,v2026.07.1
H166,middle5339.txt_q2,D,2026-07-26T22:13:57,v2026.07.1
H172,middle5339.txt_q2,A,2026-07-20T08:16:03,v2026.07.1
H179,middle5339.txt_q2,D,2026-07-19T09:11:04,v2026.07.1
H139,middle5339.txt_q2,D,2026-07-16T08:00:11,v2026.07.1
H114,middle5339.txt_q2,C,2026-07-21T03:09:40,v2026.07.1
H080,middle5339.txt_q2,D,2026-07-14T02:14:14,v2026.07.1
H090,middle5339.txt_q2,D,2026-07-24T01:17:29,v2026.07.1
H125,middle5339.txt_q2,C,2026-07-20T00:01:36,v2026.07.1
H136,middle5339.txt_q2,C,2026-07-14T17:23:26,v2026.07.1
H030,middle5339.txt_q2,D,2026-07-19T18:35:47,v2026.07.1
H055,middle5339.txt_q2,D,2026-07-11T04:03:45,v2026.07.1
H056,middle5339.txt_q2,A,2026-07-19T14:41:39,v2026.07.1
H195,middle5339.txt_q2,D,2026-07-22T20:34:18,v2026.07.1
H193,middle5339.txt_q2,D,2026-07-11T03:48:13,v2026.07.1
H096,middle5339.txt_q2,A,2026-07-17T23:07:59,v2026.07.1
H101,middle5339.txt_q2,D,2026-07-23T12:07:10,v2026.07.1
H130,middle5339.txt_q2,A,2026-07-14T04:25:37,v2026.07.1
H107,middle5339.txt_q2,D,2026-07-14T01:14:41,v2026.07.1
H005,middle5339.txt_q2,B,2026-07-19T10:32:13,v2026.07.1
H077,middle611.txt_q1,C,2026-07-20T21:10:34,v2026.07.1
H117,middle611.txt_q1,D,2026-07-19T09:13:34,v2026.07.1
H127,middle611.txt_q1,C,2026-07-15T14:13:26,v2026.07.1
H151,middle611.txt_q1,C,2026-07-21T18:05:32,v2026.07.1
H095,middle611.txt_q1,A,2026-07-20T21:55:46,v2026.07.1
H137,middle611.txt_q1,C,2026-07-20T11:10:57,v2026.07.1
H026,middle611.txt_q1,C,2026-07-12T11:13:28,v2026.07.1
H078,middle611.txt_q1,B,2026-07-19T20:02:39,v2026.07.1
H190,middle611.txt_q1,A,2026-07-15T03:59:24,v2026.07.1
H130,middle611.txt_q1,D,2026-07-22T17:19:07,v2026.07.1
H042,middle611.txt_q1,C,2026-07-11T23:06:26,v2026.07.1
H157,middle611.txt_q1,C,2026-07-12T08:55:59,v2026.07.1
H173,middle611.txt_q1,C,2026-07-27T08:48:43,v2026.07.1
H072,middle611.txt_q1,D,2026-07-13T13:56:53,v2026.07.1
H164,middle611.txt_q1,C,2026-07-10T09:52:03,v2026.07.1
H087,middle611.txt_q1,B,2026-07-23T14:01:50,v2026.07.1
H175,middle611.txt_q1,C,2026-07-17T08:46:48,v2026.07.1
H101,middle611.txt_q1,C,2026-07-18T04:06:55,v2026.07.1
H002,middle611.txt_q1,C,2026-07-11T19:18:13,v2026.07.1
H141,middle611.txt_q1,C,2026-07-27T12:32:36,v2026.07.1
H103,middle611.txt_q1,C,2026-07-13T14:45:52,v2026.07.1
H081,middle611.txt_q1,A,2026-07-17T14:38:55,v2026.07.1
H075,middle611.txt_q1,A,2026-07-24T09:28:46,v2026.07.1
H193,middle611.txt_q1,C,2026-07-25T13:11:02,v2026.07.1
H161,middle611.txt_q1,C,2026-07-20T06:29:50,v2026.07.1
H167,middle611.txt_q1,B,2026-07-24T04:32:17,v2026.07.1
H007,middle611.txt_q1,C,2026-07-25T16:37:17,v2026.07.1
H189,middle611.txt_q1,C,2026-07-17T07:11:09,v2026.07.1
H044,middle611.txt_q1,D,2026-07-13T19:31:37,v2026.07.1
H053,middle611.txt_q1,B,2026-07-21T07:10:24,v2026.07.1
H006,middle5162.txt_q2,C,2026-07-11T10:37:28,v2026.07.1
H112,middle5162.txt_q2,C,2026-07-11T15:04:15,v2026.07.1
H135,middle5162.txt_q2,C,2026-07-11T14:01:48,v2026.07.1
H044,middle5162.txt_q2,A,2026-07-17T09:09:16,v2026.07.1
H058,middle5162.txt_q2,C,2026-07-24T09:56:32,v2026.07.1
H193,middle5162.txt_q2,C,2026-07-25T10:30:49,v2026.07.1
H048,middle5162.txt_q2,D,2026-07-18T11:14:40,v2026.07.1
H007,middle5162.txt_q2,C,2026-07-20T09:42:29,v2026.07.1
H095,middle5162.txt_q2,C,2026-07-11T05:59:38,v2026.07.1
H079,middle5162.txt_q2,A,2026-07-26T02:29:25,v2026.07.1
H050,middle5162.txt_q2,C,2026-07-17T14:05:27,v2026.07.1
H075,middle5162.txt_q2,D,2026-07-14T10:20:03,v2026.07.1
H065,middle5162.txt_q2,A,2026-07-14T09:52:14,v2026.07.1
H146,middle5162.txt_q2,C,2026-07-15T07:03:12,v2026.07.1
H194,middle5162.txt_q2,C,2026-07-27T00:31:40,v2026.07.1
H013,middle5162.txt_q2,C,2026-07-15T14:57:29,v2026.07.1
H026,middle5162.txt_q2,D,2026-07-26T15:33:03,v2026.07.1
H111,middle5162.txt_q2,C,2026-07-26T17:50:48,v2026.07.1
H062,middle5162.txt_q2,C,2026-07-26T13:37:56,v2026.07.1
H056,middle5162.txt_q2,C,2026-07-19T03:34:50,v2026.07.1
H181,middle5162.txt_q2,C,2026-07-24T04:18:31,v2026.07.1
H003,middle5162.txt_q2,C,2026-07-21T18:22:32,v2026.07.1
H012,middle5162.txt_q2,C,2026-07-12T00:04:23,v2026.07.1
H009,middle5162.txt_q2,C,2026-07-12T12:43:24,v2026.07.1
H109,middle5162.txt_q2,B,2026-07-24T15:14:02,v2026.07.1
H030,middle5162.txt_q2,C,2026-07-23T06:59:53,v2026.07.1
H055,middle5162.txt_q2,C,2026-07-20T22:43:47,v2026.07.1
H097,middle5162.txt_q2,B,2026-07-13T21:18:23,v2026.07.1
H128,middle5162.txt_q2,C,2026-07-14T05:20:07,v2026.07.1
H087,middle5162.txt_q2,C,2026-07-26T09:27:04,v2026.07.1
H180,middle3016.txt_q0,D,2026-07-23T13:23:05,v2026.07.1
H117,middle3016.txt_q0,B,2026-07-14T12:56:49,v2026.07.1
H055,middle3016.txt_q0,A,2026-07-17T05:36:03,v2026.07.1
H144,middle3016.txt_q0,B,2026-07-24T08:02:24,v2026.07.1
H087,middle3016.txt_q0,B,2026-07-25T16:27:40,v2026.07.1
H054,middle3016.txt_q0,B,2026-07-16T22:48:55,v2026.07.1
H122,middle3016.txt_q0,C,2026-07-10T10:39:00,v2026.07.1
H190,middle3016.txt_q0,D,2026-07-22T08:13:05,v2026.07.1
H053,middle3016.txt_q0,B,2026-07-26T02:28:22,v2026.07.1
H006,middle3016.txt_q0,A,2026-07-25T22:15:08,v2026.07.1
H125,middle3016.txt_q0,B,2026-07-23T08:58:42,v2026.07.1
H027,middle3016.txt_q0,A,2026-07-18T06:32:09,v2026.07.1
H091,middle3016.txt_q0,A,2026-07-25T11:35:24,v2026.07.1
H029,middle3016.txt_q0,B,2026-07-27T15:10:48,v2026.07.1
H111,middle3016.txt_q0,B,2026-07-12T02:28:58,v2026.07.1
H088,middle3016.txt_q0,B,2026-07-14T17:18:01,v2026.07.1
H100,middle3016.txt_q0,B,2026-07-17T21:47:06,v2026.07.1
H165,middle3016.txt_q0,B,2026-07-17T19:08:28,v2026.07.1
H083,middle3016.txt_q0,C,2026-07-24T23:59:40,v2026.07.1
H173,middle3016.txt_q0,B,2026-07-16T23:43:39,v2026.07.1
H043,middle3016.txt_q0,C,2026-07-24T16:49:48,v2026.07.1
H118,middle3016.txt_q0,B,2026-07-13T15:42:42,v2026.07.1
H159,middle3016.txt_q0,B,2026-07-19T02:06:35,v2026.07.1
H156,middle3016.txt_q0,B,2026-07-20T13:45:03,v2026.07.1
H078,middle3016.txt_q0,B,2026-07-23T21:47:59,v2026.07.1
H069,middle3016.txt_q0,A,2026-07-22T09:44:39,v2026.07.1
H123,middle3016.txt_q0,B,2026-07-12T23:14:06,v2026.07.1
H007,middle3016.txt_q0,A,2026-07-12T19:31:26,v2026.07.1
H095,middle3016.txt_q0,B,2026-07-18T05:59:17,v2026.07.1
H089,middle3016.txt_q0,A,2026-07-19T03:14:02,v2026.07.1
H097,middle2624.txt_q0,D,2026-07-25T02:26:32,v2026.07.1
H167,middle2624.txt_q0,D,2026-07-24T10:34:07,v2026.07.1
H186,middle2624.txt_q0,D,2026-07-20T08:41:00,v2026.07.1
H054,middle2624.txt_q0,D,2026-07-26T00:01:44,v2026.07.1
H037,middle2624.txt_q0,B,2026-07-16T17:36:39,v2026.07.1
H059,middle2624.txt_q0,D,2026-07-23T16:31:08,v2026.07.1
H159,middle2624.txt_q0,D,2026-07-16T08:30:32,v2026.07.1
H013,middle2624.txt_q0,A,2026-07-17T02:35:47,v2026.07.1
H053,middle2624.txt_q0,C,2026-07-25T07:34:22,v2026.07.1
H110,middle2624.txt_q0,D,2026-07-19T22:18:36,v2026.07.1
H039,middle2624.txt_q0,B,2026-07-25T02:28:51,v2026.07.1
H139,middle2624.txt_q0,D,2026-07-17T09:18:36,v2026.07.1
H084,middle2624.txt_q0,D,2026-07-21T06:59:14,v2026.07.1
H160,middle2624.txt_q0,D,2026-07-10T23:16:18,v2026.07.1
H114,middle2624.txt_q0,D,2026-07-26T04:22:18,v2026.07.1
H078,middle2624.txt_q0,D,2026-07-13T07:38:01,v2026.07.1
H129,middle2624.txt_q0,D,2026-07-19T09:20:43,v2026.07.1
H118,middle2624.txt_q0,D,2026-07-20T12:17:15,v2026.07.1
H020,middle2624.txt_q0,D,2026-07-16T00:54:04,v2026.07.1
H178,middle2624.txt_q0,D,2026-07-11T04:16:16,v2026.07.1
H046,middle2624.txt_q0,D,2026-07-16T05:02:16,v2026.07.1
H163,middle2624.txt_q0,D,2026-07-16T10:22:36,v2026.07.1
H056,middle2624.txt_q0,D,2026-07-12T03:42:55,v2026.07.1
H140,middle2624.txt_q0,D,2026-07-26T08:21:39,v2026.07.1
H189,middle2624.txt_q0,D,2026-07-10T16:43:55,v2026.07.1
H009,middle2624.txt_q0,D,2026-07-18T03:23:13,v2026.07.1
H077,middle2624.txt_q0,D,2026-07-14T12:52:17,v2026.07.1
H021,middle2624.txt_q0,D,2026-07-12T19:12:02,v2026.07.1
H122,middle2624.txt_q0,D,2026-07-24T19:35:31,v2026.07.1
H033,middle2624.txt_q0,C,2026-07-12T01:46:27,v2026.07.1
H040,middle1642.txt_q1,B,2026-07-25T22:22:42,v2026.07.1
H116,middle1642.txt_q1,A,2026-07-15T08:51:04,v2026.07.1
H133,middle1642.txt_q1,B,2026-07-17T13:16:30,v2026.07.1
H002,middle1642.txt_q1,B,2026-07-19T13:53:59,v2026.07.1
H176,middle1642.txt_q1,D,2026-07-12T03:40:52,v2026.07.1
H044,middle1642.txt_q1,B,2026-07-22T05:17:17,v2026.07.1
H109,middle1642.txt_q1,B,2026-07-22T14:04:17,v2026.07.1
H173,middle1642.txt_q1,B,2026-07-13T10:08:32,v2026.07.1
H045,middle1642.txt_q1,B,2026-07-24T01:26:48,v2026.07.1
H118,middle1642.txt_q1,B,2026-07-17T11:46:13,v2026.07.1
H157,middle1642.txt_q1,B,2026-07-15T03:03:50,v2026.07.1
H035,middle1642.txt_q1,B,2026-07-11T21:14:59,v2026.07.1
H073,middle1642.txt_q1,C,2026-07-10T18:34:22,v2026.07.1
H200,middle1642.txt_q1,B,2026-07-23T23:40:10,v2026.07.1
H028,middle1642.txt_q1,A,2026-07-14T12:30:19,v2026.07.1
H185,middle1642.txt_q1,A,2026-07-25T18:47:45,v2026.07.1
H174,middle1642.txt_q1,A,2026-07-18T01:46:38,v2026.07.1
H077,middle1642.txt_q1,B,2026-07-20T19:27:08,v2026.07.1
H049,middle1642.txt_q1,C,2026-07-13T08:20:59,v2026.07.1
H098,middle1642.txt_q1,B,2026-07-13T13:54:37,v2026.07.1
H195,middle1642.txt_q1,B,2026-07-15T20:30:08,v2026.07.1
H034,middle1642.txt_q1,B,2026-07-22T16:52:59,v2026.07.1
H057,middle1642.txt_q1,C,2026-07-22T20:29:38,v2026.07.1
H113,middle1642.txt_q1,B,2026-07-24T12:16:30,v2026.07.1
H120,middle1642.txt_q1,B,2026-07-24T08:16:04,v2026.07.1
H048,middle1642.txt_q1,A,2026-07-21T02:27:11,v2026.07.1
H130,middle1642.txt_q1,A,2026-07-19T11:24:36,v2026.07.1
H111,middle1642.txt_q1,D,2026-07-23T09:39:47,v2026.07.1
H064,middle1642.txt_q1,B,2026-07-12T20:41:22,v2026.07.1
H081,middle1642.txt_q1,B,2026-07-21T20:24:40,v2026.07.1
H183,middle2927.txt_q4,D,2026-07-13T16:54:53,v2026.07.1
H198,middle2927.txt_q4,D,2026-07-14T09:34:42,v2026.07.1
H182,middle2927.txt_q4,C,2026-07-23T02:51:16,v2026.07.1
H005,middle2927.txt_q4,D,2026-07-17T09:09:25,v2026.07.1
H018,middle2927.txt_q4,A,2026-07-22T21:00:07,v2026.07.1
H097,middle2927.txt_q4,D,2026-07-26T05:19:26,v2026.07.1
H194,middle2927.txt_q4,A,2026-07-22T12:05:00,v2026.07.1
H166,middle2927.txt_q4,D,2026-07-13T13:03:11,v2026.07.1
H012,middle2927.txt_q4,D,2026-07-15T11:52:38,v2026.07.1
H030,middle2927.txt_q4,A,2026-07-19T18:04:06,v2026.07.1
H077,middle2927.txt_q4,D,2026-07-15T01:20:25,v2026.07.1
H118,middle2927.txt_q4,D,2026-07-26T06:43:40,v2026.07.1
H013,middle2927.txt_q4,B,2026-07-23T18:07:19,v2026.07.1
H104,middle2927.txt_q4,A,2026-07-14T04:58:35,v2026.07.1
H021,middle2927.txt_q4,A,2026-07-11T01:24:26,v2026.07.1
H002,middle2927.txt_q4,C,2026-07-24T17:32:51,v2026.07.1
H048,middle2927.txt_q4,B,2026-07-15T16:39:48,v2026.07.1
H135,middle2927.txt_q4,D,2026-07-22T04:44:51,v2026.07.1
H178,middle2927.txt_q4,D,2026-07-15T07:11:14,v2026.07.1
H090,middle2927.txt_q4,D,2026-07-14T05:04:07,v2026.07.1
H152,middle2927.txt_q4,D,2026-07-19T18:49:33,v2026.07.1
H096,middle2927.txt_q4,D,2026-07-20T11:01:40,v2026.07.1
H016,middle2927.txt_q4,D,2026-07-23T07:25:07,v2026.07.1
H076,middle2927.txt_q4,B,2026-07-24T23:30:35,v2026.07.1
H102,middle2927.txt_q4,D,2026-07-11T12:45:58,v2026.07.1
H032,middle2927.txt_q4,D,2026-07-27T02:09:58,v2026.07.1
H004,middle2927.txt_q4,D,2026-07-19T07:25:11,v2026.07.1
H114,middle2927.txt_q4,D,2026-07-24T22:03:09,v2026.07.1
H192,middle2927.txt_q4,D,2026-07-11T16:54:44,v2026.07.1
H082,middle2927.txt_q4,D,2026-07-17T04:35:36,v2026.07.1
H135,middle1031.txt_q1,D,2026-07-16T16:29:24,v2026.07.1
H042,middle1031.txt_q1,D,2026-07-21T13:39:22,v2026.07.1
H093,middle1031.txt_q1,D,2026-07-18T09:53:57,v2026.07.1
H057,middle1031.txt_q1,D,2026-07-18T05:06:30,v2026.07.1
H151,middle1031.txt_q1,A,2026-07-22T08:24:35,v2026.07.1
H131,middle1031.txt_q1,D,2026-07-13T09:58:17,v2026.07.1
H172,middle1031.txt_q1,D,2026-07-11T10:43:08,v2026.07.1
H104,middle1031.txt_q1,D,2026-07-16T16:45:08,v2026.07.1
H140,middle1031.txt_q1,D,2026-07-13T13:15:57,v2026.07.1
H090,middle1031.txt_q1,D,2026-07-16T14:22:13,v2026.07.1
H110,middle1031.txt_q1,D,2026-07-23T08:54:22,v2026.07.1
H036,middle1031.txt_q1,C,2026-07-15T02:10:29,v2026.07.1
H192,middle1031.txt_q1,B,2026-07-15T16:11:19,v2026.07.1
H001,middle1031.txt_q1,B,2026-07-18T10:03:41,v2026.07.1
H092,middle1031.txt_q1,D,2026-07-11T12:03:26,v2026.07.1
H179,middle1031.txt_q1,A,2026-07-13T21:08:43,v2026.07.1
H094,middle1031.txt_q1,D,2026-07-15T20:00:39,v2026.07.1
H003,middle1031.txt_q1,D,2026-07-13T08:41:08,v2026.07.1
H062,middle1031.txt_q1,B,2026-07-14T05:13:23,v2026.07.1
H145,middle1031.txt_q1,D,2026-07-12T08:01:02,v2026.07.1
H087,middle1031.txt_q1,B,2026-07-22T11:41:52,v2026.07.1
H138,middle1031.txt_q1,D,2026-07-16T00:06:18,v2026.07.1
H076,middle1031.txt_q1,D,2026-07-24T15:48:30,v2026.07.1
H193,middle1031.txt_q1,D,2026-07-25T22:02:52,v2026.07.1
H194,middle1031.txt_q1,D,2026-07-16T18:52:04,v2026.07.1
H115,middle1031.txt_q1,D,2026-07-23T01:52:14,v2026.07.1
H108,middle1031.txt_q1,D,2026-07-26T13:23:55,v2026.07.1
H147,middle1031.txt_q1,D,2026-07-11T02:19:42,v2026.07.1
H053,middle1031.txt_q1,D,2026-07-12T03:51:22,v2026.07.1
H149,middle1031.txt_q1,A,2026-07-22T19:15:04,v2026.07.1
H064,middle3103.txt_q2,C,2026-07-23T14:35:29,v2026.07.1
H103,middle3103.txt_q2,A,2026-07-19T12:49:31,v2026.07.1
H137,middle3103.txt_q2,D,2026-07-10T15:04:49,v2026.07.1
H146,middle3103.txt_q2,B,2026-07-14T02:00:18,v2026.07.1
H062,middle3103.txt_q2,D,2026-07-22T13:43:21,v2026.07.1
H163,middle3103.txt_q2,C,2026-07-16T10:57:34,v2026.07.1
H139,middle3103.txt_q2,D,2026-07-11T21:09:16,v2026.07.1
H192,middle3103.txt_q2,B,2026-07-11T16:02:01,v2026.07.1
H034,middle3103.txt_q2,C,2026-07-26T12:57:35,v2026.07.1
H005,middle3103.txt_q2,D,2026-07-15T18:42:56,v2026.07.1
H171,middle3103.txt_q2,B,2026-07-27T14:01:18,v2026.07.1
H109,middle3103.txt_q2,C,2026-07-21T23:47:17,v2026.07.1
H127,middle3103.txt_q2,A,2026-07-25T17:29:47,v2026.07.1
H057,middle3103.txt_q2,C,2026-07-25T14:22:10,v2026.07.1
H184,middle3103.txt_q2,C,2026-07-23T08:01:38,v2026.07.1
H014,middle3103.txt_q2,C,2026-07-10T15:06:04,v2026.07.1
H011,middle3103.txt_q2,C,2026-07-26T21:46:32,v2026.07.1
H087,middle3103.txt_q2,A,2026-07-14T01:55:17,v2026.07.1
H130,middle3103.txt_q2,C,2026-07-23T03:14:29,v2026.07.1
H023,middle3103.txt_q2,C,2026-07-19T00:24:29,v2026.07.1
H055,middle3103.txt_q2,C,2026-07-19T19:43:13,v2026.07.1
H067,middle3103.txt_q2,A,2026-07-18T11:39:34,v2026.07.1
H095,middle3103.txt_q2,C,2026-07-17T07:10:51,v2026.07.1
H123,middle3103.txt_q2,C,2026-07-22T07:34:44,v2026.07.1
H045,middle3103.txt_q2,C,2026-07-23T23:40:08,v2026.07.1
H010,middle3103.txt_q2,C,2026-07-21T14:11:36,v2026.07.1
H195,middle3103.txt_q2,C,2026-07-11T15:46:55,v2026.07.1
H056,middle3103.txt_q2,C,2026-07-19T08:36:16,v2026.07.1
H170,middle3103.txt_q2,C,2026-07-11T21:27:01,v2026.07.1
H187,middle3103.txt_q2,B,2026-07-11T19:42:53,v2026.07.1
H075,middle2356.txt_q1,C,2026-07-13T10:59:40,v2026.07.1
H029,middle2356.txt_q1,A,2026-07-13T06:10:19,v2026.07.1
H176,middle2356.txt_q1,D,2026-07-15T05:14:30,v2026.07.1
H025,middle2356.txt_q1,C,2026-07-19T10:52:45,v2026.07.1
H186,middle2356.txt_q1,C,2026-07-11T11:49:28,v2026.07.1
H042,middle2356.txt_q1,C,2026-07-27T07:11:19,v2026.07.1
H027,middle2356.txt_q1,C,2026-07-17T22:55:19,v2026.07.1
H077,middle2356.txt_q1,A,2026-07-19T03:44:01,v2026.07.1
H142,middle2356.txt_q1,C,2026-07-19T00:56:42,v2026.07.1
H098,middle2356.txt_q1,C,2026-07-26T06:23:10,v2026.07.1
H140,middle2356.txt_q1,B,2026-07-13T01:11:41,v2026.07.1
H189,middle2356.txt_q1,C,2026-07-23T05:38:40,v2026.07.1
H100,middle2356.txt_q1,C,2026-07-18T16:20:46,v2026.07.1
H178,middle2356.txt_q1,C,2026-07-11T20:59:47,v2026.07.1
H033,middle2356.txt_q1,C,2026-07-10T10:53:16,v2026.07.1
H036,middle2356.txt_q1,D,2026-07-27T13:29:24,v2026.07.1
H084,middle2356.txt_q1,C,2026-07-23T20:37:55,v2026.07.1
H145,middle2356.txt_q1,B,2026-07-18T17:37:56,v2026.07.1
H195,middle2356.txt_q1,C,2026-07-20T05:29:48,v2026.07.1
H128,middle2356.txt_q1,C,2026-07-17T02:41:01,v2026.07.1
H196,middle2356.txt_q1,C,2026-07-13T08:00:00,v2026.07.1
H162,middle2356.txt_q1,C,2026-07-20T00:35:06,v2026.07.1
H163,middle2356.txt_q1,D,2026-07-13T22:19:59,v2026.07.1
H106,middle2356.txt_q1,C,2026-07-13T05:26:25,v2026.07.1
H028,middle2356.txt_q1,D,2026-07-24T03:23:44,v2026.07.1
H182,middle2356.txt_q1,D,2026-07-18T14:13:20,v2026.07.1
H087,middle2356.txt_q1,A,2026-07-15T19:57:58,v2026.07.1
H049,middle2356.txt_q1,C,2026-07-23T21:52:38,v2026.07.1
H067,middle2356.txt_q1,C,2026-07-22T00:30:03,v2026.07.1
H062,middle2356.txt_q1,B,2026-07-12T12:01:53,v2026.07.1
H160,middle1381.txt_q2,D,2026-07-13T14:21:39,v2026.07.1
H035,middle1381.txt_q2,A,2026-07-15T01:42:15,v2026.07.1
H070,middle1381.txt_q2,A,2026-07-14T19:33:24,v2026.07.1
H024,middle1381.txt_q2,A,2026-07-21T14:48:38,v2026.07.1
H109,middle1381.txt_q2,A,2026-07-25T16:57:01,v2026.07.1
H011,middle1381.txt_q2,A,2026-07-22T10:28:01,v2026.07.1
H051,middle1381.txt_q2,D,2026-07-14T11:36:51,v2026.07.1
H192,middle1381.txt_q2,B,2026-07-10T14:42:53,v2026.07.1
H091,middle1381.txt_q2,A,2026-07-17T02:26:52,v2026.07.1
H048,middle1381.txt_q2,A,2026-07-14T21:50:39,v2026.07.1
H079,middle1381.txt_q2,D,2026-07-25T04:11:15,v2026.07.1
H122,middle1381.txt_q2,A,2026-07-14T05:12:07,v2026.07.1
H063,middle1381.txt_q2,A,2026-07-19T18:57:07,v2026.07.1
H196,middle1381.txt_q2,B,2026-07-11T10:31:34,v2026.07.1
H018,middle1381.txt_q2,A,2026-07-22T15:40:19,v2026.07.1
H142,middle1381.txt_q2,B,2026-07-27T08:26:58,v2026.07.1
H161,middle1381.txt_q2,C,2026-07-23T16:06:19,v2026.07.1
H117,middle1381.txt_q2,C,2026-07-12T22:39:47,v2026.07.1
H101,middle1381.txt_q2,A,2026-07-25T07:40:51,v2026.07.1
H149,middle1381.txt_q2,B,2026-07-17T12:44:40,v2026.07.1
H132,middle1381.txt_q2,B,2026-07-19T21:33:46,v2026.07.1
H115,middle1381.txt_q2,A,2026-07-14T15:42:44,v2026.07.1
H068,middle1381.txt_q2,A,2026-07-10T20:37:49,v2026.07.1
H019,middle1381.txt_q2,D,2026-07-15T18:05:00,v2026.07.1
H001,middle1381.txt_q2,A,2026-07-27T16:36:32,v2026.07.1
H093,middle1381.txt_q2,A,2026-07-12T04:50:42,v2026.07.1
H111,middle1381.txt_q2,A,2026-07-27T00:57:57,v2026.07.1
H177,middle1381.txt_q2,A,2026-07-27T16:16:42,v2026.07.1
H150,middle1381.txt_q2,A,2026-07-25T14:57:14,v2026.07.1
H112,middle1381.txt_q2,B,2026-07-16T22:14:41,v2026.07.1
H008,middle3376.txt_q1,C,2026-07-15T20:31:19,v2026.07.1
H178,middle3376.txt_q1,A,2026-07-26T20:51:22,v2026.07.1
H085,middle3376.txt_q1,A,2026-07-12T16:44:09,v2026.07.1
H113,middle3376.txt_q1,C,2026-07-27T07:13:10,v2026.07.1
H183,middle3376.txt_q1,A,2026-07-16T20:19:34,v2026.07.1
H095,middle3376.txt_q1,C,2026-07-19T17:11:35,v2026.07.1
H084,middle3376.txt_q1,B,2026-07-20T19:49:47,v2026.07.1
H065,middle3376.txt_q1,C,2026-07-16T17:25:55,v2026.07.1
H112,middle3376.txt_q1,C,2026-07-24T23:53:17,v2026.07.1
H045,middle3376.txt_q1,A,2026-07-13T08:27:17,v2026.07.1
H077,middle3376.txt_q1,C,2026-07-22T06:29:48,v2026.07.1
H014,middle3376.txt_q1,C,2026-07-19T21:48:16,v2026.07.1
H118,middle3376.txt_q1,C,2026-07-14T09:01:59,v2026.07.1
H025,middle3376.txt_q1,C,2026-07-26T21:31:33,v2026.07.1
H200,middle3376.txt_q1,D,2026-07-23T06:17:26,v2026.07.1
H043,middle3376.txt_q1,C,2026-07-20T21:54:09,v2026.07.1
H136,middle3376.txt_q1,C,2026-07-19T11:24:11,v2026.07.1
H086,middle3376.txt_q1,A,2026-07-24T05:15:03,v2026.07.1
H076,middle3376.txt_q1,D,2026-07-17T02:05:28,v2026.07.1
H099,middle3376.txt_q1,B,2026-07-14T03:01:18,v2026.07.1
H049,middle3376.txt_q1,B,2026-07-27T11:27:11,v2026.07.1
H190,middle3376.txt_q1,C,2026-07-11T23:16:18,v2026.07.1
H144,middle3376.txt_q1,C,2026-07-18T07:44:37,v2026.07.1
H057,middle3376.txt_q1,C,2026-07-22T21:00:53,v2026.07.1
H007,middle3376.txt_q1,C,2026-07-23T14:01:45,v2026.07.1
H061,middle3376.txt_q1,C,2026-07-10T23:25:18,v2026.07.1
H078,middle3376.txt_q1,C,2026-07-17T12:14:32,v2026.07.1
H174,middle3376.txt_q1,C,2026-07-21T02:41:28,v2026.07.1
H117,middle3376.txt_q1,A,2026-07-15T11:10:31,v2026.07.1
H131,middle3376.txt_q1,C,2026-07-16T03:11:25,v2026.07.1
H082,middle4307.txt_q0,A,2026-07-22T21:59:18,v2026.07.1
H173,middle4307.txt_q0,A,2026-07-10T10:07:00,v2026.07.1
H004,middle4307.txt_q0,A,2026-07-16T23:47:41,v2026.07.1
H111,middle4307.txt_q0,A,2026-07-20T20:49:31,v2026.07.1
H014,middle4307.txt_q0,A,2026-07-25T07:53:45,v2026.07.1
H088,middle4307.txt_q0,A,2026-07-21T16:25:48,v2026.07.1
H143,middle4307.txt_q0,A,2026-07-11T07:02:31,v2026.07.1
H142,middle4307.txt_q0,B,2026-07-12T07:51:22,v2026.07.1
H077,middle4307.txt_q0,A,2026-07-12T21:51:12,v2026.07.1
H134,middle4307.txt_q0,A,2026-07-26T16:29:12,v2026.07.1
H030,middle4307.txt_q0,A,2026-07-19T21:11:01,v2026.07.1
H051,middle4307.txt_q0,A,2026-07-23T07:54:00,v2026.07.1
H047,middle4307.txt_q0,A,2026-07-12T02:25:21,v2026.07.1
H053,middle4307.txt_q0,C,2026-07-22T10:53:22,v2026.07.1
H125,middle4307.txt_q0,A,2026-07-26T13:17:32,v2026.07.1
H191,middle4307.txt_q0,A,2026-07-10T17:18:43,v2026.07.1
H036,middle4307.txt_q0,A,2026-07-23T15:05:24,v2026.07.1
H199,middle4307.txt_q0,A,2026-07-18T12:28:46,v2026.07.1
H006,middle4307.txt_q0,B,2026-07-21T02:38:36,v2026.07.1
H112,middle4307.txt_q0,A,2026-07-11T10:07:23,v2026.07.1
H062,middle4307.txt_q0,C,2026-07-11T19:35:44,v2026.07.1
H093,middle4307.txt_q0,A,2026-07-26T14:45:37,v2026.07.1
H109,middle4307.txt_q0,A,2026-07-22T13:41:24,v2026.07.1
H167,middle4307.txt_q0,A,2026-07-17T06:14:41,v2026.07.1
H116,middle4307.txt_q0,D,2026-07-18T15:01:40,v2026.07.1
H115,middle4307.txt_q0,A,2026-07-17T15:05:09,v2026.07.1
H073,middle4307.txt_q0,A,2026-07-15T03:07:26,v2026.07.1
H119,middle4307.txt_q0,A,2026-07-11T07:01:12,v2026.07.1
H092,middle4307.txt_q0,C,2026-07-20T05:30:31,v2026.07.1
H110,middle4307.txt_q0,A,2026-07-25T23:18:53,v2026.07.1
H127,middle157.txt_q2,B,2026-07-19T02:19:54,v2026.07.1
H180,middle157.txt_q2,B,2026-07-27T07:46:15,v2026.07.1
H086,middle157.txt_q2,C,2026-07-23T02:05:16,v2026.07.1
H079,middle157.txt_q2,D,2026-07-27T03:41:59,v2026.07.1
H058,middle157.txt_q2,B,2026-07-13T22:42:11,v2026.07.1
H182,middle157.txt_q2,B,2026-07-16T19:32:48,v2026.07.1
H026,middle157.txt_q2,D,2026-07-16T17:04:45,v2026.07.1
H167,middle157.txt_q2,D,2026-07-12T21:00:10,v2026.07.1
H147,middle157.txt_q2,B,2026-07-27T16:02:24,v2026.07.1
H097,middle157.txt_q2,D,2026-07-22T09:46:26,v2026.07.1
H063,middle157.txt_q2,D,2026-07-20T16:41:53,v2026.07.1
H164,middle157.txt_q2,A,2026-07-17T01:03:41,v2026.07.1
H199,middle157.txt_q2,B,2026-07-20T04:00:12,v2026.07.1
H187,middle157.txt_q2,B,2026-07-27T05:21:44,v2026.07.1
H176,middle157.txt_q2,D,2026-07-26T18:02:08,v2026.07.1
H013,middle157.txt_q2,D,2026-07-12T20:23:25,v2026.07.1
H016,middle157.txt_q2,A,2026-07-10T13:24:57,v2026.07.1
H161,middle157.txt_q2,B,2026-07-19T22:19:05,v2026.07.1
H053,middle157.txt_q2,B,2026-07-24T14:58:51,v2026.07.1
H038,middle157.txt_q2,B,2026-07-11T19:29:26,v2026.07.1
H014,middle157.txt_q2,B,2026-07-21T17:24:54,v2026.07.1
H196,middle157.txt_q2,B,2026-07-17T01:03:58,v2026.07.1
H072,middle157.txt_q2,B,2026-07-13T17:19:38,v2026.07.1
H170,middle157.txt_q2,B,2026-07-20T13:47:44,v2026.07.1
H081,middle157.txt_q2,B,2026-07-11T18:41:09,v2026.07.1
H049,middle157.txt_q2,B,2026-07-13T06:50:01,v2026.07.1
H146,middle157.txt_q2,D,2026-07-20T07:34:21,v2026.07.1
H132,middle157.txt_q2,D,2026-07-26T07:46:59,v2026.07.1
H179,middle157.txt_q2,B,2026-07-13T19:53:59,v2026.07.1
H022,middle157.txt_q2,B,2026-07-17T07:15:32,v2026.07.1
H051,middle940.txt_q1,B,2026-07-16T22:38:48,v2026.07.1
H077,middle940.txt_q1,B,2026-07-11T16:59:55,v2026.07.1
H150,middle940.txt_q1,B,2026-07-13T20:44:43,v2026.07.1
H074,middle940.txt_q1,B,2026-07-19T16:37:38,v2026.07.1
H121,middle940.txt_q1,B,2026-07-19T15:13:22,v2026.07.1
H034,middle940.txt_q1,B,2026-07-22T09:31:18,v2026.07.1
H149,middle940.txt_q1,B,2026-07-18T12:30:06,v2026.07.1
H068,middle940.txt_q1,B,2026-07-14T02:34:59,v2026.07.1
H194,middle940.txt_q1,C,2026-07-25T21:36:03,v2026.07.1
H133,middle940.txt_q1,B,2026-07-11T13:51:44,v2026.07.1
H045,middle940.txt_q1,D,2026-07-13T19:48:15,v2026.07.1
H004,middle940.txt_q1,B,2026-07-14T00:52:13,v2026.07.1
H093,middle940.txt_q1,B,2026-07-27T00:10:25,v2026.07.1
H128,middle940.txt_q1,C,2026-07-12T05:45:36,v2026.07.1
H154,middle940.txt_q1,B,2026-07-22T13:43:31,v2026.07.1
H084,middle940.txt_q1,A,2026-07-20T17:03:09,v2026.07.1
H001,middle940.txt_q1,D,2026-07-12T10:09:08,v2026.07.1
H080,middle940.txt_q1,A,2026-07-23T20:36:39,v2026.07.1
H187,middle940.txt_q1,B,2026-07-10T10:50:45,v2026.07.1
H003,middle940.txt_q1,B,2026-07-13T03:42:21,v2026.07.1
H023,middle940.txt_q1,B,2026-07-21T21:58:36,v2026.07.1
H130,middle940.txt_q1,C,2026-07-24T21:37:42,v2026.07.1
H157,middle940.txt_q1,B,2026-07-10T12:23:24,v2026.07.1
H188,middle940.txt_q1,C,2026-07-21T08:16:09,v2026.07.1
H110,middle940.txt_q1,B,2026-07-18T16:07:52,v2026.07.1
H112,middle940.txt_q1,B,2026-07-10T19:01:01,v2026.07.1
H040,middle940.txt_q1,B,2026-07-16T06:24:49,v2026.07.1
H165,middle940.txt_q1,B,2026-07-19T06:55:14,v2026.07.1
H124,middle940.txt_q1,B,2026-07-23T12:36:09,v2026.07.1
H082,middle940.txt_q1,B,2026-07-22T19:32:56,v2026.07.1
H024,middle6190.txt_q1,B,2026-07-14T07:41:40,v2026.07.1
H140,middle6190.txt_q1,B,2026-07-24T10:28:52,v2026.07.1
H154,middle6190.txt_q1,C,2026-07-13T22:37:11,v2026.07.1
H077,middle6190.txt_q1,C,2026-07-19T12:18:13,v2026.07.1
H059,middle6190.txt_q1,A,2026-07-22T12:27:28,v2026.07.1
H125,middle6190.txt_q1,A,2026-07-13T04:13:25,v2026.07.1
H160,middle6190.txt_q1,A,2026-07-14T22:04:32,v2026.07.1
H094,middle6190.txt_q1,C,2026-07-23T04:22:19,v2026.07.1
H184,middle6190.txt_q1,A,2026-07-27T03:16:48,v2026.07.1
H026,middle6190.txt_q1,B,2026-07-15T11:06:31,v2026.07.1
H018,middle6190.txt_q1,D,2026-07-10T15:59:51,v2026.07.1
H031,middle6190.txt_q1,A,2026-07-14T11:53:48,v2026.07.1
H135,middle6190.txt_q1,D,2026-07-25T12:39:14,v2026.07.1
H067,middle6190.txt_q1,A,2026-07-27T17:11:10,v2026.07.1
H163,middle6190.txt_q1,A,2026-07-18T01:55:44,v2026.07.1
H107,middle6190.txt_q1,A,2026-07-19T07:02:05,v2026.07.1
H052,middle6190.txt_q1,A,2026-07-14T22:07:55,v2026.07.1
H126,middle6190.txt_q1,A,2026-07-14T20:47:38,v2026.07.1
H029,middle6190.txt_q1,A,2026-07-11T22:28:50,v2026.07.1
H020,middle6190.txt_q1,A,2026-07-24T20:02:45,v2026.07.1
H162,middle6190.txt_q1,A,2026-07-13T20:39:21,v2026.07.1
H041,middle6190.txt_q1,D,2026-07-11T00:07:11,v2026.07.1
H110,middle6190.txt_q1,D,2026-07-23T00:27:00,v2026.07.1
H197,middle6190.txt_q1,A,2026-07-21T16:10:50,v2026.07.1
H199,middle6190.txt_q1,A,2026-07-26T20:23:09,v2026.07.1
H196,middle6190.txt_q1,A,2026-07-27T06:59:08,v2026.07.1
H053,middle6190.txt_q1,C,2026-07-17T15:10:12,v2026.07.1
H028,middle6190.txt_q1,A,2026-07-27T06:02:17,v2026.07.1
H023,middle6190.txt_q1,A,2026-07-15T03:00:29,v2026.07.1
H037,middle6190.txt_q1,A,2026-07-23T18:03:21,v2026.07.1
H027,middle992.txt_q2,C,2026-07-17T17:13:19,v2026.07.1
H066,middle992.txt_q2,C,2026-07-16T09:51:09,v2026.07.1
H093,middle992.txt_q2,C,2026-07-19T23:12:34,v2026.07.1
H052,middle992.txt_q2,C,2026-07-24T20:42:01,v2026.07.1
H174,middle992.txt_q2,C,2026-07-25T08:03:01,v2026.07.1
H148,middle992.txt_q2,C,2026-07-19T18:11:35,v2026.07.1
H043,middle992.txt_q2,C,2026-07-21T08:04:06,v2026.07.1
H096,middle992.txt_q2,C,2026-07-27T02:46:06,v2026.07.1
H164,middle992.txt_q2,C,2026-07-12T20:21:40,v2026.07.1
H044,middle992.txt_q2,C,2026-07-13T17:11:18,v2026.07.1
H117,middle992.txt_q2,C,2026-07-19T17:34:27,v2026.07.1
H087,middle992.txt_q2,C,2026-07-19T18:07:08,v2026.07.1
H146,middle992.txt_q2,C,2026-07-13T11:36:45,v2026.07.1
H112,middle992.txt_q2,C,2026-07-11T19:43:38,v2026.07.1
H042,middle992.txt_q2,C,2026-07-21T17:31:24,v2026.07.1
H143,middle992.txt_q2,C,2026-07-20T10:41:42,v2026.07.1
H002,middle992.txt_q2,C,2026-07-13T21:31:14,v2026.07.1
H015,middle992.txt_q2,C,2026-07-24T14:36:08,v2026.07.1
H090,middle992.txt_q2,A,2026-07-26T20:32:27,v2026.07.1
H078,middle992.txt_q2,A,2026-07-22T12:38:21,v2026.07.1
H071,middle992.txt_q2,C,2026-07-11T07:44:50,v2026.07.1
H073,middle992.txt_q2,C,2026-07-24T06:13:46,v2026.07.1
H196,middle992.txt_q2,C,2026-07-12T02:18:45,v2026.07.1
H003,middle992.txt_q2,B,2026-07-25T20:37:45,v2026.07.1
H019,middle992.txt_q2,C,2026-07-22T09:39:58,v2026.07.1
H026,middle992.txt_q2,C,2026-07-23T04:53:21,v2026.07.1
H011,middle992.txt_q2,C,2026-07-19T22:03:48,v2026.07.1
H077,middle992.txt_q2,C,2026-07-14T04:59:48,v2026.07.1
H116,middle992.txt_q2,C,2026-07-14T01:48:47,v2026.07.1
H095,middle992.txt_q2,C,2026-07-13T20:21:27,v2026.07.1
H052,middle3828.txt_q3,D,2026-07-22T08:59:42,v2026.07.1
H099,middle3828.txt_q3,C,2026-07-19T08:33:34,v2026.07.1
H103,middle3828.txt_q3,D,2026-07-20T07:26:10,v2026.07.1
H163,middle3828.txt_q3,C,2026-07-26T11:56:48,v2026.07.1
H133,middle3828.txt_q3,C,2026-07-22T21:18:24,v2026.07.1
H042,middle3828.txt_q3,C,2026-07-14T01:29:53,v2026.07.1
H167,middle3828.txt_q3,A,2026-07-22T01:44:32,v2026.07.1
H150,middle3828.txt_q3,D,2026-07-19T06:15:04,v2026.07.1
H114,middle3828.txt_q3,D,2026-07-16T10:11:09,v2026.07.1
H117,middle3828.txt_q3,D,2026-07-22T08:45:48,v2026.07.1
H076,middle3828.txt_q3,C,2026-07-10T13:55:01,v2026.07.1
H177,middle3828.txt_q3,D,2026-07-23T17:30:03,v2026.07.1
H135,middle3828.txt_q3,B,2026-07-27T13:23:09,v2026.07.1
H063,middle3828.txt_q3,A,2026-07-14T11:26:02,v2026.07.1
H195,middle3828.txt_q3,B,2026-07-18T17:10:15,v2026.07.1
H199,middle3828.txt_q3,D,2026-07-18T09:07:37,v2026.07.1
H085,middle3828.txt_q3,D,2026-07-26T01:39:23,v2026.07.1
H004,middle3828.txt_q3,A,2026-07-21T12:26:19,v2026.07.1
H169,middle3828.txt_q3,B,2026-07-15T23:05:11,v2026.07.1
H006,middle3828.txt_q3,D,2026-07-11T19:20:14,v2026.07.1
H142,middle3828.txt_q3,D,2026-07-16T09:57:47,v2026.07.1
H062,middle3828.txt_q3,B,2026-07-24T16:34:59,v2026.07.1
H061,middle3828.txt_q3,D,2026-07-27T04:09:27,v2026.07.1
H064,middle3828.txt_q3,D,2026-07-14T06:52:17,v2026.07.1
H086,middle3828.txt_q3,D,2026-07-22T18:35:21,v2026.07.1
H059,middle3828.txt_q3,D,2026-07-12T20:57:57,v2026.07.1
H058,middle3828.txt_q3,D,2026-07-20T10:47:45,v2026.07.1
H008,middle3828.txt_q3,D,2026-07-13T10:01:08,v2026.07.1
H050,middle3828.txt_q3,D,2026-07-20T09:23:32,v2026.07.1
H018,middle3828.txt_q3,D,2026-07-24T09:56:19,v2026.07.1
H187,middle909.txt_q3,D,2026-07-16T00:43:13,v2026.07.1
H081,middle909.txt_q3,D,2026-07-10T13:58:38,v2026.07.1
H180,middle909.txt_q3,B,2026-07-11T11:41:03,v2026.07.1
H168,middle909.txt_q3,D,2026-07-23T21:45:48,v2026.07.1
H170,middle909.txt_q3,D,2026-07-24T01:20:03,v2026.07.1
H056,middle909.txt_q3,D,2026-07-18T17:51:10,v2026.07.1
H063,middle909.txt_q3,C,2026-07-11T17:09:07,v2026.07.1
H192,middle909.txt_q3,D,2026-07-25T20:54:17,v2026.07.1
H147,middle909.txt_q3,D,2026-07-17T11:54:09,v2026.07.1
H112,middle909.txt_q3,D,2026-07-23T02:57:57,v2026.07.1
H044,middle909.txt_q3,D,2026-07-13T23:58:12,v2026.07.1
H008,middle909.txt_q3,D,2026-07-17T21:47:28,v2026.07.1
H123,middle909.txt_q3,D,2026-07-21T07:28:34,v2026.07.1
H136,middle909.txt_q3,D,2026-07-18T20:29:41,v2026.07.1
H024,middle909.txt_q3,D,2026-07-10T10:05:19,v2026.07.1
H038,middle909.txt_q3,D,2026-07-27T07:11:41,v2026.07.1
H169,middle909.txt_q3,D,2026-07-16T18:18:49,v2026.07.1
H189,middle909.txt_q3,D,2026-07-27T01:48:56,v2026.07.1
H055,middle909.txt_q3,A,2026-07-19T16:56:46,v2026.07.1
H131,middle909.txt_q3,C,2026-07-15T21:47:19,v2026.07.1
H017,middle909.txt_q3,D,2026-07-12T01:11:06,v2026.07.1
H190,middle909.txt_q3,B,2026-07-24T23:34:23,v2026.07.1
H076,middle909.txt_q3,D,2026-07-16T22:01:28,v2026.07.1
H042,middle909.txt_q3,D,2026-07-13T08:36:02,v2026.07.1
H022,middle909.txt_q3,A,2026-07-20T15:23:29,v2026.07.1
H105,middle909.txt_q3,C,2026-07-26T04:14:01,v2026.07.1
H043,middle909.txt_q3,D,2026-07-25T06:36:37,v2026.07.1
H166,middle909.txt_q3,D,2026-07-12T01:57:00,v2026.07.1
H064,middle909.txt_q3,A,2026-07-11T02:30:58,v2026.07.1
H048,middle909.txt_q3,D,2026-07-13T09:19:17,v2026.07.1
H016,middle6863.txt_q0,C,2026-07-23T04:21:51,v2026.07.1
H017,middle6863.txt_q0,B,2026-07-10T23:30:41,v2026.07.1
H134,middle6863.txt_q0,C,2026-07-26T07:04:01,v2026.07.1
H058,middle6863.txt_q0,C,2026-07-25T12:11:22,v2026.07.1
H070,middle6863.txt_q0,C,2026-07-24T10:08:04,v2026.07.1
H152,middle6863.txt_q0,C,2026-07-21T15:17:52,v2026.07.1
H167,middle6863.txt_q0,B,2026-07-25T07:29:17,v2026.07.1
H078,middle6863.txt_q0,C,2026-07-13T00:35:52,v2026.07.1
H073,middle6863.txt_q0,C,2026-07-22T11:10:35,v2026.07.1
H083,middle6863.txt_q0,C,2026-07-12T18:00:24,v2026.07.1
H009,middle6863.txt_q0,C,2026-07-15T22:23:19,v2026.07.1
H010,middle6863.txt_q0,C,2026-07-26T12:38:52,v2026.07.1
H156,middle6863.txt_q0,B,2026-07-14T14:58:20,v2026.07.1
H027,middle6863.txt_q0,C,2026-07-14T02:15:44,v2026.07.1
H094,middle6863.txt_q0,C,2026-07-14T08:39:19,v2026.07.1
H012,middle6863.txt_q0,C,2026-07-17T00:34:55,v2026.07.1
H076,middle6863.txt_q0,C,2026-07-20T21:37:37,v2026.07.1
H055,middle6863.txt_q0,C,2026-07-14T03:33:34,v2026.07.1
H128,middle6863.txt_q0,C,2026-07-16T17:20:41,v2026.07.1
H019,middle6863.txt_q0,C,2026-07-10T15:20:06,v2026.07.1
H047,middle6863.txt_q0,C,2026-07-12T08:20:24,v2026.07.1
H163,middle6863.txt_q0,C,2026-07-27T10:52:24,v2026.07.1
H098,middle6863.txt_q0,C,2026-07-20T09:56:38,v2026.07.1
H008,middle6863.txt_q0,C,2026-07-22T06:12:42,v2026.07.1
H199,middle6863.txt_q0,A,2026-07-25T06:43:13,v2026.07.1
H173,middle6863.txt_q0,A,2026-07-15T05:22:49,v2026.07.1
H146,middle6863.txt_q0,C,2026-07-18T04:49:52,v2026.07.1
H111,middle6863.txt_q0,C,2026-07-26T10:55:35,v2026.07.1
H165,middle6863.txt_q0,D,2026-07-12T17:59:14,v2026.07.1
H164,middle6863.txt_q0,C,2026-07-17T19:35:01,v2026.07.1
H147,middle3052.txt_q2,D,2026-07-13T09:40:19,v2026.07.1
H072,middle3052.txt_q2,A,2026-07-21T11:17:15,v2026.07.1
H108,middle3052.txt_q2,A,2026-07-25T20:19:12,v2026.07.1
H073,middle3052.txt_q2,A,2026-07-16T14:29:05,v2026.07.1
H035,middle3052.txt_q2,A,2026-07-20T23:16:05,v2026.07.1
H119,middle3052.txt_q2,B,2026-07-17T09:05:22,v2026.07.1
H079,middle3052.txt_q2,C,2026-07-18T20:44:42,v2026.07.1
H099,middle3052.txt_q2,D,2026-07-24T22:30:41,v2026.07.1
H065,middle3052.txt_q2,A,2026-07-16T22:22:47,v2026.07.1
H136,middle3052.txt_q2,A,2026-07-15T07:15:19,v2026.07.1
H192,middle3052.txt_q2,B,2026-07-14T21:20:57,v2026.07.1
H076,middle3052.txt_q2,A,2026-07-15T13:24:51,v2026.07.1
H022,middle3052.txt_q2,A,2026-07-13T09:21:23,v2026.07.1
H148,middle3052.txt_q2,A,2026-07-25T19:20:29,v2026.07.1
H138,middle3052.txt_q2,A,2026-07-21T10:43:30,v2026.07.1
H144,middle3052.txt_q2,A,2026-07-24T14:00:29,v2026.07.1
H018,middle3052.txt_q2,A,2026-07-24T23:13:23,v2026.07.1
H178,middle3052.txt_q2,A,2026-07-19T23:54:18,v2026.07.1
H185,middle3052.txt_q2,C,2026-07-13T20:33:05,v2026.07.1
H064,middle3052.txt_q2,A,2026-07-25T21:41:32,v2026.07.1
H085,middle3052.txt_q2,A,2026-07-22T19:18:15,v2026.07.1
H047,middle3052.txt_q2,A,2026-07-20T01:20:39,v2026.07.1
H160,middle3052.txt_q2,A,2026-07-19T09:52:43,v2026.07.1
H118,middle3052.txt_q2,A,2026-07-16T09:13:22,v2026.07.1
H021,middle3052.txt_q2,A,2026-07-25T21:34:42,v2026.07.1
H026,middle3052.txt_q2,A,2026-07-13T00:44:58,v2026.07.1
H112,middle3052.txt_q2,A,2026-07-11T04:22:55,v2026.07.1
H186,middle3052.txt_q2,C,2026-07-13T05:41:20,v2026.07.1
H001,middle3052.txt_q2,A,2026-07-27T01:57:28,v2026.07.1
H063,middle3052.txt_q2,A,2026-07-14T06:08:08,v2026.07.1
H194,middle928.txt_q4,D,2026-07-16T06:45:21,v2026.07.1
H141,middle928.txt_q4,D,2026-07-26T02:18:06,v2026.07.1
H158,middle928.txt_q4,C,2026-07-17T07:34:37,v2026.07.1
H142,middle928.txt_q4,D,2026-07-16T03:55:29,v2026.07.1
H027,middle928.txt_q4,D,2026-07-17T06:19:16,v2026.07.1
H147,middle928.txt_q4,D,2026-07-16T12:13:37,v2026.07.1
H135,middle928.txt_q4,D,2026-07-13T14:10:46,v2026.07.1
H041,middle928.txt_q4,D,2026-07-27T02:05:41,v2026.07.1
H156,middle928.txt_q4,D,2026-07-26T08:08:57,v2026.07.1
H093,middle928.txt_q4,D,2026-07-19T10:33:19,v2026.07.1
H154,middle928.txt_q4,D,2026-07-19T05:39:57,v2026.07.1
H089,middle928.txt_q4,A,2026-07-15T01:08:24,v2026.07.1
H096,middle928.txt_q4,D,2026-07-21T00:18:49,v2026.07.1
H058,middle928.txt_q4,D,2026-07-15T05:16:34,v2026.07.1
H033,middle928.txt_q4,D,2026-07-25T08:53:47,v2026.07.1
H071,middle928.txt_q4,C,2026-07-15T13:52:40,v2026.07.1
H016,middle928.txt_q4,D,2026-07-17T00:10:32,v2026.07.1
H044,middle928.txt_q4,D,2026-07-14T10:19:43,v2026.07.1
H103,middle928.txt_q4,D,2026-07-18T05:42:33,v2026.07.1
H130,middle928.txt_q4,A,2026-07-16T04:20:28,v2026.07.1
H169,middle928.txt_q4,B,2026-07-22T20:00:35,v2026.07.1
H178,middle928.txt_q4,D,2026-07-19T14:33:43,v2026.07.1
H087,middle928.txt_q4,A,2026-07-14T03:56:15,v2026.07.1
H161,middle928.txt_q4,D,2026-07-24T12:57:39,v2026.07.1
H146,middle928.txt_q4,D,2026-07-26T00:21:48,v2026.07.1
H118,middle928.txt_q4,D,2026-07-10T18:35:33,v2026.07.1
H116,middle928.txt_q4,D,2026-07-15T21:26:59,v2026.07.1
H157,middle928.txt_q4,D,2026-07-25T22:00:03,v2026.07.1
H047,middle928.txt_q4,A,2026-07-24T08:02:00,v2026.07.1
H122,middle928.txt_q4,C,2026-07-27T00:31:02,v2026.07.1
H059,middle3779.txt_q2,D,2026-07-12T07:12:21,v2026.07.1
H018,middle3779.txt_q2,A,2026-07-14T07:38:42,v2026.07.1
H186,middle3779.txt_q2,C,2026-07-20T03:20:36,v2026.07.1
H142,middle3779.txt_q2,B,2026-07-25T16:19:15,v2026.07.1
H025,middle3779.txt_q2,C,2026-07-24T05:07:18,v2026.07.1
H197,middle3779.txt_q2,D,2026-07-21T13:24:29,v2026.07.1
H071,middle3779.txt_q2,A,2026-07-16T01:12:59,v2026.07.1
H169,middle3779.txt_q2,A,2026-07-27T08:41:33,v2026.07.1
H145,middle3779.txt_q2,C,2026-07-25T08:22:29,v2026.07.1
H177,middle3779.txt_q2,A,2026-07-25T07:39:09,v2026.07.1
H148,middle3779.txt_q2,B,2026-07-17T21:28:55,v2026.07.1
H016,middle3779.txt_q2,D,2026-07-12T18:42:27,v2026.07.1
H119,middle3779.txt_q2,B,2026-07-21T02:25:18,v2026.07.1
H055,middle3779.txt_q2,D,2026-07-25T16:09:20,v2026.07.1
H040,middle3779.txt_q2,D,2026-07-21T05:16:07,v2026.07.1
H027,middle3779.txt_q2,C,2026-07-24T20:15:15,v2026.07.1
H170,middle3779.txt_q2,D,2026-07-14T12:50:23,v2026.07.1
H091,middle3779.txt_q2,B,2026-07-14T12:43:14,v2026.07.1
H085,middle3779.txt_q2,C,2026-07-17T22:41:21,v2026.07.1
H102,middle3779.txt_q2,D,2026-07-14T02:20:20,v2026.07.1
H189,middle3779.txt_q2,A,2026-07-20T06:00:22,v2026.07.1
H149,middle3779.txt_q2,B,2026-07-17T07:35:29,v2026.07.1
H031,middle3779.txt_q2,C,2026-07-25T04:38:05,v2026.07.1
H077,middle3779.txt_q2,A,2026-07-12T01:53:13,v2026.07.1
H125,middle3779.txt_q2,B,2026-07-25T19:41:18,v2026.07.1
H073,middle3779.txt_q2,D,2026-07-24T23:55:46,v2026.07.1
H045,middle3779.txt_q2,D,2026-07-14T00:03:06,v2026.07.1
H087,middle3779.txt_q2,C,2026-07-18T18:35:32,v2026.07.1
H062,middle3779.txt_q2,A,2026-07-25T11:06:32,v2026.07.1
H166,middle3779.txt_q2,D,2026-07-17T21:16:29,v2026.07.1
H181,middle217.txt_q3,A,2026-07-15T02:38:06,v2026.07.1
H013,middle217.txt_q3,A,2026-07-24T15:29:57,v2026.07.1
H127,middle217.txt_q3,C,2026-07-26T19:34:12,v2026.07.1
H054,middle217.txt_q3,B,2026-07-15T12:32:17,v2026.07.1
H119,middle217.txt_q3,C,2026-07-25T08:01:18,v2026.07.1
H042,middle217.txt_q3,C,2026-07-21T04:15:05,v2026.07.1
H157,middle217.txt_q3,A,2026-07-18T08:05:02,v2026.07.1
H002,middle217.txt_q3,B,2026-07-12T20:22:09,v2026.07.1
H089,middle217.txt_q3,A,2026-07-14T11:49:19,v2026.07.1
H184,middle217.txt_q3,B,2026-07-19T21:09:24,v2026.07.1
H061,middle217.txt_q3,C,2026-07-18T12:05:13,v2026.07.1
H011,middle217.txt_q3,C,2026-07-22T00:28:58,v2026.07.1
H144,middle217.txt_q3,A,2026-07-11T17:51:39,v2026.07.1
H027,middle217.txt_q3,B,2026-07-20T21:16:34,v2026.07.1
H001,middle217.txt_q3,D,2026-07-21T13:29:49,v2026.07.1
H111,middle217.txt_q3,C,2026-07-13T15:03:29,v2026.07.1
H197,middle217.txt_q3,C,2026-07-19T17:08:08,v2026.07.1
H022,middle217.txt_q3,A,2026-07-18T06:53:18,v2026.07.1
H041,middle217.txt_q3,C,2026-07-15T14:34:11,v2026.07.1
H129,middle217.txt_q3,B,2026-07-17T00:37:45,v2026.07.1
H044,middle217.txt_q3,A,2026-07-25T12:32:27,v2026.07.1
H028,middle217.txt_q3,A,2026-07-19T20:06:37,v2026.07.1
H138,middle217.txt_q3,A,2026-07-12T17:58:25,v2026.07.1
H050,middle217.txt_q3,D,2026-07-27T16:10:52,v2026.07.1
H135,middle217.txt_q3,C,2026-07-12T21:16:58,v2026.07.1
H146,middle217.txt_q3,D,2026-07-15T19:09:59,v2026.07.1
H117,middle217.txt_q3,C,2026-07-12T12:31:08,v2026.07.1
H012,middle217.txt_q3,B,2026-07-20T09:42:41,v2026.07.1
H053,middle217.txt_q3,A,2026-07-18T04:15:34,v2026.07.1
H185,middle217.txt_q3,B,2026-07-21T20:59:40,v2026.07.1
H118,middle7301.txt_q3,D,2026-07-22T04:51:29,v2026.07.1
H039,middle7301.txt_q3,B,2026-07-22T03:41:41,v2026.07.1
H114,middle7301.txt_q3,A,2026-07-25T03:09:30,v2026.07.1
H045,middle7301.txt_q3,A,2026-07-16T06:30:12,v2026.07.1
H150,middle7301.txt_q3,B,2026-07-19T23:13:25,v2026.07.1
H080,middle7301.txt_q3,D,2026-07-18T11:34:45,v2026.07.1
H067,middle7301.txt_q3,A,2026-07-26T10:21:23,v2026.07.1
H055,middle7301.txt_q3,B,2026-07-14T18:16:34,v2026.07.1
H120,middle7301.txt_q3,A,2026-07-22T08:54:47,v2026.07.1
H076,middle7301.txt_q3,D,2026-07-15T20:18:49,v2026.07.1
H167,middle7301.txt_q3,B,2026-07-25T20:31:20,v2026.07.1
H074,middle7301.txt_q3,C,2026-07-27T16:30:52,v2026.07.1
H155,middle7301.txt_q3,D,2026-07-18T06:17:46,v2026.07.1
H129,middle7301.txt_q3,A,2026-07-24T10:08:56,v2026.07.1
H086,middle7301.txt_q3,D,2026-07-16T00:48:36,v2026.07.1
H172,middle7301.txt_q3,A,2026-07-13T05:16:19,v2026.07.1
H073,middle7301.txt_q3,B,2026-07-19T18:18:43,v2026.07.1
H133,middle7301.txt_q3,A,2026-07-14T17:11:27,v2026.07.1
H015,middle7301.txt_q3,A,2026-07-23T09:44:03,v2026.07.1
H011,middle7301.txt_q3,A,2026-07-14T14:30:31,v2026.07.1
H085,middle7301.txt_q3,D,2026-07-15T00:48:45,v2026.07.1
H007,middle7301.txt_q3,C,2026-07-19T16:41:20,v2026.07.1
H058,middle7301.txt_q3,A,2026-07-14T16:10:50,v2026.07.1
H110,middle7301.txt_q3,C,2026-07-17T03:52:43,v2026.07.1
H169,middle7301.txt_q3,C,2026-07-12T10:43:02,v2026.07.1
H122,middle7301.txt_q3,B,2026-07-18T08:49:12,v2026.07.1
H144,middle7301.txt_q3,B,2026-07-14T02:10:12,v2026.07.1
H101,middle7301.txt_q3,A,2026-07-15T13:41:37,v2026.07.1
H112,middle7301.txt_q3,D,2026-07-25T09:50:50,v2026.07.1
H160,middle7301.txt_q3,D,2026-07-21T01:16:36,v2026.07.1
H066,middle1155.txt_q0,D,2026-07-24T01:12:28,v2026.07.1
H100,middle1155.txt_q0,D,2026-07-12T08:21:21,v2026.07.1
H097,middle1155.txt_q0,B,2026-07-17T19:35:22,v2026.07.1
H088,middle1155.txt_q0,A,2026-07-20T03:55:27,v2026.07.1
H157,middle1155.txt_q0,A,2026-07-12T06:56:43,v2026.07.1
H115,middle1155.txt_q0,D,2026-07-21T02:59:21,v2026.07.1
H147,middle1155.txt_q0,D,2026-07-16T15:08:05,v2026.07.1
H034,middle1155.txt_q0,C,2026-07-18T01:23:06,v2026.07.1
H077,middle1155.txt_q0,C,2026-07-25T04:12:12,v2026.07.1
H064,middle1155.txt_q0,A,2026-07-21T22:06:06,v2026.07.1
H080,middle1155.txt_q0,D,2026-07-16T12:13:33,v2026.07.1
H124,middle1155.txt_q0,D,2026-07-19T18:32:49,v2026.07.1
H160,middle1155.txt_q0,D,2026-07-19T03:31:10,v2026.07.1
H012,middle1155.txt_q0,C,2026-07-21T00:02:38,v2026.07.1
H145,middle1155.txt_q0,B,2026-07-27T10:17:22,v2026.07.1
H139,middle1155.txt_q0,A,2026-07-20T22:33:36,v2026.07.1
H069,middle1155.txt_q0,D,2026-07-11T10:28:59,v2026.07.1
H198,middle1155.txt_q0,D,2026-07-23T23:16:08,v2026.07.1
H090,middle1155.txt_q0,B,2026-07-17T14:08:26,v2026.07.1
H179,middle1155.txt_q0,D,2026-07-25T12:49:35,v2026.07.1
H004,middle1155.txt_q0,B,2026-07-15T19:09:28,v2026.07.1
H021,middle1155.txt_q0,A,2026-07-26T17:30:53,v2026.07.1
H109,middle1155.txt_q0,A,2026-07-12T23:51:08,v2026.07.1
H191,middle1155.txt_q0,B,2026-07-21T18:23:01,v2026.07.1
H038,middle1155.txt_q0,A,2026-07-18T15:32:29,v2026.07.1
H105,middle1155.txt_q0,A,2026-07-22T06:46:19,v2026.07.1
H117,middle1155.txt_q0,B,2026-07-15T02:06:58,v2026.07.1
H184,middle1155.txt_q0,D,2026-07-16T19:51:50,v2026.07.1
H036,middle1155.txt_q0,B,2026-07-24T20:36:05,v2026.07.1
H023,middle1155.txt_q0,C,2026-07-12T08:57:22,v2026.07.1
H170,middle1638.txt_q2,D,2026-07-11T22:36:52,v2026.07.1
H045,middle1638.txt_q2,A,2026-07-23T20:55:05,v2026.07.1
H153,middle1638.txt_q2,D,2026-07-15T14:05:41,v2026.07.1
H122,middle1638.txt_q2,C,2026-07-20T00:07:58,v2026.07.1
H032,middle1638.txt_q2,C,2026-07-15T18:55:10,v2026.07.1
H048,middle1638.txt_q2,A,2026-07-16T01:34:01,v2026.07.1
H018,middle1638.txt_q2,A,2026-07-25T19:51:52,v2026.07.1
H057,middle1638.txt_q2,A,2026-07-18T00:05:46,v2026.07.1
H017,middle1638.txt_q2,C,2026-07-21T10:40:20,v2026.07.1
H150,middle1638.txt_q2,B,2026-07-15T10:43:29,v2026.07.1
H133,middle1638.txt_q2,A,2026-07-16T02:14:16,v2026.07.1
H169,middle1638.txt_q2,A,2026-07-19T00:49:49,v2026.07.1
H198,middle1638.txt_q2,C,2026-07-14T16:52:09,v2026.07.1
H091,middle1638.txt_q2,A,2026-07-12T01:06:09,v2026.07.1
H067,middle1638.txt_q2,D,2026-07-13T16:44:52,v2026.07.1
H115,middle1638.txt_q2,A,2026-07-21T20:33:48,v2026.07.1
H177,middle1638.txt_q2,A,2026-07-20T16:35:42,v2026.07.1
H019,middle1638.txt_q2,D,2026-07-26T13:06:00,v2026.07.1
H028,middle1638.txt_q2,D,2026-07-15T01:47:49,v2026.07.1
H030,middle1638.txt_q2,B,2026-07-21T05:44:58,v2026.07.1
H013,middle1638.txt_q2,A,2026-07-17T11:50:16,v2026.07.1
H004,middle1638.txt_q2,C,2026-07-27T12:29:25,v2026.07.1
H148,middle1638.txt_q2,D,2026-07-24T17:16:34,v2026.07.1
H125,middle1638.txt_q2,D,2026-07-23T06:00:23,v2026.07.1
H009,middle1638.txt_q2,D,2026-07-24T15:56:01,v2026.07.1
H185,middle1638.txt_q2,D,2026-07-15T03:30:59,v2026.07.1
H054,middle1638.txt_q2,A,2026-07-20T06:45:48,v2026.07.1
H084,middle1638.txt_q2,B,2026-07-25T05:00:11,v2026.07.1
H073,middle1638.txt_q2,B,2026-07-23T15:34:01,v2026.07.1
H056,middle1638.txt_q2,B,2026-07-18T06:20:29,v2026.07.1
H199,middle6374.txt_q2,B,2026-07-21T19:03:34,v2026.07.1
H069,middle6374.txt_q2,A,2026-07-21T01:28:02,v2026.07.1
H053,middle6374.txt_q2,B,2026-07-10T11:59:09,v2026.07.1
H084,middle6374.txt_q2,D,2026-07-16T08:24:51,v2026.07.1
H164,middle6374.txt_q2,A,2026-07-15T06:58:14,v2026.07.1
H119,middle6374.txt_q2,D,2026-07-23T22:55:06,v2026.07.1
H006,middle6374.txt_q2,C,2026-07-22T05:48:46,v2026.07.1
H028,middle6374.txt_q2,A,2026-07-11T01:45:42,v2026.07.1
H151,middle6374.txt_q2,B,2026-07-25T03:37:25,v2026.07.1
H080,middle6374.txt_q2,B,2026-07-12T02:47:32,v2026.07.1
H152,middle6374.txt_q2,D,2026-07-17T16:08:05,v2026.07.1
H128,middle6374.txt_q2,A,2026-07-24T12:59:12,v2026.07.1
H162,middle6374.txt_q2,C,2026-07-23T11:08:34,v2026.07.1
H078,middle6374.txt_q2,A,2026-07-10T23:32:21,v2026.07.1
H051,middle6374.txt_q2,B,2026-07-11T06:33:32,v2026.07.1
H099,middle6374.txt_q2,C,2026-07-19T08:38:24,v2026.07.1
H169,middle6374.txt_q2,A,2026-07-27T05:16:54,v2026.07.1
H103,middle6374.txt_q2,B,2026-07-26T20:33:43,v2026.07.1
H042,middle6374.txt_q2,C,2026-07-18T03:55:38,v2026.07.1
H021,middle6374.txt_q2,A,2026-07-26T12:09:38,v2026.07.1
H165,middle6374.txt_q2,C,2026-07-11T03:59:06,v2026.07.1
H130,middle6374.txt_q2,B,2026-07-17T09:58:40,v2026.07.1
H029,middle6374.txt_q2,D,2026-07-24T21:03:26,v2026.07.1
H149,middle6374.txt_q2,A,2026-07-17T18:41:06,v2026.07.1
H011,middle6374.txt_q2,A,2026-07-10T09:14:21,v2026.07.1
H166,middle6374.txt_q2,B,2026-07-19T19:22:48,v2026.07.1
H044,middle6374.txt_q2,C,2026-07-18T05:24:21,v2026.07.1
H030,middle6374.txt_q2,A,2026-07-24T18:26:32,v2026.07.1
H073,middle6374.txt_q2,B,2026-07-26T19:39:54,v2026.07.1
H173,middle6374.txt_q2,D,2026-07-11T20:33:41,v2026.07.1
H131,middle6916.txt_q0,D,2026-07-11T15:57:02,v2026.07.1
H044,middle6916.txt_q0,B,2026-07-22T13:22:36,v2026.07.1
H112,middle6916.txt_q0,D,2026-07-27T15:30:23,v2026.07.1
H192,middle6916.txt_q0,C,2026-07-16T10:24:19,v2026.07.1
H072,middle6916.txt_q0,C,2026-07-23T21:35:28,v2026.07.1
H007,middle6916.txt_q0,B,2026-07-24T23:09:42,v2026.07.1
H146,middle6916.txt_q0,A,2026-07-18T06:01:31,v2026.07.1
H161,middle6916.txt_q0,D,2026-07-13T11:35:42,v2026.07.1
H088,middle6916.txt_q0,D,2026-07-12T06:10:28,v2026.07.1
H015,middle6916.txt_q0,C,2026-07-27T09:21:23,v2026.07.1
H016,middle6916.txt_q0,A,2026-07-27T08:46:16,v2026.07.1
H127,middle6916.txt_q0,D,2026-07-18T21:34:54,v2026.07.1
H171,middle6916.txt_q0,A,2026-07-10T22:57:59,v2026.07.1
H145,middle6916.txt_q0,D,2026-07-15T08:33:24,v2026.07.1
H133,middle6916.txt_q0,A,2026-07-15T14:34:06,v2026.07.1
H035,middle6916.txt_q0,A,2026-07-23T02:45:25,v2026.07.1
H157,middle6916.txt_q0,C,2026-07-20T08:57:04,v2026.07.1
H138,middle6916.txt_q0,A,2026-07-18T16:29:38,v2026.07.1
H023,middle6916.txt_q0,A,2026-07-14T01:50:42,v2026.07.1
H086,middle6916.txt_q0,B,2026-07-25T21:02:31,v2026.07.1
H004,middle6916.txt_q0,D,2026-07-12T11:32:03,v2026.07.1
H193,middle6916.txt_q0,B,2026-07-24T08:49:57,v2026.07.1
H115,middle6916.txt_q0,A,2026-07-25T10:54:19,v2026.07.1
H076,middle6916.txt_q0,C,2026-07-18T03:55:45,v2026.07.1
H062,middle6916.txt_q0,A,2026-07-17T23:46:18,v2026.07.1
H103,middle6916.txt_q0,C,2026-07-12T06:45:39,v2026.07.1
H165,middle6916.txt_q0,B,2026-07-18T02:42:56,v2026.07.1
H046,middle6916.txt_q0,A,2026-07-22T16:53:16,v2026.07.1
H030,middle6916.txt_q0,C,2026-07-12T11:31:57,v2026.07.1
H123,middle6916.txt_q0,A,2026-07-14T06:33:39,v2026.07.1
H060,middle705.txt_q2,C,2026-07-21T22:07:06,v2026.07.1
H024,middle705.txt_q2,C,2026-07-24T21:23:09,v2026.07.1
H068,middle705.txt_q2,A,2026-07-23T23:55:53,v2026.07.1
H073,middle705.txt_q2,B,2026-07-22T13:20:48,v2026.07.1
H188,middle705.txt_q2,A,2026-07-14T15:39:39,v2026.07.1
H130,middle705.txt_q2,B,2026-07-12T02:10:23,v2026.07.1
H176,middle705.txt_q2,C,2026-07-24T04:45:30,v2026.07.1
H173,middle705.txt_q2,C,2026-07-26T22:50:10,v2026.07.1
H125,middle705.txt_q2,B,2026-07-26T19:52:40,v2026.07.1
H189,middle705.txt_q2,B,2026-07-16T12:30:16,v2026.07.1
H007,middle705.txt_q2,B,2026-07-16T18:14:28,v2026.07.1
H012,middle705.txt_q2,A,2026-07-12T12:27:49,v2026.07.1
H042,middle705.txt_q2,C,2026-07-16T05:57:53,v2026.07.1
H084,middle705.txt_q2,A,2026-07-11T19:06:20,v2026.07.1
H072,middle705.txt_q2,C,2026-07-19T12:00:13,v2026.07.1
H180,middle705.txt_q2,D,2026-07-17T04:38:40,v2026.07.1
H064,middle705.txt_q2,B,2026-07-18T02:20:34,v2026.07.1
H179,middle705.txt_q2,B,2026-07-15T02:31:05,v2026.07.1
H103,middle705.txt_q2,C,2026-07-24T14:43:53,v2026.07.1
H111,middle705.txt_q2,A,2026-07-24T19:10:38,v2026.07.1
H141,middle705.txt_q2,D,2026-07-10T14:28:44,v2026.07.1
H122,middle705.txt_q2,A,2026-07-18T10:59:08,v2026.07.1
H143,middle705.txt_q2,A,2026-07-15T10:19:05,v2026.07.1
H182,middle705.txt_q2,C,2026-07-11T04:09:38,v2026.07.1
H061,middle705.txt_q2,B,2026-07-23T09:54:01,v2026.07.1
H090,middle705.txt_q2,C,2026-07-17T11:20:29,v2026.07.1
H158,middle705.txt_q2,C,2026-07-19T22:29:28,v2026.07.1
H119,middle705.txt_q2,B,2026-07-12T05:21:54,v2026.07.1
H004,middle705.txt_q2,D,2026-07-11T15:06:31,v2026.07.1
H155,middle705.txt_q2,B,2026-07-26T21:16:50,v2026.07.1
H124,middle3554.txt_q3,C,2026-07-17T17:29:51,v2026.07.1
H169,middle3554.txt_q3,D,2026-07-19T19:30:30,v2026.07.1
H003,middle3554.txt_q3,D,2026-07-11T09:47:20,v2026.07.1
H092,middle3554.txt_q3,B,2026-07-13T14:54:05,v2026.07.1
H172,middle3554.txt_q3,C,2026-07-20T17:57:32,v2026.07.1
H126,middle3554.txt_q3,C,2026-07-20T05:02:05,v2026.07.1
H173,middle3554.txt_q3,C,2026-07-16T07:15:18,v2026.07.1
H037,middle3554.txt_q3,B,2026-07-10T19:54:14,v2026.07.1
H015,middle3554.txt_q3,C,2026-07-19T06:51:15,v2026.07.1
H081,middle3554.txt_q3,D,2026-07-25T09:41:12,v2026.07.1
H162,middle3554.txt_q3,D,2026-07-21T11:25:36,v2026.07.1
H068,middle3554.txt_q3,A,2026-07-22T10:45:19,v2026.07.1
H185,middle3554.txt_q3,C,2026-07-18T16:06:15,v2026.07.1
H050,middle3554.txt_q3,A,2026-07-10T21:48:07,v2026.07.1
H193,middle3554.txt_q3,B,2026-07-25T05:02:12,v2026.07.1
H165,middle3554.txt_q3,C,2026-07-16T18:09:32,v2026.07.1
H075,middle3554.txt_q3,C,2026-07-20T12:16:25,v2026.07.1
H118,middle3554.txt_q3,A,2026-07-12T16:27:28,v2026.07.1
H127,middle3554.txt_q3,C,2026-07-21T00:51:20,v2026.07.1
H097,middle3554.txt_q3,B,2026-07-19T21:04:22,v2026.07.1
H084,middle3554.txt_q3,B,2026-07-18T08:51:19,v2026.07.1
H167,middle3554.txt_q3,D,2026-07-15T06:01:18,v2026.07.1
H031,middle3554.txt_q3,C,2026-07-15T01:08:28,v2026.07.1
H101,middle3554.txt_q3,A,2026-07-16T10:09:01,v2026.07.1
H196,middle3554.txt_q3,B,2026-07-24T02:13:40,v2026.07.1
H114,middle3554.txt_q3,C,2026-07-16T18:58:52,v2026.07.1
H025,middle3554.txt_q3,D,2026-07-24T07:00:02,v2026.07.1
H096,middle3554.txt_q3,A,2026-07-13T08:43:09,v2026.07.1
H070,middle3554.txt_q3,A,2026-07-23T17:55:50,v2026.07.1
H030,middle3554.txt_q3,A,2026-07-16T16:43:23,v2026.07.1
H155,middle7808.txt_q1,A,2026-07-23T13:56:08,v2026.07.1
H138,middle7808.txt_q1,B,2026-07-24T02:20:29,v2026.07.1
H002,middle7808.txt_q1,D,2026-07-27T05:37:58,v2026.07.1
H176,middle7808.txt_q1,D,2026-07-16T06:03:03,v2026.07.1
H149,middle7808.txt_q1,B,2026-07-19T19:05:33,v2026.07.1
H124,middle7808.txt_q1,B,2026-07-16T14:13:13,v2026.07.1
H111,middle7808.txt_q1,C,2026-07-24T20:12:19,v2026.07.1
H096,middle7808.txt_q1,D,2026-07-20T11:23:34,v2026.07.1
H088,middle7808.txt_q1,C,2026-07-19T16:50:25,v2026.07.1
H123,middle7808.txt_q1,B,2026-07-24T23:10:38,v2026.07.1
H130,middle7808.txt_q1,B,2026-07-18T17:34:37,v2026.07.1
H027,middle7808.txt_q1,C,2026-07-16T13:51:26,v2026.07.1
H018,middle7808.txt_q1,B,2026-07-16T17:17:18,v2026.07.1
H184,middle7808.txt_q1,A,2026-07-15T04:45:46,v2026.07.1
H120,middle7808.txt_q1,D,2026-07-11T00:33:20,v2026.07.1
H112,middle7808.txt_q1,C,2026-07-17T05:38:45,v2026.07.1
H100,middle7808.txt_q1,A,2026-07-22T07:27:17,v2026.07.1
H053,middle7808.txt_q1,D,2026-07-16T19:54:21,v2026.07.1
H121,middle7808.txt_q1,D,2026-07-22T05:15:43,v2026.07.1
H015,middle7808.txt_q1,D,2026-07-26T11:11:40,v2026.07.1
H188,middle7808.txt_q1,B,2026-07-18T00:43:39,v2026.07.1
H200,middle7808.txt_q1,D,2026-07-12T18:05:42,v2026.07.1
H045,middle7808.txt_q1,C,2026-07-17T00:20:31,v2026.07.1
H147,middle7808.txt_q1,A,2026-07-23T21:00:22,v2026.07.1
H160,middle7808.txt_q1,C,2026-07-17T10:43:00,v2026.07.1
H023,middle7808.txt_q1,B,2026-07-23T01:05:49,v2026.07.1
H197,middle7808.txt_q1,C,2026-07-20T07:12:20,v2026.07.1
H092,middle7808.txt_q1,B,2026-07-11T12:24:17,v2026.07.1
H072,middle7808.txt_q1,C,2026-07-11T07:37:13,v2026.07.1
H154,middle7808.txt_q1,C,2026-07-23T10:04:48,v2026.07.1
H176,middle5018.txt_q0,D,2026-07-25T04:53:32,v2026.07.1
H123,middle5018.txt_q0,D,2026-07-18T07:32:19,v2026.07.1
H151,middle5018.txt_q0,A,2026-07-20T02:03:16,v2026.07.1
H045,middle5018.txt_q0,D,2026-07-13T13:35:37,v2026.07.1
H096,middle5018.txt_q0,B,2026-07-10T18:38:26,v2026.07.1
H178,middle5018.txt_q0,D,2026-07-10T11:11:34,v2026.07.1
H173,middle5018.txt_q0,A,2026-07-11T23:13:53,v2026.07.1
H147,middle5018.txt_q0,C,2026-07-22T18:28:37,v2026.07.1
H181,middle5018.txt_q0,C,2026-07-11T08:26:04,v2026.07.1
H004,middle5018.txt_q0,A,2026-07-22T03:15:17,v2026.07.1
H114,middle5018.txt_q0,A,2026-07-12T17:01:33,v2026.07.1
H043,middle5018.txt_q0,B,2026-07-11T03:26:21,v2026.07.1
H011,middle5018.txt_q0,C,2026-07-15T06:57:56,v2026.07.1
H152,middle5018.txt_q0,D,2026-07-11T02:19:41,v2026.07.1
H044,middle5018.txt_q0,D,2026-07-16T17:39:30,v2026.07.1
H166,middle5018.txt_q0,C,2026-07-13T02:17:35,v2026.07.1
H156,middle5018.txt_q0,A,2026-07-18T20:59:47,v2026.07.1
H192,middle5018.txt_q0,B,2026-07-21T12:39:57,v2026.07.1
H068,middle5018.txt_q0,A,2026-07-26T05:28:56,v2026.07.1
H187,middle5018.txt_q0,B,2026-07-11T12:05:42,v2026.07.1
H005,middle5018.txt_q0,B,2026-07-16T02:16:22,v2026.07.1
H001,middle5018.txt_q0,D,2026-07-15T00:00:02,v2026.07.1
H006,middle5018.txt_q0,C,2026-07-20T11:32:12,v2026.07.1
H165,middle5018.txt_q0,C,2026-07-17T05:19:03,v2026.07.1
H056,middle5018.txt_q0,A,2026-07-25T11:20:13,v2026.07.1
H050,middle5018.txt_q0,B,2026-07-22T15:24:09,v2026.07.1
H137,middle5018.txt_q0,B,2026-07-19T19:23:27,v2026.07.1
H067,middle5018.txt_q0,A,2026-07-20T21:08:25,v2026.07.1
H105,middle5018.txt_q0,A,2026-07-19T08:14:43,v2026.07.1
H133,middle5018.txt_q0,A,2026-07-24T07:01:23,v2026.07.1
H129,middle5390.txt_q1,B,2026-07-18T09:24:33,v2026.07.1
H068,middle5390.txt_q1,D,2026-07-16T23:48:27,v2026.07.1
H104,middle5390.txt_q1,C,2026-07-20T00:09:27,v2026.07.1
H021,middle5390.txt_q1,B,2026-07-17T16:40:05,v2026.07.1
H028,middle5390.txt_q1,B,2026-07-22T07:25:16,v2026.07.1
H042,middle5390.txt_q1,B,2026-07-11T01:31:41,v2026.07.1
H138,middle5390.txt_q1,C,2026-07-22T18:09:02,v2026.07.1
H131,middle5390.txt_q1,D,2026-07-12T22:48:40,v2026.07.1
H152,middle5390.txt_q1,C,2026-07-17T05:31:12,v2026.07.1
H088,middle5390.txt_q1,C,2026-07-24T07:02:48,v2026.07.1
H081,middle5390.txt_q1,D,2026-07-26T18:41:41,v2026.07.1
H177,middle5390.txt_q1,D,2026-07-23T00:48:55,v2026.07.1
H150,middle5390.txt_q1,A,2026-07-20T00:30:41,v2026.07.1
H100,middle5390.txt_q1,D,2026-07-12T05:07:54,v2026.07.1
H029,middle5390.txt_q1,C,2026-07-21T00:52:15,v2026.07.1
H143,middle5390.txt_q1,B,2026-07-19T05:17:56,v2026.07.1
H045,middle5390.txt_q1,B,2026-07-15T05:12:26,v2026.07.1
H199,middle5390.txt_q1,A,2026-07-15T20:04:55,v2026.07.1
H136,middle5390.txt_q1,C,2026-07-16T02:47:51,v2026.07.1
H183,middle5390.txt_q1,D,2026-07-22T04:12:45,v2026.07.1
H161,middle5390.txt_q1,D,2026-07-20T23:48:24,v2026.07.1
H196,middle5390.txt_q1,C,2026-07-26T02:52:40,v2026.07.1
H065,middle5390.txt_q1,B,2026-07-19T14:22:20,v2026.07.1
H061,middle5390.txt_q1,C,2026-07-12T00:51:42,v2026.07.1
H026,middle5390.txt_q1,B,2026-07-18T20:42:36,v2026.07.1
H004,middle5390.txt_q1,D,2026-07-22T05:50:07,v2026.07.1
H017,middle5390.txt_q1,A,2026-07-20T05:33:52,v2026.07.1
H186,middle5390.txt_q1,D,2026-07-25T15:29:40,v2026.07.1
H184,middle5390.txt_q1,A,2026-07-23T18:17:28,v2026.07.1
H057,middle5390.txt_q1,C,2026-07-10T23:19:47,v2026.07.1
H185,middle1160.txt_q0,C,2026-07-10T11:53:55,v2026.07.1
H029,middle1160.txt_q0,B,2026-07-11T19:56:39,v2026.07.1
H007,middle1160.txt_q0,B,2026-07-13T18:25:06,v2026.07.1
H171,middle1160.txt_q0,B,2026-07-11T08:53:33,v2026.07.1
H087,middle1160.txt_q0,B,2026-07-24T03:52:46,v2026.07.1
H078,middle1160.txt_q0,B,2026-07-13T11:12:32,v2026.07.1
H180,middle1160.txt_q0,A,2026-07-19T03:58:23,v2026.07.1
H156,middle1160.txt_q0,C,2026-07-18T04:36:23,v2026.07.1
H024,middle1160.txt_q0,A,2026-07-19T09:16:04,v2026.07.1
H068,middle1160.txt_q0,A,2026-07-17T03:10:15,v2026.07.1
H033,middle1160.txt_q0,B,2026-07-25T11:43:30,v2026.07.1
H190,middle1160.txt_q0,B,2026-07-25T18:15:13,v2026.07.1
H169,middle1160.txt_q0,B,2026-07-15T19:01:20,v2026.07.1
H163,middle1160.txt_q0,B,2026-07-15T09:20:41,v2026.07.1
H172,middle1160.txt_q0,B,2026-07-26T23:32:14,v2026.07.1
H064,middle1160.txt_q0,D,2026-07-26T12:45:05,v2026.07.1
H042,middle1160.txt_q0,B,2026-07-21T02:29:34,v2026.07.1
H142,middle1160.txt_q0,C,2026-07-14T01:44:31,v2026.07.1
H035,middle1160.txt_q0,D,2026-07-16T22:32:25,v2026.07.1
H109,middle1160.txt_q0,D,2026-07-25T15:13:08,v2026.07.1
H192,middle1160.txt_q0,B,2026-07-17T11:41:40,v2026.07.1
H049,middle1160.txt_q0,A,2026-07-17T03:34:50,v2026.07.1
H106,middle1160.txt_q0,A,2026-07-25T06:52:59,v2026.07.1
H174,middle1160.txt_q0,D,2026-07-10T22:52:46,v2026.07.1
H089,middle1160.txt_q0,A,2026-07-12T03:58:19,v2026.07.1
H111,middle1160.txt_q0,B,2026-07-23T11:30:19,v2026.07.1
H184,middle1160.txt_q0,D,2026-07-16T19:38:39,v2026.07.1
H098,middle1160.txt_q0,C,2026-07-14T09:29:58,v2026.07.1
H079,middle1160.txt_q0,B,2026-07-24T19:31:20,v2026.07.1
H131,middle1160.txt_q0,B,2026-07-24T08:04:24,v2026.07.1
H106,middle8201.txt_q0,A,2026-07-20T14:59:38,v2026.07.1
H070,middle8201.txt_q0,D,2026-07-15T01:26:13,v2026.07.1
H057,middle8201.txt_q0,A,2026-07-20T08:26:53,v2026.07.1
H182,middle8201.txt_q0,B,2026-07-12T03:20:16,v2026.07.1
H074,middle8201.txt_q0,C,2026-07-25T22:05:31,v2026.07.1
H024,middle8201.txt_q0,B,2026-07-11T16:55:44,v2026.07.1
H186,middle8201.txt_q0,B,2026-07-24T13:00:12,v2026.07.1
H040,middle8201.txt_q0,C,2026-07-12T02:29:06,v2026.07.1
H033,middle8201.txt_q0,B,2026-07-25T12:06:47,v2026.07.1
H023,middle8201.txt_q0,C,2026-07-22T13:49:55,v2026.07.1
H099,middle8201.txt_q0,D,2026-07-23T10:15:33,v2026.07.1
H096,middle8201.txt_q0,A,2026-07-18T04:53:37,v2026.07.1
H067,middle8201.txt_q0,D,2026-07-26T05:18:51,v2026.07.1
H082,middle8201.txt_q0,C,2026-07-11T05:59:03,v2026.07.1
H062,middle8201.txt_q0,A,2026-07-19T14:29:07,v2026.07.1
H092,middle8201.txt_q0,A,2026-07-25T12:07:48,v2026.07.1
H179,middle8201.txt_q0,A,2026-07-25T05:30:33,v2026.07.1
H063,middle8201.txt_q0,B,2026-07-11T11:55:37,v2026.07.1
H185,middle8201.txt_q0,D,2026-07-24T20:17:15,v2026.07.1
H085,middle8201.txt_q0,D,2026-07-18T21:16:27,v2026.07.1
H183,middle8201.txt_q0,D,2026-07-12T23:13:39,v2026.07.1
H059,middle8201.txt_q0,C,2026-07-26T09:23:09,v2026.07.1
H073,middle8201.txt_q0,C,2026-07-16T12:22:23,v2026.07.1
H108,middle8201.txt_q0,C,2026-07-15T04:58:03,v2026.07.1
H194,middle8201.txt_q0,A,2026-07-17T11:39:50,v2026.07.1
H113,middle8201.txt_q0,B,2026-07-11T14:58:12,v2026.07.1
H129,middle8201.txt_q0,A,2026-07-20T22:16:07,v2026.07.1
H181,middle8201.txt_q0,B,2026-07-18T09:42:13,v2026.07.1
H066,middle8201.txt_q0,B,2026-07-26T11:40:29,v2026.07.1
H076,middle8201.txt_q0,C,2026-07-11T08:16:27,v2026.07.1
H182,middle2679.txt_q1,D,2026-07-23T16:45:39,v2026.07.1
H200,middle2679.txt_q1,A,2026-07-23T09:34:28,v2026.07.1
H121,middle2679.txt_q1,D,2026-07-25T03:20:50,v2026.07.1
H064,middle2679.txt_q1,D,2026-07-21T11:54:58,v2026.07.1
H108,middle2679.txt_q1,C,2026-07-12T10:56:59,v2026.07.1
H162,middle2679.txt_q1,D,2026-07-18T22:54:06,v2026.07.1
H091,middle2679.txt_q1,A,2026-07-18T07:32:34,v2026.07.1
H140,middle2679.txt_q1,A,2026-07-17T21:49:07,v2026.07.1
H036,middle2679.txt_q1,A,2026-07-14T00:28:39,v2026.07.1
H184,middle2679.txt_q1,A,2026-07-14T20:20:05,v2026.07.1
H146,middle2679.txt_q1,D,2026-07-16T08:27:24,v2026.07.1
H011,middle2679.txt_q1,B,2026-07-17T20:53:12,v2026.07.1
H178,middle2679.txt_q1,D,2026-07-24T18:45:20,v2026.07.1
H097,middle2679.txt_q1,A,2026-07-14T08:18:20,v2026.07.1
H147,middle2679.txt_q1,D,2026-07-25T12:50:25,v2026.07.1
H194,middle2679.txt_q1,A,2026-07-15T05:02:14,v2026.07.1
H073,middle2679.txt_q1,C,2026-07-11T12:57:35,v2026.07.1
H134,middle2679.txt_q1,D,2026-07-23T03:02:55,v2026.07.1
H117,middle2679.txt_q1,D,2026-07-17T10:35:48,v2026.07.1
H093,middle2679.txt_q1,A,2026-07-22T00:20:34,v2026.07.1
H039,middle2679.txt_q1,A,2026-07-19T15:17:32,v2026.07.1
H090,middle2679.txt_q1,A,2026-07-20T06:14:41,v2026.07.1
H192,middle2679.txt_q1,C,2026-07-15T01:55:09,v2026.07.1
H151,middle2679.txt_q1,D,2026-07-24T07:29:10,v2026.07.1
H114,middle2679.txt_q1,B,2026-07-15T18:21:14,v2026.07.1
H071,middle2679.txt_q1,C,2026-07-24T05:01:00,v2026.07.1
H087,middle2679.txt_q1,D,2026-07-13T06:08:22,v2026.07.1
H040,middle2679.txt_q1,A,2026-07-12T11:26:53,v2026.07.1
H058,middle2679.txt_q1,A,2026-07-22T21:30:43,v2026.07.1
H074,middle2679.txt_q1,D,2026-07-15T04:57:20,v2026.07.1
H006,middle2289.txt_q3,B,2026-07-10T20:44:48,v2026.07.1
H159,middle2289.txt_q3,A,2026-07-24T00:35:29,v2026.07.1
H037,middle2289.txt_q3,C,2026-07-12T14:46:39,v2026.07.1
H090,middle2289.txt_q3,D,2026-07-17T11:25:21,v2026.07.1
H081,middle2289.txt_q3,A,2026-07-14T18:54:25,v2026.07.1
H033,middle2289.txt_q3,D,2026-07-13T12:46:34,v2026.07.1
H106,middle2289.txt_q3,D,2026-07-21T06:37:37,v2026.07.1
H061,middle2289.txt_q3,A,2026-07-21T01:30:52,v2026.07.1
H137,middle2289.txt_q3,A,2026-07-25T09:33:07,v2026.07.1
H078,middle2289.txt_q3,C,2026-07-19T21:05:33,v2026.07.1
H064,middle2289.txt_q3,D,2026-07-25T04:14:37,v2026.07.1
H114,middle2289.txt_q3,C,2026-07-19T10:28:16,v2026.07.1
H162,middle2289.txt_q3,B,2026-07-26T04:30:13,v2026.07.1
H104,middle2289.txt_q3,B,2026-07-17T16:03:58,v2026.07.1
H152,middle2289.txt_q3,D,2026-07-24T17:01:17,v2026.07.1
H176,middle2289.txt_q3,B,2026-07-18T19:01:02,v2026.07.1
H160,middle2289.txt_q3,A,2026-07-22T04:20:43,v2026.07.1
H185,middle2289.txt_q3,A,2026-07-21T09:56:06,v2026.07.1
H083,middle2289.txt_q3,A,2026-07-13T22:12:04,v2026.07.1
H100,middle2289.txt_q3,C,2026-07-13T08:20:02,v2026.07.1
H068,middle2289.txt_q3,D,2026-07-17T17:01:38,v2026.07.1
H131,middle2289.txt_q3,C,2026-07-24T16:44:30,v2026.07.1
H111,middle2289.txt_q3,A,2026-07-14T04:35:53,v2026.07.1
H146,middle2289.txt_q3,C,2026-07-15T16:00:55,v2026.07.1
H092,middle2289.txt_q3,B,2026-07-23T10:01:02,v2026.07.1
H142,middle2289.txt_q3,B,2026-07-12T12:13:53,v2026.07.1
H141,middle2289.txt_q3,C,2026-07-23T21:46:33,v2026.07.1
H113,middle2289.txt_q3,A,2026-07-12T17:46:59,v2026.07.1
H097,middle2289.txt_q3,D,2026-07-11T13:13:57,v2026.07.1
H116,middle2289.txt_q3,B,2026-07-26T05:20:19,v2026.07.1
H184,middle3728.txt_q1,A,2026-07-18T12:20:34,v2026.07.1
H154,middle3728.txt_q1,B,2026-07-22T18:40:08,v2026.07.1
H093,middle3728.txt_q1,D,2026-07-13T07:25:19,v2026.07.1
H056,middle3728.txt_q1,A,2026-07-18T12:19:24,v2026.07.1
H031,middle3728.txt_q1,C,2026-07-12T09:21:18,v2026.07.1
H086,middle3728.txt_q1,A,2026-07-18T15:04:55,v2026.07.1
H011,middle3728.txt_q1,D,2026-07-13T22:58:50,v2026.07.1
H140,middle3728.txt_q1,A,2026-07-12T20:38:46,v2026.07.1
H039,middle3728.txt_q1,C,2026-07-16T04:14:30,v2026.07.1
H166,middle3728.txt_q1,A,2026-07-13T12:04:27,v2026.07.1
H005,middle3728.txt_q1,B,2026-07-23T14:13:11,v2026.07.1
H009,middle3728.txt_q1,D,2026-07-13T18:37:15,v2026.07.1
H079,middle3728.txt_q1,A,2026-07-15T03:51:32,v2026.07.1
H101,middle3728.txt_q1,C,2026-07-23T17:06:57,v2026.07.1
H061,middle3728.txt_q1,D,2026-07-22T20:34:46,v2026.07.1
H157,middle3728.txt_q1,D,2026-07-15T00:33:00,v2026.07.1
H038,middle3728.txt_q1,C,2026-07-13T13:47:56,v2026.07.1
H068,middle3728.txt_q1,A,2026-07-16T18:25:49,v2026.07.1
H143,middle3728.txt_q1,C,2026-07-11T16:36:36,v2026.07.1
H178,middle3728.txt_q1,D,2026-07-26T15:00:54,v2026.07.1
H162,middle3728.txt_q1,C,2026-07-23T09:43:43,v2026.07.1
H069,middle3728.txt_q1,A,2026-07-26T18:37:12,v2026.07.1
H137,middle3728.txt_q1,B,2026-07-16T02:57:20,v2026.07.1
H135,middle3728.txt_q1,D,2026-07-23T07:09:24,v2026.07.1
H191,middle3728.txt_q1,C,2026-07-12T11:26:18,v2026.07.1
H107,middle3728.txt_q1,B,2026-07-26T23:30:44,v2026.07.1
H046,middle3728.txt_q1,B,2026-07-24T14:56:00,v2026.07.1
H198,middle3728.txt_q1,D,2026-07-14T07:41:47,v2026.07.1
H088,middle3728.txt_q1,A,2026-07-17T21:27:10,v2026.07.1
H109,middle3728.txt_q1,B,2026-07-21T22:11:07,v2026.07.1
H189,middle3476.txt_q0,C,2026-07-11T14:51:13,v2026.07.1
H192,middle3476.txt_q0,B,2026-07-11T08:21:33,v2026.07.1
H200,middle3476.txt_q0,A,2026-07-11T23:03:14,v2026.07.1
H132,middle3476.txt_q0,A,2026-07-14T20:13:29,v2026.07.1
H035,middle3476.txt_q0,A,2026-07-13T16:10:56,v2026.07.1
H165,middle3476.txt_q0,B,2026-07-27T13:18:33,v2026.07.1
H033,middle3476.txt_q0,B,2026-07-24T11:44:43,v2026.07.1
H198,middle3476.txt_q0,D,2026-07-22T16:12:50,v2026.07.1
H072,middle3476.txt_q0,C,2026-07-16T00:45:35,v2026.07.1
H114,middle3476.txt_q0,D,2026-07-18T06:47:30,v2026.07.1
H036,middle3476.txt_q0,A,2026-07-26T20:04:24,v2026.07.1
H053,middle3476.txt_q0,A,2026-07-20T06:42:21,v2026.07.1
H185,middle3476.txt_q0,D,2026-07-17T07:00:52,v2026.07.1
H069,middle3476.txt_q0,D,2026-07-18T00:18:05,v2026.07.1
H054,middle3476.txt_q0,A,2026-07-16T23:48:58,v2026.07.1
H039,middle3476.txt_q0,B,2026-07-10T16:42:44,v2026.07.1
H061,middle3476.txt_q0,B,2026-07-23T14:00:16,v2026.07.1
H018,middle3476.txt_q0,A,2026-07-23T18:34:43,v2026.07.1
H178,middle3476.txt_q0,D,2026-07-14T00:56:40,v2026.07.1
H095,middle3476.txt_q0,A,2026-07-14T05:20:34,v2026.07.1
H121,middle3476.txt_q0,B,2026-07-20T13:00:43,v2026.07.1
H140,middle3476.txt_q0,C,2026-07-16T13:22:15,v2026.07.1
H096,middle3476.txt_q0,C,2026-07-27T03:04:42,v2026.07.1
H142,middle3476.txt_q0,A,2026-07-16T14:58:41,v2026.07.1
H107,middle3476.txt_q0,C,2026-07-18T08:42:17,v2026.07.1
H091,middle3476.txt_q0,D,2026-07-12T05:38:31,v2026.07.1
H012,middle3476.txt_q0,A,2026-07-22T20:14:41,v2026.07.1
H105,middle3476.txt_q0,C,2026-07-18T14:30:20,v2026.07.1
H059,middle3476.txt_q0,A,2026-07-23T21:16:47,v2026.07.1
H089,middle3476.txt_q0,D,2026-07-14T21:13:19,v2026.07.1
H161,middle6128.txt_q1,D,2026-07-21T19:18:41,v2026.07.1
H024,middle6128.txt_q1,A,2026-07-17T06:37:09,v2026.07.1
H110,middle6128.txt_q1,C,2026-07-21T15:00:46,v2026.07.1
H107,middle6128.txt_q1,D,2026-07-16T13:46:22,v2026.07.1
H038,middle6128.txt_q1,A,2026-07-18T21:17:57,v2026.07.1
H163,middle6128.txt_q1,A,2026-07-23T19:52:23,v2026.07.1
H119,middle6128.txt_q1,A,2026-07-21T04:06:26,v2026.07.1
H010,middle6128.txt_q1,C,2026-07-27T16:04:19,v2026.07.1
H013,middle6128.txt_q1,A,2026-07-10T20:24:13,v2026.07.1
H037,middle6128.txt_q1,D,2026-07-16T21:51:46,v2026.07.1
H184,middle6128.txt_q1,C,2026-07-13T06:34:56,v2026.07.1
H171,middle6128.txt_q1,B,2026-07-23T08:06:52,v2026.07.1
H099,middle6128.txt_q1,C,2026-07-15T15:43:44,v2026.07.1
H031,middle6128.txt_q1,A,2026-07-15T01:48:21,v2026.07.1
H076,middle6128.txt_q1,D,2026-07-21T09:35:36,v2026.07.1
H026,middle6128.txt_q1,C,2026-07-22T17:00:12,v2026.07.1
H079,middle6128.txt_q1,C,2026-07-24T20:59:10,v2026.07.1
H095,middle6128.txt_q1,C,2026-07-15T13:41:02,v2026.07.1
H198,middle6128.txt_q1,C,2026-07-26T04:50:48,v2026.07.1
H109,middle6128.txt_q1,B,2026-07-15T00:40:39,v2026.07.1
H050,middle6128.txt_q1,A,2026-07-15T08:16:44,v2026.07.1
H083,middle6128.txt_q1,D,2026-07-11T08:16:27,v2026.07.1
H085,middle6128.txt_q1,C,2026-07-18T18:21:53,v2026.07.1
H156,middle6128.txt_q1,D,2026-07-18T16:06:06,v2026.07.1
H169,middle6128.txt_q1,D,2026-07-12T08:53:41,v2026.07.1
H153,middle6128.txt_q1,B,2026-07-19T17:34:17,v2026.07.1
H141,middle6128.txt_q1,B,2026-07-13T13:15:13,v2026.07.1
H082,middle6128.txt_q1,C,2026-07-19T09:40:25,v2026.07.1
H025,middle6128.txt_q1,A,2026-07-12T14:47:11,v2026.07.1
H056,middle6128.txt_q1,C,2026-07-20T16:26:50,v2026.07.1
H136,middle6023.txt_q0,D,2026-07-26T01:03:49,v2026.07.1
H078,middle6023.txt_q0,B,2026-07-15T18:41:47,v2026.07.1
H166,middle6023.txt_q0,B,2026-07-15T07:16:50,v2026.07.1
H093,middle6023.txt_q0,D,2026-07-18T20:46:01,v2026.07.1
H015,middle6023.txt_q0,B,2026-07-15T15:50:30,v2026.07.1
H110,middle6023.txt_q0,C,2026-07-24T22:55:28,v2026.07.1
H171,middle6023.txt_q0,C,2026-07-12T10:47:27,v2026.07.1
H059,middle6023.txt_q0,B,2026-07-14T09:11:17,v2026.07.1
H020,middle6023.txt_q0,C,2026-07-20T07:54:55,v2026.07.1
H091,middle6023.txt_q0,D,2026-07-14T10:22:20,v2026.07.1
H108,middle6023.txt_q0,D,2026-07-23T10:10:28,v2026.07.1
H158,middle6023.txt_q0,D,2026-07-18T00:25:37,v2026.07.1
H058,middle6023.txt_q0,D,2026-07-26T14:29:28,v2026.07.1
H068,middle6023.txt_q0,A,2026-07-26T10:46:18,v2026.07.1
H036,middle6023.txt_q0,A,2026-07-23T15:48:51,v2026.07.1
H024,middle6023.txt_q0,B,2026-07-14T14:37:27,v2026.07.1
H101,middle6023.txt_q0,D,2026-07-19T21:16:30,v2026.07.1
H087,middle6023.txt_q0,B,2026-07-14T09:17:03,v2026.07.1
H100,middle6023.txt_q0,B,2026-07-14T05:58:23,v2026.07.1
H027,middle6023.txt_q0,B,2026-07-19T15:59:41,v2026.07.1
H178,middle6023.txt_q0,D,2026-07-27T06:09:04,v2026.07.1
H076,middle6023.txt_q0,A,2026-07-14T11:33:39,v2026.07.1
H137,middle6023.txt_q0,D,2026-07-12T22:41:26,v2026.07.1
H079,middle6023.txt_q0,C,2026-07-18T23:15:58,v2026.07.1
H144,middle6023.txt_q0,C,2026-07-25T21:04:06,v2026.07.1
H021,middle6023.txt_q0,A,2026-07-23T22:21:17,v2026.07.1
H061,middle6023.txt_q0,D,2026-07-16T15:36:19,v2026.07.1
H196,middle6023.txt_q0,A,2026-07-22T08:43:29,v2026.07.1
H077,middle6023.txt_q0,D,2026-07-21T03:20:18,v2026.07.1
H134,middle6023.txt_q0,D,2026-07-20T11:19:26,v2026.07.1
H049,middle6928.txt_q0,B,2026-07-12T18:43:17,v2026.07.1
H088,middle6928.txt_q0,D,2026-07-16T03:49:10,v2026.07.1
H127,middle6928.txt_q0,C,2026-07-16T22:32:35,v2026.07.1
H176,middle6928.txt_q0,B,2026-07-11T00:39:50,v2026.07.1
H083,middle6928.txt_q0,A,2026-07-13T00:45:22,v2026.07.1
H160,middle6928.txt_q0,C,2026-07-27T14:43:42,v2026.07.1
H170,middle6928.txt_q0,B,2026-07-25T05:08:45,v2026.07.1
H043,middle6928.txt_q0,D,2026-07-21T13:42:15,v2026.07.1
H064,middle6928.txt_q0,C,2026-07-10T22:18:54,v2026.07.1
H162,middle6928.txt_q0,C,2026-07-18T09:59:16,v2026.07.1
H187,middle6928.txt_q0,C,2026-07-26T17:39:26,v2026.07.1
H106,middle6928.txt_q0,C,2026-07-22T03:24:37,v2026.07.1
H054,middle6928.txt_q0,C,2026-07-15T02:40:34,v2026.07.1
H017,middle6928.txt_q0,D,2026-07-14T12:12:49,v2026.07.1
H022,middle6928.txt_q0,C,2026-07-24T06:55:45,v2026.07.1
H091,middle6928.txt_q0,B,2026-07-11T07:13:06,v2026.07.1
H110,middle6928.txt_q0,C,2026-07-16T12:56:25,v2026.07.1
H058,middle6928.txt_q0,D,2026-07-23T15:15:28,v2026.07.1
H024,middle6928.txt_q0,D,2026-07-21T00:16:58,v2026.07.1
H035,middle6928.txt_q0,A,2026-07-17T23:49:24,v2026.07.1
H171,middle6928.txt_q0,C,2026-07-22T17:57:29,v2026.07.1
H161,middle6928.txt_q0,D,2026-07-17T22:11:58,v2026.07.1
H090,middle6928.txt_q0,B,2026-07-21T03:10:01,v2026.07.1
H178,middle6928.txt_q0,D,2026-07-17T07:28:55,v2026.07.1
H147,middle6928.txt_q0,D,2026-07-16T13:25:41,v2026.07.1
H133,middle6928.txt_q0,C,2026-07-12T23:30:52,v2026.07.1
H071,middle6928.txt_q0,A,2026-07-17T17:54:05,v2026.07.1
H061,middle6928.txt_q0,A,2026-07-26T07:12:22,v2026.07.1
H103,middle6928.txt_q0,B,2026-07-15T08:05:23,v2026.07.1
H190,middle6928.txt_q0,C,2026-07-21T08:16:57,v2026.07.1
H037,middle7673.txt_q2,B,2026-07-13T02:29:04,v2026.07.1
H015,middle7673.txt_q2,C,2026-07-18T20:00:01,v2026.07.1
H149,middle7673.txt_q2,A,2026-07-24T11:08:40,v2026.07.1
H093,middle7673.txt_q2,D,2026-07-16T10:32:47,v2026.07.1
H095,middle7673.txt_q2,A,2026-07-13T13:10:07,v2026.07.1
H152,middle7673.txt_q2,B,2026-07-12T16:16:37,v2026.07.1
H063,middle7673.txt_q2,C,2026-07-17T23:24:32,v2026.07.1
H032,middle7673.txt_q2,B,2026-07-11T03:59:43,v2026.07.1
H128,middle7673.txt_q2,B,2026-07-17T00:49:27,v2026.07.1
H170,middle7673.txt_q2,D,2026-07-22T06:46:25,v2026.07.1
H041,middle7673.txt_q2,D,2026-07-26T15:29:35,v2026.07.1
H136,middle7673.txt_q2,B,2026-07-24T17:31:57,v2026.07.1
H153,middle7673.txt_q2,B,2026-07-26T13:31:40,v2026.07.1
H016,middle7673.txt_q2,C,2026-07-22T04:33:16,v2026.07.1
H116,middle7673.txt_q2,A,2026-07-11T09:15:01,v2026.07.1
H052,middle7673.txt_q2,C,2026-07-18T13:21:48,v2026.07.1
H125,middle7673.txt_q2,A,2026-07-22T17:19:53,v2026.07.1
H117,middle7673.txt_q2,D,2026-07-27T09:12:37,v2026.07.1
H146,middle7673.txt_q2,D,2026-07-26T02:45:54,v2026.07.1
H124,middle7673.txt_q2,B,2026-07-10T22:37:32,v2026.07.1
H169,middle7673.txt_q2,A,2026-07-23T14:10:34,v2026.07.1
H040,middle7673.txt_q2,A,2026-07-17T17:26:33,v2026.07.1
H011,middle7673.txt_q2,A,2026-07-22T10:44:49,v2026.07.1
H140,middle7673.txt_q2,C,2026-07-19T13:01:52,v2026.07.1
H084,middle7673.txt_q2,B,2026-07-16T05:01:36,v2026.07.1
H123,middle7673.txt_q2,B,2026-07-27T03:04:22,v2026.07.1
H067,middle7673.txt_q2,A,2026-07-19T08:20:52,v2026.07.1
H181,middle7673.txt_q2,B,2026-07-26T16:16:03,v2026.07.1
H162,middle7673.txt_q2,B,2026-07-24T11:51:08,v2026.07.1
H183,middle7673.txt_q2,D,2026-07-15T07:34:31,v2026.07.1
H008,middle3625.txt_q0,B,2026-07-12T16:47:57,v2026.07.1
H177,middle3625.txt_q0,A,2026-07-13T14:56:06,v2026.07.1
H105,middle3625.txt_q0,A,2026-07-11T15:45:06,v2026.07.1
H173,middle3625.txt_q0,A,2026-07-25T06:08:18,v2026.07.1
H013,middle3625.txt_q0,A,2026-07-17T18:54:58,v2026.07.1
H070,middle3625.txt_q0,B,2026-07-22T08:04:28,v2026.07.1
H113,middle3625.txt_q0,B,2026-07-18T15:40:48,v2026.07.1
H150,middle3625.txt_q0,D,2026-07-16T17:28:18,v2026.07.1
H147,middle3625.txt_q0,A,2026-07-15T03:43:18,v2026.07.1
H167,middle3625.txt_q0,A,2026-07-16T21:35:34,v2026.07.1
H148,middle3625.txt_q0,C,2026-07-19T19:47:32,v2026.07.1
H140,middle3625.txt_q0,A,2026-07-21T08:31:16,v2026.07.1
H188,middle3625.txt_q0,B,2026-07-21T20:12:23,v2026.07.1
H131,middle3625.txt_q0,A,2026-07-18T13:11:41,v2026.07.1
H048,middle3625.txt_q0,C,2026-07-16T21:24:28,v2026.07.1
H076,middle3625.txt_q0,D,2026-07-26T17:15:35,v2026.07.1
H087,middle3625.txt_q0,A,2026-07-19T07:59:32,v2026.07.1
H157,middle3625.txt_q0,A,2026-07-21T18:06:08,v2026.07.1
H149,middle3625.txt_q0,B,2026-07-13T07:54:39,v2026.07.1
H005,middle3625.txt_q0,C,2026-07-12T16:30:46,v2026.07.1
H079,middle3625.txt_q0,D,2026-07-21T22:58:15,v2026.07.1
H111,middle3625.txt_q0,D,2026-07-23T21:23:48,v2026.07.1
H092,middle3625.txt_q0,D,2026-07-20T01:38:40,v2026.07.1
H035,middle3625.txt_q0,C,2026-07-22T23:23:23,v2026.07.1
H154,middle3625.txt_q0,A,2026-07-23T10:15:07,v2026.07.1
H058,middle3625.txt_q0,D,2026-07-26T10:35:52,v2026.07.1
H055,middle3625.txt_q0,D,2026-07-21T12:34:05,v2026.07.1
H030,middle3625.txt_q0,D,2026-07-14T02:07:09,v2026.07.1
H106,middle3625.txt_q0,D,2026-07-12T15:04:34,v2026.07.1
H174,middle3625.txt_q0,C,2026-07-16T06:40:50,v2026.07.1
H149,middle7188.txt_q2,A,2026-07-21T07:25:03,v2026.07.1
H072,middle7188.txt_q2,A,2026-07-11T16:18:22,v2026.07.1
H080,middle7188.txt_q2,C,2026-07-22T17:38:49,v2026.07.1
H172,middle7188.txt_q2,C,2026-07-19T05:49:00,v2026.07.1
H194,middle7188.txt_q2,D,2026-07-26T01:09:44,v2026.07.1
H102,middle7188.txt_q2,B,2026-07-25T19:43:26,v2026.07.1
H070,middle7188.txt_q2,A,2026-07-23T00:48:14,v2026.07.1
H188,middle7188.txt_q2,C,2026-07-27T03:29:29,v2026.07.1
H018,middle7188.txt_q2,B,2026-07-22T21:39:55,v2026.07.1
H014,middle7188.txt_q2,C,2026-07-15T00:51:27,v2026.07.1
H087,middle7188.txt_q2,B,2026-07-25T21:13:14,v2026.07.1
H031,middle7188.txt_q2,D,2026-07-19T06:43:36,v2026.07.1
H174,middle7188.txt_q2,B,2026-07-22T08:19:26,v2026.07.1
H093,middle7188.txt_q2,D,2026-07-19T11:31:37,v2026.07.1
H177,middle7188.txt_q2,C,2026-07-15T15:32:43,v2026.07.1
H176,middle7188.txt_q2,D,2026-07-24T02:31:32,v2026.07.1
H126,middle7188.txt_q2,D,2026-07-23T21:48:46,v2026.07.1
H158,middle7188.txt_q2,C,2026-07-21T17:01:13,v2026.07.1
H077,middle7188.txt_q2,B,2026-07-20T15:57:09,v2026.07.1
H110,middle7188.txt_q2,C,2026-07-23T14:29:44,v2026.07.1
H195,middle7188.txt_q2,A,2026-07-22T11:51:20,v2026.07.1
H053,middle7188.txt_q2,D,2026-07-25T03:07:28,v2026.07.1
H048,middle7188.txt_q2,A,2026-07-21T07:41:19,v2026.07.1
H011,middle7188.txt_q2,D,2026-07-17T20:20:55,v2026.07.1
H131,middle7188.txt_q2,B,2026-07-16T12:38:12,v2026.07.1
H057,middle7188.txt_q2,A,2026-07-19T11:27:13,v2026.07.1
H056,middle7188.txt_q2,C,2026-07-20T00:21:14,v2026.07.1
H045,middle7188.txt_q2,D,2026-07-22T04:04:06,v2026.07.1
H151,middle7188.txt_q2,C,2026-07-13T01:00:57,v2026.07.1
H139,middle7188.txt_q2,A,2026-07-22T14:44:39,v2026.07.1
H054,middle5625.txt_q1,B,2026-07-25T01:01:31,v2026.07.1
H147,middle5625.txt_q1,B,2026-07-25T11:18:31,v2026.07.1
H192,middle5625.txt_q1,D,2026-07-19T05:24:00,v2026.07.1
H102,middle5625.txt_q1,B,2026-07-14T22:38:41,v2026.07.1
H034,middle5625.txt_q1,B,2026-07-23T08:01:11,v2026.07.1
H071,middle5625.txt_q1,C,2026-07-21T22:37:15,v2026.07.1
H167,middle5625.txt_q1,C,2026-07-20T18:33:33,v2026.07.1
H200,middle5625.txt_q1,B,2026-07-15T20:23:23,v2026.07.1
H061,middle5625.txt_q1,D,2026-07-20T12:33:43,v2026.07.1
H113,middle5625.txt_q1,A,2026-07-19T14:52:38,v2026.07.1
H133,middle5625.txt_q1,D,2026-07-25T16:10:09,v2026.07.1
H038,middle5625.txt_q1,A,2026-07-14T10:23:30,v2026.07.1
H146,middle5625.txt_q1,C,2026-07-18T15:28:01,v2026.07.1
H156,middle5625.txt_q1,D,2026-07-16T03:49:52,v2026.07.1
H014,middle5625.txt_q1,B,2026-07-26T14:53:34,v2026.07.1
H144,middle5625.txt_q1,A,2026-07-21T20:08:03,v2026.07.1
H177,middle5625.txt_q1,A,2026-07-12T05:56:02,v2026.07.1
H027,middle5625.txt_q1,D,2026-07-18T22:32:58,v2026.07.1
H123,middle5625.txt_q1,D,2026-07-20T04:53:04,v2026.07.1
H063,middle5625.txt_q1,D,2026-07-14T16:55:39,v2026.07.1
H110,middle5625.txt_q1,C,2026-07-21T00:12:55,v2026.07.1
H084,middle5625.txt_q1,C,2026-07-25T22:58:10,v2026.07.1
H145,middle5625.txt_q1,D,2026-07-14T11:36:22,v2026.07.1
H008,middle5625.txt_q1,B,2026-07-21T02:34:06,v2026.07.1
H069,middle5625.txt_q1,D,2026-07-17T09:39:33,v2026.07.1
H168,middle5625.txt_q1,D,2026-07-21T22:28:00,v2026.07.1
H055,middle5625.txt_q1,B,2026-07-21T15:26:04,v2026.07.1
H024,middle5625.txt_q1,A,2026-07-21T11:45:30,v2026.07.1
H057,middle5625.txt_q1,B,2026-07-15T03:01:56,v2026.07.1
H079,middle5625.txt_q1,A,2026-07-13T14:57:25,v2026.07.1
H083,middle1689.txt_q2,A,2026-07-20T20:48:07,v2026.07.1
H123,middle1689.txt_q2,B,2026-07-24T17:13:25,v2026.07.1
H089,middle1689.txt_q2,C,2026-07-27T07:36:41,v2026.07.1
H058,middle1689.txt_q2,C,2026-07-24T20:11:02,v2026.07.1
H101,middle1689.txt_q2,A,2026-07-16T05:00:11,v2026.07.1
H194,middle1689.txt_q2,C,2026-07-21T18:34:43,v2026.07.1
H070,middle1689.txt_q2,A,2026-07-21T05:09:01,v2026.07.1
H132,middle1689.txt_q2,D,2026-07-16T22:50:38,v2026.07.1
H094,middle1689.txt_q2,B,2026-07-26T02:37:30,v2026.07.1
H076,middle1689.txt_q2,D,2026-07-13T06:44:56,v2026.07.1
H126,middle1689.txt_q2,D,2026-07-16T05:24:18,v2026.07.1
H041,middle1689.txt_q2,D,2026-07-16T05:31:26,v2026.07.1
H081,middle1689.txt_q2,C,2026-07-22T06:10:01,v2026.07.1
H158,middle1689.txt_q2,D,2026-07-21T16:17:39,v2026.07.1
H055,middle1689.txt_q2,A,2026-07-15T21:38:01,v2026.07.1
H042,middle1689.txt_q2,B,2026-07-27T09:06:24,v2026.07.1
H146,middle1689.txt_q2,A,2026-07-21T15:54:00,v2026.07.1
H033,middle1689.txt_q2,D,2026-07-24T00:18:44,v2026.07.1
H131,middle1689.txt_q2,D,2026-07-22T02:03:45,v2026.07.1
H129,middle1689.txt_q2,A,2026-07-25T10:56:10,v2026.07.1
H159,middle1689.txt_q2,C,2026-07-13T17:15:31,v2026.07.1
H170,middle1689.txt_q2,D,2026-07-16T23:18:28,v2026.07.1
H121,middle1689.txt_q2,A,2026-07-15T06:17:16,v2026.07.1
H073,middle1689.txt_q2,C,2026-07-25T19:03:03,v2026.07.1
H023,middle1689.txt_q2,B,2026-07-19T15:18:25,v2026.07.1
H118,middle1689.txt_q2,C,2026-07-17T11:36:13,v2026.07.1
H164,middle1689.txt_q2,A,2026-07-14T22:16:09,v2026.07.1
H016,middle1689.txt_q2,A,2026-07-14T04:17:27,v2026.07.1
H200,middle1689.txt_q2,D,2026-07-25T19:35:40,v2026.07.1
H165,middle1689.txt_q2,B,2026-07-17T05:21:34,v2026.07.1
H021,middle291.txt_q0,D,2026-07-15T20:24:24,v2026.07.1
H044,middle291.txt_q0,D,2026-07-11T20:36:42,v2026.07.1
H136,middle291.txt_q0,C,2026-07-20T03:24:28,v2026.07.1
H159,middle291.txt_q0,D,2026-07-15T09:13:32,v2026.07.1
H009,middle291.txt_q0,A,2026-07-14T08:39:55,v2026.07.1
H056,middle291.txt_q0,A,2026-07-12T10:57:06,v2026.07.1
H031,middle291.txt_q0,C,2026-07-15T18:57:05,v2026.07.1
H094,middle291.txt_q0,C,2026-07-13T03:31:17,v2026.07.1
H166,middle291.txt_q0,C,2026-07-22T20:15:58,v2026.07.1
H194,middle291.txt_q0,D,2026-07-17T05:22:44,v2026.07.1
H063,middle291.txt_q0,B,2026-07-15T00:11:42,v2026.07.1
H064,middle291.txt_q0,A,2026-07-19T05:22:10,v2026.07.1
H058,middle291.txt_q0,C,2026-07-11T14:01:09,v2026.07.1
H052,middle291.txt_q0,C,2026-07-24T02:59:24,v2026.07.1
H087,middle291.txt_q0,D,2026-07-10T10:03:07,v2026.07.1
H140,middle291.txt_q0,C,2026-07-11T18:51:43,v2026.07.1
H091,middle291.txt_q0,A,2026-07-13T15:57:09,v2026.07.1
H199,middle291.txt_q0,C,2026-07-15T21:32:44,v2026.07.1
H169,middle291.txt_q0,D,2026-07-18T19:01:33,v2026.07.1
H067,middle291.txt_q0,B,2026-07-13T13:16:05,v2026.07.1
H138,middle291.txt_q0,C,2026-07-18T17:52:41,v2026.07.1
H050,middle291.txt_q0,B,2026-07-15T18:05:11,v2026.07.1
H105,middle291.txt_q0,D,2026-07-12T16:08:20,v2026.07.1
H100,middle291.txt_q0,A,2026-07-19T16:20:29,v2026.07.1
H062,middle291.txt_q0,A,2026-07-20T17:23:13,v2026.07.1
H037,middle291.txt_q0,C,2026-07-22T19:25:14,v2026.07.1
H147,middle291.txt_q0,B,2026-07-19T18:44:58,v2026.07.1
H042,middle291.txt_q0,C,2026-07-24T18:52:25,v2026.07.1
H095,middle291.txt_q0,C,2026-07-16T05:40:32,v2026.07.1
H146,middle291.txt_q0,B,2026-07-15T20:14:01,v2026.07.1
H171,middle4084.txt_q1,C,2026-07-23T14:22:40,v2026.07.1
H189,middle4084.txt_q1,A,2026-07-26T08:12:50,v2026.07.1
H052,middle4084.txt_q1,B,2026-07-25T08:18:08,v2026.07.1
H068,middle4084.txt_q1,C,2026-07-18T06:28:51,v2026.07.1
H184,middle4084.txt_q1,A,2026-07-25T16:18:16,v2026.07.1
H090,middle4084.txt_q1,C,2026-07-20T11:20:15,v2026.07.1
H140,middle4084.txt_q1,C,2026-07-15T17:56:31,v2026.07.1
H063,middle4084.txt_q1,C,2026-07-11T10:06:44,v2026.07.1
H148,middle4084.txt_q1,A,2026-07-25T11:52:09,v2026.07.1
H004,middle4084.txt_q1,C,2026-07-13T17:05:41,v2026.07.1
H071,middle4084.txt_q1,C,2026-07-21T08:08:24,v2026.07.1
H188,middle4084.txt_q1,C,2026-07-16T15:00:59,v2026.07.1
H167,middle4084.txt_q1,D,2026-07-10T13:42:06,v2026.07.1
H176,middle4084.txt_q1,B,2026-07-18T08:53:04,v2026.07.1
H033,middle4084.txt_q1,B,2026-07-24T20:45:01,v2026.07.1
H103,middle4084.txt_q1,C,2026-07-15T22:33:15,v2026.07.1
H015,middle4084.txt_q1,A,2026-07-14T14:02:40,v2026.07.1
H117,middle4084.txt_q1,A,2026-07-21T23:15:08,v2026.07.1
H057,middle4084.txt_q1,B,2026-07-14T00:31:08,v2026.07.1
H003,middle4084.txt_q1,B,2026-07-15T08:21:23,v2026.07.1
H195,middle4084.txt_q1,C,2026-07-23T06:37:47,v2026.07.1
H010,middle4084.txt_q1,A,2026-07-24T04:06:48,v2026.07.1
H043,middle4084.txt_q1,C,2026-07-11T01:25:50,v2026.07.1
H180,middle4084.txt_q1,B,2026-07-27T07:40:17,v2026.07.1
H138,middle4084.txt_q1,C,2026-07-16T02:08:06,v2026.07.1
H151,middle4084.txt_q1,A,2026-07-13T14:12:44,v2026.07.1
H085,middle4084.txt_q1,D,2026-07-11T18:42:49,v2026.07.1
H196,middle4084.txt_q1,C,2026-07-11T12:26:45,v2026.07.1
H143,middle4084.txt_q1,B,2026-07-23T20:35:45,v2026.07.1
H056,middle4084.txt_q1,B,2026-07-17T06:47:47,v2026.07.1
H076,middle4520.txt_q3,D,2026-07-10T11:43:20,v2026.07.1
H145,middle4520.txt_q3,A,2026-07-24T12:25:55,v2026.07.1
H053,middle4520.txt_q3,B,2026-07-18T16:12:23,v2026.07.1
H151,middle4520.txt_q3,D,2026-07-15T20:23:15,v2026.07.1
H052,middle4520.txt_q3,D,2026-07-22T16:39:00,v2026.07.1
H033,middle4520.txt_q3,C,2026-07-12T22:47:42,v2026.07.1
H051,middle4520.txt_q3,B,2026-07-19T16:59:04,v2026.07.1
H098,middle4520.txt_q3,C,2026-07-19T13:19:57,v2026.07.1
H195,middle4520.txt_q3,D,2026-07-25T11:40:54,v2026.07.1
H059,middle4520.txt_q3,B,2026-07-11T00:40:20,v2026.07.1
H136,middle4520.txt_q3,C,2026-07-23T05:29:52,v2026.07.1
H146,middle4520.txt_q3,B,2026-07-15T07:56:39,v2026.07.1
H023,middle4520.txt_q3,A,2026-07-27T01:37:12,v2026.07.1
H161,middle4520.txt_q3,C,2026-07-16T17:57:43,v2026.07.1
H002,middle4520.txt_q3,A,2026-07-22T02:05:24,v2026.07.1
H143,middle4520.txt_q3,A,2026-07-26T11:39:22,v2026.07.1
H162,middle4520.txt_q3,A,2026-07-23T07:35:44,v2026.07.1
H175,middle4520.txt_q3,B,2026-07-22T09:05:38,v2026.07.1
H101,middle4520.txt_q3,D,2026-07-15T03:56:42,v2026.07.1
H165,middle4520.txt_q3,C,2026-07-13T06:39:33,v2026.07.1
H073,middle4520.txt_q3,B,2026-07-22T09:50:02,v2026.07.1
H034,middle4520.txt_q3,B,2026-07-24T07:52:06,v2026.07.1
H080,middle4520.txt_q3,D,2026-07-13T14:45:14,v2026.07.1
H171,middle4520.txt_q3,D,2026-07-22T14:11:55,v2026.07.1
H022,middle4520.txt_q3,C,2026-07-23T15:37:56,v2026.07.1
H062,middle4520.txt_q3,A,2026-07-22T11:52:30,v2026.07.1
H104,middle4520.txt_q3,C,2026-07-22T08:25:55,v2026.07.1
H087,middle4520.txt_q3,B,2026-07-14T23:36:46,v2026.07.1
H156,middle4520.txt_q3,A,2026-07-20T18:20:47,v2026.07.1
H132,middle4520.txt_q3,A,2026-07-16T23:31:02,v2026.07.1
H021,middle2118.txt_q2,A,2026-07-26T02:07:21,v2026.07.1
H119,middle2118.txt_q2,A,2026-07-18T11:28:23,v2026.07.1
H004,middle2118.txt_q2,C,2026-07-16T21:38:50,v2026.07.1
H139,middle2118.txt_q2,A,2026-07-10T14:44:31,v2026.07.1
H162,middle2118.txt_q2,C,2026-07-22T10:22:49,v2026.07.1
H191,middle2118.txt_q2,B,2026-07-13T00:00:42,v2026.07.1
H023,middle2118.txt_q2,C,2026-07-25T08:46:07,v2026.07.1
H096,middle2118.txt_q2,C,2026-07-23T06:55:52,v2026.07.1
H115,middle2118.txt_q2,B,2026-07-12T14:37:48,v2026.07.1
H073,middle2118.txt_q2,B,2026-07-18T15:59:12,v2026.07.1
H033,middle2118.txt_q2,B,2026-07-25T00:50:11,v2026.07.1
H127,middle2118.txt_q2,D,2026-07-20T01:43:16,v2026.07.1
H035,middle2118.txt_q2,A,2026-07-11T13:48:30,v2026.07.1
H154,middle2118.txt_q2,C,2026-07-14T15:16:24,v2026.07.1
H124,middle2118.txt_q2,A,2026-07-20T03:38:45,v2026.07.1
H138,middle2118.txt_q2,A,2026-07-21T08:50:35,v2026.07.1
H077,middle2118.txt_q2,C,2026-07-15T11:17:11,v2026.07.1
H126,middle2118.txt_q2,D,2026-07-22T19:59:34,v2026.07.1
H061,middle2118.txt_q2,D,2026-07-27T05:50:41,v2026.07.1
H068,middle2118.txt_q2,B,2026-07-11T01:45:10,v2026.07.1
H130,middle2118.txt_q2,D,2026-07-18T16:01:27,v2026.07.1
H120,middle2118.txt_q2,B,2026-07-12T21:24:46,v2026.07.1
H144,middle2118.txt_q2,B,2026-07-22T16:25:06,v2026.07.1
H084,middle2118.txt_q2,A,2026-07-16T06:45:47,v2026.07.1
H133,middle2118.txt_q2,C,2026-07-24T20:11:41,v2026.07.1
H038,middle2118.txt_q2,B,2026-07-13T04:20:55,v2026.07.1
H071,middle2118.txt_q2,C,2026-07-24T20:17:52,v2026.07.1
H177,middle2118.txt_q2,C,2026-07-12T00:29:56,v2026.07.1
H002,middle2118.txt_q2,B,2026-07-22T06:28:35,v2026.07.1
H109,middle2118.txt_q2,A,2026-07-17T07:05:29,v2026.07.1
H154,middle956.txt_q0,A,2026-07-13T06:24:42,v2026.07.1
H104,middle956.txt_q0,D,2026-07-18T16:18:14,v2026.07.1
H173,middle956.txt_q0,D,2026-07-22T03:28:44,v2026.07.1
H008,middle956.txt_q0,A,2026-07-24T09:48:54,v2026.07.1
H041,middle956.txt_q0,B,2026-07-25T19:34:43,v2026.07.1
H139,middle956.txt_q0,B,2026-07-20T05:13:38,v2026.07.1
H054,middle956.txt_q0,A,2026-07-14T09:04:50,v2026.07.1
H136,middle956.txt_q0,C,2026-07-15T11:20:20,v2026.07.1
H102,middle956.txt_q0,A,2026-07-11T09:37:55,v2026.07.1
H147,middle956.txt_q0,A,2026-07-18T18:58:05,v2026.07.1
H161,middle956.txt_q0,C,2026-07-24T13:15:15,v2026.07.1
H080,middle956.txt_q0,B,2026-07-18T09:30:16,v2026.07.1
H131,middle956.txt_q0,A,2026-07-15T18:19:31,v2026.07.1
H132,middle956.txt_q0,C,2026-07-18T16:52:12,v2026.07.1
H057,middle956.txt_q0,D,2026-07-24T12:07:21,v2026.07.1
H022,middle956.txt_q0,D,2026-07-14T10:02:13,v2026.07.1
H049,middle956.txt_q0,B,2026-07-15T13:00:21,v2026.07.1
H149,middle956.txt_q0,C,2026-07-18T17:00:50,v2026.07.1
H013,middle956.txt_q0,B,2026-07-10T11:11:09,v2026.07.1
H036,middle956.txt_q0,D,2026-07-12T22:08:00,v2026.07.1
H074,middle956.txt_q0,A,2026-07-21T07:43:04,v2026.07.1
H169,middle956.txt_q0,A,2026-07-19T19:03:29,v2026.07.1
H044,middle956.txt_q0,C,2026-07-11T11:15:26,v2026.07.1
H112,middle956.txt_q0,D,2026-07-21T05:56:37,v2026.07.1
H029,middle956.txt_q0,C,2026-07-11T07:28:23,v2026.07.1
H040,middle956.txt_q0,C,2026-07-18T16:03:12,v2026.07.1
H168,middle956.txt_q0,B,2026-07-10T21:47:22,v2026.07.1
H062,middle956.txt_q0,B,2026-07-15T19:56:03,v2026.07.1
H091,middle956.txt_q0,D,2026-07-22T05:23:39,v2026.07.1
H110,middle956.txt_q0,D,2026-07-22T13:04:28,v2026.07.1
H124,middle4988.txt_q1,B,2026-07-14T03:49:04,v2026.07.1
H098,middle4988.txt_q1,A,2026-07-25T05:38:24,v2026.07.1
H009,middle4988.txt_q1,C,2026-07-20T14:32:52,v2026.07.1
H134,middle4988.txt_q1,D,2026-07-23T19:45:24,v2026.07.1
H198,middle4988.txt_q1,D,2026-07-21T12:18:57,v2026.07.1
H048,middle4988.txt_q1,C,2026-07-11T09:14:05,v2026.07.1
H045,middle4988.txt_q1,B,2026-07-19T01:58:26,v2026.07.1
H057,middle4988.txt_q1,C,2026-07-11T07:53:33,v2026.07.1
H037,middle4988.txt_q1,A,2026-07-24T00:56:41,v2026.07.1
H175,middle4988.txt_q1,A,2026-07-13T14:21:54,v2026.07.1
H046,middle4988.txt_q1,D,2026-07-25T12:34:18,v2026.07.1
H157,middle4988.txt_q1,A,2026-07-16T16:09:27,v2026.07.1
H047,middle4988.txt_q1,B,2026-07-25T02:29:43,v2026.07.1
H146,middle4988.txt_q1,C,2026-07-27T01:50:15,v2026.07.1
H196,middle4988.txt_q1,B,2026-07-21T20:48:28,v2026.07.1
H195,middle4988.txt_q1,A,2026-07-23T04:13:20,v2026.07.1
H036,middle4988.txt_q1,A,2026-07-18T00:57:33,v2026.07.1
H099,middle4988.txt_q1,D,2026-07-19T19:53:21,v2026.07.1
H156,middle4988.txt_q1,C,2026-07-11T05:26:13,v2026.07.1
H030,middle4988.txt_q1,D,2026-07-15T03:16:00,v2026.07.1
H104,middle4988.txt_q1,A,2026-07-20T03:21:19,v2026.07.1
H019,middle4988.txt_q1,C,2026-07-26T18:21:42,v2026.07.1
H085,middle4988.txt_q1,A,2026-07-23T20:26:48,v2026.07.1
H117,middle4988.txt_q1,D,2026-07-23T11:02:46,v2026.07.1
H083,middle4988.txt_q1,D,2026-07-15T16:46:24,v2026.07.1
H078,middle4988.txt_q1,B,2026-07-17T04:55:51,v2026.07.1
H109,middle4988.txt_q1,D,2026-07-27T05:22:13,v2026.07.1
H087,middle4988.txt_q1,B,2026-07-11T10:04:09,v2026.07.1
H035,middle4988.txt_q1,D,2026-07-15T11:43:46,v2026.07.1
H110,middle4988.txt_q1,B,2026-07-21T21:10:47,v2026.07.1
H149,middle758.txt_q1,B,2026-07-19T10:42:17,v2026.07.1
H132,middle758.txt_q1,A,2026-07-13T04:02:44,v2026.07.1
H093,middle758.txt_q1,C,2026-07-12T00:39:49,v2026.07.1
H108,middle758.txt_q1,C,2026-07-21T16:11:16,v2026.07.1
H119,middle758.txt_q1,D,2026-07-24T14:29:51,v2026.07.1
H049,middle758.txt_q1,B,2026-07-14T14:07:39,v2026.07.1
H187,middle758.txt_q1,B,2026-07-10T13:46:03,v2026.07.1
H032,middle758.txt_q1,D,2026-07-27T11:48:41,v2026.07.1
H141,middle758.txt_q1,D,2026-07-26T05:14:32,v2026.07.1
H135,middle758.txt_q1,D,2026-07-14T19:50:41,v2026.07.1
H136,middle758.txt_q1,C,2026-07-12T12:43:39,v2026.07.1
H097,middle758.txt_q1,C,2026-07-11T04:47:49,v2026.07.1
H077,middle758.txt_q1,B,2026-07-22T07:01:18,v2026.07.1
H118,middle758.txt_q1,D,2026-07-12T08:30:08,v2026.07.1
H116,middle758.txt_q1,D,2026-07-12T04:11:57,v2026.07.1
H091,middle758.txt_q1,B,2026-07-23T21:45:39,v2026.07.1
H038,middle758.txt_q1,C,2026-07-12T14:16:21,v2026.07.1
H027,middle758.txt_q1,D,2026-07-16T23:23:46,v2026.07.1
H191,middle758.txt_q1,B,2026-07-20T01:14:34,v2026.07.1
H131,middle758.txt_q1,D,2026-07-13T15:44:02,v2026.07.1
H110,middle758.txt_q1,B,2026-07-23T22:26:04,v2026.07.1
H057,middle758.txt_q1,B,2026-07-15T04:44:56,v2026.07.1
H145,middle758.txt_q1,C,2026-07-19T13:23:20,v2026.07.1
H020,middle758.txt_q1,C,2026-07-14T19:59:00,v2026.07.1
H167,middle758.txt_q1,B,2026-07-24T19:12:02,v2026.07.1
H058,middle758.txt_q1,C,2026-07-17T18:21:27,v2026.07.1
H129,middle758.txt_q1,C,2026-07-18T08:48:59,v2026.07.1
H154,middle758.txt_q1,A,2026-07-13T14:06:02,v2026.07.1
H026,middle758.txt_q1,C,2026-07-16T17:40:47,v2026.07.1
H051,middle758.txt_q1,B,2026-07-18T07:45:21,v2026.07.1
H008,middle7301.txt_q2,B,2026-07-20T21:37:42,v2026.07.1
H056,middle7301.txt_q2,B,2026-07-25T11:02:53,v2026.07.1
H160,middle7301.txt_q2,C,2026-07-22T03:35:45,v2026.07.1
H114,middle7301.txt_q2,C,2026-07-25T04:24:08,v2026.07.1
H073,middle7301.txt_q2,C,2026-07-22T13:30:53,v2026.07.1
H143,middle7301.txt_q2,D,2026-07-10T19:52:04,v2026.07.1
H023,middle7301.txt_q2,C,2026-07-25T06:40:17,v2026.07.1
H075,middle7301.txt_q2,A,2026-07-17T12:51:27,v2026.07.1
H128,middle7301.txt_q2,D,2026-07-24T12:20:56,v2026.07.1
H067,middle7301.txt_q2,D,2026-07-13T10:26:47,v2026.07.1
H192,middle7301.txt_q2,D,2026-07-20T20:54:45,v2026.07.1
H041,middle7301.txt_q2,C,2026-07-18T13:09:59,v2026.07.1
H019,middle7301.txt_q2,C,2026-07-11T05:28:54,v2026.07.1
H036,middle7301.txt_q2,D,2026-07-26T03:21:16,v2026.07.1
H151,middle7301.txt_q2,D,2026-07-24T10:20:59,v2026.07.1
H012,middle7301.txt_q2,A,2026-07-13T08:45:05,v2026.07.1
H169,middle7301.txt_q2,C,2026-07-23T05:51:14,v2026.07.1
H116,middle7301.txt_q2,B,2026-07-23T14:01:56,v2026.07.1
H074,middle7301.txt_q2,D,2026-07-16T06:58:12,v2026.07.1
H045,middle7301.txt_q2,D,2026-07-20T01:55:21,v2026.07.1
H007,middle7301.txt_q2,B,2026-07-16T05:56:32,v2026.07.1
H184,middle7301.txt_q2,D,2026-07-17T14:55:15,v2026.07.1
H153,middle7301.txt_q2,C,2026-07-15T08:35:36,v2026.07.1
H055,middle7301.txt_q2,A,2026-07-24T12:06:39,v2026.07.1
H082,middle7301.txt_q2,C,2026-07-13T08:12:24,v2026.07.1
H164,middle7301.txt_q2,A,2026-07-15T14:29:59,v2026.07.1
H033,middle7301.txt_q2,C,2026-07-25T09:58:00,v2026.07.1
H018,middle7301.txt_q2,C,2026-07-25T20:45:14,v2026.07.1
H017,middle7301.txt_q2,C,2026-07-13T20:20:16,v2026.07.1
H186,middle7301.txt_q2,C,2026-07-12T07:23:01,v2026.07.1
H180,middle2768.txt_q1,B,2026-07-18T23:13:15,v2026.07.1
H075,middle2768.txt_q1,B,2026-07-14T06:05:18,v2026.07.1
H148,middle2768.txt_q1,A,2026-07-24T20:52:04,v2026.07.1
H131,middle2768.txt_q1,A,2026-07-18T11:07:25,v2026.07.1
H181,middle2768.txt_q1,B,2026-07-20T18:07:22,v2026.07.1
H089,middle2768.txt_q1,A,2026-07-19T21:15:44,v2026.07.1
H081,middle2768.txt_q1,D,2026-07-11T08:41:14,v2026.07.1
H191,middle2768.txt_q1,B,2026-07-16T13:24:21,v2026.07.1
H086,middle2768.txt_q1,B,2026-07-16T20:46:37,v2026.07.1
H064,middle2768.txt_q1,B,2026-07-16T08:23:52,v2026.07.1
H151,middle2768.txt_q1,A,2026-07-23T11:33:41,v2026.07.1
H053,middle2768.txt_q1,C,2026-07-24T15:47:50,v2026.07.1
H034,middle2768.txt_q1,B,2026-07-23T21:19:47,v2026.07.1
H029,middle2768.txt_q1,A,2026-07-24T17:45:46,v2026.07.1
H100,middle2768.txt_q1,D,2026-07-15T11:51:24,v2026.07.1
H150,middle2768.txt_q1,B,2026-07-11T00:44:04,v2026.07.1
H105,middle2768.txt_q1,B,2026-07-25T04:25:41,v2026.07.1
H057,middle2768.txt_q1,A,2026-07-11T20:13:47,v2026.07.1
H199,middle2768.txt_q1,D,2026-07-23T11:48:32,v2026.07.1
H153,middle2768.txt_q1,D,2026-07-13T22:12:28,v2026.07.1
H198,middle2768.txt_q1,B,2026-07-24T00:32:00,v2026.07.1
H061,middle2768.txt_q1,B,2026-07-25T07:30:01,v2026.07.1
H149,middle2768.txt_q1,B,2026-07-12T00:13:33,v2026.07.1
H156,middle2768.txt_q1,B,2026-07-26T05:24:30,v2026.07.1
H035,middle2768.txt_q1,A,2026-07-18T12:15:53,v2026.07.1
H160,middle2768.txt_q1,B,2026-07-18T10:57:31,v2026.07.1
H043,middle2768.txt_q1,C,2026-07-23T12:08:21,v2026.07.1
H195,middle2768.txt_q1,A,2026-07-16T11:15:45,v2026.07.1
H176,middle2768.txt_q1,D,2026-07-21T14:44:23,v2026.07.1
H129,middle2768.txt_q1,C,2026-07-15T17:01:14,v2026.07.1
H099,middle1427.txt_q1,A,2026-07-23T16:57:36,v2026.07.1
H184,middle1427.txt_q1,B,2026-07-14T07:23:11,v2026.07.1
H044,middle1427.txt_q1,A,2026-07-18T23:50:46,v2026.07.1
H172,middle1427.txt_q1,C,2026-07-27T10:01:10,v2026.07.1
H187,middle1427.txt_q1,A,2026-07-22T06:17:31,v2026.07.1
H030,middle1427.txt_q1,B,2026-07-17T19:35:02,v2026.07.1
H198,middle1427.txt_q1,B,2026-07-14T11:33:41,v2026.07.1
H175,middle1427.txt_q1,C,2026-07-24T09:05:13,v2026.07.1
H174,middle1427.txt_q1,B,2026-07-27T13:59:55,v2026.07.1
H006,middle1427.txt_q1,A,2026-07-17T16:03:16,v2026.07.1
H050,middle1427.txt_q1,B,2026-07-18T22:42:03,v2026.07.1
H148,middle1427.txt_q1,A,2026-07-23T02:42:06,v2026.07.1
H191,middle1427.txt_q1,D,2026-07-16T10:45:49,v2026.07.1
H040,middle1427.txt_q1,D,2026-07-15T10:02:53,v2026.07.1
H155,middle1427.txt_q1,C,2026-07-24T14:18:43,v2026.07.1
H065,middle1427.txt_q1,A,2026-07-16T21:22:10,v2026.07.1
H037,middle1427.txt_q1,A,2026-07-27T08:11:55,v2026.07.1
H060,middle1427.txt_q1,B,2026-07-14T00:50:24,v2026.07.1
H024,middle1427.txt_q1,C,2026-07-17T22:09:43,v2026.07.1
H028,middle1427.txt_q1,B,2026-07-19T20:22:26,v2026.07.1
H123,middle1427.txt_q1,C,2026-07-18T23:36:38,v2026.07.1
H139,middle1427.txt_q1,D,2026-07-21T08:36:21,v2026.07.1
H036,middle1427.txt_q1,A,2026-07-18T05:56:26,v2026.07.1
H165,middle1427.txt_q1,A,2026-07-22T08:34:14,v2026.07.1
H071,middle1427.txt_q1,B,2026-07-26T19:40:35,v2026.07.1
H132,middle1427.txt_q1,D,2026-07-26T06:22:38,v2026.07.1
H062,middle1427.txt_q1,A,2026-07-22T06:42:38,v2026.07.1
H004,middle1427.txt_q1,A,2026-07-15T10:43:16,v2026.07.1
H131,middle1427.txt_q1,B,2026-07-20T13:38:07,v2026.07.1
H120,middle1427.txt_q1,B,2026-07-22T14:59:33,v2026.07.1
H031,middle5739.txt_q3,B,2026-07-17T15:41:08,v2026.07.1
H159,middle5739.txt_q3,B,2026-07-17T13:08:29,v2026.07.1
H132,middle5739.txt_q3,D,2026-07-22T20:42:23,v2026.07.1
H027,middle5739.txt_q3,B,2026-07-22T21:57:56,v2026.07.1
H094,middle5739.txt_q3,D,2026-07-23T23:47:59,v2026.07.1
H037,middle5739.txt_q3,C,2026-07-16T20:28:46,v2026.07.1
H088,middle5739.txt_q3,A,2026-07-20T10:35:43,v2026.07.1
H078,middle5739.txt_q3,B,2026-07-27T15:22:18,v2026.07.1
H170,middle5739.txt_q3,C,2026-07-14T12:11:21,v2026.07.1
H152,middle5739.txt_q3,B,2026-07-11T23:19:49,v2026.07.1
H139,middle5739.txt_q3,B,2026-07-19T10:41:00,v2026.07.1
H135,middle5739.txt_q3,C,2026-07-14T20:21:52,v2026.07.1
H147,middle5739.txt_q3,A,2026-07-19T22:40:21,v2026.07.1
H042,middle5739.txt_q3,A,2026-07-13T13:02:12,v2026.07.1
H162,middle5739.txt_q3,B,2026-07-19T12:45:10,v2026.07.1
H142,middle5739.txt_q3,A,2026-07-16T00:26:09,v2026.07.1
H090,middle5739.txt_q3,A,2026-07-14T00:47:20,v2026.07.1
H044,middle5739.txt_q3,B,2026-07-14T06:07:01,v2026.07.1
H071,middle5739.txt_q3,A,2026-07-12T23:10:23,v2026.07.1
H082,middle5739.txt_q3,B,2026-07-11T00:57:34,v2026.07.1
H113,middle5739.txt_q3,C,2026-07-25T12:54:42,v2026.07.1
H023,middle5739.txt_q3,A,2026-07-16T14:41:03,v2026.07.1
H001,middle5739.txt_q3,D,2026-07-15T03:19:34,v2026.07.1
H035,middle5739.txt_q3,B,2026-07-22T06:44:50,v2026.07.1
H144,middle5739.txt_q3,D,2026-07-24T11:47:28,v2026.07.1
H176,middle5739.txt_q3,A,2026-07-11T13:04:36,v2026.07.1
H112,middle5739.txt_q3,C,2026-07-26T22:02:37,v2026.07.1
H051,middle5739.txt_q3,B,2026-07-16T15:01:49,v2026.07.1
H025,middle5739.txt_q3,D,2026-07-27T10:35:26,v2026.07.1
H052,middle5739.txt_q3,A,2026-07-13T16:53:35,v2026.07.1
H142,middle516.txt_q2,B,2026-07-21T08:17:51,v2026.07.1
H103,middle516.txt_q2,A,2026-07-22T09:50:00,v2026.07.1
H049,middle516.txt_q2,A,2026-07-19T12:42:00,v2026.07.1
H153,middle516.txt_q2,B,2026-07-16T18:38:21,v2026.07.1
H068,middle516.txt_q2,A,2026-07-20T15:02:08,v2026.07.1
H006,middle516.txt_q2,A,2026-07-12T10:07:28,v2026.07.1
H118,middle516.txt_q2,A,2026-07-13T14:47:37,v2026.07.1
H091,middle516.txt_q2,D,2026-07-15T12:11:10,v2026.07.1
H020,middle516.txt_q2,C,2026-07-20T00:23:14,v2026.07.1
H051,middle516.txt_q2,A,2026-07-11T08:34:33,v2026.07.1
H082,middle516.txt_q2,A,2026-07-25T13:12:21,v2026.07.1
H041,middle516.txt_q2,A,2026-07-20T09:20:39,v2026.07.1
H171,middle516.txt_q2,B,2026-07-22T08:39:19,v2026.07.1
H165,middle516.txt_q2,B,2026-07-22T12:16:01,v2026.07.1
H055,middle516.txt_q2,C,2026-07-24T05:51:36,v2026.07.1
H109,middle516.txt_q2,B,2026-07-26T03:05:34,v2026.07.1
H056,middle516.txt_q2,A,2026-07-17T14:01:20,v2026.07.1
H111,middle516.txt_q2,D,2026-07-10T15:57:13,v2026.07.1
H031,middle516.txt_q2,B,2026-07-12T04:51:26,v2026.07.1
H131,middle516.txt_q2,A,2026-07-11T15:26:03,v2026.07.1
H089,middle516.txt_q2,A,2026-07-23T00:14:01,v2026.07.1
H174,middle516.txt_q2,D,2026-07-10T20:17:21,v2026.07.1
H166,middle516.txt_q2,B,2026-07-17T00:01:51,v2026.07.1
H100,middle516.txt_q2,A,2026-07-14T14:57:41,v2026.07.1
H157,middle516.txt_q2,B,2026-07-21T13:05:20,v2026.07.1
H079,middle516.txt_q2,D,2026-07-12T16:55:52,v2026.07.1
H071,middle516.txt_q2,B,2026-07-13T01:43:44,v2026.07.1
H122,middle516.txt_q2,D,2026-07-21T04:04:44,v2026.07.1
H033,middle516.txt_q2,A,2026-07-16T19:33:01,v2026.07.1
H022,middle516.txt_q2,C,2026-07-20T22:42:43,v2026.07.1
H100,middle6065.txt_q1,B,2026-07-18T22:32:25,v2026.07.1
H009,middle6065.txt_q1,D,2026-07-25T02:10:47,v2026.07.1
H140,middle6065.txt_q1,A,2026-07-23T22:35:50,v2026.07.1
H095,middle6065.txt_q1,C,2026-07-15T03:25:40,v2026.07.1
H042,middle6065.txt_q1,D,2026-07-21T18:18:57,v2026.07.1
H130,middle6065.txt_q1,B,2026-07-24T19:34:12,v2026.07.1
H174,middle6065.txt_q1,C,2026-07-13T18:45:24,v2026.07.1
H028,middle6065.txt_q1,C,2026-07-14T19:22:29,v2026.07.1
H097,middle6065.txt_q1,B,2026-07-19T00:10:51,v2026.07.1
H128,middle6065.txt_q1,C,2026-07-14T11:42:49,v2026.07.1
H047,middle6065.txt_q1,D,2026-07-10T19:58:40,v2026.07.1
H170,middle6065.txt_q1,D,2026-07-22T16:02:38,v2026.07.1
H081,middle6065.txt_q1,A,2026-07-18T05:13:43,v2026.07.1
H182,middle6065.txt_q1,A,2026-07-12T16:43:15,v2026.07.1
H125,middle6065.txt_q1,A,2026-07-14T01:54:54,v2026.07.1
H164,middle6065.txt_q1,D,2026-07-22T07:16:43,v2026.07.1
H194,middle6065.txt_q1,D,2026-07-16T16:05:55,v2026.07.1
H017,middle6065.txt_q1,A,2026-07-27T02:34:47,v2026.07.1
H061,middle6065.txt_q1,A,2026-07-14T04:53:04,v2026.07.1
H005,middle6065.txt_q1,C,2026-07-17T15:49:04,v2026.07.1
H043,middle6065.txt_q1,A,2026-07-25T18:49:55,v2026.07.1
H082,middle6065.txt_q1,A,2026-07-25T18:26:26,v2026.07.1
H138,middle6065.txt_q1,D,2026-07-24T07:17:43,v2026.07.1
H036,middle6065.txt_q1,D,2026-07-24T08:48:20,v2026.07.1
H156,middle6065.txt_q1,B,2026-07-22T15:40:00,v2026.07.1
H094,middle6065.txt_q1,A,2026-07-18T05:52:49,v2026.07.1
H002,middle6065.txt_q1,C,2026-07-20T07:14:25,v2026.07.1
H111,middle6065.txt_q1,A,2026-07-21T08:49:38,v2026.07.1
H003,middle6065.txt_q1,C,2026-07-23T03:21:20,v2026.07.1
H021,middle6065.txt_q1,A,2026-07-13T13:13:59,v2026.07.1
H197,middle3647.txt_q0,D,2026-07-20T09:16:58,v2026.07.1
H172,middle3647.txt_q0,D,2026-07-19T21:09:26,v2026.07.1
H152,middle3647.txt_q0,A,2026-07-10T14:50:35,v2026.07.1
H158,middle3647.txt_q0,A,2026-07-12T20:31:27,v2026.07.1
H167,middle3647.txt_q0,B,2026-07-27T07:48:11,v2026.07.1
H126,middle3647.txt_q0,C,2026-07-12T07:44:09,v2026.07.1
H044,middle3647.txt_q0,B,2026-07-20T07:37:35,v2026.07.1
H030,middle3647.txt_q0,C,2026-07-15T21:14:32,v2026.07.1
H100,middle3647.txt_q0,B,2026-07-20T18:41:51,v2026.07.1
H079,middle3647.txt_q0,B,2026-07-23T08:50:34,v2026.07.1
H145,middle3647.txt_q0,D,2026-07-16T08:52:18,v2026.07.1
H177,middle3647.txt_q0,C,2026-07-18T06:34:09,v2026.07.1
H179,middle3647.txt_q0,C,2026-07-16T10:09:07,v2026.07.1
H025,middle3647.txt_q0,D,2026-07-11T09:12:40,v2026.07.1
H142,middle3647.txt_q0,C,2026-07-11T01:45:31,v2026.07.1
H155,middle3647.txt_q0,D,2026-07-19T01:20:24,v2026.07.1
H136,middle3647.txt_q0,B,2026-07-25T00:27:14,v2026.07.1
H195,middle3647.txt_q0,B,2026-07-14T17:06:36,v2026.07.1
H087,middle3647.txt_q0,C,2026-07-26T04:04:58,v2026.07.1
H149,middle3647.txt_q0,D,2026-07-20T06:08:09,v2026.07.1
H050,middle3647.txt_q0,B,2026-07-26T17:26:02,v2026.07.1
H053,middle3647.txt_q0,D,2026-07-21T04:00:09,v2026.07.1
H071,middle3647.txt_q0,D,2026-07-20T15:18:36,v2026.07.1
H061,middle3647.txt_q0,A,2026-07-11T08:34:12,v2026.07.1
H091,middle3647.txt_q0,A,2026-07-11T07:08:11,v2026.07.1
H113,middle3647.txt_q0,D,2026-07-15T07:56:04,v2026.07.1
H192,middle3647.txt_q0,B,2026-07-23T03:47:22,v2026.07.1
H033,middle3647.txt_q0,D,2026-07-15T08:44:02,v2026.07.1
H189,middle3647.txt_q0,B,2026-07-21T00:52:04,v2026.07.1
H041,middle3647.txt_q0,D,2026-07-15T01:24:31,v2026.07.1
H113,middle3016.txt_q3,B,2026-07-12T17:28:44,v2026.07.1
H173,middle3016.txt_q3,B,2026-07-19T06:59:39,v2026.07.1
H174,middle3016.txt_q3,B,2026-07-14T05:05:08,v2026.07.1
H093,middle3016.txt_q3,B,2026-07-14T06:04:38,v2026.07.1
H019,middle3016.txt_q3,C,2026-07-10T11:44:55,v2026.07.1
H139,middle3016.txt_q3,B,2026-07-13T06:44:28,v2026.07.1
H160,middle3016.txt_q3,D,2026-07-16T08:00:39,v2026.07.1
H067,middle3016.txt_q3,A,2026-07-20T19:34:27,v2026.07.1
H177,middle3016.txt_q3,D,2026-07-23T10:18:36,v2026.07.1
H081,middle3016.txt_q3,B,2026-07-22T13:07:53,v2026.07.1
H047,middle3016.txt_q3,B,2026-07-22T11:06:23,v2026.07.1
H045,middle3016.txt_q3,B,2026-07-20T04:46:16,v2026.07.1
H022,middle3016.txt_q3,A,2026-07-13T12:36:03,v2026.07.1
H103,middle3016.txt_q3,D,2026-07-25T09:30:41,v2026.07.1
H182,middle3016.txt_q3,B,2026-07-22T07:36:31,v2026.07.1
H116,middle3016.txt_q3,A,2026-07-19T12:55:11,v2026.07.1
H068,middle3016.txt_q3,B,2026-07-27T14:19:49,v2026.07.1
H005,middle3016.txt_q3,B,2026-07-16T12:36:42,v2026.07.1
H007,middle3016.txt_q3,B,2026-07-14T06:11:38,v2026.07.1
H050,middle3016.txt_q3,C,2026-07-11T12:48:43,v2026.07.1
H179,middle3016.txt_q3,B,2026-07-16T15:08:10,v2026.07.1
H166,middle3016.txt_q3,B,2026-07-12T23:29:22,v2026.07.1
H153,middle3016.txt_q3,D,2026-07-17T21:38:20,v2026.07.1
H028,middle3016.txt_q3,D,2026-07-12T07:00:51,v2026.07.1
H190,middle3016.txt_q3,C,2026-07-10T11:41:03,v2026.07.1
H021,middle3016.txt_q3,D,2026-07-13T09:13:22,v2026.07.1
H040,middle3016.txt_q3,C,2026-07-13T02:34:05,v2026.07.1
H083,middle3016.txt_q3,B,2026-07-14T17:41:08,v2026.07.1
H094,middle3016.txt_q3,B,2026-07-13T21:47:15,v2026.07.1
H125,middle3016.txt_q3,A,2026-07-20T01:07:47,v2026.07.1
H123,middle4669.txt_q1,D,2026-07-15T10:29:47,v2026.07.1
H034,middle4669.txt_q1,D,2026-07-22T03:00:03,v2026.07.1
H129,middle4669.txt_q1,C,2026-07-20T04:18:41,v2026.07.1
H069,middle4669.txt_q1,C,2026-07-12T00:15:24,v2026.07.1
H165,middle4669.txt_q1,C,2026-07-13T07:31:52,v2026.07.1
H048,middle4669.txt_q1,A,2026-07-18T08:14:23,v2026.07.1
H057,middle4669.txt_q1,C,2026-07-13T19:01:46,v2026.07.1
H002,middle4669.txt_q1,A,2026-07-18T02:45:28,v2026.07.1
H025,middle4669.txt_q1,C,2026-07-16T10:52:24,v2026.07.1
H092,middle4669.txt_q1,A,2026-07-12T11:32:36,v2026.07.1
H055,middle4669.txt_q1,D,2026-07-26T10:43:08,v2026.07.1
H052,middle4669.txt_q1,A,2026-07-23T11:41:25,v2026.07.1
H074,middle4669.txt_q1,C,2026-07-23T23:00:13,v2026.07.1
H098,middle4669.txt_q1,B,2026-07-10T11:19:01,v2026.07.1
H130,middle4669.txt_q1,B,2026-07-27T16:34:03,v2026.07.1
H014,middle4669.txt_q1,C,2026-07-14T20:44:17,v2026.07.1
H174,middle4669.txt_q1,C,2026-07-22T23:36:14,v2026.07.1
H109,middle4669.txt_q1,B,2026-07-18T18:26:33,v2026.07.1
H105,middle4669.txt_q1,D,2026-07-25T04:14:10,v2026.07.1
H149,middle4669.txt_q1,C,2026-07-22T23:19:04,v2026.07.1
H187,middle4669.txt_q1,C,2026-07-22T22:15:08,v2026.07.1
H082,middle4669.txt_q1,C,2026-07-25T12:11:05,v2026.07.1
H024,middle4669.txt_q1,C,2026-07-27T09:31:21,v2026.07.1
H072,middle4669.txt_q1,C,2026-07-16T15:42:41,v2026.07.1
H198,middle4669.txt_q1,D,2026-07-19T02:11:59,v2026.07.1
H083,middle4669.txt_q1,C,2026-07-12T04:18:15,v2026.07.1
H132,middle4669.txt_q1,C,2026-07-16T14:26:00,v2026.07.1
H087,middle4669.txt_q1,D,2026-07-13T07:23:54,v2026.07.1
H171,middle4669.txt_q1,B,2026-07-10T21:51:16,v2026.07.1
H154,middle4669.txt_q1,D,2026-07-22T21:49:33,v2026.07.1
H068,middle4032.txt_q2,B,2026-07-25T11:56:51,v2026.07.1
H040,middle4032.txt_q2,C,2026-07-20T11:16:50,v2026.07.1
H006,middle4032.txt_q2,D,2026-07-17T22:48:01,v2026.07.1
H030,middle4032.txt_q2,A,2026-07-26T14:07:12,v2026.07.1
H032,middle4032.txt_q2,C,2026-07-23T11:03:50,v2026.07.1
H128,middle4032.txt_q2,D,2026-07-23T02:52:21,v2026.07.1
H194,middle4032.txt_q2,A,2026-07-21T12:20:12,v2026.07.1
H131,middle4032.txt_q2,C,2026-07-14T18:45:33,v2026.07.1
H164,middle4032.txt_q2,A,2026-07-23T19:30:12,v2026.07.1
H135,middle4032.txt_q2,D,2026-07-12T18:58:08,v2026.07.1
H042,middle4032.txt_q2,B,2026-07-19T19:26:03,v2026.07.1
H118,middle4032.txt_q2,A,2026-07-21T06:32:48,v2026.07.1
H182,middle4032.txt_q2,C,2026-07-17T00:28:06,v2026.07.1
H026,middle4032.txt_q2,C,2026-07-12T10:42:23,v2026.07.1
H029,middle4032.txt_q2,A,2026-07-20T23:00:13,v2026.07.1
H157,middle4032.txt_q2,A,2026-07-14T16:32:24,v2026.07.1
H160,middle4032.txt_q2,B,2026-07-17T22:17:17,v2026.07.1
H193,middle4032.txt_q2,B,2026-07-20T03:49:19,v2026.07.1
H012,middle4032.txt_q2,A,2026-07-21T05:55:44,v2026.07.1
H140,middle4032.txt_q2,D,2026-07-25T07:28:22,v2026.07.1
H057,middle4032.txt_q2,A,2026-07-13T09:23:38,v2026.07.1
H011,middle4032.txt_q2,A,2026-07-14T12:35:29,v2026.07.1
H082,middle4032.txt_q2,A,2026-07-24T23:46:55,v2026.07.1
H018,middle4032.txt_q2,C,2026-07-12T01:18:54,v2026.07.1
H196,middle4032.txt_q2,A,2026-07-16T11:09:22,v2026.07.1
H163,middle4032.txt_q2,D,2026-07-13T20:14:44,v2026.07.1
H063,middle4032.txt_q2,A,2026-07-21T10:26:43,v2026.07.1
H096,middle4032.txt_q2,A,2026-07-23T02:30:13,v2026.07.1
H003,middle4032.txt_q2,A,2026-07-18T06:40:22,v2026.07.1
H059,middle4032.txt_q2,B,2026-07-20T01:22:55,v2026.07.1
H168,middle5148.txt_q1,B,2026-07-11T11:31:41,v2026.07.1
H187,middle5148.txt_q1,D,2026-07-22T03:29:38,v2026.07.1
H113,middle5148.txt_q1,A,2026-07-24T12:17:39,v2026.07.1
H171,middle5148.txt_q1,D,2026-07-26T18:54:58,v2026.07.1
H164,middle5148.txt_q1,C,2026-07-11T13:11:39,v2026.07.1
H019,middle5148.txt_q1,C,2026-07-14T01:53:04,v2026.07.1
H123,middle5148.txt_q1,D,2026-07-25T23:56:10,v2026.07.1
H121,middle5148.txt_q1,D,2026-07-26T07:17:54,v2026.07.1
H182,middle5148.txt_q1,D,2026-07-14T04:12:41,v2026.07.1
H046,middle5148.txt_q1,C,2026-07-23T05:19:20,v2026.07.1
H136,middle5148.txt_q1,C,2026-07-24T23:44:38,v2026.07.1
H111,middle5148.txt_q1,D,2026-07-27T00:48:20,v2026.07.1
H026,middle5148.txt_q1,B,2026-07-13T02:27:10,v2026.07.1
H197,middle5148.txt_q1,B,2026-07-15T08:28:19,v2026.07.1
H170,middle5148.txt_q1,D,2026-07-23T10:06:29,v2026.07.1
H185,middle5148.txt_q1,D,2026-07-19T05:28:23,v2026.07.1
H153,middle5148.txt_q1,A,2026-07-13T12:08:44,v2026.07.1
H101,middle5148.txt_q1,D,2026-07-23T20:39:13,v2026.07.1
H049,middle5148.txt_q1,D,2026-07-26T17:31:58,v2026.07.1
H032,middle5148.txt_q1,D,2026-07-14T11:38:55,v2026.07.1
H118,middle5148.txt_q1,D,2026-07-21T09:45:19,v2026.07.1
H039,middle5148.txt_q1,D,2026-07-26T11:23:42,v2026.07.1
H017,middle5148.txt_q1,A,2026-07-16T23:16:28,v2026.07.1
H045,middle5148.txt_q1,C,2026-07-17T08:58:06,v2026.07.1
H115,middle5148.txt_q1,B,2026-07-12T06:03:38,v2026.07.1
H151,middle5148.txt_q1,B,2026-07-16T20:52:35,v2026.07.1
H193,middle5148.txt_q1,D,2026-07-17T12:20:25,v2026.07.1
H089,middle5148.txt_q1,D,2026-07-24T10:38:56,v2026.07.1
H067,middle5148.txt_q1,D,2026-07-26T15:01:32,v2026.07.1
H092,middle5148.txt_q1,A,2026-07-18T03:47:12,v2026.07.1
H069,middle6838.txt_q1,B,2026-07-23T15:46:22,v2026.07.1
H158,middle6838.txt_q1,C,2026-07-16T10:33:58,v2026.07.1
H118,middle6838.txt_q1,D,2026-07-17T00:59:56,v2026.07.1
H168,middle6838.txt_q1,C,2026-07-16T07:35:34,v2026.07.1
H150,middle6838.txt_q1,C,2026-07-15T19:59:28,v2026.07.1
H097,middle6838.txt_q1,D,2026-07-11T09:52:56,v2026.07.1
H184,middle6838.txt_q1,A,2026-07-17T13:17:56,v2026.07.1
H037,middle6838.txt_q1,C,2026-07-23T09:35:12,v2026.07.1
H049,middle6838.txt_q1,C,2026-07-16T07:12:52,v2026.07.1
H119,middle6838.txt_q1,C,2026-07-21T13:34:46,v2026.07.1
H075,middle6838.txt_q1,C,2026-07-10T21:46:56,v2026.07.1
H076,middle6838.txt_q1,C,2026-07-22T20:49:26,v2026.07.1
H121,middle6838.txt_q1,C,2026-07-16T11:38:23,v2026.07.1
H016,middle6838.txt_q1,A,2026-07-14T05:57:49,v2026.07.1
H141,middle6838.txt_q1,D,2026-07-23T18:52:06,v2026.07.1
H072,middle6838.txt_q1,B,2026-07-24T10:52:16,v2026.07.1
H188,middle6838.txt_q1,C,2026-07-27T14:18:27,v2026.07.1
H152,middle6838.txt_q1,D,2026-07-23T02:20:37,v2026.07.1
H200,middle6838.txt_q1,A,2026-07-19T03:49:39,v2026.07.1
H139,middle6838.txt_q1,D,2026-07-23T19:25:18,v2026.07.1
H059,middle6838.txt_q1,C,2026-07-11T12:01:23,v2026.07.1
H091,middle6838.txt_q1,D,2026-07-17T04:08:53,v2026.07.1
H145,middle6838.txt_q1,D,2026-07-13T09:54:42,v2026.07.1
H055,middle6838.txt_q1,C,2026-07-17T16:43:20,v2026.07.1
H006,middle6838.txt_q1,C,2026-07-14T11:27:50,v2026.07.1
H194,middle6838.txt_q1,D,2026-07-26T09:09:46,v2026.07.1
H013,middle6838.txt_q1,C,2026-07-11T19:07:11,v2026.07.1
H182,middle6838.txt_q1,C,2026-07-15T09:19:01,v2026.07.1
H065,middle6838.txt_q1,B,2026-07-25T08:36:46,v2026.07.1
H002,middle6838.txt_q1,D,2026-07-25T21:00:56,v2026.07.1
H136,middle5450.txt_q4,C,2026-07-13T08:57:18,v2026.07.1
H153,middle5450.txt_q4,D,2026-07-27T00:04:41,v2026.07.1
H168,middle5450.txt_q4,D,2026-07-19T08:12:17,v2026.07.1
H160,middle5450.txt_q4,A,2026-07-11T09:41:42,v2026.07.1
H196,middle5450.txt_q4,B,2026-07-20T08:18:03,v2026.07.1
H173,middle5450.txt_q4,A,2026-07-21T19:43:20,v2026.07.1
H106,middle5450.txt_q4,A,2026-07-27T02:12:36,v2026.07.1
H080,middle5450.txt_q4,B,2026-07-23T23:28:24,v2026.07.1
H034,middle5450.txt_q4,C,2026-07-23T18:03:39,v2026.07.1
H042,middle5450.txt_q4,A,2026-07-18T18:19:22,v2026.07.1
H174,middle5450.txt_q4,C,2026-07-13T03:27:54,v2026.07.1
H183,middle5450.txt_q4,D,2026-07-14T15:15:06,v2026.07.1
H094,middle5450.txt_q4,C,2026-07-11T19:18:42,v2026.07.1
H085,middle5450.txt_q4,D,2026-07-22T21:59:01,v2026.07.1
H021,middle5450.txt_q4,A,2026-07-17T04:53:35,v2026.07.1
H082,middle5450.txt_q4,B,2026-07-18T12:08:19,v2026.07.1
H151,middle5450.txt_q4,A,2026-07-12T20:20:18,v2026.07.1
H045,middle5450.txt_q4,D,2026-07-19T08:57:24,v2026.07.1
H032,middle5450.txt_q4,D,2026-07-16T12:01:20,v2026.07.1
H052,middle5450.txt_q4,D,2026-07-18T22:58:20,v2026.07.1
H125,middle5450.txt_q4,A,2026-07-15T16:49:02,v2026.07.1
H001,middle5450.txt_q4,D,2026-07-18T03:23:35,v2026.07.1
H112,middle5450.txt_q4,D,2026-07-10T16:31:57,v2026.07.1
H095,middle5450.txt_q4,C,2026-07-16T03:24:21,v2026.07.1
H124,middle5450.txt_q4,C,2026-07-24T02:05:08,v2026.07.1
H157,middle5450.txt_q4,B,2026-07-21T12:06:39,v2026.07.1
H078,middle5450.txt_q4,A,2026-07-25T14:00:02,v2026.07.1
H182,middle5450.txt_q4,D,2026-07-14T10:23:14,v2026.07.1
H117,middle5450.txt_q4,C,2026-07-24T06:00:36,v2026.07.1
H181,middle5450.txt_q4,D,2026-07-16T10:49:42,v2026.07.1
H106,middle7444.txt_q3,A,2026-07-26T09:35:24,v2026.07.1
H093,middle7444.txt_q3,A,2026-07-16T12:40:54,v2026.07.1
H061,middle7444.txt_q3,A,2026-07-12T12:17:56,v2026.07.1
H020,middle7444.txt_q3,B,2026-07-24T12:10:48,v2026.07.1
H080,middle7444.txt_q3,A,2026-07-25T21:49:42,v2026.07.1
H015,middle7444.txt_q3,A,2026-07-25T06:58:19,v2026.07.1
H121,middle7444.txt_q3,B,2026-07-16T04:51:29,v2026.07.1
H188,middle7444.txt_q3,C,2026-07-18T17:48:50,v2026.07.1
H002,middle7444.txt_q3,A,2026-07-26T16:25:13,v2026.07.1
H103,middle7444.txt_q3,A,2026-07-25T23:58:49,v2026.07.1
H038,middle7444.txt_q3,D,2026-07-19T03:39:11,v2026.07.1
H042,middle7444.txt_q3,A,2026-07-12T12:12:32,v2026.07.1
H158,middle7444.txt_q3,A,2026-07-19T23:19:22,v2026.07.1
H183,middle7444.txt_q3,B,2026-07-19T08:30:32,v2026.07.1
H176,middle7444.txt_q3,A,2026-07-15T23:53:03,v2026.07.1
H182,middle7444.txt_q3,D,2026-07-15T19:19:13,v2026.07.1
H147,middle7444.txt_q3,C,2026-07-24T06:05:33,v2026.07.1
H098,middle7444.txt_q3,B,2026-07-14T21:10:40,v2026.07.1
H034,middle7444.txt_q3,D,2026-07-22T16:35:39,v2026.07.1
H112,middle7444.txt_q3,C,2026-07-15T16:46:40,v2026.07.1
H107,middle7444.txt_q3,B,2026-07-10T16:29:03,v2026.07.1
H189,middle7444.txt_q3,D,2026-07-25T06:28:46,v2026.07.1
H119,middle7444.txt_q3,A,2026-07-12T06:10:34,v2026.07.1
H026,middle7444.txt_q3,A,2026-07-10T21:39:15,v2026.07.1
H046,middle7444.txt_q3,C,2026-07-23T05:36:49,v2026.07.1
H100,middle7444.txt_q3,A,2026-07-16T01:14:56,v2026.07.1
H154,middle7444.txt_q3,C,2026-07-27T08:57:04,v2026.07.1
H064,middle7444.txt_q3,B,2026-07-19T02:05:10,v2026.07.1
H036,middle7444.txt_q3,B,2026-07-18T06:49:10,v2026.07.1
H044,middle7444.txt_q3,B,2026-07-15T19:46:09,v2026.07.1
H182,middle157.txt_q3,D,2026-07-10T15:54:00,v2026.07.1
H014,middle157.txt_q3,B,2026-07-14T18:37:20,v2026.07.1
H132,middle157.txt_q3,D,2026-07-22T22:06:39,v2026.07.1
H091,middle157.txt_q3,C,2026-07-13T14:00:15,v2026.07.1
H135,middle157.txt_q3,D,2026-07-15T21:19:13,v2026.07.1
H011,middle157.txt_q3,D,2026-07-22T14:09:21,v2026.07.1
H112,middle157.txt_q3,D,2026-07-22T11:44:35,v2026.07.1
H077,middle157.txt_q3,C,2026-07-11T06:03:07,v2026.07.1
H039,middle157.txt_q3,A,2026-07-17T09:16:22,v2026.07.1
H141,middle157.txt_q3,B,2026-07-19T15:56:10,v2026.07.1
H123,middle157.txt_q3,B,2026-07-26T21:28:40,v2026.07.1
H186,middle157.txt_q3,D,2026-07-18T08:27:20,v2026.07.1
H004,middle157.txt_q3,C,2026-07-14T20:33:16,v2026.07.1
H093,middle157.txt_q3,D,2026-07-12T00:22:06,v2026.07.1
H062,middle157.txt_q3,D,2026-07-25T17:23:01,v2026.07.1
H050,middle157.txt_q3,D,2026-07-18T17:49:00,v2026.07.1
H134,middle157.txt_q3,D,2026-07-10T10:48:38,v2026.07.1
H160,middle157.txt_q3,B,2026-07-21T03:35:21,v2026.07.1
H119,middle157.txt_q3,B,2026-07-10T10:52:33,v2026.07.1
H103,middle157.txt_q3,A,2026-07-13T01:46:17,v2026.07.1
H085,middle157.txt_q3,D,2026-07-22T11:42:40,v2026.07.1
H189,middle157.txt_q3,D,2026-07-24T21:07:06,v2026.07.1
H138,middle157.txt_q3,D,2026-07-16T09:21:27,v2026.07.1
H015,middle157.txt_q3,B,2026-07-27T17:06:36,v2026.07.1
H026,middle157.txt_q3,B,2026-07-17T20:10:28,v2026.07.1
H127,middle157.txt_q3,D,2026-07-13T13:18:44,v2026.07.1
H121,middle157.txt_q3,D,2026-07-20T19:04:14,v2026.07.1
H136,middle157.txt_q3,D,2026-07-17T09:37:51,v2026.07.1
H162,middle157.txt_q3,D,2026-07-24T03:42:14,v2026.07.1
H020,middle157.txt_q3,D,2026-07-12T02:01:59,v2026.07.1
H050,middle2662.txt_q0,C,2026-07-11T23:01:45,v2026.07.1
H150,middle2662.txt_q0,C,2026-07-13T22:03:35,v2026.07.1
H104,middle2662.txt_q0,C,2026-07-14T19:45:50,v2026.07.1
H093,middle2662.txt_q0,B,2026-07-23T06:41:35,v2026.07.1
H030,middle2662.txt_q0,B,2026-07-22T03:44:02,v2026.07.1
H077,middle2662.txt_q0,B,2026-07-21T13:15:54,v2026.07.1
H053,middle2662.txt_q0,D,2026-07-12T17:33:51,v2026.07.1
H198,middle2662.txt_q0,D,2026-07-23T05:07:59,v2026.07.1
H099,middle2662.txt_q0,D,2026-07-26T03:47:46,v2026.07.1
H105,middle2662.txt_q0,B,2026-07-24T15:13:01,v2026.07.1
H186,middle2662.txt_q0,C,2026-07-15T11:16:36,v2026.07.1
H071,middle2662.txt_q0,D,2026-07-21T09:44:44,v2026.07.1
H125,middle2662.txt_q0,C,2026-07-16T09:41:08,v2026.07.1
H156,middle2662.txt_q0,D,2026-07-25T15:11:08,v2026.07.1
H086,middle2662.txt_q0,D,2026-07-21T08:51:16,v2026.07.1
H015,middle2662.txt_q0,D,2026-07-18T20:44:29,v2026.07.1
H140,middle2662.txt_q0,C,2026-07-24T16:13:37,v2026.07.1
H126,middle2662.txt_q0,C,2026-07-15T20:48:18,v2026.07.1
H164,middle2662.txt_q0,A,2026-07-17T22:40:05,v2026.07.1
H138,middle2662.txt_q0,B,2026-07-19T21:01:21,v2026.07.1
H039,middle2662.txt_q0,C,2026-07-13T00:17:08,v2026.07.1
H065,middle2662.txt_q0,C,2026-07-17T04:48:12,v2026.07.1
H139,middle2662.txt_q0,D,2026-07-23T09:08:35,v2026.07.1
H019,middle2662.txt_q0,D,2026-07-22T04:11:04,v2026.07.1
H080,middle2662.txt_q0,D,2026-07-23T21:59:07,v2026.07.1
H165,middle2662.txt_q0,D,2026-07-19T18:20:51,v2026.07.1
H116,middle2662.txt_q0,D,2026-07-13T13:16:50,v2026.07.1
H068,middle2662.txt_q0,D,2026-07-21T17:51:28,v2026.07.1
H163,middle2662.txt_q0,D,2026-07-15T01:33:09,v2026.07.1
H089,middle2662.txt_q0,B,2026-07-19T08:08:49,v2026.07.1
H073,middle7196.txt_q4,C,2026-07-17T11:05:18,v2026.07.1
H093,middle7196.txt_q4,C,2026-07-22T03:31:03,v2026.07.1
H013,middle7196.txt_q4,D,2026-07-11T03:09:55,v2026.07.1
H058,middle7196.txt_q4,C,2026-07-18T07:55:13,v2026.07.1
H126,middle7196.txt_q4,B,2026-07-27T17:26:50,v2026.07.1
H119,middle7196.txt_q4,C,2026-07-20T14:19:13,v2026.07.1
H084,middle7196.txt_q4,C,2026-07-21T21:53:18,v2026.07.1
H088,middle7196.txt_q4,A,2026-07-18T07:44:22,v2026.07.1
H154,middle7196.txt_q4,C,2026-07-19T12:28:10,v2026.07.1
H175,middle7196.txt_q4,C,2026-07-13T01:12:59,v2026.07.1
H181,middle7196.txt_q4,D,2026-07-13T21:05:48,v2026.07.1
H008,middle7196.txt_q4,C,2026-07-16T21:35:42,v2026.07.1
H180,middle7196.txt_q4,A,2026-07-15T11:10:53,v2026.07.1
H173,middle7196.txt_q4,C,2026-07-16T06:17:35,v2026.07.1
H115,middle7196.txt_q4,C,2026-07-21T11:15:27,v2026.07.1
H018,middle7196.txt_q4,B,2026-07-12T09:55:46,v2026.07.1
H010,middle7196.txt_q4,C,2026-07-17T01:13:42,v2026.07.1
H171,middle7196.txt_q4,B,2026-07-21T03:23:18,v2026.07.1
H103,middle7196.txt_q4,C,2026-07-17T07:12:40,v2026.07.1
H022,middle7196.txt_q4,B,2026-07-25T05:57:44,v2026.07.1
H066,middle7196.txt_q4,B,2026-07-22T22:14:33,v2026.07.1
H107,middle7196.txt_q4,C,2026-07-26T01:59:55,v2026.07.1
H167,middle7196.txt_q4,C,2026-07-21T12:25:42,v2026.07.1
H139,middle7196.txt_q4,C,2026-07-23T04:24:58,v2026.07.1
H164,middle7196.txt_q4,A,2026-07-16T20:31:36,v2026.07.1
H001,middle7196.txt_q4,D,2026-07-19T21:22:08,v2026.07.1
H177,middle7196.txt_q4,A,2026-07-12T08:36:13,v2026.07.1
H113,middle7196.txt_q4,D,2026-07-27T11:41:24,v2026.07.1
H101,middle7196.txt_q4,B,2026-07-19T11:48:08,v2026.07.1
H199,middle7196.txt_q4,C,2026-07-18T20:01:37,v2026.07.1
H185,middle1793.txt_q0,A,2026-07-26T01:19:43,v2026.07.1
H125,middle1793.txt_q0,D,2026-07-18T10:59:27,v2026.07.1
H054,middle1793.txt_q0,D,2026-07-17T05:43:15,v2026.07.1
H062,middle1793.txt_q0,C,2026-07-19T05:33:34,v2026.07.1
H031,middle1793.txt_q0,D,2026-07-16T23:27:20,v2026.07.1
H127,middle1793.txt_q0,B,2026-07-19T06:19:43,v2026.07.1
H151,middle1793.txt_q0,D,2026-07-26T23:05:15,v2026.07.1
H132,middle1793.txt_q0,A,2026-07-11T00:32:06,v2026.07.1
H177,middle1793.txt_q0,C,2026-07-18T18:06:40,v2026.07.1
H080,middle1793.txt_q0,D,2026-07-13T13:42:58,v2026.07.1
H103,middle1793.txt_q0,A,2026-07-14T13:06:26,v2026.07.1
H173,middle1793.txt_q0,A,2026-07-19T01:03:31,v2026.07.1
H099,middle1793.txt_q0,D,2026-07-18T07:16:33,v2026.07.1
H116,middle1793.txt_q0,D,2026-07-12T13:37:53,v2026.07.1
H027,middle1793.txt_q0,B,2026-07-12T21:11:39,v2026.07.1
H092,middle1793.txt_q0,D,2026-07-14T15:43:26,v2026.07.1
H149,middle1793.txt_q0,D,2026-07-19T12:02:52,v2026.07.1
H183,middle1793.txt_q0,B,2026-07-26T21:44:24,v2026.07.1
H071,middle1793.txt_q0,D,2026-07-14T20:12:52,v2026.07.1
H010,middle1793.txt_q0,D,2026-07-14T17:06:53,v2026.07.1
H106,middle1793.txt_q0,C,2026-07-17T17:55:20,v2026.07.1
H050,middle1793.txt_q0,D,2026-07-25T03:26:23,v2026.07.1
H036,middle1793.txt_q0,B,2026-07-20T05:41:14,v2026.07.1
H059,middle1793.txt_q0,D,2026-07-14T10:14:41,v2026.07.1
H146,middle1793.txt_q0,C,2026-07-27T06:38:29,v2026.07.1
H014,middle1793.txt_q0,A,2026-07-22T00:35:57,v2026.07.1
H066,middle1793.txt_q0,D,2026-07-15T20:11:33,v2026.07.1
H131,middle1793.txt_q0,D,2026-07-18T03:37:50,v2026.07.1
H192,middle1793.txt_q0,A,2026-07-17T04:25:03,v2026.07.1
H104,middle1793.txt_q0,B,2026-07-19T11:13:51,v2026.07.1
H189,middle8160.txt_q1,A,2026-07-22T21:19:06,v2026.07.1
H107,middle8160.txt_q1,C,2026-07-22T22:16:47,v2026.07.1
H028,middle8160.txt_q1,C,2026-07-15T05:05:25,v2026.07.1
H200,middle8160.txt_q1,C,2026-07-23T10:43:45,v2026.07.1
H061,middle8160.txt_q1,A,2026-07-14T16:18:41,v2026.07.1
H125,middle8160.txt_q1,A,2026-07-14T17:36:10,v2026.07.1
H026,middle8160.txt_q1,D,2026-07-10T23:53:57,v2026.07.1
H198,middle8160.txt_q1,D,2026-07-12T05:10:52,v2026.07.1
H102,middle8160.txt_q1,D,2026-07-11T22:29:37,v2026.07.1
H142,middle8160.txt_q1,A,2026-07-23T21:28:54,v2026.07.1
H149,middle8160.txt_q1,A,2026-07-23T16:59:24,v2026.07.1
H169,middle8160.txt_q1,B,2026-07-17T02:18:05,v2026.07.1
H118,middle8160.txt_q1,A,2026-07-17T16:33:17,v2026.07.1
H162,middle8160.txt_q1,D,2026-07-12T04:40:53,v2026.07.1
H147,middle8160.txt_q1,A,2026-07-24T11:29:04,v2026.07.1
H141,middle8160.txt_q1,A,2026-07-19T19:07:47,v2026.07.1
H045,middle8160.txt_q1,A,2026-07-11T14:27:02,v2026.07.1
H171,middle8160.txt_q1,B,2026-07-11T11:29:15,v2026.07.1
H091,middle8160.txt_q1,A,2026-07-26T04:25:44,v2026.07.1
H082,middle8160.txt_q1,B,2026-07-26T10:08:45,v2026.07.1
H183,middle8160.txt_q1,A,2026-07-26T14:38:04,v2026.07.1
H106,middle8160.txt_q1,C,2026-07-23T03:36:49,v2026.07.1
H006,middle8160.txt_q1,A,2026-07-13T11:19:21,v2026.07.1
H024,middle8160.txt_q1,A,2026-07-16T03:47:46,v2026.07.1
H088,middle8160.txt_q1,A,2026-07-24T18:47:09,v2026.07.1
H049,middle8160.txt_q1,A,2026-07-21T19:11:36,v2026.07.1
H095,middle8160.txt_q1,A,2026-07-12T22:06:25,v2026.07.1
H158,middle8160.txt_q1,A,2026-07-26T00:41:49,v2026.07.1
H044,middle8160.txt_q1,A,2026-07-15T09:34:29,v2026.07.1
H143,middle8160.txt_q1,A,2026-07-22T23:06:53,v2026.07.1
H085,middle2946.txt_q3,C,2026-07-22T07:14:54,v2026.07.1
H003,middle2946.txt_q3,C,2026-07-10T22:39:06,v2026.07.1
H088,middle2946.txt_q3,A,2026-07-24T14:39:07,v2026.07.1
H122,middle2946.txt_q3,C,2026-07-22T21:59:08,v2026.07.1
H132,middle2946.txt_q3,A,2026-07-16T15:11:11,v2026.07.1
H016,middle2946.txt_q3,C,2026-07-21T19:27:48,v2026.07.1
H196,middle2946.txt_q3,C,2026-07-10T13:28:38,v2026.07.1
H078,middle2946.txt_q3,B,2026-07-18T23:07:30,v2026.07.1
H177,middle2946.txt_q3,A,2026-07-11T07:27:21,v2026.07.1
H127,middle2946.txt_q3,D,2026-07-16T07:22:00,v2026.07.1
H142,middle2946.txt_q3,B,2026-07-25T17:41:36,v2026.07.1
H025,middle2946.txt_q3,C,2026-07-19T14:03:35,v2026.07.1
H032,middle2946.txt_q3,C,2026-07-17T23:08:59,v2026.07.1
H070,middle2946.txt_q3,B,2026-07-18T18:47:32,v2026.07.1
H099,middle2946.txt_q3,D,2026-07-13T22:11:38,v2026.07.1
H028,middle2946.txt_q3,B,2026-07-17T01:33:14,v2026.07.1
H119,middle2946.txt_q3,C,2026-07-25T22:22:27,v2026.07.1
H096,middle2946.txt_q3,C,2026-07-13T11:06:00,v2026.07.1
H050,middle2946.txt_q3,A,2026-07-17T20:50:11,v2026.07.1
H037,middle2946.txt_q3,D,2026-07-14T04:04:46,v2026.07.1
H094,middle2946.txt_q3,C,2026-07-13T13:55:00,v2026.07.1
H116,middle2946.txt_q3,C,2026-07-20T11:21:26,v2026.07.1
H073,middle2946.txt_q3,C,2026-07-17T14:37:59,v2026.07.1
H107,middle2946.txt_q3,B,2026-07-10T16:19:53,v2026.07.1
H135,middle2946.txt_q3,D,2026-07-22T12:58:13,v2026.07.1
H092,middle2946.txt_q3,B,2026-07-22T13:51:50,v2026.07.1
H138,middle2946.txt_q3,C,2026-07-25T06:43:12,v2026.07.1
H090,middle2946.txt_q3,C,2026-07-12T09:27:07,v2026.07.1
H102,middle2946.txt_q3,B,2026-07-17T11:51:49,v2026.07.1
H017,middle2946.txt_q3,B,2026-07-25T09:26:23,v2026.07.1
H012,middle3028.txt_q2,A,2026-07-17T04:38:40,v2026.07.1
H021,middle3028.txt_q2,C,2026-07-18T12:17:16,v2026.07.1
H088,middle3028.txt_q2,C,2026-07-10T13:51:37,v2026.07.1
H038,middle3028.txt_q2,D,2026-07-21T02:35:42,v2026.07.1
H037,middle3028.txt_q2,D,2026-07-26T05:56:37,v2026.07.1
H078,middle3028.txt_q2,D,2026-07-15T15:39:24,v2026.07.1
H193,middle3028.txt_q2,A,2026-07-12T10:11:59,v2026.07.1
H150,middle3028.txt_q2,C,2026-07-13T13:02:28,v2026.07.1
H174,middle3028.txt_q2,C,2026-07-21T23:42:48,v2026.07.1
H001,middle3028.txt_q2,C,2026-07-21T10:52:15,v2026.07.1
H186,middle3028.txt_q2,B,2026-07-27T05:30:14,v2026.07.1
H033,middle3028.txt_q2,B,2026-07-22T02:46:48,v2026.07.1
H134,middle3028.txt_q2,C,2026-07-13T00:39:08,v2026.07.1
H075,middle3028.txt_q2,A,2026-07-13T18:50:46,v2026.07.1
H077,middle3028.txt_q2,A,2026-07-27T06:54:48,v2026.07.1
H066,middle3028.txt_q2,C,2026-07-14T16:29:25,v2026.07.1
H173,middle3028.txt_q2,A,2026-07-13T08:15:38,v2026.07.1
H006,middle3028.txt_q2,B,2026-07-16T21:43:35,v2026.07.1
H185,middle3028.txt_q2,C,2026-07-10T11:17:39,v2026.07.1
H025,middle3028.txt_q2,C,2026-07-16T15:25:37,v2026.07.1
H080,middle3028.txt_q2,B,2026-07-11T11:48:25,v2026.07.1
H163,middle3028.txt_q2,D,2026-07-16T10:48:18,v2026.07.1
H087,middle3028.txt_q2,C,2026-07-16T07:01:00,v2026.07.1
H057,middle3028.txt_q2,C,2026-07-22T03:26:33,v2026.07.1
H146,middle3028.txt_q2,C,2026-07-19T06:28:28,v2026.07.1
H050,middle3028.txt_q2,C,2026-07-23T19:31:11,v2026.07.1
H026,middle3028.txt_q2,A,2026-07-14T19:56:32,v2026.07.1
H029,middle3028.txt_q2,C,2026-07-14T22:49:22,v2026.07.1
H022,middle3028.txt_q2,C,2026-07-23T11:42:11,v2026.07.1
H130,middle3028.txt_q2,A,2026-07-11T00:16:03,v2026.07.1
H018,middle6921.txt_q0,A,2026-07-21T11:45:38,v2026.07.1
H097,middle6921.txt_q0,A,2026-07-25T16:47:23,v2026.07.1
H104,middle6921.txt_q0,B,2026-07-12T16:33:19,v2026.07.1
H004,middle6921.txt_q0,B,2026-07-20T02:23:08,v2026.07.1
H135,middle6921.txt_q0,A,2026-07-18T05:35:22,v2026.07.1
H173,middle6921.txt_q0,C,2026-07-24T21:44:14,v2026.07.1
H047,middle6921.txt_q0,A,2026-07-20T12:32:59,v2026.07.1
H016,middle6921.txt_q0,C,2026-07-19T17:04:49,v2026.07.1
H069,middle6921.txt_q0,B,2026-07-24T11:08:15,v2026.07.1
H019,middle6921.txt_q0,C,2026-07-24T10:29:03,v2026.07.1
H082,middle6921.txt_q0,B,2026-07-18T03:18:11,v2026.07.1
H017,middle6921.txt_q0,A,2026-07-11T12:41:54,v2026.07.1
H042,middle6921.txt_q0,C,2026-07-15T23:18:00,v2026.07.1
H149,middle6921.txt_q0,C,2026-07-18T17:57:31,v2026.07.1
H009,middle6921.txt_q0,A,2026-07-26T15:12:56,v2026.07.1
H113,middle6921.txt_q0,C,2026-07-15T22:02:49,v2026.07.1
H029,middle6921.txt_q0,B,2026-07-24T07:32:47,v2026.07.1
H151,middle6921.txt_q0,B,2026-07-27T01:13:06,v2026.07.1
H186,middle6921.txt_q0,A,2026-07-26T09:00:11,v2026.07.1
H193,middle6921.txt_q0,A,2026-07-13T17:35:08,v2026.07.1
H012,middle6921.txt_q0,A,2026-07-13T16:50:47,v2026.07.1
H160,middle6921.txt_q0,D,2026-07-26T12:23:15,v2026.07.1
H099,middle6921.txt_q0,A,2026-07-14T19:45:25,v2026.07.1
H008,middle6921.txt_q0,A,2026-07-12T17:47:24,v2026.07.1
H194,middle6921.txt_q0,C,2026-07-13T21:24:28,v2026.07.1
H014,middle6921.txt_q0,A,2026-07-14T08:38:21,v2026.07.1
H013,middle6921.txt_q0,D,2026-07-25T21:48:20,v2026.07.1
H136,middle6921.txt_q0,A,2026-07-26T22:48:38,v2026.07.1
H187,middle6921.txt_q0,C,2026-07-19T14:47:43,v2026.07.1
H035,middle6921.txt_q0,A,2026-07-16T09:48:37,v2026.07.1
H046,middle5205.txt_q1,A,2026-07-19T10:45:09,v2026.07.1
H023,middle5205.txt_q1,A,2026-07-17T06:02:46,v2026.07.1
H170,middle5205.txt_q1,A,2026-07-13T08:37:21,v2026.07.1
H099,middle5205.txt_q1,A,2026-07-11T06:33:35,v2026.07.1
H058,middle5205.txt_q1,C,2026-07-25T20:09:18,v2026.07.1
H078,middle5205.txt_q1,A,2026-07-18T00:18:46,v2026.07.1
H171,middle5205.txt_q1,B,2026-07-23T21:31:37,v2026.07.1
H020,middle5205.txt_q1,D,2026-07-24T02:44:12,v2026.07.1
H049,middle5205.txt_q1,A,2026-07-22T13:48:56,v2026.07.1
H052,middle5205.txt_q1,A,2026-07-13T01:32:59,v2026.07.1
H034,middle5205.txt_q1,A,2026-07-19T09:00:05,v2026.07.1
H093,middle5205.txt_q1,C,2026-07-14T08:55:03,v2026.07.1
H149,middle5205.txt_q1,D,2026-07-24T08:19:07,v2026.07.1
H015,middle5205.txt_q1,A,2026-07-21T02:26:33,v2026.07.1
H143,middle5205.txt_q1,D,2026-07-25T15:43:51,v2026.07.1
H104,middle5205.txt_q1,A,2026-07-21T02:07:35,v2026.07.1
H025,middle5205.txt_q1,B,2026-07-10T11:50:14,v2026.07.1
H073,middle5205.txt_q1,B,2026-07-15T20:55:18,v2026.07.1
H004,middle5205.txt_q1,A,2026-07-25T11:49:49,v2026.07.1
H084,middle5205.txt_q1,B,2026-07-14T18:45:13,v2026.07.1
H098,middle5205.txt_q1,A,2026-07-18T14:23:28,v2026.07.1
H163,middle5205.txt_q1,B,2026-07-14T13:40:51,v2026.07.1
H139,middle5205.txt_q1,A,2026-07-24T12:30:19,v2026.07.1
H070,middle5205.txt_q1,C,2026-07-17T21:07:50,v2026.07.1
H150,middle5205.txt_q1,C,2026-07-21T12:21:14,v2026.07.1
H180,middle5205.txt_q1,B,2026-07-15T13:27:02,v2026.07.1
H103,middle5205.txt_q1,A,2026-07-17T00:49:39,v2026.07.1
H123,middle5205.txt_q1,B,2026-07-25T04:21:22,v2026.07.1
H001,middle5205.txt_q1,C,2026-07-26T08:50:23,v2026.07.1
H094,middle5205.txt_q1,B,2026-07-15T07:20:28,v2026.07.1
H010,middle5450.txt_q3,D,2026-07-23T05:42:07,v2026.07.1
H024,middle5450.txt_q3,C,2026-07-18T13:01:38,v2026.07.1
H190,middle5450.txt_q3,D,2026-07-18T13:50:46,v2026.07.1
H019,middle5450.txt_q3,B,2026-07-20T12:01:59,v2026.07.1
H194,middle5450.txt_q3,D,2026-07-11T20:48:16,v2026.07.1
H173,middle5450.txt_q3,D,2026-07-10T20:40:56,v2026.07.1
H013,middle5450.txt_q3,D,2026-07-21T01:31:04,v2026.07.1
H155,middle5450.txt_q3,D,2026-07-17T18:07:24,v2026.07.1
H075,middle5450.txt_q3,B,2026-07-19T07:54:07,v2026.07.1
H064,middle5450.txt_q3,C,2026-07-19T05:39:12,v2026.07.1
H043,middle5450.txt_q3,B,2026-07-11T06:18:03,v2026.07.1
H076,middle5450.txt_q3,D,2026-07-14T20:54:57,v2026.07.1
H005,middle5450.txt_q3,C,2026-07-23T23:49:38,v2026.07.1
H007,middle5450.txt_q3,B,2026-07-17T00:27:01,v2026.07.1
H126,middle5450.txt_q3,C,2026-07-19T02:25:00,v2026.07.1
H167,middle5450.txt_q3,B,2026-07-22T18:44:51,v2026.07.1
H186,middle5450.txt_q3,A,2026-07-26T23:37:36,v2026.07.1
H026,middle5450.txt_q3,B,2026-07-27T08:05:42,v2026.07.1
H133,middle5450.txt_q3,A,2026-07-12T06:23:31,v2026.07.1
H192,middle5450.txt_q3,C,2026-07-13T07:06:57,v2026.07.1
H138,middle5450.txt_q3,D,2026-07-25T18:47:42,v2026.07.1
H099,middle5450.txt_q3,B,2026-07-25T04:36:16,v2026.07.1
H006,middle5450.txt_q3,B,2026-07-10T23:29:25,v2026.07.1
H009,middle5450.txt_q3,D,2026-07-23T06:04:51,v2026.07.1
H038,middle5450.txt_q3,A,2026-07-22T01:21:36,v2026.07.1
H196,middle5450.txt_q3,C,2026-07-19T09:46:33,v2026.07.1
H039,middle5450.txt_q3,B,2026-07-25T18:13:07,v2026.07.1
H128,middle5450.txt_q3,D,2026-07-16T10:09:28,v2026.07.1
H132,middle5450.txt_q3,D,2026-07-27T01:00:37,v2026.07.1
H063,middle5450.txt_q3,D,2026-07-12T23:15:39,v2026.07.1
H058,middle388.txt_q0,D,2026-07-27T01:53:19,v2026.07.1
H106,middle388.txt_q0,A,2026-07-16T09:38:36,v2026.07.1
H121,middle388.txt_q0,C,2026-07-11T09:49:36,v2026.07.1
H053,middle388.txt_q0,A,2026-07-12T18:46:09,v2026.07.1
H080,middle388.txt_q0,A,2026-07-19T01:47:52,v2026.07.1
H163,middle388.txt_q0,D,2026-07-14T10:39:46,v2026.07.1
H155,middle388.txt_q0,C,2026-07-20T22:11:23,v2026.07.1
H060,middle388.txt_q0,A,2026-07-24T06:27:57,v2026.07.1
H030,middle388.txt_q0,A,2026-07-19T10:13:33,v2026.07.1
H007,middle388.txt_q0,A,2026-07-10T20:42:14,v2026.07.1
H101,middle388.txt_q0,A,2026-07-13T03:48:06,v2026.07.1
H197,middle388.txt_q0,A,2026-07-20T19:16:55,v2026.07.1
H074,middle388.txt_q0,A,2026-07-11T01:00:06,v2026.07.1
H049,middle388.txt_q0,A,2026-07-27T14:59:57,v2026.07.1
H068,middle388.txt_q0,A,2026-07-14T20:16:01,v2026.07.1
H186,middle388.txt_q0,C,2026-07-22T19:45:55,v2026.07.1
H099,middle388.txt_q0,B,2026-07-24T10:35:58,v2026.07.1
H025,middle388.txt_q0,C,2026-07-10T18:45:39,v2026.07.1
H194,middle388.txt_q0,A,2026-07-21T12:15:02,v2026.07.1
H193,middle388.txt_q0,B,2026-07-13T07:26:14,v2026.07.1
H188,middle388.txt_q0,D,2026-07-16T15:50:56,v2026.07.1
H123,middle388.txt_q0,A,2026-07-26T09:46:00,v2026.07.1
H150,middle388.txt_q0,D,2026-07-26T04:05:39,v2026.07.1
H151,middle388.txt_q0,A,2026-07-21T06:41:34,v2026.07.1
H141,middle388.txt_q0,A,2026-07-12T00:43:02,v2026.07.1
H014,middle388.txt_q0,D,2026-07-15T20:40:37,v2026.07.1
H183,middle388.txt_q0,A,2026-07-27T08:37:07,v2026.07.1
H173,middle388.txt_q0,C,2026-07-10T21:50:49,v2026.07.1
H160,middle388.txt_q0,C,2026-07-21T06:53:35,v2026.07.1
H084,middle388.txt_q0,B,2026-07-17T21:14:37,v2026.07.1
H081,middle2564.txt_q0,D,2026-07-20T04:02:15,v2026.07.1
H011,middle2564.txt_q0,B,2026-07-17T08:52:38,v2026.07.1
H134,middle2564.txt_q0,A,2026-07-24T04:42:52,v2026.07.1
H014,middle2564.txt_q0,C,2026-07-13T20:53:36,v2026.07.1
H065,middle2564.txt_q0,C,2026-07-22T11:07:29,v2026.07.1
H004,middle2564.txt_q0,A,2026-07-24T11:15:01,v2026.07.1
H179,middle2564.txt_q0,C,2026-07-11T13:43:04,v2026.07.1
H073,middle2564.txt_q0,D,2026-07-20T10:34:43,v2026.07.1
H191,middle2564.txt_q0,C,2026-07-13T18:47:55,v2026.07.1
H085,middle2564.txt_q0,C,2026-07-16T13:35:44,v2026.07.1
H039,middle2564.txt_q0,C,2026-07-13T04:23:03,v2026.07.1
H046,middle2564.txt_q0,D,2026-07-15T14:05:41,v2026.07.1
H069,middle2564.txt_q0,A,2026-07-20T21:42:21,v2026.07.1
H199,middle2564.txt_q0,D,2026-07-15T19:12:43,v2026.07.1
H160,middle2564.txt_q0,C,2026-07-18T15:32:41,v2026.07.1
H055,middle2564.txt_q0,B,2026-07-12T12:42:13,v2026.07.1
H024,middle2564.txt_q0,D,2026-07-11T23:41:24,v2026.07.1
H100,middle2564.txt_q0,B,2026-07-14T15:27:48,v2026.07.1
H060,middle2564.txt_q0,C,2026-07-21T18:16:30,v2026.07.1
H036,middle2564.txt_q0,C,2026-07-24T02:31:15,v2026.07.1
H147,middle2564.txt_q0,C,2026-07-20T19:31:53,v2026.07.1
H043,middle2564.txt_q0,C,2026-07-13T05:54:25,v2026.07.1
H015,middle2564.txt_q0,C,2026-07-10T11:26:43,v2026.07.1
H044,middle2564.txt_q0,C,2026-07-24T10:52:28,v2026.07.1
H117,middle2564.txt_q0,C,2026-07-24T15:44:56,v2026.07.1
H141,middle2564.txt_q0,A,2026-07-20T14:58:29,v2026.07.1
H138,middle2564.txt_q0,C,2026-07-15T05:03:47,v2026.07.1
H151,middle2564.txt_q0,A,2026-07-25T00:31:44,v2026.07.1
H188,middle2564.txt_q0,C,2026-07-12T21:53:25,v2026.07.1
H121,middle2564.txt_q0,C,2026-07-21T23:32:58,v2026.07.1
H058,middle7193.txt_q2,D,2026-07-11T08:53:30,v2026.07.1
H007,middle7193.txt_q2,C,2026-07-19T01:01:04,v2026.07.1
H065,middle7193.txt_q2,C,2026-07-18T16:02:56,v2026.07.1
H122,middle7193.txt_q2,B,2026-07-17T11:18:14,v2026.07.1
H069,middle7193.txt_q2,D,2026-07-19T21:58:24,v2026.07.1
H110,middle7193.txt_q2,A,2026-07-24T23:08:15,v2026.07.1
H129,middle7193.txt_q2,A,2026-07-22T19:08:07,v2026.07.1
H011,middle7193.txt_q2,A,2026-07-23T03:46:32,v2026.07.1
H152,middle7193.txt_q2,A,2026-07-24T04:05:25,v2026.07.1
H012,middle7193.txt_q2,B,2026-07-14T04:02:12,v2026.07.1
H097,middle7193.txt_q2,C,2026-07-10T09:42:10,v2026.07.1
H103,middle7193.txt_q2,B,2026-07-11T12:12:04,v2026.07.1
H188,middle7193.txt_q2,A,2026-07-22T16:59:59,v2026.07.1
H162,middle7193.txt_q2,D,2026-07-21T11:18:12,v2026.07.1
H088,middle7193.txt_q2,A,2026-07-21T05:07:00,v2026.07.1
H143,middle7193.txt_q2,A,2026-07-17T07:49:13,v2026.07.1
H137,middle7193.txt_q2,C,2026-07-17T08:26:49,v2026.07.1
H197,middle7193.txt_q2,A,2026-07-15T21:51:38,v2026.07.1
H085,middle7193.txt_q2,D,2026-07-13T03:57:36,v2026.07.1
H034,middle7193.txt_q2,C,2026-07-19T01:04:40,v2026.07.1
H009,middle7193.txt_q2,A,2026-07-16T20:13:11,v2026.07.1
H053,middle7193.txt_q2,C,2026-07-17T05:10:32,v2026.07.1
H073,middle7193.txt_q2,D,2026-07-25T11:58:50,v2026.07.1
H124,middle7193.txt_q2,A,2026-07-17T06:40:23,v2026.07.1
H059,middle7193.txt_q2,A,2026-07-19T15:23:31,v2026.07.1
H090,middle7193.txt_q2,A,2026-07-20T04:59:48,v2026.07.1
H157,middle7193.txt_q2,A,2026-07-25T09:52:06,v2026.07.1
H016,middle7193.txt_q2,D,2026-07-25T22:36:09,v2026.07.1
H147,middle7193.txt_q2,A,2026-07-23T21:42:19,v2026.07.1
H049,middle7193.txt_q2,A,2026-07-22T06:53:05,v2026.07.1
H168,middle6407.txt_q1,B,2026-07-18T02:41:29,v2026.07.1
H142,middle6407.txt_q1,C,2026-07-19T08:59:18,v2026.07.1
H096,middle6407.txt_q1,C,2026-07-19T02:21:31,v2026.07.1
H067,middle6407.txt_q1,D,2026-07-21T13:53:22,v2026.07.1
H198,middle6407.txt_q1,C,2026-07-16T16:47:40,v2026.07.1
H054,middle6407.txt_q1,C,2026-07-11T07:47:07,v2026.07.1
H126,middle6407.txt_q1,C,2026-07-11T14:37:39,v2026.07.1
H118,middle6407.txt_q1,A,2026-07-24T09:50:26,v2026.07.1
H130,middle6407.txt_q1,C,2026-07-25T11:56:05,v2026.07.1
H145,middle6407.txt_q1,C,2026-07-14T14:47:41,v2026.07.1
H083,middle6407.txt_q1,C,2026-07-24T17:03:58,v2026.07.1
H187,middle6407.txt_q1,C,2026-07-11T06:52:26,v2026.07.1
H091,middle6407.txt_q1,C,2026-07-24T23:22:18,v2026.07.1
H125,middle6407.txt_q1,B,2026-07-14T03:19:58,v2026.07.1
H129,middle6407.txt_q1,D,2026-07-17T01:05:28,v2026.07.1
H146,middle6407.txt_q1,C,2026-07-12T05:54:16,v2026.07.1
H160,middle6407.txt_q1,D,2026-07-13T05:50:33,v2026.07.1
H069,middle6407.txt_q1,C,2026-07-22T21:42:50,v2026.07.1
H004,middle6407.txt_q1,C,2026-07-21T11:12:57,v2026.07.1
H070,middle6407.txt_q1,C,2026-07-21T07:19:15,v2026.07.1
H029,middle6407.txt_q1,B,2026-07-23T18:28:18,v2026.07.1
H186,middle6407.txt_q1,C,2026-07-23T21:41:03,v2026.07.1
H196,middle6407.txt_q1,D,2026-07-26T01:28:02,v2026.07.1
H079,middle6407.txt_q1,C,2026-07-20T20:23:32,v2026.07.1
H064,middle6407.txt_q1,C,2026-07-15T03:23:06,v2026.07.1
H112,middle6407.txt_q1,C,2026-07-20T22:55:56,v2026.07.1
H060,middle6407.txt_q1,C,2026-07-18T07:00:28,v2026.07.1
H094,middle6407.txt_q1,B,2026-07-16T15:06:40,v2026.07.1
H055,middle6407.txt_q1,C,2026-07-16T05:33:11,v2026.07.1
H063,middle6407.txt_q1,C,2026-07-27T13:57:03,v2026.07.1
H033,middle4178.txt_q0,C,2026-07-21T08:42:31,v2026.07.1
H063,middle4178.txt_q0,D,2026-07-23T08:32:24,v2026.07.1
H009,middle4178.txt_q0,A,2026-07-25T01:02:47,v2026.07.1
H079,middle4178.txt_q0,C,2026-07-12T00:40:45,v2026.07.1
H090,middle4178.txt_q0,C,2026-07-11T02:32:09,v2026.07.1
H051,middle4178.txt_q0,B,2026-07-21T02:44:52,v2026.07.1
H190,middle4178.txt_q0,D,2026-07-10T18:11:32,v2026.07.1
H025,middle4178.txt_q0,D,2026-07-12T08:42:06,v2026.07.1
H175,middle4178.txt_q0,D,2026-07-21T23:50:20,v2026.07.1
H136,middle4178.txt_q0,D,2026-07-22T15:19:53,v2026.07.1
H195,middle4178.txt_q0,C,2026-07-23T07:18:45,v2026.07.1
H044,middle4178.txt_q0,C,2026-07-24T05:54:55,v2026.07.1
H107,middle4178.txt_q0,D,2026-07-16T16:46:23,v2026.07.1
H168,middle4178.txt_q0,A,2026-07-20T12:08:14,v2026.07.1
H087,middle4178.txt_q0,D,2026-07-21T02:35:23,v2026.07.1
H124,middle4178.txt_q0,C,2026-07-21T09:39:56,v2026.07.1
H055,middle4178.txt_q0,D,2026-07-22T07:22:41,v2026.07.1
H187,middle4178.txt_q0,C,2026-07-14T14:04:15,v2026.07.1
H147,middle4178.txt_q0,B,2026-07-14T06:22:35,v2026.07.1
H027,middle4178.txt_q0,D,2026-07-20T10:51:45,v2026.07.1
H159,middle4178.txt_q0,B,2026-07-17T23:43:47,v2026.07.1
H155,middle4178.txt_q0,D,2026-07-22T23:32:52,v2026.07.1
H185,middle4178.txt_q0,D,2026-07-13T16:00:38,v2026.07.1
H094,middle4178.txt_q0,B,2026-07-13T03:44:38,v2026.07.1
H148,middle4178.txt_q0,B,2026-07-23T00:38:54,v2026.07.1
H116,middle4178.txt_q0,B,2026-07-27T04:15:18,v2026.07.1
H169,middle4178.txt_q0,B,2026-07-18T06:57:54,v2026.07.1
H083,middle4178.txt_q0,D,2026-07-14T12:21:11,v2026.07.1
H130,middle4178.txt_q0,D,2026-07-11T07:51:17,v2026.07.1
H003,middle4178.txt_q0,B,2026-07-21T12:02:34,v2026.07.1
H183,middle8248.txt_q4,B,2026-07-10T16:53:30,v2026.07.1
H059,middle8248.txt_q4,A,2026-07-15T22:59:05,v2026.07.1
H136,middle8248.txt_q4,B,2026-07-18T05:11:15,v2026.07.1
H080,middle8248.txt_q4,B,2026-07-19T15:15:03,v2026.07.1
H029,middle8248.txt_q4,B,2026-07-14T14:02:42,v2026.07.1
H154,middle8248.txt_q4,A,2026-07-17T16:57:57,v2026.07.1
H046,middle8248.txt_q4,B,2026-07-26T12:18:18,v2026.07.1
H137,middle8248.txt_q4,B,2026-07-19T19:30:05,v2026.07.1
H164,middle8248.txt_q4,B,2026-07-12T05:03:48,v2026.07.1
H060,middle8248.txt_q4,B,2026-07-26T04:30:24,v2026.07.1
H031,middle8248.txt_q4,C,2026-07-13T22:04:06,v2026.07.1
H022,middle8248.txt_q4,B,2026-07-14T20:53:24,v2026.07.1
H081,middle8248.txt_q4,B,2026-07-26T03:31:01,v2026.07.1
H156,middle8248.txt_q4,B,2026-07-12T16:10:53,v2026.07.1
H123,middle8248.txt_q4,D,2026-07-27T12:18:54,v2026.07.1
H177,middle8248.txt_q4,A,2026-07-22T08:37:14,v2026.07.1
H018,middle8248.txt_q4,B,2026-07-16T09:55:09,v2026.07.1
H096,middle8248.txt_q4,B,2026-07-18T02:18:36,v2026.07.1
H152,middle8248.txt_q4,B,2026-07-13T02:48:23,v2026.07.1
H194,middle8248.txt_q4,A,2026-07-19T22:15:01,v2026.07.1
H175,middle8248.txt_q4,B,2026-07-15T03:28:16,v2026.07.1
H166,middle8248.txt_q4,B,2026-07-16T04:07:39,v2026.07.1
H199,middle8248.txt_q4,C,2026-07-27T08:19:02,v2026.07.1
H155,middle8248.txt_q4,B,2026-07-26T09:26:41,v2026.07.1
H117,middle8248.txt_q4,B,2026-07-23T22:17:22,v2026.07.1
H077,middle8248.txt_q4,A,2026-07-20T20:34:05,v2026.07.1
H087,middle8248.txt_q4,B,2026-07-22T15:53:12,v2026.07.1
H091,middle8248.txt_q4,D,2026-07-12T02:26:29,v2026.07.1
H061,middle8248.txt_q4,B,2026-07-19T11:32:52,v2026.07.1
H023,middle8248.txt_q4,C,2026-07-10T11:51:46,v2026.07.1
H169,middle8154.txt_q1,B,2026-07-13T08:56:59,v2026.07.1
H104,middle8154.txt_q1,A,2026-07-19T22:14:02,v2026.07.1
H153,middle8154.txt_q1,C,2026-07-12T14:32:56,v2026.07.1
H041,middle8154.txt_q1,D,2026-07-13T08:21:26,v2026.07.1
H187,middle8154.txt_q1,C,2026-07-19T19:17:20,v2026.07.1
H068,middle8154.txt_q1,C,2026-07-27T03:27:02,v2026.07.1
H094,middle8154.txt_q1,C,2026-07-23T20:30:33,v2026.07.1
H045,middle8154.txt_q1,B,2026-07-11T21:25:10,v2026.07.1
H102,middle8154.txt_q1,D,2026-07-19T18:23:26,v2026.07.1
H144,middle8154.txt_q1,A,2026-07-23T10:52:43,v2026.07.1
H155,middle8154.txt_q1,A,2026-07-22T15:05:16,v2026.07.1
H143,middle8154.txt_q1,A,2026-07-27T11:36:34,v2026.07.1
H157,middle8154.txt_q1,C,2026-07-19T07:45:41,v2026.07.1
H135,middle8154.txt_q1,C,2026-07-12T17:25:48,v2026.07.1
H082,middle8154.txt_q1,D,2026-07-21T15:05:22,v2026.07.1
H166,middle8154.txt_q1,A,2026-07-14T00:05:31,v2026.07.1
H141,middle8154.txt_q1,C,2026-07-14T01:29:48,v2026.07.1
H194,middle8154.txt_q1,D,2026-07-26T06:52:30,v2026.07.1
H004,middle8154.txt_q1,C,2026-07-17T00:11:15,v2026.07.1
H072,middle8154.txt_q1,D,2026-07-15T03:08:06,v2026.07.1
H014,middle8154.txt_q1,C,2026-07-25T14:50:36,v2026.07.1
H130,middle8154.txt_q1,D,2026-07-18T22:07:59,v2026.07.1
H181,middle8154.txt_q1,C,2026-07-25T23:26:13,v2026.07.1
H129,middle8154.txt_q1,B,2026-07-20T13:46:53,v2026.07.1
H138,middle8154.txt_q1,C,2026-07-21T06:31:10,v2026.07.1
H043,middle8154.txt_q1,C,2026-07-18T01:45:18,v2026.07.1
H097,middle8154.txt_q1,C,2026-07-18T10:55:23,v2026.07.1
H172,middle8154.txt_q1,C,2026-07-21T10:20:02,v2026.07.1
H017,middle8154.txt_q1,D,2026-07-20T01:38:40,v2026.07.1
H180,middle8154.txt_q1,D,2026-07-12T02:49:43,v2026.07.1
H049,middle4704.txt_q3,D,2026-07-18T04:20:22,v2026.07.1
H080,middle4704.txt_q3,D,2026-07-16T08:01:59,v2026.07.1
H135,middle4704.txt_q3,D,2026-07-20T18:03:06,v2026.07.1
H078,middle4704.txt_q3,A,2026-07-14T07:17:53,v2026.07.1
H094,middle4704.txt_q3,B,2026-07-12T05:51:37,v2026.07.1
H124,middle4704.txt_q3,A,2026-07-15T14:26:13,v2026.07.1
H145,middle4704.txt_q3,A,2026-07-21T01:07:03,v2026.07.1
H164,middle4704.txt_q3,C,2026-07-15T03:44:23,v2026.07.1
H180,middle4704.txt_q3,C,2026-07-19T03:51:15,v2026.07.1
H171,middle4704.txt_q3,D,2026-07-25T01:17:59,v2026.07.1
H190,middle4704.txt_q3,A,2026-07-15T11:09:48,v2026.07.1
H194,middle4704.txt_q3,C,2026-07-12T01:10:31,v2026.07.1
H105,middle4704.txt_q3,D,2026-07-23T04:18:36,v2026.07.1
H100,middle4704.txt_q3,D,2026-07-14T20:03:28,v2026.07.1
H067,middle4704.txt_q3,C,2026-07-12T13:22:28,v2026.07.1
H157,middle4704.txt_q3,C,2026-07-23T10:33:16,v2026.07.1
H134,middle4704.txt_q3,C,2026-07-21T23:07:16,v2026.07.1
H007,middle4704.txt_q3,D,2026-07-20T22:36:58,v2026.07.1
H099,middle4704.txt_q3,D,2026-07-12T03:05:44,v2026.07.1
H033,middle4704.txt_q3,C,2026-07-14T16:08:26,v2026.07.1
H077,middle4704.txt_q3,A,2026-07-12T00:03:47,v2026.07.1
H154,middle4704.txt_q3,B,2026-07-23T07:25:00,v2026.07.1
H022,middle4704.txt_q3,C,2026-07-27T05:06:12,v2026.07.1
H013,middle4704.txt_q3,D,2026-07-11T02:36:47,v2026.07.1
H044,middle4704.txt_q3,D,2026-07-16T21:11:01,v2026.07.1
H107,middle4704.txt_q3,C,2026-07-21T02:15:53,v2026.07.1
H123,middle4704.txt_q3,A,2026-07-21T04:57:48,v2026.07.1
H004,middle4704.txt_q3,B,2026-07-11T07:06:26,v2026.07.1
H024,middle4704.txt_q3,B,2026-07-18T04:37:25,v2026.07.1
H093,middle4704.txt_q3,A,2026-07-16T07:06:43,v2026.07.1
H044,middle7703.txt_q2,C,2026-07-25T15:07:21,v2026.07.1
H080,middle7703.txt_q2,C,2026-07-14T12:55:16,v2026.07.1
H092,middle7703.txt_q2,C,2026-07-27T16:03:16,v2026.07.1
H045,middle7703.txt_q2,B,2026-07-12T16:31:07,v2026.07.1
H120,middle7703.txt_q2,B,2026-07-14T04:17:34,v2026.07.1
H056,middle7703.txt_q2,B,2026-07-18T11:53:12,v2026.07.1
H032,middle7703.txt_q2,B,2026-07-25T19:53:39,v2026.07.1
H030,middle7703.txt_q2,C,2026-07-19T21:08:08,v2026.07.1
H170,middle7703.txt_q2,C,2026-07-13T11:53:51,v2026.07.1
H113,middle7703.txt_q2,A,2026-07-21T15:13:48,v2026.07.1
H124,middle7703.txt_q2,D,2026-07-21T21:55:14,v2026.07.1
H126,middle7703.txt_q2,C,2026-07-12T02:58:28,v2026.07.1
H052,middle7703.txt_q2,B,2026-07-26T13:16:27,v2026.07.1
H099,middle7703.txt_q2,B,2026-07-16T08:15:57,v2026.07.1
H116,middle7703.txt_q2,B,2026-07-12T19:52:10,v2026.07.1
H112,middle7703.txt_q2,B,2026-07-17T19:43:46,v2026.07.1
H015,middle7703.txt_q2,D,2026-07-25T19:27:00,v2026.07.1
H162,middle7703.txt_q2,D,2026-07-12T23:29:23,v2026.07.1
H021,middle7703.txt_q2,D,2026-07-25T05:29:36,v2026.07.1
H006,middle7703.txt_q2,B,2026-07-24T03:19:08,v2026.07.1
H197,middle7703.txt_q2,B,2026-07-11T13:38:03,v2026.07.1
H016,middle7703.txt_q2,C,2026-07-23T11:31:44,v2026.07.1
H103,middle7703.txt_q2,B,2026-07-14T09:10:59,v2026.07.1
H196,middle7703.txt_q2,B,2026-07-25T19:26:51,v2026.07.1
H153,middle7703.txt_q2,C,2026-07-19T16:16:24,v2026.07.1
H042,middle7703.txt_q2,B,2026-07-12T22:37:45,v2026.07.1
H050,middle7703.txt_q2,D,2026-07-11T11:23:23,v2026.07.1
H061,middle7703.txt_q2,B,2026-07-18T12:18:17,v2026.07.1
H154,middle7703.txt_q2,B,2026-07-16T19:08:32,v2026.07.1
H142,middle7703.txt_q2,B,2026-07-24T07:48:59,v2026.07.1
H044,middle1061.txt_q1,D,2026-07-25T22:33:51,v2026.07.1
H151,middle1061.txt_q1,D,2026-07-26T15:57:17,v2026.07.1
H010,middle1061.txt_q1,D,2026-07-16T22:17:23,v2026.07.1
H123,middle1061.txt_q1,D,2026-07-25T02:57:53,v2026.07.1
H186,middle1061.txt_q1,B,2026-07-19T03:26:04,v2026.07.1
H125,middle1061.txt_q1,D,2026-07-23T09:27:00,v2026.07.1
H011,middle1061.txt_q1,C,2026-07-14T15:46:03,v2026.07.1
H105,middle1061.txt_q1,D,2026-07-19T22:22:34,v2026.07.1
H162,middle1061.txt_q1,D,2026-07-26T12:41:20,v2026.07.1
H109,middle1061.txt_q1,B,2026-07-27T16:40:39,v2026.07.1
H187,middle1061.txt_q1,B,2026-07-16T08:22:22,v2026.07.1
H039,middle1061.txt_q1,C,2026-07-25T21:05:36,v2026.07.1
H141,middle1061.txt_q1,D,2026-07-23T20:43:47,v2026.07.1
H126,middle1061.txt_q1,A,2026-07-20T01:42:10,v2026.07.1
H091,middle1061.txt_q1,A,2026-07-19T15:54:46,v2026.07.1
H083,middle1061.txt_q1,A,2026-07-24T23:05:14,v2026.07.1
H051,middle1061.txt_q1,C,2026-07-21T04:27:33,v2026.07.1
H090,middle1061.txt_q1,B,2026-07-20T00:00:59,v2026.07.1
H131,middle1061.txt_q1,D,2026-07-23T02:17:13,v2026.07.1
H028,middle1061.txt_q1,D,2026-07-11T12:03:41,v2026.07.1
H179,middle1061.txt_q1,D,2026-07-14T09:44:03,v2026.07.1
H132,middle1061.txt_q1,D,2026-07-23T17:49:00,v2026.07.1
H072,middle1061.txt_q1,D,2026-07-21T17:11:11,v2026.07.1
H127,middle1061.txt_q1,D,2026-07-11T23:00:25,v2026.07.1
H181,middle1061.txt_q1,C,2026-07-12T22:23:54,v2026.07.1
H057,middle1061.txt_q1,D,2026-07-23T10:04:45,v2026.07.1
H118,middle1061.txt_q1,D,2026-07-18T06:25:47,v2026.07.1
H030,middle1061.txt_q1,C,2026-07-27T02:03:10,v2026.07.1
H067,middle1061.txt_q1,C,2026-07-25T15:56:02,v2026.07.1
H200,middle1061.txt_q1,D,2026-07-10T23:57:41,v2026.07.1
H014,middle7779.txt_q0,D,2026-07-23T20:26:17,v2026.07.1
H132,middle7779.txt_q0,C,2026-07-23T13:22:40,v2026.07.1
H117,middle7779.txt_q0,B,2026-07-26T07:09:26,v2026.07.1
H131,middle7779.txt_q0,C,2026-07-24T20:15:20,v2026.07.1
H197,middle7779.txt_q0,C,2026-07-14T13:13:51,v2026.07.1
H154,middle7779.txt_q0,C,2026-07-22T18:17:34,v2026.07.1
H134,middle7779.txt_q0,A,2026-07-15T15:23:47,v2026.07.1
H095,middle7779.txt_q0,C,2026-07-17T11:07:31,v2026.07.1
H062,middle7779.txt_q0,C,2026-07-16T00:27:59,v2026.07.1
H193,middle7779.txt_q0,C,2026-07-14T18:39:02,v2026.07.1
H145,middle7779.txt_q0,A,2026-07-20T00:02:40,v2026.07.1
H105,middle7779.txt_q0,C,2026-07-24T17:48:30,v2026.07.1
H157,middle7779.txt_q0,C,2026-07-20T20:25:46,v2026.07.1
H096,middle7779.txt_q0,C,2026-07-20T21:41:25,v2026.07.1
H092,middle7779.txt_q0,A,2026-07-15T18:39:47,v2026.07.1
H085,middle7779.txt_q0,C,2026-07-12T23:18:08,v2026.07.1
H074,middle7779.txt_q0,C,2026-07-26T09:18:23,v2026.07.1
H104,middle7779.txt_q0,C,2026-07-10T19:27:13,v2026.07.1
H171,middle7779.txt_q0,B,2026-07-13T02:04:48,v2026.07.1
H107,middle7779.txt_q0,B,2026-07-24T22:47:58,v2026.07.1
H086,middle7779.txt_q0,A,2026-07-26T01:54:35,v2026.07.1
H165,middle7779.txt_q0,C,2026-07-14T22:28:55,v2026.07.1
H066,middle7779.txt_q0,C,2026-07-11T03:30:36,v2026.07.1
H137,middle7779.txt_q0,C,2026-07-20T13:58:36,v2026.07.1
H173,middle7779.txt_q0,C,2026-07-15T04:09:02,v2026.07.1
H098,middle7779.txt_q0,B,2026-07-22T12:43:35,v2026.07.1
H012,middle7779.txt_q0,B,2026-07-26T02:06:44,v2026.07.1
H169,middle7779.txt_q0,C,2026-07-26T06:43:00,v2026.07.1
H146,middle7779.txt_q0,D,2026-07-18T15:13:51,v2026.07.1
H026,middle7779.txt_q0,A,2026-07-15T08:56:21,v2026.07.1
H104,middle7209.txt_q0,D,2026-07-23T06:18:22,v2026.07.1
H100,middle7209.txt_q0,D,2026-07-27T05:19:52,v2026.07.1
H152,middle7209.txt_q0,D,2026-07-27T09:13:53,v2026.07.1
H112,middle7209.txt_q0,D,2026-07-13T21:37:07,v2026.07.1
H030,middle7209.txt_q0,B,2026-07-16T01:03:50,v2026.07.1
H101,middle7209.txt_q0,B,2026-07-18T16:39:31,v2026.07.1
H143,middle7209.txt_q0,B,2026-07-21T23:45:48,v2026.07.1
H155,middle7209.txt_q0,D,2026-07-18T12:41:29,v2026.07.1
H114,middle7209.txt_q0,B,2026-07-27T11:01:35,v2026.07.1
H025,middle7209.txt_q0,D,2026-07-12T01:06:28,v2026.07.1
H125,middle7209.txt_q0,D,2026-07-17T01:37:42,v2026.07.1
H177,middle7209.txt_q0,D,2026-07-18T12:39:53,v2026.07.1
H096,middle7209.txt_q0,C,2026-07-18T07:57:12,v2026.07.1
H124,middle7209.txt_q0,D,2026-07-18T07:04:27,v2026.07.1
H182,middle7209.txt_q0,D,2026-07-12T09:54:31,v2026.07.1
H188,middle7209.txt_q0,D,2026-07-18T12:02:09,v2026.07.1
H067,middle7209.txt_q0,A,2026-07-10T15:54:08,v2026.07.1
H180,middle7209.txt_q0,D,2026-07-15T07:17:23,v2026.07.1
H129,middle7209.txt_q0,B,2026-07-21T18:32:43,v2026.07.1
H088,middle7209.txt_q0,A,2026-07-11T11:28:49,v2026.07.1
H184,middle7209.txt_q0,C,2026-07-14T03:31:43,v2026.07.1
H083,middle7209.txt_q0,A,2026-07-11T17:52:46,v2026.07.1
H089,middle7209.txt_q0,D,2026-07-11T07:25:56,v2026.07.1
H110,middle7209.txt_q0,A,2026-07-23T08:48:03,v2026.07.1
H172,middle7209.txt_q0,B,2026-07-22T00:14:39,v2026.07.1
H140,middle7209.txt_q0,B,2026-07-17T04:36:32,v2026.07.1
H128,middle7209.txt_q0,B,2026-07-15T11:25:56,v2026.07.1
H185,middle7209.txt_q0,B,2026-07-18T16:17:33,v2026.07.1
H098,middle7209.txt_q0,C,2026-07-19T01:50:45,v2026.07.1
H023,middle7209.txt_q0,A,2026-07-23T12:05:01,v2026.07.1
H061,middle1081.txt_q0,A,2026-07-22T00:35:26,v2026.07.1
H171,middle1081.txt_q0,A,2026-07-17T10:06:12,v2026.07.1
H095,middle1081.txt_q0,B,2026-07-26T04:30:16,v2026.07.1
H127,middle1081.txt_q0,D,2026-07-23T21:44:41,v2026.07.1
H054,middle1081.txt_q0,C,2026-07-25T06:42:36,v2026.07.1
H077,middle1081.txt_q0,C,2026-07-24T15:46:25,v2026.07.1
H154,middle1081.txt_q0,A,2026-07-24T16:27:32,v2026.07.1
H164,middle1081.txt_q0,A,2026-07-25T12:49:18,v2026.07.1
H169,middle1081.txt_q0,C,2026-07-24T22:33:48,v2026.07.1
H187,middle1081.txt_q0,A,2026-07-11T21:12:28,v2026.07.1
H014,middle1081.txt_q0,B,2026-07-11T13:42:39,v2026.07.1
H105,middle1081.txt_q0,A,2026-07-25T12:30:24,v2026.07.1
H055,middle1081.txt_q0,B,2026-07-21T17:31:25,v2026.07.1
H017,middle1081.txt_q0,D,2026-07-18T20:40:42,v2026.07.1
H073,middle1081.txt_q0,A,2026-07-26T18:06:07,v2026.07.1
H192,middle1081.txt_q0,A,2026-07-14T05:41:03,v2026.07.1
H100,middle1081.txt_q0,A,2026-07-15T20:01:46,v2026.07.1
H040,middle1081.txt_q0,D,2026-07-25T08:05:34,v2026.07.1
H130,middle1081.txt_q0,A,2026-07-12T06:02:36,v2026.07.1
H059,middle1081.txt_q0,A,2026-07-23T21:46:54,v2026.07.1
H051,middle1081.txt_q0,B,2026-07-17T07:00:23,v2026.07.1
H071,middle1081.txt_q0,A,2026-07-22T04:30:56,v2026.07.1
H155,middle1081.txt_q0,A,2026-07-15T23:47:29,v2026.07.1
H038,middle1081.txt_q0,D,2026-07-11T18:39:26,v2026.07.1
H057,middle1081.txt_q0,C,2026-07-13T17:17:47,v2026.07.1
H167,middle1081.txt_q0,A,2026-07-13T21:01:50,v2026.07.1
H024,middle1081.txt_q0,C,2026-07-12T06:02:39,v2026.07.1
H012,middle1081.txt_q0,A,2026-07-13T02:42:11,v2026.07.1
H186,middle1081.txt_q0,B,2026-07-25T02:27:41,v2026.07.1
H028,middle1081.txt_q0,B,2026-07-16T09:52:24,v2026.07.1
H187,middle577.txt_q0,B,2026-07-15T01:38:52,v2026.07.1
H157,middle577.txt_q0,B,2026-07-21T18:12:02,v2026.07.1
H131,middle577.txt_q0,C,2026-07-18T00:12:42,v2026.07.1
H004,middle577.txt_q0,B,2026-07-18T18:53:07,v2026.07.1
H173,middle577.txt_q0,C,2026-07-19T20:18:57,v2026.07.1
H122,middle577.txt_q0,B,2026-07-18T12:14:19,v2026.07.1
H025,middle577.txt_q0,A,2026-07-13T18:01:32,v2026.07.1
H118,middle577.txt_q0,B,2026-07-13T08:04:11,v2026.07.1
H167,middle577.txt_q0,B,2026-07-27T17:12:58,v2026.07.1
H037,middle577.txt_q0,B,2026-07-21T02:43:46,v2026.07.1
H081,middle577.txt_q0,A,2026-07-22T00:17:26,v2026.07.1
H121,middle577.txt_q0,C,2026-07-25T21:31:46,v2026.07.1
H098,middle577.txt_q0,B,2026-07-12T09:21:05,v2026.07.1
H160,middle577.txt_q0,B,2026-07-24T03:06:45,v2026.07.1
H151,middle577.txt_q0,D,2026-07-11T06:00:26,v2026.07.1
H023,middle577.txt_q0,B,2026-07-25T13:59:23,v2026.07.1
H145,middle577.txt_q0,B,2026-07-19T00:32:22,v2026.07.1
H115,middle577.txt_q0,B,2026-07-16T12:42:25,v2026.07.1
H139,middle577.txt_q0,A,2026-07-12T20:29:41,v2026.07.1
H083,middle577.txt_q0,B,2026-07-17T10:49:17,v2026.07.1
H142,middle577.txt_q0,D,2026-07-24T12:04:49,v2026.07.1
H134,middle577.txt_q0,A,2026-07-19T13:42:44,v2026.07.1
H190,middle577.txt_q0,C,2026-07-16T21:19:40,v2026.07.1
H055,middle577.txt_q0,B,2026-07-16T10:55:23,v2026.07.1
H200,middle577.txt_q0,B,2026-07-21T02:41:38,v2026.07.1
H016,middle577.txt_q0,B,2026-07-15T23:48:09,v2026.07.1
H197,middle577.txt_q0,A,2026-07-14T12:18:35,v2026.07.1
H191,middle577.txt_q0,A,2026-07-14T06:27:03,v2026.07.1
H008,middle577.txt_q0,B,2026-07-26T14:03:32,v2026.07.1
H009,middle577.txt_q0,B,2026-07-13T06:21:09,v2026.07.1
H056,middle1031.txt_q2,A,2026-07-18T07:27:22,v2026.07.1
H038,middle1031.txt_q2,B,2026-07-21T08:11:51,v2026.07.1
H113,middle1031.txt_q2,C,2026-07-15T11:51:20,v2026.07.1
H025,middle1031.txt_q2,A,2026-07-27T15:32:02,v2026.07.1
H156,middle1031.txt_q2,D,2026-07-17T13:35:43,v2026.07.1
H177,middle1031.txt_q2,B,2026-07-25T02:05:10,v2026.07.1
H032,middle1031.txt_q2,A,2026-07-11T18:23:57,v2026.07.1
H170,middle1031.txt_q2,A,2026-07-12T00:26:07,v2026.07.1
H123,middle1031.txt_q2,B,2026-07-17T03:31:45,v2026.07.1
H010,middle1031.txt_q2,B,2026-07-11T01:46:14,v2026.07.1
H115,middle1031.txt_q2,D,2026-07-23T05:33:49,v2026.07.1
H173,middle1031.txt_q2,C,2026-07-13T01:16:53,v2026.07.1
H086,middle1031.txt_q2,B,2026-07-23T10:10:56,v2026.07.1
H101,middle1031.txt_q2,A,2026-07-23T01:52:04,v2026.07.1
H090,middle1031.txt_q2,B,2026-07-19T04:37:25,v2026.07.1
H178,middle1031.txt_q2,D,2026-07-22T01:20:59,v2026.07.1
H114,middle1031.txt_q2,D,2026-07-14T06:45:23,v2026.07.1
H077,middle1031.txt_q2,B,2026-07-18T11:13:34,v2026.07.1
H028,middle1031.txt_q2,C,2026-07-13T13:09:32,v2026.07.1
H021,middle1031.txt_q2,B,2026-07-18T23:29:32,v2026.07.1
H139,middle1031.txt_q2,B,2026-07-11T17:33:02,v2026.07.1
H057,middle1031.txt_q2,D,2026-07-26T20:29:23,v2026.07.1
H016,middle1031.txt_q2,C,2026-07-17T08:48:21,v2026.07.1
H097,middle1031.txt_q2,D,2026-07-26T12:54:56,v2026.07.1
H052,middle1031.txt_q2,A,2026-07-23T08:10:04,v2026.07.1
H082,middle1031.txt_q2,B,2026-07-24T12:38:33,v2026.07.1
H087,middle1031.txt_q2,C,2026-07-21T11:23:42,v2026.07.1
H197,middle1031.txt_q2,B,2026-07-22T03:46:39,v2026.07.1
H070,middle1031.txt_q2,B,2026-07-22T00:36:41,v2026.07.1
H039,middle1031.txt_q2,D,2026-07-10T19:56:41,v2026.07.1
H023,middle6000.txt_q3,B,2026-07-23T03:54:23,v2026.07.1
H025,middle6000.txt_q3,B,2026-07-12T18:26:39,v2026.07.1
H099,middle6000.txt_q3,A,2026-07-26T23:14:24,v2026.07.1
H138,middle6000.txt_q3,C,2026-07-20T02:12:50,v2026.07.1
H002,middle6000.txt_q3,D,2026-07-21T23:42:13,v2026.07.1
H130,middle6000.txt_q3,C,2026-07-21T11:19:28,v2026.07.1
H199,middle6000.txt_q3,C,2026-07-10T15:23:04,v2026.07.1
H193,middle6000.txt_q3,C,2026-07-21T15:57:39,v2026.07.1
H031,middle6000.txt_q3,C,2026-07-22T06:23:24,v2026.07.1
H170,middle6000.txt_q3,A,2026-07-14T09:25:46,v2026.07.1
H172,middle6000.txt_q3,D,2026-07-10T09:01:55,v2026.07.1
H011,middle6000.txt_q3,C,2026-07-11T09:55:12,v2026.07.1
H086,middle6000.txt_q3,B,2026-07-17T11:37:40,v2026.07.1
H092,middle6000.txt_q3,C,2026-07-13T02:53:44,v2026.07.1
H060,middle6000.txt_q3,C,2026-07-24T07:13:28,v2026.07.1
H080,middle6000.txt_q3,D,2026-07-14T17:50:42,v2026.07.1
H006,middle6000.txt_q3,C,2026-07-17T19:35:00,v2026.07.1
H188,middle6000.txt_q3,C,2026-07-26T10:22:15,v2026.07.1
H081,middle6000.txt_q3,A,2026-07-24T07:21:28,v2026.07.1
H104,middle6000.txt_q3,B,2026-07-25T10:04:23,v2026.07.1
H128,middle6000.txt_q3,C,2026-07-14T16:24:49,v2026.07.1
H162,middle6000.txt_q3,D,2026-07-21T15:17:41,v2026.07.1
H145,middle6000.txt_q3,D,2026-07-17T20:47:05,v2026.07.1
H118,middle6000.txt_q3,D,2026-07-25T01:59:52,v2026.07.1
H097,middle6000.txt_q3,C,2026-07-18T18:54:39,v2026.07.1
H057,middle6000.txt_q3,B,2026-07-24T16:11:28,v2026.07.1
H140,middle6000.txt_q3,C,2026-07-12T20:57:40,v2026.07.1
H062,middle6000.txt_q3,A,2026-07-16T13:27:14,v2026.07.1
H108,middle6000.txt_q3,B,2026-07-18T01:03:52,v2026.07.1
H022,middle6000.txt_q3,C,2026-07-10T10:11:12,v2026.07.1
H041,middle7722.txt_q4,B,2026-07-20T21:02:05,v2026.07.1
H043,middle7722.txt_q4,A,2026-07-16T23:08:02,v2026.07.1
H003,middle7722.txt_q4,B,2026-07-21T15:32:42,v2026.07.1
H130,middle7722.txt_q4,B,2026-07-16T07:52:55,v2026.07.1
H093,middle7722.txt_q4,B,2026-07-11T17:46:18,v2026.07.1
H195,middle7722.txt_q4,B,2026-07-14T01:13:13,v2026.07.1
H010,middle7722.txt_q4,B,2026-07-26T01:57:45,v2026.07.1
H174,middle7722.txt_q4,B,2026-07-23T01:41:26,v2026.07.1
H080,middle7722.txt_q4,C,2026-07-14T01:08:21,v2026.07.1
H155,middle7722.txt_q4,B,2026-07-21T03:48:14,v2026.07.1
H079,middle7722.txt_q4,D,2026-07-25T22:16:04,v2026.07.1
H191,middle7722.txt_q4,D,2026-07-15T16:16:00,v2026.07.1
H114,middle7722.txt_q4,B,2026-07-24T03:50:20,v2026.07.1
H022,middle7722.txt_q4,B,2026-07-18T02:06:11,v2026.07.1
H172,middle7722.txt_q4,A,2026-07-18T10:30:23,v2026.07.1
H073,middle7722.txt_q4,D,2026-07-12T07:21:58,v2026.07.1
H005,middle7722.txt_q4,B,2026-07-18T13:55:18,v2026.07.1
H038,middle7722.txt_q4,C,2026-07-12T13:22:23,v2026.07.1
H002,middle7722.txt_q4,B,2026-07-11T12:01:10,v2026.07.1
H070,middle7722.txt_q4,C,2026-07-18T09:53:45,v2026.07.1
H194,middle7722.txt_q4,C,2026-07-11T15:45:15,v2026.07.1
H196,middle7722.txt_q4,A,2026-07-22T15:22:47,v2026.07.1
H025,middle7722.txt_q4,A,2026-07-13T15:50:19,v2026.07.1
H167,middle7722.txt_q4,B,2026-07-26T02:58:41,v2026.07.1
H153,middle7722.txt_q4,B,2026-07-15T18:26:10,v2026.07.1
H170,middle7722.txt_q4,A,2026-07-27T06:58:26,v2026.07.1
H019,middle7722.txt_q4,A,2026-07-23T23:24:58,v2026.07.1
H148,middle7722.txt_q4,B,2026-07-14T08:28:50,v2026.07.1
H178,middle7722.txt_q4,B,2026-07-27T17:02:39,v2026.07.1
H011,middle7722.txt_q4,D,2026-07-20T10:10:24,v2026.07.1
H042,middle1160.txt_q1,A,2026-07-23T08:26:01,v2026.07.1
H101,middle1160.txt_q1,C,2026-07-22T17:17:09,v2026.07.1
H133,middle1160.txt_q1,B,2026-07-14T07:44:51,v2026.07.1
H061,middle1160.txt_q1,C,2026-07-12T14:22:26,v2026.07.1
H114,middle1160.txt_q1,C,2026-07-11T07:49:01,v2026.07.1
H125,middle1160.txt_q1,D,2026-07-18T12:45:22,v2026.07.1
H032,middle1160.txt_q1,C,2026-07-24T01:51:47,v2026.07.1
H165,middle1160.txt_q1,C,2026-07-19T04:37:06,v2026.07.1
H069,middle1160.txt_q1,C,2026-07-18T12:50:24,v2026.07.1
H154,middle1160.txt_q1,D,2026-07-26T12:57:26,v2026.07.1
H100,middle1160.txt_q1,C,2026-07-15T14:54:55,v2026.07.1
H033,middle1160.txt_q1,D,2026-07-14T13:54:03,v2026.07.1
H167,middle1160.txt_q1,B,2026-07-11T09:04:12,v2026.07.1
H132,middle1160.txt_q1,C,2026-07-15T12:52:33,v2026.07.1
H005,middle1160.txt_q1,C,2026-07-14T19:02:36,v2026.07.1
H117,middle1160.txt_q1,A,2026-07-17T07:59:18,v2026.07.1
H096,middle1160.txt_q1,B,2026-07-27T01:01:01,v2026.07.1
H066,middle1160.txt_q1,C,2026-07-23T05:36:11,v2026.07.1
H083,middle1160.txt_q1,C,2026-07-12T16:55:18,v2026.07.1
H010,middle1160.txt_q1,D,2026-07-27T06:48:16,v2026.07.1
H089,middle1160.txt_q1,B,2026-07-25T23:17:59,v2026.07.1
H189,middle1160.txt_q1,C,2026-07-12T03:10:51,v2026.07.1
H187,middle1160.txt_q1,D,2026-07-24T10:50:08,v2026.07.1
H106,middle1160.txt_q1,C,2026-07-25T12:09:54,v2026.07.1
H174,middle1160.txt_q1,C,2026-07-20T10:25:33,v2026.07.1
H139,middle1160.txt_q1,C,2026-07-12T00:27:20,v2026.07.1
H049,middle1160.txt_q1,C,2026-07-13T07:22:28,v2026.07.1
H197,middle1160.txt_q1,D,2026-07-10T12:24:47,v2026.07.1
H047,middle1160.txt_q1,A,2026-07-14T10:01:02,v2026.07.1
H063,middle1160.txt_q1,C,2026-07-23T14:52:58,v2026.07.1
H083,middle6190.txt_q3,D,2026-07-11T07:49:16,v2026.07.1
H100,middle6190.txt_q3,D,2026-07-15T01:36:22,v2026.07.1
H070,middle6190.txt_q3,C,2026-07-23T06:24:38,v2026.07.1
H096,middle6190.txt_q3,A,2026-07-24T05:49:53,v2026.07.1
H106,middle6190.txt_q3,B,2026-07-17T14:52:47,v2026.07.1
H072,middle6190.txt_q3,A,2026-07-23T04:00:47,v2026.07.1
H157,middle6190.txt_q3,D,2026-07-14T18:13:49,v2026.07.1
H006,middle6190.txt_q3,C,2026-07-26T02:17:33,v2026.07.1
H103,middle6190.txt_q3,B,2026-07-13T20:24:35,v2026.07.1
H043,middle6190.txt_q3,C,2026-07-23T21:43:04,v2026.07.1
H130,middle6190.txt_q3,B,2026-07-21T04:19:27,v2026.07.1
H059,middle6190.txt_q3,D,2026-07-12T06:40:51,v2026.07.1
H067,middle6190.txt_q3,B,2026-07-13T02:35:11,v2026.07.1
H134,middle6190.txt_q3,A,2026-07-11T02:30:10,v2026.07.1
H016,middle6190.txt_q3,A,2026-07-20T22:43:52,v2026.07.1
H142,middle6190.txt_q3,A,2026-07-12T05:21:28,v2026.07.1
H003,middle6190.txt_q3,D,2026-07-26T09:13:36,v2026.07.1
H094,middle6190.txt_q3,B,2026-07-11T16:52:14,v2026.07.1
H073,middle6190.txt_q3,D,2026-07-18T15:02:42,v2026.07.1
H128,middle6190.txt_q3,D,2026-07-20T07:26:23,v2026.07.1
H013,middle6190.txt_q3,A,2026-07-24T04:17:17,v2026.07.1
H196,middle6190.txt_q3,C,2026-07-25T08:38:43,v2026.07.1
H017,middle6190.txt_q3,A,2026-07-17T08:47:12,v2026.07.1
H177,middle6190.txt_q3,D,2026-07-19T14:24:37,v2026.07.1
H095,middle6190.txt_q3,A,2026-07-22T22:20:46,v2026.07.1
H055,middle6190.txt_q3,D,2026-07-22T05:17:29,v2026.07.1
H110,middle6190.txt_q3,A,2026-07-16T04:31:38,v2026.07.1
H171,middle6190.txt_q3,A,2026-07-18T21:50:54,v2026.07.1
H166,middle6190.txt_q3,B,2026-07-14T20:52:39,v2026.07.1
H143,middle6190.txt_q3,D,2026-07-12T22:39:04,v2026.07.1
H007,middle2473.txt_q3,B,2026-07-24T07:50:20,v2026.07.1
H198,middle2473.txt_q3,A,2026-07-15T19:55:21,v2026.07.1
H053,middle2473.txt_q3,C,2026-07-19T07:50:46,v2026.07.1
H133,middle2473.txt_q3,D,2026-07-14T17:50:31,v2026.07.1
H077,middle2473.txt_q3,A,2026-07-14T18:27:02,v2026.07.1
H018,middle2473.txt_q3,A,2026-07-13T07:34:39,v2026.07.1
H186,middle2473.txt_q3,B,2026-07-11T09:59:27,v2026.07.1
H151,middle2473.txt_q3,B,2026-07-20T20:50:16,v2026.07.1
H115,middle2473.txt_q3,C,2026-07-13T06:05:53,v2026.07.1
H034,middle2473.txt_q3,A,2026-07-13T20:42:27,v2026.07.1
H059,middle2473.txt_q3,C,2026-07-14T22:14:04,v2026.07.1
H118,middle2473.txt_q3,A,2026-07-13T23:34:10,v2026.07.1
H083,middle2473.txt_q3,A,2026-07-19T03:20:50,v2026.07.1
H040,middle2473.txt_q3,D,2026-07-27T03:48:20,v2026.07.1
H157,middle2473.txt_q3,B,2026-07-22T22:04:44,v2026.07.1
H111,middle2473.txt_q3,B,2026-07-21T22:23:57,v2026.07.1
H032,middle2473.txt_q3,B,2026-07-13T03:42:36,v2026.07.1
H013,middle2473.txt_q3,A,2026-07-24T18:43:49,v2026.07.1
H003,middle2473.txt_q3,A,2026-07-13T10:30:21,v2026.07.1
H146,middle2473.txt_q3,A,2026-07-17T16:06:05,v2026.07.1
H120,middle2473.txt_q3,C,2026-07-15T00:04:15,v2026.07.1
H165,middle2473.txt_q3,B,2026-07-21T07:56:46,v2026.07.1
H141,middle2473.txt_q3,A,2026-07-13T03:27:26,v2026.07.1
H200,middle2473.txt_q3,A,2026-07-11T13:59:34,v2026.07.1
H011,middle2473.txt_q3,B,2026-07-10T15:51:15,v2026.07.1
H135,middle2473.txt_q3,D,2026-07-18T15:55:10,v2026.07.1
H107,middle2473.txt_q3,A,2026-07-13T08:38:23,v2026.07.1
H177,middle2473.txt_q3,A,2026-07-24T10:44:04,v2026.07.1
H029,middle2473.txt_q3,A,2026-07-16T19:21:17,v2026.07.1
H105,middle2473.txt_q3,A,2026-07-17T14:47:13,v2026.07.1
H135,middle5390.txt_q2,A,2026-07-12T08:47:41,v2026.07.1
H128,middle5390.txt_q2,D,2026-07-23T16:54:29,v2026.07.1
H079,middle5390.txt_q2,C,2026-07-18T15:57:02,v2026.07.1
H018,middle5390.txt_q2,D,2026-07-22T20:04:16,v2026.07.1
H078,middle5390.txt_q2,C,2026-07-27T15:42:39,v2026.07.1
H063,middle5390.txt_q2,C,2026-07-21T23:52:45,v2026.07.1
H064,middle5390.txt_q2,C,2026-07-27T14:35:39,v2026.07.1
H105,middle5390.txt_q2,A,2026-07-11T18:16:14,v2026.07.1
H048,middle5390.txt_q2,C,2026-07-11T22:38:15,v2026.07.1
H138,middle5390.txt_q2,D,2026-07-27T11:10:16,v2026.07.1
H003,middle5390.txt_q2,D,2026-07-25T00:57:46,v2026.07.1
H082,middle5390.txt_q2,B,2026-07-13T11:30:49,v2026.07.1
H115,middle5390.txt_q2,B,2026-07-24T23:55:44,v2026.07.1
H008,middle5390.txt_q2,D,2026-07-12T16:42:58,v2026.07.1
H093,middle5390.txt_q2,C,2026-07-12T14:26:16,v2026.07.1
H053,middle5390.txt_q2,A,2026-07-21T02:03:00,v2026.07.1
H110,middle5390.txt_q2,C,2026-07-24T05:01:20,v2026.07.1
H121,middle5390.txt_q2,C,2026-07-11T22:26:56,v2026.07.1
H036,middle5390.txt_q2,C,2026-07-12T00:59:43,v2026.07.1
H038,middle5390.txt_q2,C,2026-07-24T20:18:31,v2026.07.1
H143,middle5390.txt_q2,C,2026-07-22T00:20:24,v2026.07.1
H006,middle5390.txt_q2,A,2026-07-26T05:55:46,v2026.07.1
H098,middle5390.txt_q2,C,2026-07-21T21:09:19,v2026.07.1
H107,middle5390.txt_q2,D,2026-07-20T00:11:20,v2026.07.1
H179,middle5390.txt_q2,C,2026-07-27T01:18:38,v2026.07.1
H022,middle5390.txt_q2,C,2026-07-20T15:12:45,v2026.07.1
H133,middle5390.txt_q2,C,2026-07-22T04:33:09,v2026.07.1
H010,middle5390.txt_q2,B,2026-07-17T17:38:07,v2026.07.1
H017,middle5390.txt_q2,D,2026-07-14T16:52:57,v2026.07.1
H141,middle5390.txt_q2,D,2026-07-23T20:46:35,v2026.07.1
H185,middle3028.txt_q0,D,2026-07-12T07:27:11,v2026.07.1
H097,middle3028.txt_q0,D,2026-07-20T21:10:44,v2026.07.1
H121,middle3028.txt_q0,D,2026-07-23T23:13:18,v2026.07.1
H168,middle3028.txt_q0,D,2026-07-25T05:40:47,v2026.07.1
H032,middle3028.txt_q0,B,2026-07-17T08:56:04,v2026.07.1
H133,middle3028.txt_q0,C,2026-07-22T03:16:55,v2026.07.1
H008,middle3028.txt_q0,D,2026-07-17T22:41:49,v2026.07.1
H026,middle3028.txt_q0,C,2026-07-17T22:14:12,v2026.07.1
H153,middle3028.txt_q0,A,2026-07-26T12:03:57,v2026.07.1
H052,middle3028.txt_q0,A,2026-07-25T05:53:05,v2026.07.1
H134,middle3028.txt_q0,D,2026-07-12T00:48:46,v2026.07.1
H062,middle3028.txt_q0,D,2026-07-15T21:00:02,v2026.07.1
H159,middle3028.txt_q0,D,2026-07-25T05:13:04,v2026.07.1
H003,middle3028.txt_q0,D,2026-07-22T10:26:29,v2026.07.1
H149,middle3028.txt_q0,D,2026-07-17T19:13:27,v2026.07.1
H132,middle3028.txt_q0,D,2026-07-17T08:30:20,v2026.07.1
H113,middle3028.txt_q0,A,2026-07-19T01:04:41,v2026.07.1
H007,middle3028.txt_q0,B,2026-07-17T00:18:42,v2026.07.1
H060,middle3028.txt_q0,C,2026-07-11T18:14:17,v2026.07.1
H009,middle3028.txt_q0,D,2026-07-25T04:53:20,v2026.07.1
H140,middle3028.txt_q0,B,2026-07-26T04:19:09,v2026.07.1
H138,middle3028.txt_q0,A,2026-07-18T10:29:55,v2026.07.1
H071,middle3028.txt_q0,D,2026-07-26T08:47:34,v2026.07.1
H151,middle3028.txt_q0,D,2026-07-14T05:24:10,v2026.07.1
H051,middle3028.txt_q0,D,2026-07-26T11:09:32,v2026.07.1
H199,middle3028.txt_q0,D,2026-07-19T21:34:55,v2026.07.1
H106,middle3028.txt_q0,A,2026-07-11T02:54:50,v2026.07.1
H030,middle3028.txt_q0,A,2026-07-21T11:58:33,v2026.07.1
H082,middle3028.txt_q0,D,2026-07-13T05:13:40,v2026.07.1
H056,middle3028.txt_q0,B,2026-07-23T03:25:01,v2026.07.1
H162,middle2679.txt_q2,A,2026-07-18T11:53:08,v2026.07.1
H159,middle2679.txt_q2,A,2026-07-15T11:14:43,v2026.07.1
H196,middle2679.txt_q2,D,2026-07-11T02:00:09,v2026.07.1
H104,middle2679.txt_q2,B,2026-07-13T08:54:24,v2026.07.1
H026,middle2679.txt_q2,D,2026-07-14T09:51:15,v2026.07.1
H114,middle2679.txt_q2,D,2026-07-13T16:51:41,v2026.07.1
H087,middle2679.txt_q2,D,2026-07-19T15:46:15,v2026.07.1
H071,middle2679.txt_q2,C,2026-07-14T14:05:59,v2026.07.1
H195,middle2679.txt_q2,C,2026-07-18T13:05:09,v2026.07.1
H015,middle2679.txt_q2,D,2026-07-18T18:18:21,v2026.07.1
H030,middle2679.txt_q2,B,2026-07-24T09:26:20,v2026.07.1
H138,middle2679.txt_q2,D,2026-07-22T09:47:53,v2026.07.1
H077,middle2679.txt_q2,C,2026-07-27T01:14:20,v2026.07.1
H184,middle2679.txt_q2,B,2026-07-20T22:07:29,v2026.07.1
H079,middle2679.txt_q2,B,2026-07-13T20:31:55,v2026.07.1
H028,middle2679.txt_q2,D,2026-07-24T03:26:53,v2026.07.1
H005,middle2679.txt_q2,C,2026-07-13T11:55:21,v2026.07.1
H070,middle2679.txt_q2,D,2026-07-26T16:02:37,v2026.07.1
H132,middle2679.txt_q2,A,2026-07-12T00:30:01,v2026.07.1
H039,middle2679.txt_q2,D,2026-07-10T16:32:53,v2026.07.1
H050,middle2679.txt_q2,C,2026-07-24T10:19:48,v2026.07.1
H091,middle2679.txt_q2,D,2026-07-16T19:34:16,v2026.07.1
H043,middle2679.txt_q2,D,2026-07-26T08:18:55,v2026.07.1
H006,middle2679.txt_q2,B,2026-07-24T05:07:27,v2026.07.1
H193,middle2679.txt_q2,D,2026-07-17T17:59:23,v2026.07.1
H149,middle2679.txt_q2,C,2026-07-24T21:34:05,v2026.07.1
H076,middle2679.txt_q2,D,2026-07-23T18:40:04,v2026.07.1
H171,middle2679.txt_q2,D,2026-07-19T14:55:11,v2026.07.1
H118,middle2679.txt_q2,A,2026-07-15T12:10:41,v2026.07.1
H045,middle2679.txt_q2,D,2026-07-22T22:21:18,v2026.07.1
H196,high20651.txt_q0,D,2026-07-14T17:47:35,v2026.07.1
H098,high20651.txt_q0,B,2026-07-20T17:21:36,v2026.07.1
H138,high20651.txt_q0,A,2026-07-11T20:40:34,v2026.07.1
H082,high20651.txt_q0,D,2026-07-24T06:41:19,v2026.07.1
H127,high20651.txt_q0,D,2026-07-27T10:06:04,v2026.07.1
H004,high20651.txt_q0,C,2026-07-17T17:41:36,v2026.07.1
H172,high20651.txt_q0,B,2026-07-16T05:15:33,v2026.07.1
H022,high20651.txt_q0,B,2026-07-27T10:43:00,v2026.07.1
H158,high20651.txt_q0,A,2026-07-10T23:17:23,v2026.07.1
H079,high20651.txt_q0,A,2026-07-23T02:55:40,v2026.07.1
H055,high20651.txt_q0,C,2026-07-24T04:08:34,v2026.07.1
H159,high20651.txt_q0,B,2026-07-21T02:44:07,v2026.07.1
H030,high20651.txt_q0,A,2026-07-27T15:32:47,v2026.07.1
H027,high20651.txt_q0,A,2026-07-15T06:34:06,v2026.07.1
H016,high20651.txt_q0,C,2026-07-16T06:30:35,v2026.07.1
H071,high20651.txt_q0,A,2026-07-20T06:12:55,v2026.07.1
H126,high20651.txt_q0,D,2026-07-23T09:23:42,v2026.07.1
H035,high20651.txt_q0,D,2026-07-12T22:48:21,v2026.07.1
H183,high20651.txt_q0,A,2026-07-24T08:33:54,v2026.07.1
H132,high20651.txt_q0,C,2026-07-15T05:07:13,v2026.07.1
H134,high20651.txt_q0,B,2026-07-18T07:31:55,v2026.07.1
H086,high20651.txt_q0,C,2026-07-19T17:41:23,v2026.07.1
H182,high20651.txt_q0,D,2026-07-26T06:19:33,v2026.07.1
H031,high20651.txt_q0,D,2026-07-13T11:21:17,v2026.07.1
H200,high20651.txt_q0,B,2026-07-20T02:10:18,v2026.07.1
H019,high20651.txt_q0,A,2026-07-15T17:47:27,v2026.07.1
H130,high20651.txt_q0,D,2026-07-25T10:22:50,v2026.07.1
H059,high20651.txt_q0,B,2026-07-25T04:37:57,v2026.07.1
H091,high20651.txt_q0,A,2026-07-10T22:19:17,v2026.07.1
H109,high20651.txt_q0,D,2026-07-19T01:04:27,v2026.07.1
H006,high21620.txt_q3,B,2026-07-17T23:22:52,v2026.07.1
H161,high21620.txt_q3,C,2026-07-11T07:01:37,v2026.07.1
H040,high21620.txt_q3,C,2026-07-21T11:04:17,v2026.07.1
H105,high21620.txt_q3,C,2026-07-11T18:40:24,v2026.07.1
H097,high21620.txt_q3,D,2026-07-21T07:45:55,v2026.07.1
H144,high21620.txt_q3,B,2026-07-26T03:17:29,v2026.07.1
H189,high21620.txt_q3,D,2026-07-22T12:41:29,v2026.07.1
H178,high21620.txt_q3,C,2026-07-15T21:45:16,v2026.07.1
H173,high21620.txt_q3,A,2026-07-21T14:29:43,v2026.07.1
H167,high21620.txt_q3,A,2026-07-11T21:50:09,v2026.07.1
H200,high21620.txt_q3,B,2026-07-25T02:19:45,v2026.07.1
H008,high21620.txt_q3,B,2026-07-18T14:53:48,v2026.07.1
H080,high21620.txt_q3,A,2026-07-26T11:47:13,v2026.07.1
H171,high21620.txt_q3,C,2026-07-24T02:54:16,v2026.07.1
H143,high21620.txt_q3,B,2026-07-21T11:55:30,v2026.07.1
H140,high21620.txt_q3,C,2026-07-10T10:10:52,v2026.07.1
H170,high21620.txt_q3,A,2026-07-18T16:19:42,v2026.07.1
H056,high21620.txt_q3,D,2026-07-15T08:07:22,v2026.07.1
H128,high21620.txt_q3,D,2026-07-19T14:33:41,v2026.07.1
H049,high21620.txt_q3,A,2026-07-21T23:04:43,v2026.07.1
H066,high21620.txt_q3,C,2026-07-26T18:01:44,v2026.07.1
H088,high21620.txt_q3,C,2026-07-10T14:03:38,v2026.07.1
H198,high21620.txt_q3,B,2026-07-18T04:29:55,v2026.07.1
H020,high21620.txt_q3,A,2026-07-13T11:02:18,v2026.07.1
H120,high21620.txt_q3,D,2026-07-22T21:55:11,v2026.07.1
H010,high21620.txt_q3,A,2026-07-25T03:53:59,v2026.07.1
H091,high21620.txt_q3,D,2026-07-12T03:24:20,v2026.07.1
H033,high21620.txt_q3,C,2026-07-16T06:33:31,v2026.07.1
H119,high21620.txt_q3,D,2026-07-20T10:02:31,v2026.07.1
H159,high21620.txt_q3,C,2026-07-27T11:29:17,v2026.07.1
H132,high884.txt_q2,B,2026-07-15T19:11:28,v2026.07.1
H052,high884.txt_q2,A,2026-07-16T15:24:21,v2026.07.1
H047,high884.txt_q2,D,2026-07-10T18:03:12,v2026.07.1
H182,high884.txt_q2,C,2026-07-10T23:15:22,v2026.07.1
H174,high884.txt_q2,D,2026-07-10T11:24:45,v2026.07.1
H186,high884.txt_q2,D,2026-07-21T18:29:32,v2026.07.1
H169,high884.txt_q2,A,2026-07-11T11:46:59,v2026.07.1
H076,high884.txt_q2,D,2026-07-21T01:02:34,v2026.07.1
H098,high884.txt_q2,B,2026-07-25T11:44:02,v2026.07.1
H157,high884.txt_q2,A,2026-07-18T18:14:14,v2026.07.1
H099,high884.txt_q2,A,2026-07-17T19:22:21,v2026.07.1
H170,high884.txt_q2,B,2026-07-17T04:20:31,v2026.07.1
H141,high884.txt_q2,A,2026-07-16T16:28:38,v2026.07.1
H073,high884.txt_q2,C,2026-07-11T22:40:17,v2026.07.1
H069,high884.txt_q2,B,2026-07-10T13:56:07,v2026.07.1
H179,high884.txt_q2,C,2026-07-27T12:09:27,v2026.07.1
H089,high884.txt_q2,B,2026-07-14T23:12:24,v2026.07.1
H189,high884.txt_q2,C,2026-07-13T18:15:50,v2026.07.1
H160,high884.txt_q2,A,2026-07-23T08:30:45,v2026.07.1
H086,high884.txt_q2,D,2026-07-20T20:25:34,v2026.07.1
H068,high884.txt_q2,A,2026-07-22T06:23:50,v2026.07.1
H051,high884.txt_q2,C,2026-07-27T05:47:12,v2026.07.1
H184,high884.txt_q2,C,2026-07-12T23:47:04,v2026.07.1
H148,high884.txt_q2,B,2026-07-18T04:36:36,v2026.07.1
H084,high884.txt_q2,D,2026-07-18T03:51:52,v2026.07.1
H036,high884.txt_q2,A,2026-07-19T07:07:22,v2026.07.1
H191,high884.txt_q2,B,2026-07-17T22:44:01,v2026.07.1
H198,high884.txt_q2,A,2026-07-22T11:27:20,v2026.07.1
H173,high884.txt_q2,C,2026-07-26T21:26:51,v2026.07.1
H059,high884.txt_q2,D,2026-07-13T01:50:12,v2026.07.1
H116,high15409.txt_q1,C,2026-07-12T10:33:52,v2026.07.1
H036,high15409.txt_q1,B,2026-07-19T23:56:42,v2026.07.1
H142,high15409.txt_q1,C,2026-07-18T02:10:37,v2026.07.1
H160,high15409.txt_q1,D,2026-07-15T19:25:33,v2026.07.1
H121,high15409.txt_q1,A,2026-07-22T20:14:20,v2026.07.1
H195,high15409.txt_q1,C,2026-07-15T14:11:48,v2026.07.1
H149,high15409.txt_q1,A,2026-07-11T01:56:55,v2026.07.1
H069,high15409.txt_q1,A,2026-07-26T19:25:02,v2026.07.1
H178,high15409.txt_q1,C,2026-07-13T20:35:53,v2026.07.1
H065,high15409.txt_q1,A,2026-07-20T22:24:08,v2026.07.1
H126,high15409.txt_q1,A,2026-07-21T19:43:06,v2026.07.1
H133,high15409.txt_q1,D,2026-07-10T19:20:29,v2026.07.1
H159,high15409.txt_q1,D,2026-07-18T12:11:02,v2026.07.1
H081,high15409.txt_q1,B,2026-07-23T17:46:31,v2026.07.1
H162,high15409.txt_q1,C,2026-07-11T11:24:18,v2026.07.1
H074,high15409.txt_q1,D,2026-07-21T20:44:41,v2026.07.1
H015,high15409.txt_q1,A,2026-07-25T00:09:45,v2026.07.1
H022,high15409.txt_q1,B,2026-07-16T02:18:31,v2026.07.1
H182,high15409.txt_q1,D,2026-07-18T05:58:13,v2026.07.1
H120,high15409.txt_q1,D,2026-07-14T00:49:54,v2026.07.1
H101,high15409.txt_q1,B,2026-07-23T07:31:09,v2026.07.1
H056,high15409.txt_q1,A,2026-07-20T13:05:39,v2026.07.1
H170,high15409.txt_q1,D,2026-07-25T23:37:01,v2026.07.1
H057,high15409.txt_q1,C,2026-07-11T18:21:35,v2026.07.1
H199,high15409.txt_q1,A,2026-07-25T14:44:26,v2026.07.1
H100,high15409.txt_q1,B,2026-07-11T02:04:23,v2026.07.1
H097,high15409.txt_q1,D,2026-07-20T11:35:20,v2026.07.1
H012,high15409.txt_q1,D,2026-07-18T09:03:25,v2026.07.1
H132,high15409.txt_q1,B,2026-07-23T02:34:44,v2026.07.1
H134,high15409.txt_q1,D,2026-07-12T02:22:35,v2026.07.1
H067,high11327.txt_q0,B,2026-07-24T10:26:28,v2026.07.1
H038,high11327.txt_q0,B,2026-07-15T09:26:07,v2026.07.1
H148,high11327.txt_q0,D,2026-07-22T14:25:59,v2026.07.1
H037,high11327.txt_q0,A,2026-07-26T01:40:48,v2026.07.1
H165,high11327.txt_q0,D,2026-07-27T16:29:26,v2026.07.1
H018,high11327.txt_q0,C,2026-07-17T21:35:53,v2026.07.1
H127,high11327.txt_q0,C,2026-07-17T04:26:51,v2026.07.1
H011,high11327.txt_q0,D,2026-07-16T08:56:44,v2026.07.1
H111,high11327.txt_q0,B,2026-07-14T23:59:12,v2026.07.1
H162,high11327.txt_q0,C,2026-07-26T07:48:29,v2026.07.1
H036,high11327.txt_q0,C,2026-07-19T06:08:43,v2026.07.1
H019,high11327.txt_q0,A,2026-07-26T01:44:08,v2026.07.1
H049,high11327.txt_q0,B,2026-07-23T16:17:07,v2026.07.1
H188,high11327.txt_q0,D,2026-07-19T12:14:50,v2026.07.1
H153,high11327.txt_q0,A,2026-07-25T16:02:54,v2026.07.1
H116,high11327.txt_q0,B,2026-07-14T13:14:31,v2026.07.1
H179,high11327.txt_q0,B,2026-07-24T03:46:35,v2026.07.1
H108,high11327.txt_q0,B,2026-07-23T02:59:42,v2026.07.1
H166,high11327.txt_q0,B,2026-07-18T13:41:25,v2026.07.1
H184,high11327.txt_q0,A,2026-07-11T21:58:37,v2026.07.1
H101,high11327.txt_q0,A,2026-07-17T00:24:31,v2026.07.1
H073,high11327.txt_q0,B,2026-07-17T05:39:37,v2026.07.1
H023,high11327.txt_q0,B,2026-07-21T06:11:27,v2026.07.1
H121,high11327.txt_q0,D,2026-07-26T15:28:09,v2026.07.1
H046,high11327.txt_q0,D,2026-07-26T21:00:33,v2026.07.1
H126,high11327.txt_q0,D,2026-07-22T00:04:19,v2026.07.1
H042,high11327.txt_q0,C,2026-07-26T18:28:07,v2026.07.1
H082,high11327.txt_q0,B,2026-07-11T20:14:02,v2026.07.1
H192,high11327.txt_q0,B,2026-07-21T19:23:00,v2026.07.1
H186,high11327.txt_q0,C,2026-07-27T15:59:34,v2026.07.1
H148,high7462.txt_q2,D,2026-07-14T17:02:44,v2026.07.1
H033,high7462.txt_q2,D,2026-07-15T20:55:10,v2026.07.1
H127,high7462.txt_q2,C,2026-07-16T05:04:54,v2026.07.1
H106,high7462.txt_q2,B,2026-07-17T00:00:57,v2026.07.1
H181,high7462.txt_q2,B,2026-07-19T21:09:38,v2026.07.1
H010,high7462.txt_q2,B,2026-07-20T13:13:43,v2026.07.1
H147,high7462.txt_q2,C,2026-07-20T10:58:24,v2026.07.1
H132,high7462.txt_q2,B,2026-07-11T02:55:28,v2026.07.1
H044,high7462.txt_q2,B,2026-07-22T19:18:15,v2026.07.1
H083,high7462.txt_q2,B,2026-07-17T12:35:11,v2026.07.1
H175,high7462.txt_q2,D,2026-07-17T23:46:51,v2026.07.1
H102,high7462.txt_q2,A,2026-07-12T17:59:52,v2026.07.1
H182,high7462.txt_q2,B,2026-07-25T04:14:00,v2026.07.1
H190,high7462.txt_q2,B,2026-07-17T21:01:51,v2026.07.1
H009,high7462.txt_q2,B,2026-07-18T10:14:11,v2026.07.1
H065,high7462.txt_q2,D,2026-07-21T11:56:32,v2026.07.1
H085,high7462.txt_q2,B,2026-07-14T19:22:18,v2026.07.1
H084,high7462.txt_q2,B,2026-07-24T20:01:46,v2026.07.1
H007,high7462.txt_q2,C,2026-07-15T15:45:36,v2026.07.1
H068,high7462.txt_q2,B,2026-07-15T17:46:26,v2026.07.1
H136,high7462.txt_q2,D,2026-07-19T12:41:05,v2026.07.1
H126,high7462.txt_q2,C,2026-07-11T12:53:36,v2026.07.1
H131,high7462.txt_q2,A,2026-07-17T00:16:42,v2026.07.1
H128,high7462.txt_q2,C,2026-07-22T01:00:47,v2026.07.1
H077,high7462.txt_q2,D,2026-07-24T12:27:59,v2026.07.1
H142,high7462.txt_q2,C,2026-07-22T00:03:37,v2026.07.1
H154,high7462.txt_q2,C,2026-07-18T11:11:33,v2026.07.1
H062,high7462.txt_q2,B,2026-07-12T01:14:30,v2026.07.1
H156,high7462.txt_q2,C,2026-07-13T07:06:40,v2026.07.1
H168,high7462.txt_q2,B,2026-07-11T06:38:34,v2026.07.1
H170,high598.txt_q2,D,2026-07-20T23:07:44,v2026.07.1
H022,high598.txt_q2,C,2026-07-23T03:16:15,v2026.07.1
H053,high598.txt_q2,B,2026-07-22T12:34:11,v2026.07.1
H148,high598.txt_q2,D,2026-07-21T12:28:58,v2026.07.1
H097,high598.txt_q2,B,2026-07-14T06:51:28,v2026.07.1
H134,high598.txt_q2,B,2026-07-20T11:43:10,v2026.07.1
H081,high598.txt_q2,B,2026-07-23T16:30:22,v2026.07.1
H100,high598.txt_q2,D,2026-07-17T05:11:37,v2026.07.1
H160,high598.txt_q2,A,2026-07-16T01:38:36,v2026.07.1
H124,high598.txt_q2,A,2026-07-12T15:08:46,v2026.07.1
H108,high598.txt_q2,D,2026-07-12T20:21:49,v2026.07.1
H031,high598.txt_q2,D,2026-07-20T22:07:43,v2026.07.1
H098,high598.txt_q2,D,2026-07-21T07:38:53,v2026.07.1
H185,high598.txt_q2,B,2026-07-25T05:19:49,v2026.07.1
H114,high598.txt_q2,B,2026-07-25T15:54:44,v2026.07.1
H091,high598.txt_q2,A,2026-07-20T19:55:27,v2026.07.1
H133,high598.txt_q2,A,2026-07-19T14:34:08,v2026.07.1
H069,high598.txt_q2,C,2026-07-15T07:06:19,v2026.07.1
H057,high598.txt_q2,B,2026-07-25T01:08:59,v2026.07.1
H159,high598.txt_q2,D,2026-07-26T07:28:09,v2026.07.1
H045,high598.txt_q2,D,2026-07-26T19:58:14,v2026.07.1
H140,high598.txt_q2,C,2026-07-27T03:25:41,v2026.07.1
H155,high598.txt_q2,B,2026-07-18T00:53:42,v2026.07.1
H107,high598.txt_q2,B,2026-07-19T21:42:46,v2026.07.1
H113,high598.txt_q2,A,2026-07-10T18:23:13,v2026.07.1
H167,high598.txt_q2,A,2026-07-13T02:28:17,v2026.07.1
H096,high598.txt_q2,B,2026-07-20T21:15:47,v2026.07.1
H044,high598.txt_q2,A,2026-07-16T06:26:33,v2026.07.1
H141,high598.txt_q2,B,2026-07-19T22:28:26,v2026.07.1
H172,high598.txt_q2,A,2026-07-12T11:35:32,v2026.07.1
H112,high11515.txt_q2,A,2026-07-22T13:02:59,v2026.07.1
H036,high11515.txt_q2,D,2026-07-23T12:16:19,v2026.07.1
H184,high11515.txt_q2,D,2026-07-18T16:45:56,v2026.07.1
H113,high11515.txt_q2,B,2026-07-14T20:02:32,v2026.07.1
H127,high11515.txt_q2,D,2026-07-15T14:01:53,v2026.07.1
H007,high11515.txt_q2,A,2026-07-23T02:51:27,v2026.07.1
H138,high11515.txt_q2,B,2026-07-23T11:52:08,v2026.07.1
H155,high11515.txt_q2,B,2026-07-11T13:21:22,v2026.07.1
H017,high11515.txt_q2,B,2026-07-22T02:00:45,v2026.07.1
H087,high11515.txt_q2,A,2026-07-13T09:54:10,v2026.07.1
H064,high11515.txt_q2,A,2026-07-24T14:35:07,v2026.07.1
H135,high11515.txt_q2,C,2026-07-14T16:59:17,v2026.07.1
H023,high11515.txt_q2,A,2026-07-12T20:47:45,v2026.07.1
H093,high11515.txt_q2,C,2026-07-18T09:46:29,v2026.07.1
H123,high11515.txt_q2,D,2026-07-16T15:55:57,v2026.07.1
H140,high11515.txt_q2,C,2026-07-10T22:54:45,v2026.07.1
H122,high11515.txt_q2,D,2026-07-19T06:01:41,v2026.07.1
H163,high11515.txt_q2,A,2026-07-26T07:47:07,v2026.07.1
H092,high11515.txt_q2,D,2026-07-16T11:34:10,v2026.07.1
H072,high11515.txt_q2,B,2026-07-24T01:54:02,v2026.07.1
H015,high11515.txt_q2,D,2026-07-20T08:20:37,v2026.07.1
H197,high11515.txt_q2,B,2026-07-18T06:32:58,v2026.07.1
H103,high11515.txt_q2,C,2026-07-14T07:11:48,v2026.07.1
H010,high11515.txt_q2,C,2026-07-21T02:41:30,v2026.07.1
H043,high11515.txt_q2,C,2026-07-14T11:14:26,v2026.07.1
H050,high11515.txt_q2,B,2026-07-15T23:19:18,v2026.07.1
H102,high11515.txt_q2,C,2026-07-19T02:28:50,v2026.07.1
H125,high11515.txt_q2,B,2026-07-27T16:29:16,v2026.07.1
H061,high11515.txt_q2,C,2026-07-26T04:01:48,v2026.07.1
H034,high11515.txt_q2,B,2026-07-16T07:25:31,v2026.07.1
H151,high17588.txt_q0,B,2026-07-25T23:06:12,v2026.07.1
H165,high17588.txt_q0,B,2026-07-17T21:48:35,v2026.07.1
H108,high17588.txt_q0,D,2026-07-10T10:51:52,v2026.07.1
H162,high17588.txt_q0,C,2026-07-18T15:38:34,v2026.07.1
H190,high17588.txt_q0,C,2026-07-12T15:02:26,v2026.07.1
H111,high17588.txt_q0,C,2026-07-26T15:25:09,v2026.07.1
H084,high17588.txt_q0,A,2026-07-16T08:13:21,v2026.07.1
H010,high17588.txt_q0,B,2026-07-12T08:51:27,v2026.07.1
H180,high17588.txt_q0,C,2026-07-26T00:06:14,v2026.07.1
H130,high17588.txt_q0,C,2026-07-15T09:10:14,v2026.07.1
H169,high17588.txt_q0,D,2026-07-10T17:20:01,v2026.07.1
H046,high17588.txt_q0,D,2026-07-16T08:50:48,v2026.07.1
H022,high17588.txt_q0,A,2026-07-22T18:12:55,v2026.07.1
H138,high17588.txt_q0,C,2026-07-23T11:32:53,v2026.07.1
H126,high17588.txt_q0,C,2026-07-23T04:46:53,v2026.07.1
H044,high17588.txt_q0,B,2026-07-15T15:08:43,v2026.07.1
H144,high17588.txt_q0,B,2026-07-22T23:39:39,v2026.07.1
H042,high17588.txt_q0,B,2026-07-19T14:06:03,v2026.07.1
H199,high17588.txt_q0,D,2026-07-18T01:09:28,v2026.07.1
H099,high17588.txt_q0,C,2026-07-15T08:14:46,v2026.07.1
H112,high17588.txt_q0,C,2026-07-15T21:39:32,v2026.07.1
H140,high17588.txt_q0,A,2026-07-26T16:08:03,v2026.07.1
H186,high17588.txt_q0,A,2026-07-17T00:25:32,v2026.07.1
H178,high17588.txt_q0,C,2026-07-18T20:56:54,v2026.07.1
H066,high17588.txt_q0,C,2026-07-17T05:07:07,v2026.07.1
H037,high17588.txt_q0,A,2026-07-20T23:21:08,v2026.07.1
H058,high17588.txt_q0,B,2026-07-15T19:33:49,v2026.07.1
H170,high17588.txt_q0,A,2026-07-24T04:03:02,v2026.07.1
H164,high17588.txt_q0,C,2026-07-19T23:19:08,v2026.07.1
H062,high17588.txt_q0,A,2026-07-12T23:45:41,v2026.07.1
H103,high16082.txt_q0,A,2026-07-11T22:14:50,v2026.07.1
H014,high16082.txt_q0,B,2026-07-21T03:21:50,v2026.07.1
H153,high16082.txt_q0,B,2026-07-24T22:03:18,v2026.07.1
H046,high16082.txt_q0,B,2026-07-25T05:33:52,v2026.07.1
H123,high16082.txt_q0,B,2026-07-15T08:25:52,v2026.07.1
H176,high16082.txt_q0,A,2026-07-27T09:34:11,v2026.07.1
H078,high16082.txt_q0,C,2026-07-12T04:49:20,v2026.07.1
H077,high16082.txt_q0,D,2026-07-11T04:26:09,v2026.07.1
H092,high16082.txt_q0,D,2026-07-24T20:44:27,v2026.07.1
H109,high16082.txt_q0,B,2026-07-12T16:53:48,v2026.07.1
H088,high16082.txt_q0,D,2026-07-15T00:40:37,v2026.07.1
H182,high16082.txt_q0,C,2026-07-17T11:25:27,v2026.07.1
H133,high16082.txt_q0,A,2026-07-14T07:23:58,v2026.07.1
H193,high16082.txt_q0,C,2026-07-25T16:48:22,v2026.07.1
H159,high16082.txt_q0,B,2026-07-19T09:40:47,v2026.07.1
H055,high16082.txt_q0,B,2026-07-17T06:45:02,v2026.07.1
H118,high16082.txt_q0,A,2026-07-19T03:54:56,v2026.07.1
H170,high16082.txt_q0,C,2026-07-14T19:18:22,v2026.07.1
H197,high16082.txt_q0,A,2026-07-12T11:06:48,v2026.07.1
H189,high16082.txt_q0,C,2026-07-17T23:49:07,v2026.07.1
H042,high16082.txt_q0,C,2026-07-18T16:44:33,v2026.07.1
H138,high16082.txt_q0,D,2026-07-26T13:41:59,v2026.07.1
H005,high16082.txt_q0,C,2026-07-11T16:06:47,v2026.07.1
H139,high16082.txt_q0,B,2026-07-21T21:00:33,v2026.07.1
H030,high16082.txt_q0,C,2026-07-10T12:29:18,v2026.07.1
H113,high16082.txt_q0,D,2026-07-23T23:50:33,v2026.07.1
H089,high16082.txt_q0,A,2026-07-13T19:29:20,v2026.07.1
H107,high16082.txt_q0,D,2026-07-21T09:08:08,v2026.07.1
H010,high16082.txt_q0,B,2026-07-13T21:36:04,v2026.07.1
H160,high16082.txt_q0,D,2026-07-16T00:17:16,v2026.07.1
H187,high4369.txt_q2,A,2026-07-13T20:59:42,v2026.07.1
H160,high4369.txt_q2,D,2026-07-16T11:27:19,v2026.07.1
H200,high4369.txt_q2,D,2026-07-17T11:23:26,v2026.07.1
H047,high4369.txt_q2,B,2026-07-25T18:05:04,v2026.07.1
H059,high4369.txt_q2,B,2026-07-26T21:43:10,v2026.07.1
H199,high4369.txt_q2,A,2026-07-23T09:20:53,v2026.07.1
H149,high4369.txt_q2,A,2026-07-15T13:35:35,v2026.07.1
H030,high4369.txt_q2,C,2026-07-15T08:58:17,v2026.07.1
H001,high4369.txt_q2,A,2026-07-23T10:38:59,v2026.07.1
H123,high4369.txt_q2,C,2026-07-19T13:28:49,v2026.07.1
H115,high4369.txt_q2,C,2026-07-21T06:06:58,v2026.07.1
H042,high4369.txt_q2,D,2026-07-27T14:16:55,v2026.07.1
H072,high4369.txt_q2,C,2026-07-21T17:48:01,v2026.07.1
H071,high4369.txt_q2,C,2026-07-27T04:33:01,v2026.07.1
H112,high4369.txt_q2,A,2026-07-14T09:08:38,v2026.07.1
H166,high4369.txt_q2,C,2026-07-18T14:00:12,v2026.07.1
H008,high4369.txt_q2,C,2026-07-24T03:00:40,v2026.07.1
H091,high4369.txt_q2,C,2026-07-21T01:31:19,v2026.07.1
H191,high4369.txt_q2,C,2026-07-15T06:18:34,v2026.07.1
H184,high4369.txt_q2,C,2026-07-24T22:03:06,v2026.07.1
H013,high4369.txt_q2,B,2026-07-13T05:28:25,v2026.07.1
H131,high4369.txt_q2,D,2026-07-20T11:12:53,v2026.07.1
H081,high4369.txt_q2,C,2026-07-15T13:01:51,v2026.07.1
H014,high4369.txt_q2,B,2026-07-13T01:41:29,v2026.07.1
H037,high4369.txt_q2,C,2026-07-24T14:02:56,v2026.07.1
H085,high4369.txt_q2,C,2026-07-10T12:32:31,v2026.07.1
H036,high4369.txt_q2,A,2026-07-11T02:13:22,v2026.07.1
H111,high4369.txt_q2,B,2026-07-27T05:16:32,v2026.07.1
H171,high4369.txt_q2,D,2026-07-25T00:11:26,v2026.07.1
H043,high4369.txt_q2,A,2026-07-11T04:08:08,v2026.07.1
H058,high18178.txt_q0,A,2026-07-23T13:44:01,v2026.07.1
H051,high18178.txt_q0,D,2026-07-12T03:04:02,v2026.07.1
H068,high18178.txt_q0,D,2026-07-15T06:30:14,v2026.07.1
H085,high18178.txt_q0,A,2026-07-10T23:45:53,v2026.07.1
H113,high18178.txt_q0,B,2026-07-23T21:46:41,v2026.07.1
H016,high18178.txt_q0,B,2026-07-11T14:29:09,v2026.07.1
H066,high18178.txt_q0,A,2026-07-22T04:51:59,v2026.07.1
H104,high18178.txt_q0,C,2026-07-21T00:56:06,v2026.07.1
H054,high18178.txt_q0,A,2026-07-14T07:57:17,v2026.07.1
H078,high18178.txt_q0,A,2026-07-17T18:34:20,v2026.07.1
H013,high18178.txt_q0,A,2026-07-18T17:31:24,v2026.07.1
H053,high18178.txt_q0,D,2026-07-18T13:48:36,v2026.07.1
H038,high18178.txt_q0,B,2026-07-23T11:50:45,v2026.07.1
H087,high18178.txt_q0,B,2026-07-14T09:12:38,v2026.07.1
H046,high18178.txt_q0,D,2026-07-10T22:30:37,v2026.07.1
H114,high18178.txt_q0,D,2026-07-21T22:05:04,v2026.07.1
H178,high18178.txt_q0,D,2026-07-23T04:12:31,v2026.07.1
H096,high18178.txt_q0,B,2026-07-12T01:00:22,v2026.07.1
H040,high18178.txt_q0,B,2026-07-13T05:49:17,v2026.07.1
H033,high18178.txt_q0,A,2026-07-11T02:43:43,v2026.07.1
H032,high18178.txt_q0,C,2026-07-25T04:37:50,v2026.07.1
H018,high18178.txt_q0,D,2026-07-20T18:22:13,v2026.07.1
H083,high18178.txt_q0,C,2026-07-19T17:52:20,v2026.07.1
H109,high18178.txt_q0,C,2026-07-12T03:17:37,v2026.07.1
H025,high18178.txt_q0,C,2026-07-24T08:43:28,v2026.07.1
H183,high18178.txt_q0,D,2026-07-14T15:27:21,v2026.07.1
H128,high18178.txt_q0,A,2026-07-26T13:44:32,v2026.07.1
H042,high18178.txt_q0,C,2026-07-24T04:59:42,v2026.07.1
H152,high18178.txt_q0,C,2026-07-13T20:45:15,v2026.07.1
H119,high18178.txt_q0,D,2026-07-25T04:34:08,v2026.07.1
H177,high19814.txt_q3,D,2026-07-17T06:42:36,v2026.07.1
H025,high19814.txt_q3,D,2026-07-24T08:15:43,v2026.07.1
H172,high19814.txt_q3,C,2026-07-22T17:42:03,v2026.07.1
H176,high19814.txt_q3,D,2026-07-15T14:16:34,v2026.07.1
H006,high19814.txt_q3,C,2026-07-26T03:21:44,v2026.07.1
H185,high19814.txt_q3,D,2026-07-19T11:28:34,v2026.07.1
H118,high19814.txt_q3,B,2026-07-20T07:29:56,v2026.07.1
H138,high19814.txt_q3,A,2026-07-13T04:41:09,v2026.07.1
H097,high19814.txt_q3,D,2026-07-25T03:43:46,v2026.07.1
H140,high19814.txt_q3,C,2026-07-13T05:49:32,v2026.07.1
H122,high19814.txt_q3,D,2026-07-12T22:09:06,v2026.07.1
H075,high19814.txt_q3,D,2026-07-14T06:07:26,v2026.07.1
H173,high19814.txt_q3,A,2026-07-12T23:31:40,v2026.07.1
H139,high19814.txt_q3,A,2026-07-19T12:51:57,v2026.07.1
H168,high19814.txt_q3,D,2026-07-12T10:11:39,v2026.07.1
H107,high19814.txt_q3,C,2026-07-19T05:43:10,v2026.07.1
H125,high19814.txt_q3,B,2026-07-14T05:40:08,v2026.07.1
H035,high19814.txt_q3,C,2026-07-17T22:08:06,v2026.07.1
H038,high19814.txt_q3,D,2026-07-26T23:48:17,v2026.07.1
H014,high19814.txt_q3,A,2026-07-12T06:55:01,v2026.07.1
H197,high19814.txt_q3,D,2026-07-13T17:11:46,v2026.07.1
H187,high19814.txt_q3,D,2026-07-24T09:53:53,v2026.07.1
H102,high19814.txt_q3,D,2026-07-18T07:14:38,v2026.07.1
H117,high19814.txt_q3,B,2026-07-24T21:36:05,v2026.07.1
H098,high19814.txt_q3,B,2026-07-16T19:36:07,v2026.07.1
H133,high19814.txt_q3,A,2026-07-22T19:00:00,v2026.07.1
H066,high19814.txt_q3,B,2026-07-24T16:58:02,v2026.07.1
H111,high19814.txt_q3,A,2026-07-12T00:22:59,v2026.07.1
H184,high19814.txt_q3,B,2026-07-12T20:07:50,v2026.07.1
H170,high19814.txt_q3,A,2026-07-20T20:21:46,v2026.07.1
H110,high18012.txt_q1,D,2026-07-24T20:25:06,v2026.07.1
H089,high18012.txt_q1,C,2026-07-26T13:14:30,v2026.07.1
H148,high18012.txt_q1,B,2026-07-19T12:50:22,v2026.07.1
H048,high18012.txt_q1,D,2026-07-11T08:26:24,v2026.07.1
H102,high18012.txt_q1,D,2026-07-17T16:27:50,v2026.07.1
H072,high18012.txt_q1,A,2026-07-20T13:35:46,v2026.07.1
H146,high18012.txt_q1,A,2026-07-21T20:01:55,v2026.07.1
H010,high18012.txt_q1,C,2026-07-13T05:10:50,v2026.07.1
H002,high18012.txt_q1,D,2026-07-11T03:50:34,v2026.07.1
H075,high18012.txt_q1,D,2026-07-10T10:03:19,v2026.07.1
H006,high18012.txt_q1,D,2026-07-22T07:10:28,v2026.07.1
H164,high18012.txt_q1,B,2026-07-17T00:42:49,v2026.07.1
H108,high18012.txt_q1,A,2026-07-15T14:21:05,v2026.07.1
H078,high18012.txt_q1,D,2026-07-24T20:53:21,v2026.07.1
H012,high18012.txt_q1,D,2026-07-16T07:06:14,v2026.07.1
H151,high18012.txt_q1,C,2026-07-22T22:32:32,v2026.07.1
H169,high18012.txt_q1,B,2026-07-21T16:21:50,v2026.07.1
H133,high18012.txt_q1,B,2026-07-21T17:21:59,v2026.07.1
H034,high18012.txt_q1,C,2026-07-13T23:39:33,v2026.07.1
H035,high18012.txt_q1,D,2026-07-22T08:10:24,v2026.07.1
H122,high18012.txt_q1,D,2026-07-19T12:49:55,v2026.07.1
H200,high18012.txt_q1,D,2026-07-26T09:35:56,v2026.07.1
H074,high18012.txt_q1,D,2026-07-13T08:06:20,v2026.07.1
H022,high18012.txt_q1,D,2026-07-18T16:40:37,v2026.07.1
H055,high18012.txt_q1,D,2026-07-11T12:37:41,v2026.07.1
H101,high18012.txt_q1,D,2026-07-13T04:27:59,v2026.07.1
H030,high18012.txt_q1,D,2026-07-14T02:12:23,v2026.07.1
H051,high18012.txt_q1,A,2026-07-18T17:07:28,v2026.07.1
H107,high18012.txt_q1,C,2026-07-16T22:20:06,v2026.07.1
H179,high18012.txt_q1,D,2026-07-17T16:30:48,v2026.07.1
H157,high19103.txt_q2,A,2026-07-25T02:29:43,v2026.07.1
H150,high19103.txt_q2,A,2026-07-14T09:01:07,v2026.07.1
H018,high19103.txt_q2,B,2026-07-16T19:51:14,v2026.07.1
H086,high19103.txt_q2,C,2026-07-15T17:20:59,v2026.07.1
H061,high19103.txt_q2,D,2026-07-27T13:05:22,v2026.07.1
H002,high19103.txt_q2,A,2026-07-15T08:04:45,v2026.07.1
H121,high19103.txt_q2,C,2026-07-24T20:25:34,v2026.07.1
H113,high19103.txt_q2,B,2026-07-14T00:05:11,v2026.07.1
H180,high19103.txt_q2,C,2026-07-26T15:43:51,v2026.07.1
H012,high19103.txt_q2,A,2026-07-18T21:19:08,v2026.07.1
H172,high19103.txt_q2,D,2026-07-17T07:59:57,v2026.07.1
H087,high19103.txt_q2,D,2026-07-25T14:01:53,v2026.07.1
H021,high19103.txt_q2,C,2026-07-26T12:37:32,v2026.07.1
H023,high19103.txt_q2,C,2026-07-14T20:20:21,v2026.07.1
H039,high19103.txt_q2,C,2026-07-12T02:24:26,v2026.07.1
H119,high19103.txt_q2,D,2026-07-12T08:45:39,v2026.07.1
H140,high19103.txt_q2,D,2026-07-21T20:16:09,v2026.07.1
H024,high19103.txt_q2,C,2026-07-22T08:05:41,v2026.07.1
H190,high19103.txt_q2,D,2026-07-20T06:14:24,v2026.07.1
H020,high19103.txt_q2,A,2026-07-11T18:04:54,v2026.07.1
H128,high19103.txt_q2,D,2026-07-17T05:18:17,v2026.07.1
H186,high19103.txt_q2,D,2026-07-26T22:47:54,v2026.07.1
H025,high19103.txt_q2,B,2026-07-16T10:17:03,v2026.07.1
H123,high19103.txt_q2,D,2026-07-16T03:18:38,v2026.07.1
H014,high19103.txt_q2,B,2026-07-23T15:09:40,v2026.07.1
H067,high19103.txt_q2,D,2026-07-16T16:31:18,v2026.07.1
H111,high19103.txt_q2,C,2026-07-16T02:41:51,v2026.07.1
H146,high19103.txt_q2,A,2026-07-14T07:58:12,v2026.07.1
H047,high19103.txt_q2,A,2026-07-23T20:29:14,v2026.07.1
H056,high19103.txt_q2,D,2026-07-21T13:05:26,v2026.07.1
H077,high10902.txt_q0,C,2026-07-26T06:20:23,v2026.07.1
H120,high10902.txt_q0,A,2026-07-18T15:46:34,v2026.07.1
H074,high10902.txt_q0,C,2026-07-11T04:11:08,v2026.07.1
H142,high10902.txt_q0,C,2026-07-20T05:14:57,v2026.07.1
H017,high10902.txt_q0,D,2026-07-16T05:44:20,v2026.07.1
H150,high10902.txt_q0,A,2026-07-10T13:28:36,v2026.07.1
H070,high10902.txt_q0,B,2026-07-22T19:27:44,v2026.07.1
H164,high10902.txt_q0,C,2026-07-22T22:27:12,v2026.07.1
H044,high10902.txt_q0,B,2026-07-16T11:56:15,v2026.07.1
H003,high10902.txt_q0,B,2026-07-18T06:54:53,v2026.07.1
H026,high10902.txt_q0,A,2026-07-10T09:01:51,v2026.07.1
H174,high10902.txt_q0,B,2026-07-17T03:18:18,v2026.07.1
H123,high10902.txt_q0,C,2026-07-19T22:55:44,v2026.07.1
H039,high10902.txt_q0,A,2026-07-17T03:03:53,v2026.07.1
H054,high10902.txt_q0,D,2026-07-11T08:55:44,v2026.07.1
H046,high10902.txt_q0,A,2026-07-23T07:07:00,v2026.07.1
H157,high10902.txt_q0,B,2026-07-19T13:00:36,v2026.07.1
H161,high10902.txt_q0,B,2026-07-20T09:14:23,v2026.07.1
H050,high10902.txt_q0,A,2026-07-20T17:16:09,v2026.07.1
H106,high10902.txt_q0,A,2026-07-19T10:55:13,v2026.07.1
H025,high10902.txt_q0,D,2026-07-18T01:44:22,v2026.07.1
H055,high10902.txt_q0,B,2026-07-19T08:25:50,v2026.07.1
H020,high10902.txt_q0,B,2026-07-19T16:14:52,v2026.07.1
H095,high10902.txt_q0,D,2026-07-12T18:29:04,v2026.07.1
H067,high10902.txt_q0,C,2026-07-11T09:57:53,v2026.07.1
H060,high10902.txt_q0,D,2026-07-17T02:15:30,v2026.07.1
H175,high10902.txt_q0,A,2026-07-23T12:31:56,v2026.07.1
H076,high10902.txt_q0,D,2026-07-12T11:56:28,v2026.07.1
H056,high10902.txt_q0,B,2026-07-14T00:43:43,v2026.07.1
H088,high10902.txt_q0,D,2026-07-15T08:21:59,v2026.07.1
H041,high15661.txt_q3,A,2026-07-18T04:50:33,v2026.07.1
H084,high15661.txt_q3,D,2026-07-11T09:40:31,v2026.07.1
H081,high15661.txt_q3,A,2026-07-22T15:39:51,v2026.07.1
H015,high15661.txt_q3,A,2026-07-26T21:53:26,v2026.07.1
H091,high15661.txt_q3,B,2026-07-14T14:45:13,v2026.07.1
H085,high15661.txt_q3,C,2026-07-23T16:34:04,v2026.07.1
H031,high15661.txt_q3,B,2026-07-19T05:21:10,v2026.07.1
H009,high15661.txt_q3,C,2026-07-13T18:52:25,v2026.07.1
H167,high15661.txt_q3,B,2026-07-20T19:57:59,v2026.07.1
H157,high15661.txt_q3,C,2026-07-17T00:50:23,v2026.07.1
H111,high15661.txt_q3,B,2026-07-12T16:21:29,v2026.07.1
H063,high15661.txt_q3,C,2026-07-17T15:42:11,v2026.07.1
H181,high15661.txt_q3,A,2026-07-19T02:45:18,v2026.07.1
H027,high15661.txt_q3,D,2026-07-17T02:31:16,v2026.07.1
H125,high15661.txt_q3,D,2026-07-14T20:53:27,v2026.07.1
H146,high15661.txt_q3,A,2026-07-13T17:09:35,v2026.07.1
H154,high15661.txt_q3,B,2026-07-14T08:40:13,v2026.07.1
H022,high15661.txt_q3,A,2026-07-22T03:28:18,v2026.07.1
H107,high15661.txt_q3,D,2026-07-24T06:40:44,v2026.07.1
H129,high15661.txt_q3,B,2026-07-24T05:02:35,v2026.07.1
H173,high15661.txt_q3,B,2026-07-21T23:03:15,v2026.07.1
H145,high15661.txt_q3,B,2026-07-16T16:27:01,v2026.07.1
H067,high15661.txt_q3,C,2026-07-27T12:26:04,v2026.07.1
H059,high15661.txt_q3,A,2026-07-13T07:36:32,v2026.07.1
H006,high15661.txt_q3,D,2026-07-17T12:47:04,v2026.07.1
H008,high15661.txt_q3,D,2026-07-14T12:37:42,v2026.07.1
H103,high15661.txt_q3,D,2026-07-12T22:17:00,v2026.07.1
H046,high15661.txt_q3,B,2026-07-22T21:55:23,v2026.07.1
H121,high15661.txt_q3,C,2026-07-16T16:52:46,v2026.07.1
H126,high15661.txt_q3,B,2026-07-27T08:53:46,v2026.07.1
H031,high19544.txt_q2,C,2026-07-14T21:52:06,v2026.07.1
H087,high19544.txt_q2,A,2026-07-13T22:44:00,v2026.07.1
H112,high19544.txt_q2,B,2026-07-26T23:30:14,v2026.07.1
H050,high19544.txt_q2,C,2026-07-10T12:41:09,v2026.07.1
H144,high19544.txt_q2,B,2026-07-26T23:15:03,v2026.07.1
H177,high19544.txt_q2,C,2026-07-12T14:20:38,v2026.07.1
H012,high19544.txt_q2,C,2026-07-21T15:37:21,v2026.07.1
H079,high19544.txt_q2,B,2026-07-26T19:21:21,v2026.07.1
H072,high19544.txt_q2,A,2026-07-12T02:39:15,v2026.07.1
H014,high19544.txt_q2,D,2026-07-15T19:44:06,v2026.07.1
H008,high19544.txt_q2,B,2026-07-19T09:29:28,v2026.07.1
H054,high19544.txt_q2,A,2026-07-13T14:41:23,v2026.07.1
H140,high19544.txt_q2,D,2026-07-27T12:48:50,v2026.07.1
H152,high19544.txt_q2,B,2026-07-22T18:34:49,v2026.07.1
H189,high19544.txt_q2,B,2026-07-26T08:33:54,v2026.07.1
H121,high19544.txt_q2,A,2026-07-21T22:16:56,v2026.07.1
H127,high19544.txt_q2,A,2026-07-26T22:02:39,v2026.07.1
H107,high19544.txt_q2,B,2026-07-14T21:56:16,v2026.07.1
H131,high19544.txt_q2,A,2026-07-22T11:41:49,v2026.07.1
H024,high19544.txt_q2,A,2026-07-22T21:48:13,v2026.07.1
H119,high19544.txt_q2,B,2026-07-14T16:36:49,v2026.07.1
H044,high19544.txt_q2,C,2026-07-11T01:05:27,v2026.07.1
H130,high19544.txt_q2,C,2026-07-20T11:57:33,v2026.07.1
H111,high19544.txt_q2,D,2026-07-25T16:27:36,v2026.07.1
H150,high19544.txt_q2,B,2026-07-15T08:51:08,v2026.07.1
H162,high19544.txt_q2,C,2026-07-27T02:26:16,v2026.07.1
H128,high19544.txt_q2,B,2026-07-13T16:45:37,v2026.07.1
H126,high19544.txt_q2,A,2026-07-23T14:31:26,v2026.07.1
H156,high19544.txt_q2,B,2026-07-14T03:59:20,v2026.07.1
H137,high19544.txt_q2,A,2026-07-14T17:31:09,v2026.07.1
H175,high20182.txt_q0,B,2026-07-14T04:36:22,v2026.07.1
H150,high20182.txt_q0,A,2026-07-17T00:09:54,v2026.07.1
H053,high20182.txt_q0,C,2026-07-14T02:36:25,v2026.07.1
H005,high20182.txt_q0,B,2026-07-25T23:13:47,v2026.07.1
H120,high20182.txt_q0,D,2026-07-10T09:29:01,v2026.07.1
H012,high20182.txt_q0,C,2026-07-13T03:31:37,v2026.07.1
H051,high20182.txt_q0,A,2026-07-18T08:02:32,v2026.07.1
H189,high20182.txt_q0,D,2026-07-13T04:47:17,v2026.07.1
H184,high20182.txt_q0,D,2026-07-18T09:07:14,v2026.07.1
H008,high20182.txt_q0,D,2026-07-25T15:17:21,v2026.07.1
H104,high20182.txt_q0,A,2026-07-16T20:09:23,v2026.07.1
H137,high20182.txt_q0,C,2026-07-25T18:18:25,v2026.07.1
H045,high20182.txt_q0,D,2026-07-23T18:45:22,v2026.07.1
H006,high20182.txt_q0,C,2026-07-17T02:41:12,v2026.07.1
H061,high20182.txt_q0,B,2026-07-21T20:08:32,v2026.07.1
H167,high20182.txt_q0,B,2026-07-18T15:38:28,v2026.07.1
H083,high20182.txt_q0,B,2026-07-21T00:21:11,v2026.07.1
H110,high20182.txt_q0,D,2026-07-10T09:26:43,v2026.07.1
H082,high20182.txt_q0,B,2026-07-22T19:43:26,v2026.07.1
H181,high20182.txt_q0,D,2026-07-17T05:51:51,v2026.07.1
H017,high20182.txt_q0,D,2026-07-21T23:34:15,v2026.07.1
H148,high20182.txt_q0,B,2026-07-15T18:53:57,v2026.07.1
H168,high20182.txt_q0,D,2026-07-20T04:04:12,v2026.07.1
H021,high20182.txt_q0,D,2026-07-24T18:21:23,v2026.07.1
H118,high20182.txt_q0,B,2026-07-20T04:04:09,v2026.07.1
H034,high20182.txt_q0,B,2026-07-13T20:54:47,v2026.07.1
H102,high20182.txt_q0,B,2026-07-12T12:59:38,v2026.07.1
H044,high20182.txt_q0,D,2026-07-26T14:48:05,v2026.07.1
H062,high20182.txt_q0,D,2026-07-23T12:58:53,v2026.07.1
H059,high20182.txt_q0,B,2026-07-18T00:07:01,v2026.07.1
H124,high15404.txt_q0,C,2026-07-26T19:46:22,v2026.07.1
H149,high15404.txt_q0,B,2026-07-11T07:13:51,v2026.07.1
H002,high15404.txt_q0,A,2026-07-15T08:57:14,v2026.07.1
H013,high15404.txt_q0,B,2026-07-26T18:40:17,v2026.07.1
H085,high15404.txt_q0,C,2026-07-22T18:20:23,v2026.07.1
H122,high15404.txt_q0,B,2026-07-15T20:55:33,v2026.07.1
H026,high15404.txt_q0,B,2026-07-26T21:41:15,v2026.07.1
H193,high15404.txt_q0,C,2026-07-19T01:14:07,v2026.07.1
H048,high15404.txt_q0,A,2026-07-13T02:29:50,v2026.07.1
H155,high15404.txt_q0,A,2026-07-24T02:38:05,v2026.07.1
H050,high15404.txt_q0,D,2026-07-10T14:48:22,v2026.07.1
H196,high15404.txt_q0,A,2026-07-20T03:22:02,v2026.07.1
H099,high15404.txt_q0,D,2026-07-12T02:48:42,v2026.07.1
H082,high15404.txt_q0,B,2026-07-11T08:31:01,v2026.07.1
H172,high15404.txt_q0,D,2026-07-24T21:48:31,v2026.07.1
H179,high15404.txt_q0,B,2026-07-21T04:22:06,v2026.07.1
H177,high15404.txt_q0,B,2026-07-25T01:11:02,v2026.07.1
H112,high15404.txt_q0,D,2026-07-18T04:12:21,v2026.07.1
H120,high15404.txt_q0,C,2026-07-19T06:57:48,v2026.07.1
H194,high15404.txt_q0,C,2026-07-13T13:18:08,v2026.07.1
H182,high15404.txt_q0,D,2026-07-19T09:02:45,v2026.07.1
H024,high15404.txt_q0,C,2026-07-14T12:11:44,v2026.07.1
H161,high15404.txt_q0,A,2026-07-15T10:41:04,v2026.07.1
H043,high15404.txt_q0,A,2026-07-23T15:05:18,v2026.07.1
H118,high15404.txt_q0,B,2026-07-23T15:00:41,v2026.07.1
H027,high15404.txt_q0,B,2026-07-23T09:56:32,v2026.07.1
H145,high15404.txt_q0,B,2026-07-10T15:38:29,v2026.07.1
H081,high15404.txt_q0,C,2026-07-25T19:47:20,v2026.07.1
H185,high15404.txt_q0,C,2026-07-23T20:14:53,v2026.07.1
H093,high15404.txt_q0,A,2026-07-16T05:24:16,v2026.07.1
H150,high18823.txt_q3,A,2026-07-19T03:39:00,v2026.07.1
H078,high18823.txt_q3,C,2026-07-15T11:43:00,v2026.07.1
H050,high18823.txt_q3,B,2026-07-18T07:52:24,v2026.07.1
H006,high18823.txt_q3,B,2026-07-16T11:31:41,v2026.07.1
H170,high18823.txt_q3,C,2026-07-22T18:45:27,v2026.07.1
H016,high18823.txt_q3,B,2026-07-10T14:50:12,v2026.07.1
H118,high18823.txt_q3,D,2026-07-22T10:51:22,v2026.07.1
H166,high18823.txt_q3,B,2026-07-26T21:38:10,v2026.07.1
H072,high18823.txt_q3,D,2026-07-17T07:07:23,v2026.07.1
H136,high18823.txt_q3,D,2026-07-23T02:10:12,v2026.07.1
H007,high18823.txt_q3,D,2026-07-27T00:09:57,v2026.07.1
H123,high18823.txt_q3,B,2026-07-24T16:29:37,v2026.07.1
H051,high18823.txt_q3,C,2026-07-26T15:26:31,v2026.07.1
H163,high18823.txt_q3,B,2026-07-10T20:32:23,v2026.07.1
H037,high18823.txt_q3,B,2026-07-15T20:10:48,v2026.07.1
H068,high18823.txt_q3,B,2026-07-16T09:51:20,v2026.07.1
H146,high18823.txt_q3,D,2026-07-26T23:44:04,v2026.07.1
H082,high18823.txt_q3,C,2026-07-11T17:24:47,v2026.07.1
H092,high18823.txt_q3,B,2026-07-16T13:44:30,v2026.07.1
H088,high18823.txt_q3,D,2026-07-22T20:35:15,v2026.07.1
H094,high18823.txt_q3,B,2026-07-21T03:24:05,v2026.07.1
H015,high18823.txt_q3,A,2026-07-17T03:16:15,v2026.07.1
H079,high18823.txt_q3,A,2026-07-15T06:01:24,v2026.07.1
H002,high18823.txt_q3,B,2026-07-22T01:48:11,v2026.07.1
H159,high18823.txt_q3,D,2026-07-26T18:16:40,v2026.07.1
H003,high18823.txt_q3,B,2026-07-22T21:51:53,v2026.07.1
H125,high18823.txt_q3,D,2026-07-12T19:33:00,v2026.07.1
H027,high18823.txt_q3,D,2026-07-26T06:26:35,v2026.07.1
H061,high18823.txt_q3,D,2026-07-15T04:28:21,v2026.07.1
H185,high18823.txt_q3,C,2026-07-20T21:49:07,v2026.07.1
H177,high4095.txt_q1,A,2026-07-21T03:24:16,v2026.07.1
H169,high4095.txt_q1,A,2026-07-25T04:23:10,v2026.07.1
H089,high4095.txt_q1,B,2026-07-25T17:11:30,v2026.07.1
H124,high4095.txt_q1,B,2026-07-25T21:08:10,v2026.07.1
H127,high4095.txt_q1,C,2026-07-11T00:24:20,v2026.07.1
H084,high4095.txt_q1,D,2026-07-19T22:45:26,v2026.07.1
H123,high4095.txt_q1,D,2026-07-13T05:05:47,v2026.07.1
H026,high4095.txt_q1,A,2026-07-16T01:51:20,v2026.07.1
H167,high4095.txt_q1,C,2026-07-16T18:33:41,v2026.07.1
H191,high4095.txt_q1,B,2026-07-24T21:41:02,v2026.07.1
H152,high4095.txt_q1,D,2026-07-24T13:23:11,v2026.07.1
H151,high4095.txt_q1,A,2026-07-17T15:56:51,v2026.07.1
H182,high4095.txt_q1,C,2026-07-21T22:30:08,v2026.07.1
H059,high4095.txt_q1,B,2026-07-12T07:55:30,v2026.07.1
H117,high4095.txt_q1,D,2026-07-18T10:30:49,v2026.07.1
H173,high4095.txt_q1,C,2026-07-13T16:21:02,v2026.07.1
H091,high4095.txt_q1,C,2026-07-25T07:37:04,v2026.07.1
H138,high4095.txt_q1,C,2026-07-14T15:01:18,v2026.07.1
H195,high4095.txt_q1,C,2026-07-22T15:06:52,v2026.07.1
H056,high4095.txt_q1,B,2026-07-22T19:11:56,v2026.07.1
H193,high4095.txt_q1,C,2026-07-23T23:32:32,v2026.07.1
H031,high4095.txt_q1,D,2026-07-17T02:08:37,v2026.07.1
H185,high4095.txt_q1,A,2026-07-19T14:35:24,v2026.07.1
H161,high4095.txt_q1,A,2026-07-15T10:49:36,v2026.07.1
H064,high4095.txt_q1,C,2026-07-22T14:25:35,v2026.07.1
H045,high4095.txt_q1,C,2026-07-12T15:15:12,v2026.07.1
H132,high4095.txt_q1,C,2026-07-16T14:15:26,v2026.07.1
H166,high4095.txt_q1,D,2026-07-15T01:57:47,v2026.07.1
H140,high4095.txt_q1,A,2026-07-18T10:03:45,v2026.07.1
H046,high4095.txt_q1,C,2026-07-25T20:06:34,v2026.07.1
H197,high21936.txt_q0,C,2026-07-15T05:15:50,v2026.07.1
H094,high21936.txt_q0,B,2026-07-15T11:18:38,v2026.07.1
H122,high21936.txt_q0,B,2026-07-23T16:24:11,v2026.07.1
H144,high21936.txt_q0,B,2026-07-22T23:20:53,v2026.07.1
H023,high21936.txt_q0,C,2026-07-24T10:10:14,v2026.07.1
H022,high21936.txt_q0,B,2026-07-17T15:34:11,v2026.07.1
H128,high21936.txt_q0,B,2026-07-15T09:28:44,v2026.07.1
H105,high21936.txt_q0,A,2026-07-12T14:24:06,v2026.07.1
H075,high21936.txt_q0,B,2026-07-10T15:17:11,v2026.07.1
H012,high21936.txt_q0,D,2026-07-24T06:37:30,v2026.07.1
H068,high21936.txt_q0,D,2026-07-27T07:05:04,v2026.07.1
H009,high21936.txt_q0,B,2026-07-24T13:21:30,v2026.07.1
H073,high21936.txt_q0,B,2026-07-22T15:01:22,v2026.07.1
H011,high21936.txt_q0,C,2026-07-11T15:38:35,v2026.07.1
H199,high21936.txt_q0,C,2026-07-10T22:24:01,v2026.07.1
H137,high21936.txt_q0,C,2026-07-27T06:14:59,v2026.07.1
H050,high21936.txt_q0,B,2026-07-16T05:37:13,v2026.07.1
H087,high21936.txt_q0,C,2026-07-17T20:12:22,v2026.07.1
H071,high21936.txt_q0,C,2026-07-20T05:51:00,v2026.07.1
H088,high21936.txt_q0,B,2026-07-20T05:16:50,v2026.07.1
H084,high21936.txt_q0,B,2026-07-24T08:15:43,v2026.07.1
H138,high21936.txt_q0,D,2026-07-23T10:57:18,v2026.07.1
H005,high21936.txt_q0,B,2026-07-19T23:36:36,v2026.07.1
H101,high21936.txt_q0,B,2026-07-14T09:53:26,v2026.07.1
H065,high21936.txt_q0,A,2026-07-22T12:20:33,v2026.07.1
H003,high21936.txt_q0,B,2026-07-12T06:44:35,v2026.07.1
H110,high21936.txt_q0,B,2026-07-12T00:42:04,v2026.07.1
H077,high21936.txt_q0,B,2026-07-10T20:06:07,v2026.07.1
H007,high21936.txt_q0,C,2026-07-17T13:23:03,v2026.07.1
H043,high21936.txt_q0,A,2026-07-12T06:35:50,v2026.07.1
H142,high16715.txt_q3,C,2026-07-23T06:53:43,v2026.07.1
H009,high16715.txt_q3,B,2026-07-11T07:48:22,v2026.07.1
H194,high16715.txt_q3,D,2026-07-15T09:19:51,v2026.07.1
H158,high16715.txt_q3,A,2026-07-21T13:39:50,v2026.07.1
H055,high16715.txt_q3,C,2026-07-15T21:52:41,v2026.07.1
H192,high16715.txt_q3,A,2026-07-20T22:44:49,v2026.07.1
H200,high16715.txt_q3,C,2026-07-25T09:02:50,v2026.07.1
H134,high16715.txt_q3,B,2026-07-22T03:59:28,v2026.07.1
H089,high16715.txt_q3,B,2026-07-24T06:51:21,v2026.07.1
H199,high16715.txt_q3,C,2026-07-12T03:43:02,v2026.07.1
H190,high16715.txt_q3,B,2026-07-19T15:51:47,v2026.07.1
H093,high16715.txt_q3,B,2026-07-10T18:31:12,v2026.07.1
H124,high16715.txt_q3,A,2026-07-11T04:25:37,v2026.07.1
H133,high16715.txt_q3,D,2026-07-11T15:20:23,v2026.07.1
H042,high16715.txt_q3,D,2026-07-22T06:14:25,v2026.07.1
H106,high16715.txt_q3,A,2026-07-15T07:44:51,v2026.07.1
H104,high16715.txt_q3,A,2026-07-13T03:07:23,v2026.07.1
H050,high16715.txt_q3,D,2026-07-20T03:20:51,v2026.07.1
H083,high16715.txt_q3,C,2026-07-23T00:41:36,v2026.07.1
H184,high16715.txt_q3,B,2026-07-26T04:23:26,v2026.07.1
H188,high16715.txt_q3,A,2026-07-13T23:44:23,v2026.07.1
H029,high16715.txt_q3,A,2026-07-15T16:44:14,v2026.07.1
H068,high16715.txt_q3,A,2026-07-15T16:20:03,v2026.07.1
H150,high16715.txt_q3,A,2026-07-24T10:46:51,v2026.07.1
H056,high16715.txt_q3,A,2026-07-23T22:52:20,v2026.07.1
H075,high16715.txt_q3,A,2026-07-15T21:16:54,v2026.07.1
H058,high16715.txt_q3,A,2026-07-11T08:11:10,v2026.07.1
H098,high16715.txt_q3,A,2026-07-16T11:13:20,v2026.07.1
H165,high16715.txt_q3,A,2026-07-17T10:53:02,v2026.07.1
H046,high16715.txt_q3,B,2026-07-27T07:32:10,v2026.07.1
H165,high6488.txt_q2,D,2026-07-21T05:54:36,v2026.07.1
H087,high6488.txt_q2,A,2026-07-27T13:44:25,v2026.07.1
H132,high6488.txt_q2,D,2026-07-19T00:40:51,v2026.07.1
H020,high6488.txt_q2,A,2026-07-26T20:07:28,v2026.07.1
H115,high6488.txt_q2,B,2026-07-20T05:04:56,v2026.07.1
H162,high6488.txt_q2,C,2026-07-17T17:22:02,v2026.07.1
H195,high6488.txt_q2,C,2026-07-20T13:11:33,v2026.07.1
H133,high6488.txt_q2,B,2026-07-12T07:15:33,v2026.07.1
H121,high6488.txt_q2,A,2026-07-18T14:25:09,v2026.07.1
H153,high6488.txt_q2,C,2026-07-20T10:12:08,v2026.07.1
H124,high6488.txt_q2,A,2026-07-23T16:44:53,v2026.07.1
H122,high6488.txt_q2,D,2026-07-12T17:07:55,v2026.07.1
H178,high6488.txt_q2,A,2026-07-12T01:10:12,v2026.07.1
H154,high6488.txt_q2,B,2026-07-13T16:39:08,v2026.07.1
H105,high6488.txt_q2,D,2026-07-27T01:40:59,v2026.07.1
H150,high6488.txt_q2,D,2026-07-21T00:51:53,v2026.07.1
H093,high6488.txt_q2,B,2026-07-20T07:21:18,v2026.07.1
H179,high6488.txt_q2,D,2026-07-11T04:33:30,v2026.07.1
H149,high6488.txt_q2,D,2026-07-17T00:57:22,v2026.07.1
H029,high6488.txt_q2,B,2026-07-23T21:32:16,v2026.07.1
H065,high6488.txt_q2,C,2026-07-26T00:21:15,v2026.07.1
H176,high6488.txt_q2,B,2026-07-15T23:25:22,v2026.07.1
H199,high6488.txt_q2,A,2026-07-17T13:33:40,v2026.07.1
H088,high6488.txt_q2,B,2026-07-12T20:04:59,v2026.07.1
H062,high6488.txt_q2,B,2026-07-27T01:11:33,v2026.07.1
H048,high6488.txt_q2,C,2026-07-12T03:42:51,v2026.07.1
H168,high6488.txt_q2,B,2026-07-17T21:33:12,v2026.07.1
H180,high6488.txt_q2,B,2026-07-24T09:11:47,v2026.07.1
H095,high6488.txt_q2,B,2026-07-17T04:36:10,v2026.07.1
H079,high6488.txt_q2,A,2026-07-18T14:01:47,v2026.07.1
H046,high23801.txt_q2,A,2026-07-27T03:42:07,v2026.07.1
H186,high23801.txt_q2,B,2026-07-24T22:24:24,v2026.07.1
H180,high23801.txt_q2,B,2026-07-20T20:57:10,v2026.07.1
H106,high23801.txt_q2,C,2026-07-14T02:13:26,v2026.07.1
H088,high23801.txt_q2,C,2026-07-15T14:53:20,v2026.07.1
H114,high23801.txt_q2,D,2026-07-10T16:23:44,v2026.07.1
H145,high23801.txt_q2,C,2026-07-22T19:54:37,v2026.07.1
H007,high23801.txt_q2,B,2026-07-20T00:08:50,v2026.07.1
H091,high23801.txt_q2,A,2026-07-11T00:54:37,v2026.07.1
H075,high23801.txt_q2,C,2026-07-26T14:16:25,v2026.07.1
H033,high23801.txt_q2,D,2026-07-17T01:43:41,v2026.07.1
H013,high23801.txt_q2,D,2026-07-22T07:22:00,v2026.07.1
H083,high23801.txt_q2,C,2026-07-11T03:43:29,v2026.07.1
H148,high23801.txt_q2,D,2026-07-24T23:56:01,v2026.07.1
H095,high23801.txt_q2,C,2026-07-26T07:51:48,v2026.07.1
H006,high23801.txt_q2,D,2026-07-25T17:35:47,v2026.07.1
H166,high23801.txt_q2,B,2026-07-21T14:33:25,v2026.07.1
H197,high23801.txt_q2,C,2026-07-14T03:09:14,v2026.07.1
H150,high23801.txt_q2,B,2026-07-25T08:59:01,v2026.07.1
H068,high23801.txt_q2,C,2026-07-24T02:36:38,v2026.07.1
H048,high23801.txt_q2,B,2026-07-24T10:39:22,v2026.07.1
H111,high23801.txt_q2,A,2026-07-19T08:25:26,v2026.07.1
H020,high23801.txt_q2,A,2026-07-21T18:34:25,v2026.07.1
H171,high23801.txt_q2,C,2026-07-12T09:48:41,v2026.07.1
H035,high23801.txt_q2,B,2026-07-22T14:02:04,v2026.07.1
H126,high23801.txt_q2,C,2026-07-13T17:06:20,v2026.07.1
H140,high23801.txt_q2,A,2026-07-14T10:53:26,v2026.07.1
H151,high23801.txt_q2,D,2026-07-10T20:06:55,v2026.07.1
H161,high23801.txt_q2,D,2026-07-25T22:10:15,v2026.07.1
H117,high23801.txt_q2,C,2026-07-23T01:37:28,v2026.07.1
H185,high17568.txt_q1,D,2026-07-26T04:35:26,v2026.07.1
H067,high17568.txt_q1,C,2026-07-19T21:55:20,v2026.07.1
H126,high17568.txt_q1,A,2026-07-22T16:07:20,v2026.07.1
H012,high17568.txt_q1,D,2026-07-21T19:09:32,v2026.07.1
H188,high17568.txt_q1,C,2026-07-12T09:31:35,v2026.07.1
H110,high17568.txt_q1,B,2026-07-11T03:51:44,v2026.07.1
H162,high17568.txt_q1,C,2026-07-22T23:55:22,v2026.07.1
H081,high17568.txt_q1,D,2026-07-24T01:46:21,v2026.07.1
H123,high17568.txt_q1,B,2026-07-11T21:42:16,v2026.07.1
H182,high17568.txt_q1,C,2026-07-21T16:14:56,v2026.07.1
H024,high17568.txt_q1,A,2026-07-20T11:26:43,v2026.07.1
H040,high17568.txt_q1,A,2026-07-12T21:50:02,v2026.07.1
H140,high17568.txt_q1,B,2026-07-17T12:51:04,v2026.07.1
H151,high17568.txt_q1,A,2026-07-25T07:46:30,v2026.07.1
H172,high17568.txt_q1,A,2026-07-26T13:24:43,v2026.07.1
H183,high17568.txt_q1,D,2026-07-10T10:18:01,v2026.07.1
H107,high17568.txt_q1,A,2026-07-26T14:19:07,v2026.07.1
H189,high17568.txt_q1,B,2026-07-18T03:24:39,v2026.07.1
H122,high17568.txt_q1,D,2026-07-22T03:15:37,v2026.07.1
H167,high17568.txt_q1,C,2026-07-24T00:16:38,v2026.07.1
H141,high17568.txt_q1,D,2026-07-26T15:54:17,v2026.07.1
H039,high17568.txt_q1,C,2026-07-18T23:39:46,v2026.07.1
H118,high17568.txt_q1,A,2026-07-23T13:03:56,v2026.07.1
H184,high17568.txt_q1,B,2026-07-20T03:07:11,v2026.07.1
H200,high17568.txt_q1,A,2026-07-24T19:44:13,v2026.07.1
H160,high17568.txt_q1,A,2026-07-26T05:53:11,v2026.07.1
H002,high17568.txt_q1,A,2026-07-16T17:11:25,v2026.07.1
H031,high17568.txt_q1,C,2026-07-12T04:45:52,v2026.07.1
H164,high17568.txt_q1,C,2026-07-12T03:49:00,v2026.07.1
H146,high17568.txt_q1,D,2026-07-21T21:19:38,v2026.07.1
H151,high23889.txt_q2,D,2026-07-11T21:17:20,v2026.07.1
H033,high23889.txt_q2,C,2026-07-10T16:51:01,v2026.07.1
H192,high23889.txt_q2,B,2026-07-13T07:32:03,v2026.07.1
H008,high23889.txt_q2,B,2026-07-21T14:38:55,v2026.07.1
H040,high23889.txt_q2,C,2026-07-12T18:04:18,v2026.07.1
H094,high23889.txt_q2,A,2026-07-20T16:09:21,v2026.07.1
H121,high23889.txt_q2,C,2026-07-20T17:42:56,v2026.07.1
H080,high23889.txt_q2,A,2026-07-15T08:09:43,v2026.07.1
H100,high23889.txt_q2,A,2026-07-19T13:34:48,v2026.07.1
H176,high23889.txt_q2,D,2026-07-27T07:52:38,v2026.07.1
H142,high23889.txt_q2,D,2026-07-20T06:42:25,v2026.07.1
H003,high23889.txt_q2,B,2026-07-16T11:05:21,v2026.07.1
H112,high23889.txt_q2,D,2026-07-16T10:57:14,v2026.07.1
H055,high23889.txt_q2,B,2026-07-15T01:52:11,v2026.07.1
H119,high23889.txt_q2,D,2026-07-14T10:50:36,v2026.07.1
H108,high23889.txt_q2,B,2026-07-11T18:40:16,v2026.07.1
H115,high23889.txt_q2,D,2026-07-22T17:36:34,v2026.07.1
H005,high23889.txt_q2,D,2026-07-26T23:14:42,v2026.07.1
H042,high23889.txt_q2,D,2026-07-10T11:48:33,v2026.07.1
H159,high23889.txt_q2,A,2026-07-11T02:21:28,v2026.07.1
H038,high23889.txt_q2,B,2026-07-21T19:26:40,v2026.07.1
H034,high23889.txt_q2,A,2026-07-14T21:06:59,v2026.07.1
H136,high23889.txt_q2,A,2026-07-22T13:57:14,v2026.07.1
H010,high23889.txt_q2,D,2026-07-11T10:31:29,v2026.07.1
H075,high23889.txt_q2,D,2026-07-24T15:37:14,v2026.07.1
H059,high23889.txt_q2,C,2026-07-17T05:40:32,v2026.07.1
H036,high23889.txt_q2,B,2026-07-22T01:14:25,v2026.07.1
H079,high23889.txt_q2,D,2026-07-21T06:16:10,v2026.07.1
H098,high23889.txt_q2,B,2026-07-23T10:41:18,v2026.07.1
H103,high23889.txt_q2,A,2026-07-11T16:50:33,v2026.07.1
H034,high2760.txt_q1,D,2026-07-21T08:40:46,v2026.07.1
H138,high2760.txt_q1,A,2026-07-18T17:20:23,v2026.07.1
H101,high2760.txt_q1,D,2026-07-23T00:41:38,v2026.07.1
H174,high2760.txt_q1,C,2026-07-11T02:28:56,v2026.07.1
H056,high2760.txt_q1,C,2026-07-21T19:55:25,v2026.07.1
H110,high2760.txt_q1,A,2026-07-19T13:06:11,v2026.07.1
H001,high2760.txt_q1,D,2026-07-17T20:07:40,v2026.07.1
H090,high2760.txt_q1,D,2026-07-16T14:19:56,v2026.07.1
H085,high2760.txt_q1,C,2026-07-22T18:57:50,v2026.07.1
H142,high2760.txt_q1,C,2026-07-14T14:28:49,v2026.07.1
H093,high2760.txt_q1,D,2026-07-12T19:02:04,v2026.07.1
H158,high2760.txt_q1,C,2026-07-26T11:04:14,v2026.07.1
H040,high2760.txt_q1,C,2026-07-10T10:56:10,v2026.07.1
H116,high2760.txt_q1,D,2026-07-25T23:12:37,v2026.07.1
H131,high2760.txt_q1,C,2026-07-14T21:55:04,v2026.07.1
H121,high2760.txt_q1,C,2026-07-11T07:27:34,v2026.07.1
H005,high2760.txt_q1,D,2026-07-22T17:09:54,v2026.07.1
H062,high2760.txt_q1,C,2026-07-19T07:53:05,v2026.07.1
H023,high2760.txt_q1,D,2026-07-12T13:25:58,v2026.07.1
H053,high2760.txt_q1,D,2026-07-15T16:11:28,v2026.07.1
H126,high2760.txt_q1,B,2026-07-24T18:56:34,v2026.07.1
H052,high2760.txt_q1,A,2026-07-13T00:26:16,v2026.07.1
H148,high2760.txt_q1,A,2026-07-23T19:28:30,v2026.07.1
H199,high2760.txt_q1,D,2026-07-19T01:39:08,v2026.07.1
H050,high2760.txt_q1,B,2026-07-24T11:34:08,v2026.07.1
H191,high2760.txt_q1,C,2026-07-20T21:51:40,v2026.07.1
H162,high2760.txt_q1,D,2026-07-19T02:03:47,v2026.07.1
H140,high2760.txt_q1,A,2026-07-14T11:08:27,v2026.07.1
H072,high2760.txt_q1,D,2026-07-19T05:26:19,v2026.07.1
H200,high2760.txt_q1,D,2026-07-13T20:05:40,v2026.07.1
H066,high6384.txt_q2,A,2026-07-15T21:59:09,v2026.07.1
H105,high6384.txt_q2,B,2026-07-12T05:12:18,v2026.07.1
H045,high6384.txt_q2,B,2026-07-19T23:29:12,v2026.07.1
H164,high6384.txt_q2,A,2026-07-22T08:16:15,v2026.07.1
H057,high6384.txt_q2,B,2026-07-24T05:56:27,v2026.07.1
H114,high6384.txt_q2,B,2026-07-17T02:13:01,v2026.07.1
H192,high6384.txt_q2,B,2026-07-27T14:49:46,v2026.07.1
H123,high6384.txt_q2,A,2026-07-24T23:37:23,v2026.07.1
H003,high6384.txt_q2,C,2026-07-12T11:28:18,v2026.07.1
H090,high6384.txt_q2,C,2026-07-26T02:50:06,v2026.07.1
H031,high6384.txt_q2,C,2026-07-18T19:37:21,v2026.07.1
H029,high6384.txt_q2,B,2026-07-18T05:28:24,v2026.07.1
H065,high6384.txt_q2,C,2026-07-10T12:07:24,v2026.07.1
H019,high6384.txt_q2,C,2026-07-24T17:44:54,v2026.07.1
H080,high6384.txt_q2,B,2026-07-12T01:00:20,v2026.07.1
H149,high6384.txt_q2,C,2026-07-17T09:05:04,v2026.07.1
H181,high6384.txt_q2,C,2026-07-12T15:47:23,v2026.07.1
H067,high6384.txt_q2,C,2026-07-16T19:19:26,v2026.07.1
H100,high6384.txt_q2,B,2026-07-13T20:08:38,v2026.07.1
H086,high6384.txt_q2,C,2026-07-27T13:33:59,v2026.07.1
H122,high6384.txt_q2,C,2026-07-19T12:13:21,v2026.07.1
H172,high6384.txt_q2,C,2026-07-14T05:02:38,v2026.07.1
H085,high6384.txt_q2,C,2026-07-17T16:54:07,v2026.07.1
H044,high6384.txt_q2,B,2026-07-16T21:00:32,v2026.07.1
H027,high6384.txt_q2,C,2026-07-23T09:07:48,v2026.07.1
H109,high6384.txt_q2,D,2026-07-15T20:07:30,v2026.07.1
H131,high6384.txt_q2,B,2026-07-14T08:56:10,v2026.07.1
H047,high6384.txt_q2,C,2026-07-14T14:19:26,v2026.07.1
H197,high6384.txt_q2,D,2026-07-16T04:18:51,v2026.07.1
H160,high6384.txt_q2,C,2026-07-16T12:03:19,v2026.07.1
H092,high4613.txt_q2,B,2026-07-25T21:30:24,v2026.07.1
H138,high4613.txt_q2,A,2026-07-23T05:26:20,v2026.07.1
H119,high4613.txt_q2,B,2026-07-21T05:40:11,v2026.07.1
H189,high4613.txt_q2,C,2026-07-11T08:13:13,v2026.07.1
H104,high4613.txt_q2,C,2026-07-17T16:50:05,v2026.07.1
H047,high4613.txt_q2,D,2026-07-18T10:35:08,v2026.07.1
H039,high4613.txt_q2,D,2026-07-19T14:25:32,v2026.07.1
H117,high4613.txt_q2,D,2026-07-19T23:50:11,v2026.07.1
H187,high4613.txt_q2,A,2026-07-15T23:43:14,v2026.07.1
H147,high4613.txt_q2,B,2026-07-25T04:54:00,v2026.07.1
H032,high4613.txt_q2,B,2026-07-22T00:13:45,v2026.07.1
H059,high4613.txt_q2,A,2026-07-25T07:28:46,v2026.07.1
H176,high4613.txt_q2,C,2026-07-18T20:08:05,v2026.07.1
H142,high4613.txt_q2,B,2026-07-24T04:18:30,v2026.07.1
H132,high4613.txt_q2,A,2026-07-12T13:08:59,v2026.07.1
H007,high4613.txt_q2,C,2026-07-16T09:05:55,v2026.07.1
H004,high4613.txt_q2,A,2026-07-16T00:05:44,v2026.07.1
H008,high4613.txt_q2,A,2026-07-12T04:57:44,v2026.07.1
H063,high4613.txt_q2,B,2026-07-14T13:57:14,v2026.07.1
H015,high4613.txt_q2,D,2026-07-17T08:37:21,v2026.07.1
H027,high4613.txt_q2,B,2026-07-26T19:49:23,v2026.07.1
H084,high4613.txt_q2,B,2026-07-11T20:45:46,v2026.07.1
H067,high4613.txt_q2,D,2026-07-12T12:14:17,v2026.07.1
H136,high4613.txt_q2,D,2026-07-16T20:39:38,v2026.07.1
H096,high4613.txt_q2,A,2026-07-27T04:17:00,v2026.07.1
H013,high4613.txt_q2,A,2026-07-23T20:14:57,v2026.07.1
H145,high4613.txt_q2,D,2026-07-25T04:21:47,v2026.07.1
H052,high4613.txt_q2,C,2026-07-21T07:49:36,v2026.07.1
H090,high4613.txt_q2,D,2026-07-17T12:49:41,v2026.07.1
H200,high4613.txt_q2,D,2026-07-10T22:09:26,v2026.07.1
H040,high7652.txt_q2,A,2026-07-24T00:26:46,v2026.07.1
H031,high7652.txt_q2,A,2026-07-12T20:27:05,v2026.07.1
H058,high7652.txt_q2,C,2026-07-17T12:04:01,v2026.07.1
H030,high7652.txt_q2,A,2026-07-11T04:00:01,v2026.07.1
H156,high7652.txt_q2,B,2026-07-14T05:34:23,v2026.07.1
H135,high7652.txt_q2,B,2026-07-20T20:49:38,v2026.07.1
H140,high7652.txt_q2,A,2026-07-26T01:50:29,v2026.07.1
H070,high7652.txt_q2,A,2026-07-27T06:44:03,v2026.07.1
H189,high7652.txt_q2,A,2026-07-16T17:26:46,v2026.07.1
H119,high7652.txt_q2,D,2026-07-23T00:09:19,v2026.07.1
H165,high7652.txt_q2,B,2026-07-23T16:26:16,v2026.07.1
H132,high7652.txt_q2,A,2026-07-23T16:15:51,v2026.07.1
H094,high7652.txt_q2,D,2026-07-13T20:00:44,v2026.07.1
H059,high7652.txt_q2,C,2026-07-14T07:23:29,v2026.07.1
H162,high7652.txt_q2,A,2026-07-24T06:52:58,v2026.07.1
H183,high7652.txt_q2,C,2026-07-14T19:53:58,v2026.07.1
H050,high7652.txt_q2,C,2026-07-10T21:16:22,v2026.07.1
H033,high7652.txt_q2,C,2026-07-20T02:41:08,v2026.07.1
H037,high7652.txt_q2,C,2026-07-22T13:37:10,v2026.07.1
H173,high7652.txt_q2,B,2026-07-21T08:20:44,v2026.07.1
H199,high7652.txt_q2,C,2026-07-26T23:08:53,v2026.07.1
H011,high7652.txt_q2,B,2026-07-10T11:27:37,v2026.07.1
H127,high7652.txt_q2,B,2026-07-27T04:36:37,v2026.07.1
H083,high7652.txt_q2,B,2026-07-22T10:36:37,v2026.07.1
H193,high7652.txt_q2,D,2026-07-23T21:59:37,v2026.07.1
H067,high7652.txt_q2,D,2026-07-19T10:20:17,v2026.07.1
H129,high7652.txt_q2,B,2026-07-11T17:15:50,v2026.07.1
H194,high7652.txt_q2,B,2026-07-17T17:30:11,v2026.07.1
H113,high7652.txt_q2,C,2026-07-11T21:39:22,v2026.07.1
H004,high7652.txt_q2,A,2026-07-12T21:29:02,v2026.07.1
H178,high16235.txt_q2,A,2026-07-25T15:34:44,v2026.07.1
H040,high16235.txt_q2,B,2026-07-19T22:08:56,v2026.07.1
H043,high16235.txt_q2,D,2026-07-24T13:57:10,v2026.07.1
H020,high16235.txt_q2,B,2026-07-17T06:28:23,v2026.07.1
H091,high16235.txt_q2,C,2026-07-16T09:47:48,v2026.07.1
H135,high16235.txt_q2,C,2026-07-24T23:42:52,v2026.07.1
H133,high16235.txt_q2,C,2026-07-19T12:56:26,v2026.07.1
H001,high16235.txt_q2,D,2026-07-20T14:47:35,v2026.07.1
H184,high16235.txt_q2,A,2026-07-21T10:43:11,v2026.07.1
H198,high16235.txt_q2,D,2026-07-12T09:58:44,v2026.07.1
H175,high16235.txt_q2,D,2026-07-27T11:30:10,v2026.07.1
H044,high16235.txt_q2,A,2026-07-13T20:41:28,v2026.07.1
H071,high16235.txt_q2,A,2026-07-26T03:29:22,v2026.07.1
H056,high16235.txt_q2,A,2026-07-16T07:19:08,v2026.07.1
H159,high16235.txt_q2,B,2026-07-22T07:08:24,v2026.07.1
H037,high16235.txt_q2,C,2026-07-27T12:55:55,v2026.07.1
H177,high16235.txt_q2,C,2026-07-14T01:51:18,v2026.07.1
H123,high16235.txt_q2,B,2026-07-12T06:50:17,v2026.07.1
H152,high16235.txt_q2,A,2026-07-17T21:42:35,v2026.07.1
H146,high16235.txt_q2,A,2026-07-13T05:52:45,v2026.07.1
H074,high16235.txt_q2,A,2026-07-17T20:35:08,v2026.07.1
H180,high16235.txt_q2,B,2026-07-26T12:25:55,v2026.07.1
H111,high16235.txt_q2,A,2026-07-23T00:31:35,v2026.07.1
H126,high16235.txt_q2,C,2026-07-19T07:17:35,v2026.07.1
H118,high16235.txt_q2,D,2026-07-26T04:50:54,v2026.07.1
H002,high16235.txt_q2,A,2026-07-12T07:48:47,v2026.07.1
H016,high16235.txt_q2,D,2026-07-18T17:43:57,v2026.07.1
H068,high16235.txt_q2,C,2026-07-25T00:59:23,v2026.07.1
H057,high16235.txt_q2,D,2026-07-20T18:44:10,v2026.07.1
H073,high16235.txt_q2,B,2026-07-16T14:09:37,v2026.07.1
H192,high18894.txt_q1,B,2026-07-10T11:45:09,v2026.07.1
H046,high18894.txt_q1,B,2026-07-18T10:15:37,v2026.07.1
H168,high18894.txt_q1,B,2026-07-23T20:59:29,v2026.07.1
H140,high18894.txt_q1,C,2026-07-21T19:04:50,v2026.07.1
H166,high18894.txt_q1,A,2026-07-20T11:13:39,v2026.07.1
H068,high18894.txt_q1,C,2026-07-12T19:19:52,v2026.07.1
H042,high18894.txt_q1,D,2026-07-18T13:01:29,v2026.07.1
H081,high18894.txt_q1,B,2026-07-20T09:11:40,v2026.07.1
H116,high18894.txt_q1,B,2026-07-14T13:22:05,v2026.07.1
H129,high18894.txt_q1,A,2026-07-12T05:26:44,v2026.07.1
H057,high18894.txt_q1,A,2026-07-20T06:42:34,v2026.07.1
H164,high18894.txt_q1,D,2026-07-16T00:12:59,v2026.07.1
H153,high18894.txt_q1,C,2026-07-21T10:22:16,v2026.07.1
H176,high18894.txt_q1,B,2026-07-23T11:47:09,v2026.07.1
H184,high18894.txt_q1,C,2026-07-27T08:00:26,v2026.07.1
H033,high18894.txt_q1,B,2026-07-10T14:52:04,v2026.07.1
H010,high18894.txt_q1,A,2026-07-24T22:46:52,v2026.07.1
H038,high18894.txt_q1,C,2026-07-17T16:53:06,v2026.07.1
H161,high18894.txt_q1,D,2026-07-13T19:23:28,v2026.07.1
H009,high18894.txt_q1,D,2026-07-26T09:32:39,v2026.07.1
H134,high18894.txt_q1,C,2026-07-11T19:34:31,v2026.07.1
H086,high18894.txt_q1,D,2026-07-14T20:17:42,v2026.07.1
H007,high18894.txt_q1,D,2026-07-24T06:53:06,v2026.07.1
H006,high18894.txt_q1,A,2026-07-18T15:17:07,v2026.07.1
H138,high18894.txt_q1,A,2026-07-13T14:11:51,v2026.07.1
H137,high18894.txt_q1,B,2026-07-22T21:20:21,v2026.07.1
H032,high18894.txt_q1,A,2026-07-25T22:09:51,v2026.07.1
H047,high18894.txt_q1,C,2026-07-12T06:08:22,v2026.07.1
H053,high18894.txt_q1,A,2026-07-27T02:46:12,v2026.07.1
H002,high18894.txt_q1,A,2026-07-19T03:54:52,v2026.07.1
H198,high15194.txt_q1,D,2026-07-17T18:59:12,v2026.07.1
H066,high15194.txt_q1,C,2026-07-26T19:18:01,v2026.07.1
H158,high15194.txt_q1,D,2026-07-23T10:51:00,v2026.07.1
H132,high15194.txt_q1,A,2026-07-21T12:22:07,v2026.07.1
H127,high15194.txt_q1,D,2026-07-11T19:24:33,v2026.07.1
H161,high15194.txt_q1,B,2026-07-20T07:54:40,v2026.07.1
H154,high15194.txt_q1,C,2026-07-21T07:50:44,v2026.07.1
H072,high15194.txt_q1,B,2026-07-20T06:57:50,v2026.07.1
H192,high15194.txt_q1,B,2026-07-22T17:17:16,v2026.07.1
H136,high15194.txt_q1,B,2026-07-19T05:03:28,v2026.07.1
H159,high15194.txt_q1,A,2026-07-21T21:16:25,v2026.07.1
H197,high15194.txt_q1,C,2026-07-13T05:55:54,v2026.07.1
H144,high15194.txt_q1,B,2026-07-22T12:20:25,v2026.07.1
H094,high15194.txt_q1,A,2026-07-26T22:20:01,v2026.07.1
H093,high15194.txt_q1,C,2026-07-11T09:57:29,v2026.07.1
H039,high15194.txt_q1,A,2026-07-15T04:01:23,v2026.07.1
H046,high15194.txt_q1,B,2026-07-24T19:10:01,v2026.07.1
H085,high15194.txt_q1,A,2026-07-24T06:02:04,v2026.07.1
H070,high15194.txt_q1,A,2026-07-24T09:06:48,v2026.07.1
H143,high15194.txt_q1,A,2026-07-13T20:22:59,v2026.07.1
H063,high15194.txt_q1,D,2026-07-14T20:31:06,v2026.07.1
H007,high15194.txt_q1,D,2026-07-15T15:15:44,v2026.07.1
H083,high15194.txt_q1,D,2026-07-23T00:03:01,v2026.07.1
H052,high15194.txt_q1,C,2026-07-22T11:49:47,v2026.07.1
H013,high15194.txt_q1,C,2026-07-25T07:31:29,v2026.07.1
H164,high15194.txt_q1,C,2026-07-14T03:24:17,v2026.07.1
H150,high15194.txt_q1,A,2026-07-11T13:54:20,v2026.07.1
H133,high15194.txt_q1,C,2026-07-27T04:43:20,v2026.07.1
H005,high15194.txt_q1,B,2026-07-18T09:49:57,v2026.07.1
H071,high15194.txt_q1,B,2026-07-26T16:30:28,v2026.07.1
H130,high14855.txt_q1,C,2026-07-22T12:18:01,v2026.07.1
H027,high14855.txt_q1,C,2026-07-20T04:53:49,v2026.07.1
H082,high14855.txt_q1,C,2026-07-22T14:44:15,v2026.07.1
H060,high14855.txt_q1,C,2026-07-24T00:46:14,v2026.07.1
H168,high14855.txt_q1,C,2026-07-14T18:35:57,v2026.07.1
H155,high14855.txt_q1,A,2026-07-20T13:38:26,v2026.07.1
H156,high14855.txt_q1,A,2026-07-24T17:24:55,v2026.07.1
H046,high14855.txt_q1,A,2026-07-11T06:39:21,v2026.07.1
H015,high14855.txt_q1,C,2026-07-19T06:22:30,v2026.07.1
H029,high14855.txt_q1,A,2026-07-12T08:42:21,v2026.07.1
H079,high14855.txt_q1,A,2026-07-21T21:46:40,v2026.07.1
H089,high14855.txt_q1,D,2026-07-26T08:42:19,v2026.07.1
H028,high14855.txt_q1,B,2026-07-20T04:27:01,v2026.07.1
H021,high14855.txt_q1,A,2026-07-11T10:34:47,v2026.07.1
H178,high14855.txt_q1,D,2026-07-17T06:01:18,v2026.07.1
H016,high14855.txt_q1,D,2026-07-14T05:03:28,v2026.07.1
H075,high14855.txt_q1,B,2026-07-22T21:11:15,v2026.07.1
H190,high14855.txt_q1,C,2026-07-26T16:08:23,v2026.07.1
H049,high14855.txt_q1,B,2026-07-18T10:58:04,v2026.07.1
H051,high14855.txt_q1,D,2026-07-10T09:05:38,v2026.07.1
H052,high14855.txt_q1,B,2026-07-16T13:15:08,v2026.07.1
H018,high14855.txt_q1,D,2026-07-12T04:05:18,v2026.07.1
H127,high14855.txt_q1,C,2026-07-19T05:32:33,v2026.07.1
H026,high14855.txt_q1,B,2026-07-25T19:20:24,v2026.07.1
H083,high14855.txt_q1,D,2026-07-21T09:05:12,v2026.07.1
H120,high14855.txt_q1,B,2026-07-26T21:22:56,v2026.07.1
H076,high14855.txt_q1,D,2026-07-19T01:44:20,v2026.07.1
H104,high14855.txt_q1,A,2026-07-24T05:35:22,v2026.07.1
H064,high14855.txt_q1,A,2026-07-27T04:20:14,v2026.07.1
H128,high14855.txt_q1,B,2026-07-12T11:41:08,v2026.07.1
H019,high18013.txt_q1,B,2026-07-16T17:45:09,v2026.07.1
H145,high18013.txt_q1,C,2026-07-20T13:57:08,v2026.07.1
H148,high18013.txt_q1,C,2026-07-24T22:21:06,v2026.07.1
H186,high18013.txt_q1,B,2026-07-13T00:50:16,v2026.07.1
H109,high18013.txt_q1,D,2026-07-12T08:50:04,v2026.07.1
H036,high18013.txt_q1,B,2026-07-11T20:38:37,v2026.07.1
H166,high18013.txt_q1,C,2026-07-26T13:34:46,v2026.07.1
H026,high18013.txt_q1,D,2026-07-25T17:00:37,v2026.07.1
H168,high18013.txt_q1,D,2026-07-10T10:57:12,v2026.07.1
H035,high18013.txt_q1,A,2026-07-21T13:29:16,v2026.07.1
H129,high18013.txt_q1,D,2026-07-14T03:32:06,v2026.07.1
H030,high18013.txt_q1,C,2026-07-20T05:51:30,v2026.07.1
H052,high18013.txt_q1,A,2026-07-14T01:00:11,v2026.07.1
H079,high18013.txt_q1,B,2026-07-25T00:20:27,v2026.07.1
H018,high18013.txt_q1,A,2026-07-26T11:33:06,v2026.07.1
H028,high18013.txt_q1,D,2026-07-18T20:09:06,v2026.07.1
H067,high18013.txt_q1,B,2026-07-14T17:18:39,v2026.07.1
H068,high18013.txt_q1,C,2026-07-19T09:14:04,v2026.07.1
H104,high18013.txt_q1,A,2026-07-23T20:07:01,v2026.07.1
H113,high18013.txt_q1,C,2026-07-24T00:57:08,v2026.07.1
H040,high18013.txt_q1,B,2026-07-26T14:22:23,v2026.07.1
H140,high18013.txt_q1,C,2026-07-13T15:28:51,v2026.07.1
H163,high18013.txt_q1,D,2026-07-24T11:14:24,v2026.07.1
H080,high18013.txt_q1,D,2026-07-15T13:19:44,v2026.07.1
H189,high18013.txt_q1,B,2026-07-27T01:48:59,v2026.07.1
H182,high18013.txt_q1,C,2026-07-11T00:32:34,v2026.07.1
H116,high18013.txt_q1,C,2026-07-27T16:39:08,v2026.07.1
H118,high18013.txt_q1,A,2026-07-23T21:19:05,v2026.07.1
H004,high18013.txt_q1,C,2026-07-26T05:27:35,v2026.07.1
H190,high18013.txt_q1,D,2026-07-24T04:21:49,v2026.07.1
H131,high19902.txt_q1,D,2026-07-14T09:47:45,v2026.07.1
H111,high19902.txt_q1,D,2026-07-24T09:07:25,v2026.07.1
H080,high19902.txt_q1,B,2026-07-12T11:37:54,v2026.07.1
H060,high19902.txt_q1,D,2026-07-13T00:57:42,v2026.07.1
H044,high19902.txt_q1,A,2026-07-27T12:05:00,v2026.07.1
H095,high19902.txt_q1,D,2026-07-23T23:44:46,v2026.07.1
H056,high19902.txt_q1,A,2026-07-19T05:50:16,v2026.07.1
H059,high19902.txt_q1,D,2026-07-19T21:57:49,v2026.07.1
H084,high19902.txt_q1,B,2026-07-17T19:34:03,v2026.07.1
H121,high19902.txt_q1,B,2026-07-27T11:58:51,v2026.07.1
H002,high19902.txt_q1,C,2026-07-27T06:33:04,v2026.07.1
H106,high19902.txt_q1,B,2026-07-26T16:07:38,v2026.07.1
H037,high19902.txt_q1,D,2026-07-25T03:47:31,v2026.07.1
H167,high19902.txt_q1,A,2026-07-20T23:11:19,v2026.07.1
H127,high19902.txt_q1,B,2026-07-17T01:31:14,v2026.07.1
H169,high19902.txt_q1,C,2026-07-13T04:43:10,v2026.07.1
H173,high19902.txt_q1,A,2026-07-14T12:58:27,v2026.07.1
H130,high19902.txt_q1,D,2026-07-18T17:45:37,v2026.07.1
H120,high19902.txt_q1,B,2026-07-19T03:08:22,v2026.07.1
H136,high19902.txt_q1,B,2026-07-13T09:21:16,v2026.07.1
H110,high19902.txt_q1,A,2026-07-12T19:57:29,v2026.07.1
H144,high19902.txt_q1,D,2026-07-25T21:48:34,v2026.07.1
H079,high19902.txt_q1,C,2026-07-12T18:12:38,v2026.07.1
H003,high19902.txt_q1,B,2026-07-18T17:36:16,v2026.07.1
H186,high19902.txt_q1,C,2026-07-13T22:30:12,v2026.07.1
H199,high19902.txt_q1,D,2026-07-14T21:16:49,v2026.07.1
H114,high19902.txt_q1,D,2026-07-16T06:56:39,v2026.07.1
H145,high19902.txt_q1,D,2026-07-12T20:14:29,v2026.07.1
H198,high19902.txt_q1,A,2026-07-20T14:54:16,v2026.07.1
H156,high19902.txt_q1,B,2026-07-14T20:16:30,v2026.07.1
H012,high5302.txt_q0,D,2026-07-21T03:36:26,v2026.07.1
H055,high5302.txt_q0,A,2026-07-10T15:19:17,v2026.07.1
H082,high5302.txt_q0,D,2026-07-15T13:32:47,v2026.07.1
H149,high5302.txt_q0,D,2026-07-13T20:38:59,v2026.07.1
H052,high5302.txt_q0,C,2026-07-21T16:50:18,v2026.07.1
H022,high5302.txt_q0,D,2026-07-20T13:45:55,v2026.07.1
H054,high5302.txt_q0,B,2026-07-13T10:14:23,v2026.07.1
H084,high5302.txt_q0,D,2026-07-13T14:50:59,v2026.07.1
H060,high5302.txt_q0,C,2026-07-11T01:39:01,v2026.07.1
H180,high5302.txt_q0,B,2026-07-13T12:53:26,v2026.07.1
H171,high5302.txt_q0,D,2026-07-11T05:10:10,v2026.07.1
H069,high5302.txt_q0,D,2026-07-16T17:40:29,v2026.07.1
H112,high5302.txt_q0,C,2026-07-23T15:20:44,v2026.07.1
H091,high5302.txt_q0,A,2026-07-24T06:01:30,v2026.07.1
H141,high5302.txt_q0,D,2026-07-25T16:20:29,v2026.07.1
H106,high5302.txt_q0,D,2026-07-14T19:41:16,v2026.07.1
H031,high5302.txt_q0,B,2026-07-17T01:22:02,v2026.07.1
H072,high5302.txt_q0,B,2026-07-12T05:59:58,v2026.07.1
H108,high5302.txt_q0,D,2026-07-14T10:00:37,v2026.07.1
H182,high5302.txt_q0,D,2026-07-23T07:17:37,v2026.07.1
H051,high5302.txt_q0,D,2026-07-15T17:18:03,v2026.07.1
H163,high5302.txt_q0,D,2026-07-15T06:07:59,v2026.07.1
H078,high5302.txt_q0,A,2026-07-20T02:22:21,v2026.07.1
H076,high5302.txt_q0,B,2026-07-11T10:28:53,v2026.07.1
H057,high5302.txt_q0,C,2026-07-18T13:08:11,v2026.07.1
H128,high5302.txt_q0,C,2026-07-13T02:55:11,v2026.07.1
H080,high5302.txt_q0,B,2026-07-26T14:50:05,v2026.07.1
H016,high5302.txt_q0,A,2026-07-20T03:24:20,v2026.07.1
H167,high5302.txt_q0,B,2026-07-15T16:54:56,v2026.07.1
H047,high5302.txt_q0,B,2026-07-19T14:40:46,v2026.07.1
H034,high17860.txt_q1,B,2026-07-14T10:51:18,v2026.07.1
H110,high17860.txt_q1,B,2026-07-27T08:28:16,v2026.07.1
H030,high17860.txt_q1,C,2026-07-23T02:46:59,v2026.07.1
H032,high17860.txt_q1,D,2026-07-13T18:40:42,v2026.07.1
H069,high17860.txt_q1,B,2026-07-25T15:42:54,v2026.07.1
H081,high17860.txt_q1,A,2026-07-12T05:34:28,v2026.07.1
H051,high17860.txt_q1,A,2026-07-22T08:50:47,v2026.07.1
H178,high17860.txt_q1,B,2026-07-10T13:51:36,v2026.07.1
H200,high17860.txt_q1,B,2026-07-20T21:46:07,v2026.07.1
H142,high17860.txt_q1,D,2026-07-22T21:25:30,v2026.07.1
H105,high17860.txt_q1,A,2026-07-20T20:26:55,v2026.07.1
H053,high17860.txt_q1,C,2026-07-19T04:27:38,v2026.07.1
H182,high17860.txt_q1,C,2026-07-25T03:28:37,v2026.07.1
H162,high17860.txt_q1,C,2026-07-20T02:41:46,v2026.07.1
H192,high17860.txt_q1,D,2026-07-20T00:14:50,v2026.07.1
H090,high17860.txt_q1,D,2026-07-13T02:45:31,v2026.07.1
H125,high17860.txt_q1,C,2026-07-22T02:30:13,v2026.07.1
H160,high17860.txt_q1,C,2026-07-23T18:41:43,v2026.07.1
H106,high17860.txt_q1,D,2026-07-22T04:25:04,v2026.07.1
H139,high17860.txt_q1,D,2026-07-15T09:53:38,v2026.07.1
H186,high17860.txt_q1,A,2026-07-17T09:03:36,v2026.07.1
H062,high17860.txt_q1,C,2026-07-21T03:28:53,v2026.07.1
H050,high17860.txt_q1,C,2026-07-23T08:32:21,v2026.07.1
H198,high17860.txt_q1,B,2026-07-18T04:11:21,v2026.07.1
H082,high17860.txt_q1,B,2026-07-13T01:54:55,v2026.07.1
H084,high17860.txt_q1,D,2026-07-18T01:32:28,v2026.07.1
H168,high17860.txt_q1,A,2026-07-14T04:02:33,v2026.07.1
H111,high17860.txt_q1,B,2026-07-24T00:26:28,v2026.07.1
H046,high17860.txt_q1,B,2026-07-23T23:37:09,v2026.07.1
H095,high17860.txt_q1,B,2026-07-27T04:17:19,v2026.07.1
H063,high19201.txt_q4,C,2026-07-10T16:07:27,v2026.07.1
H199,high19201.txt_q4,C,2026-07-24T12:35:22,v2026.07.1
H136,high19201.txt_q4,C,2026-07-19T01:58:02,v2026.07.1
H078,high19201.txt_q4,C,2026-07-21T08:38:54,v2026.07.1
H046,high19201.txt_q4,C,2026-07-22T17:48:51,v2026.07.1
H062,high19201.txt_q4,B,2026-07-11T10:07:13,v2026.07.1
H147,high19201.txt_q4,C,2026-07-22T22:36:19,v2026.07.1
H002,high19201.txt_q4,C,2026-07-15T02:24:42,v2026.07.1
H137,high19201.txt_q4,C,2026-07-10T20:38:19,v2026.07.1
H008,high19201.txt_q4,B,2026-07-20T20:19:14,v2026.07.1
H058,high19201.txt_q4,B,2026-07-14T00:57:04,v2026.07.1
H174,high19201.txt_q4,C,2026-07-24T20:47:07,v2026.07.1
H134,high19201.txt_q4,B,2026-07-20T05:28:54,v2026.07.1
H038,high19201.txt_q4,C,2026-07-23T11:47:06,v2026.07.1
H076,high19201.txt_q4,C,2026-07-17T05:30:56,v2026.07.1
H082,high19201.txt_q4,D,2026-07-22T04:33:50,v2026.07.1
H146,high19201.txt_q4,C,2026-07-24T00:13:06,v2026.07.1
H183,high19201.txt_q4,C,2026-07-11T00:29:05,v2026.07.1
H032,high19201.txt_q4,D,2026-07-23T09:19:50,v2026.07.1
H023,high19201.txt_q4,C,2026-07-22T03:58:29,v2026.07.1
H097,high19201.txt_q4,C,2026-07-21T04:09:32,v2026.07.1
H113,high19201.txt_q4,C,2026-07-23T13:53:31,v2026.07.1
H035,high19201.txt_q4,C,2026-07-22T12:34:31,v2026.07.1
H042,high19201.txt_q4,D,2026-07-15T02:44:49,v2026.07.1
H193,high19201.txt_q4,C,2026-07-22T21:20:36,v2026.07.1
H036,high19201.txt_q4,C,2026-07-26T13:09:40,v2026.07.1
H070,high19201.txt_q4,C,2026-07-25T23:43:41,v2026.07.1
H176,high19201.txt_q4,C,2026-07-13T16:00:42,v2026.07.1
H067,high19201.txt_q4,B,2026-07-13T15:12:02,v2026.07.1
H148,high19201.txt_q4,C,2026-07-22T09:01:38,v2026.07.1
H073,high21603.txt_q3,A,2026-07-14T15:09:28,v2026.07.1
H200,high21603.txt_q3,C,2026-07-25T05:34:51,v2026.07.1
H050,high21603.txt_q3,A,2026-07-15T17:35:40,v2026.07.1
H057,high21603.txt_q3,D,2026-07-13T01:28:56,v2026.07.1
H069,high21603.txt_q3,B,2026-07-16T12:10:44,v2026.07.1
H014,high21603.txt_q3,A,2026-07-22T14:30:20,v2026.07.1
H187,high21603.txt_q3,A,2026-07-26T21:28:11,v2026.07.1
H062,high21603.txt_q3,A,2026-07-25T17:47:18,v2026.07.1
H082,high21603.txt_q3,A,2026-07-14T21:24:43,v2026.07.1
H034,high21603.txt_q3,A,2026-07-26T10:02:19,v2026.07.1
H184,high21603.txt_q3,D,2026-07-16T19:48:16,v2026.07.1
H168,high21603.txt_q3,A,2026-07-24T05:41:39,v2026.07.1
H081,high21603.txt_q3,A,2026-07-15T02:50:35,v2026.07.1
H072,high21603.txt_q3,D,2026-07-26T17:55:14,v2026.07.1
H092,high21603.txt_q3,A,2026-07-19T02:55:07,v2026.07.1
H097,high21603.txt_q3,A,2026-07-25T08:22:39,v2026.07.1
H177,high21603.txt_q3,C,2026-07-19T17:04:11,v2026.07.1
H195,high21603.txt_q3,B,2026-07-17T21:25:03,v2026.07.1
H071,high21603.txt_q3,A,2026-07-20T06:17:59,v2026.07.1
H012,high21603.txt_q3,A,2026-07-27T03:37:15,v2026.07.1
H030,high21603.txt_q3,D,2026-07-20T23:12:25,v2026.07.1
H056,high21603.txt_q3,D,2026-07-18T02:24:00,v2026.07.1
H038,high21603.txt_q3,C,2026-07-13T20:40:53,v2026.07.1
H133,high21603.txt_q3,D,2026-07-26T07:25:10,v2026.07.1
H025,high21603.txt_q3,A,2026-07-12T22:29:27,v2026.07.1
H024,high21603.txt_q3,A,2026-07-22T03:26:04,v2026.07.1
H136,high21603.txt_q3,A,2026-07-16T14:26:59,v2026.07.1
H010,high21603.txt_q3,D,2026-07-20T15:16:50,v2026.07.1
H017,high21603.txt_q3,A,2026-07-21T10:54:22,v2026.07.1
H131,high21603.txt_q3,B,2026-07-12T21:41:21,v2026.07.1
H191,high18361.txt_q3,B,2026-07-27T02:13:16,v2026.07.1
H012,high18361.txt_q3,D,2026-07-24T12:17:04,v2026.07.1
H158,high18361.txt_q3,D,2026-07-21T20:18:51,v2026.07.1
H140,high18361.txt_q3,B,2026-07-13T16:20:24,v2026.07.1
H173,high18361.txt_q3,D,2026-07-10T23:18:48,v2026.07.1
H111,high18361.txt_q3,C,2026-07-23T10:34:40,v2026.07.1
H105,high18361.txt_q3,C,2026-07-26T06:18:15,v2026.07.1
H165,high18361.txt_q3,D,2026-07-26T19:21:34,v2026.07.1
H129,high18361.txt_q3,D,2026-07-19T08:21:26,v2026.07.1
H146,high18361.txt_q3,D,2026-07-18T11:00:19,v2026.07.1
H115,high18361.txt_q3,D,2026-07-16T01:04:22,v2026.07.1
H052,high18361.txt_q3,D,2026-07-23T09:32:13,v2026.07.1
H057,high18361.txt_q3,D,2026-07-11T16:07:21,v2026.07.1
H187,high18361.txt_q3,A,2026-07-12T21:03:44,v2026.07.1
H142,high18361.txt_q3,D,2026-07-11T14:24:37,v2026.07.1
H001,high18361.txt_q3,D,2026-07-24T14:38:39,v2026.07.1
H112,high18361.txt_q3,B,2026-07-24T15:56:32,v2026.07.1
H071,high18361.txt_q3,C,2026-07-23T22:09:30,v2026.07.1
H152,high18361.txt_q3,D,2026-07-14T14:07:32,v2026.07.1
H198,high18361.txt_q3,A,2026-07-18T22:40:13,v2026.07.1
H064,high18361.txt_q3,B,2026-07-12T20:38:33,v2026.07.1
H059,high18361.txt_q3,A,2026-07-22T06:10:11,v2026.07.1
H190,high18361.txt_q3,A,2026-07-27T02:44:03,v2026.07.1
H135,high18361.txt_q3,B,2026-07-22T16:53:29,v2026.07.1
H126,high18361.txt_q3,C,2026-07-17T23:22:42,v2026.07.1
H102,high18361.txt_q3,D,2026-07-24T08:31:25,v2026.07.1
H188,high18361.txt_q3,B,2026-07-13T10:58:29,v2026.07.1
H073,high18361.txt_q3,A,2026-07-18T06:23:46,v2026.07.1
H141,high18361.txt_q3,C,2026-07-10T18:19:36,v2026.07.1
H045,high18361.txt_q3,D,2026-07-13T13:23:14,v2026.07.1
H101,high13095.txt_q1,D,2026-07-17T06:14:08,v2026.07.1
H076,high13095.txt_q1,D,2026-07-14T04:28:19,v2026.07.1
H193,high13095.txt_q1,B,2026-07-23T06:15:03,v2026.07.1
H096,high13095.txt_q1,B,2026-07-17T23:00:44,v2026.07.1
H031,high13095.txt_q1,D,2026-07-12T18:50:34,v2026.07.1
H150,high13095.txt_q1,A,2026-07-22T19:55:10,v2026.07.1
H149,high13095.txt_q1,D,2026-07-18T20:56:33,v2026.07.1
H120,high13095.txt_q1,D,2026-07-22T03:26:16,v2026.07.1
H175,high13095.txt_q1,D,2026-07-13T00:21:13,v2026.07.1
H191,high13095.txt_q1,D,2026-07-11T19:19:09,v2026.07.1
H158,high13095.txt_q1,D,2026-07-20T11:55:59,v2026.07.1
H112,high13095.txt_q1,D,2026-07-24T03:53:28,v2026.07.1
H153,high13095.txt_q1,B,2026-07-22T02:52:50,v2026.07.1
H187,high13095.txt_q1,D,2026-07-13T07:55:39,v2026.07.1
H177,high13095.txt_q1,C,2026-07-13T13:12:54,v2026.07.1
H077,high13095.txt_q1,B,2026-07-23T16:25:49,v2026.07.1
H167,high13095.txt_q1,C,2026-07-24T02:49:23,v2026.07.1
H014,high13095.txt_q1,D,2026-07-16T12:46:19,v2026.07.1
H141,high13095.txt_q1,D,2026-07-15T17:59:15,v2026.07.1
H041,high13095.txt_q1,A,2026-07-21T11:10:04,v2026.07.1
H178,high13095.txt_q1,D,2026-07-13T22:24:18,v2026.07.1
H145,high13095.txt_q1,D,2026-07-10T13:49:39,v2026.07.1
H054,high13095.txt_q1,D,2026-07-23T23:15:12,v2026.07.1
H135,high13095.txt_q1,A,2026-07-23T09:42:40,v2026.07.1
H046,high13095.txt_q1,A,2026-07-23T09:03:45,v2026.07.1
H128,high13095.txt_q1,D,2026-07-21T00:06:46,v2026.07.1
H027,high13095.txt_q1,D,2026-07-24T16:54:54,v2026.07.1
H180,high13095.txt_q1,B,2026-07-12T14:39:33,v2026.07.1
H022,high13095.txt_q1,D,2026-07-25T00:47:22,v2026.07.1
H040,high13095.txt_q1,D,2026-07-17T18:16:38,v2026.07.1
H083,high12494.txt_q3,A,2026-07-17T05:19:35,v2026.07.1
H008,high12494.txt_q3,D,2026-07-19T05:48:16,v2026.07.1
H055,high12494.txt_q3,A,2026-07-15T14:19:26,v2026.07.1
H021,high12494.txt_q3,A,2026-07-20T20:12:48,v2026.07.1
H143,high12494.txt_q3,D,2026-07-22T05:37:23,v2026.07.1
H108,high12494.txt_q3,A,2026-07-25T17:00:27,v2026.07.1
H032,high12494.txt_q3,A,2026-07-17T06:11:29,v2026.07.1
H144,high12494.txt_q3,A,2026-07-15T16:20:53,v2026.07.1
H044,high12494.txt_q3,A,2026-07-14T07:40:07,v2026.07.1
H132,high12494.txt_q3,A,2026-07-12T00:20:19,v2026.07.1
H110,high12494.txt_q3,A,2026-07-26T04:00:30,v2026.07.1
H187,high12494.txt_q3,A,2026-07-22T06:25:40,v2026.07.1
H164,high12494.txt_q3,B,2026-07-18T23:53:28,v2026.07.1
H058,high12494.txt_q3,A,2026-07-22T23:20:48,v2026.07.1
H086,high12494.txt_q3,A,2026-07-13T06:36:21,v2026.07.1
H154,high12494.txt_q3,C,2026-07-25T01:32:48,v2026.07.1
H147,high12494.txt_q3,A,2026-07-22T05:13:52,v2026.07.1
H145,high12494.txt_q3,A,2026-07-15T17:01:46,v2026.07.1
H050,high12494.txt_q3,D,2026-07-25T05:02:41,v2026.07.1
H165,high12494.txt_q3,D,2026-07-13T07:31:44,v2026.07.1
H191,high12494.txt_q3,A,2026-07-17T16:25:34,v2026.07.1
H126,high12494.txt_q3,A,2026-07-23T22:07:38,v2026.07.1
H051,high12494.txt_q3,A,2026-07-17T08:06:20,v2026.07.1
H183,high12494.txt_q3,A,2026-07-16T10:57:52,v2026.07.1
H105,high12494.txt_q3,A,2026-07-21T20:35:58,v2026.07.1
H072,high12494.txt_q3,D,2026-07-13T12:15:18,v2026.07.1
H054,high12494.txt_q3,C,2026-07-24T20:14:09,v2026.07.1
H111,high12494.txt_q3,D,2026-07-19T15:33:01,v2026.07.1
H092,high12494.txt_q3,A,2026-07-14T19:01:02,v2026.07.1
H179,high12494.txt_q3,A,2026-07-18T00:08:06,v2026.07.1
H076,high14807.txt_q0,C,2026-07-18T13:26:31,v2026.07.1
H084,high14807.txt_q0,A,2026-07-11T16:04:51,v2026.07.1
H095,high14807.txt_q0,C,2026-07-16T05:28:27,v2026.07.1
H053,high14807.txt_q0,D,2026-07-21T03:59:07,v2026.07.1
H158,high14807.txt_q0,D,2026-07-18T09:24:16,v2026.07.1
H022,high14807.txt_q0,C,2026-07-14T15:28:15,v2026.07.1
H063,high14807.txt_q0,C,2026-07-11T14:20:01,v2026.07.1
H179,high14807.txt_q0,C,2026-07-13T03:26:36,v2026.07.1
H175,high14807.txt_q0,C,2026-07-26T18:13:37,v2026.07.1
H033,high14807.txt_q0,C,2026-07-21T14:41:17,v2026.07.1
H107,high14807.txt_q0,C,2026-07-12T15:23:56,v2026.07.1
H025,high14807.txt_q0,A,2026-07-21T09:52:29,v2026.07.1
H181,high14807.txt_q0,C,2026-07-11T20:10:42,v2026.07.1
H100,high14807.txt_q0,A,2026-07-24T12:51:54,v2026.07.1
H021,high14807.txt_q0,C,2026-07-23T08:46:49,v2026.07.1
H114,high14807.txt_q0,A,2026-07-12T15:51:07,v2026.07.1
H187,high14807.txt_q0,C,2026-07-24T09:37:57,v2026.07.1
H041,high14807.txt_q0,C,2026-07-21T21:18:27,v2026.07.1
H177,high14807.txt_q0,D,2026-07-16T08:44:23,v2026.07.1
H197,high14807.txt_q0,D,2026-07-16T23:55:10,v2026.07.1
H120,high14807.txt_q0,C,2026-07-14T15:01:55,v2026.07.1
H040,high14807.txt_q0,C,2026-07-21T03:50:20,v2026.07.1
H143,high14807.txt_q0,C,2026-07-24T12:00:49,v2026.07.1
H101,high14807.txt_q0,B,2026-07-13T15:46:12,v2026.07.1
H085,high14807.txt_q0,C,2026-07-22T19:41:23,v2026.07.1
H189,high14807.txt_q0,C,2026-07-23T04:58:56,v2026.07.1
H167,high14807.txt_q0,C,2026-07-20T14:31:39,v2026.07.1
H013,high14807.txt_q0,C,2026-07-20T23:19:02,v2026.07.1
H191,high14807.txt_q0,C,2026-07-22T14:37:17,v2026.07.1
H030,high14807.txt_q0,B,2026-07-12T16:13:02,v2026.07.1
H190,high22062.txt_q0,B,2026-07-14T20:24:26,v2026.07.1
H129,high22062.txt_q0,B,2026-07-21T18:03:09,v2026.07.1
H073,high22062.txt_q0,B,2026-07-24T15:59:25,v2026.07.1
H103,high22062.txt_q0,C,2026-07-17T09:20:56,v2026.07.1
H004,high22062.txt_q0,D,2026-07-12T05:08:02,v2026.07.1
H157,high22062.txt_q0,B,2026-07-20T10:22:37,v2026.07.1
H052,high22062.txt_q0,B,2026-07-27T07:36:14,v2026.07.1
H047,high22062.txt_q0,C,2026-07-14T03:44:40,v2026.07.1
H106,high22062.txt_q0,B,2026-07-23T14:51:44,v2026.07.1
H133,high22062.txt_q0,B,2026-07-25T04:51:23,v2026.07.1
H149,high22062.txt_q0,B,2026-07-13T07:48:50,v2026.07.1
H197,high22062.txt_q0,C,2026-07-15T12:54:51,v2026.07.1
H074,high22062.txt_q0,D,2026-07-13T15:06:02,v2026.07.1
H085,high22062.txt_q0,D,2026-07-21T15:22:53,v2026.07.1
H152,high22062.txt_q0,A,2026-07-21T17:43:56,v2026.07.1
H032,high22062.txt_q0,B,2026-07-24T00:44:08,v2026.07.1
H195,high22062.txt_q0,B,2026-07-15T00:05:34,v2026.07.1
H044,high22062.txt_q0,A,2026-07-15T16:37:56,v2026.07.1
H061,high22062.txt_q0,C,2026-07-27T05:24:45,v2026.07.1
H050,high22062.txt_q0,D,2026-07-20T08:15:28,v2026.07.1
H080,high22062.txt_q0,B,2026-07-11T04:36:05,v2026.07.1
H079,high22062.txt_q0,B,2026-07-13T12:06:46,v2026.07.1
H068,high22062.txt_q0,D,2026-07-15T09:51:23,v2026.07.1
H179,high22062.txt_q0,A,2026-07-27T06:07:16,v2026.07.1
H169,high22062.txt_q0,D,2026-07-23T16:45:56,v2026.07.1
H037,high22062.txt_q0,B,2026-07-24T21:55:38,v2026.07.1
H033,high22062.txt_q0,B,2026-07-21T17:13:04,v2026.07.1
H025,high22062.txt_q0,B,2026-07-18T19:52:59,v2026.07.1
H003,high22062.txt_q0,A,2026-07-19T11:00:11,v2026.07.1
H092,high22062.txt_q0,A,2026-07-25T10:33:27,v2026.07.1
H176,high8453.txt_q2,C,2026-07-11T17:20:57,v2026.07.1
H146,high8453.txt_q2,C,2026-07-22T02:58:33,v2026.07.1
H160,high8453.txt_q2,C,2026-07-18T00:02:13,v2026.07.1
H121,high8453.txt_q2,D,2026-07-27T16:14:34,v2026.07.1
H001,high8453.txt_q2,B,2026-07-22T01:36:36,v2026.07.1
H086,high8453.txt_q2,C,2026-07-25T04:13:35,v2026.07.1
H063,high8453.txt_q2,C,2026-07-22T07:44:41,v2026.07.1
H102,high8453.txt_q2,C,2026-07-22T16:27:10,v2026.07.1
H020,high8453.txt_q2,C,2026-07-23T07:30:38,v2026.07.1
H037,high8453.txt_q2,C,2026-07-15T03:27:01,v2026.07.1
H019,high8453.txt_q2,C,2026-07-15T10:11:16,v2026.07.1
H093,high8453.txt_q2,A,2026-07-12T11:25:22,v2026.07.1
H118,high8453.txt_q2,C,2026-07-23T17:03:45,v2026.07.1
H172,high8453.txt_q2,B,2026-07-26T02:27:24,v2026.07.1
H101,high8453.txt_q2,C,2026-07-17T10:52:56,v2026.07.1
H158,high8453.txt_q2,C,2026-07-27T12:34:28,v2026.07.1
H081,high8453.txt_q2,C,2026-07-22T05:25:27,v2026.07.1
H147,high8453.txt_q2,C,2026-07-27T13:10:20,v2026.07.1
H069,high8453.txt_q2,C,2026-07-23T07:19:26,v2026.07.1
H152,high8453.txt_q2,D,2026-07-18T03:03:14,v2026.07.1
H002,high8453.txt_q2,C,2026-07-26T10:25:43,v2026.07.1
H149,high8453.txt_q2,C,2026-07-12T15:05:42,v2026.07.1
H047,high8453.txt_q2,C,2026-07-16T10:10:33,v2026.07.1
H148,high8453.txt_q2,C,2026-07-19T07:15:24,v2026.07.1
H189,high8453.txt_q2,C,2026-07-24T14:56:29,v2026.07.1
H039,high8453.txt_q2,C,2026-07-15T11:48:30,v2026.07.1
H114,high8453.txt_q2,B,2026-07-10T23:19:53,v2026.07.1
H175,high8453.txt_q2,C,2026-07-13T18:01:30,v2026.07.1
H011,high8453.txt_q2,B,2026-07-13T16:51:31,v2026.07.1
H119,high8453.txt_q2,C,2026-07-13T11:48:47,v2026.07.1
H186,high11279.txt_q0,B,2026-07-21T15:09:01,v2026.07.1
H014,high11279.txt_q0,D,2026-07-14T15:03:08,v2026.07.1
H111,high11279.txt_q0,B,2026-07-26T11:29:17,v2026.07.1
H131,high11279.txt_q0,B,2026-07-20T09:29:42,v2026.07.1
H038,high11279.txt_q0,B,2026-07-17T05:39:04,v2026.07.1
H177,high11279.txt_q0,B,2026-07-23T00:59:56,v2026.07.1
H031,high11279.txt_q0,B,2026-07-18T03:31:56,v2026.07.1
H062,high11279.txt_q0,D,2026-07-14T04:54:21,v2026.07.1
H037,high11279.txt_q0,B,2026-07-21T01:47:44,v2026.07.1
H008,high11279.txt_q0,A,2026-07-17T17:48:42,v2026.07.1
H070,high11279.txt_q0,B,2026-07-19T10:10:12,v2026.07.1
H157,high11279.txt_q0,B,2026-07-15T02:08:29,v2026.07.1
H055,high11279.txt_q0,D,2026-07-10T22:21:38,v2026.07.1
H060,high11279.txt_q0,A,2026-07-27T05:03:18,v2026.07.1
H197,high11279.txt_q0,B,2026-07-11T15:43:17,v2026.07.1
H168,high11279.txt_q0,B,2026-07-26T21:41:18,v2026.07.1
H047,high11279.txt_q0,B,2026-07-22T19:02:22,v2026.07.1
H089,high11279.txt_q0,B,2026-07-25T20:57:54,v2026.07.1
H115,high11279.txt_q0,B,2026-07-12T02:48:38,v2026.07.1
H001,high11279.txt_q0,B,2026-07-21T23:25:49,v2026.07.1
H176,high11279.txt_q0,B,2026-07-11T07:53:30,v2026.07.1
H125,high11279.txt_q0,A,2026-07-21T13:29:05,v2026.07.1
H150,high11279.txt_q0,B,2026-07-19T21:55:24,v2026.07.1
H178,high11279.txt_q0,B,2026-07-13T12:36:18,v2026.07.1
H155,high11279.txt_q0,B,2026-07-26T05:43:06,v2026.07.1
H154,high11279.txt_q0,B,2026-07-17T22:30:10,v2026.07.1
H127,high11279.txt_q0,B,2026-07-27T16:11:46,v2026.07.1
H050,high11279.txt_q0,B,2026-07-25T16:36:14,v2026.07.1
H151,high11279.txt_q0,B,2026-07-17T06:22:37,v2026.07.1
H041,high11279.txt_q0,B,2026-07-17T15:38:37,v2026.07.1
H023,high11742.txt_q1,C,2026-07-17T01:25:03,v2026.07.1
H059,high11742.txt_q1,B,2026-07-15T22:15:06,v2026.07.1
H053,high11742.txt_q1,C,2026-07-22T17:48:23,v2026.07.1
H157,high11742.txt_q1,A,2026-07-19T01:14:31,v2026.07.1
H058,high11742.txt_q1,A,2026-07-15T11:29:02,v2026.07.1
H163,high11742.txt_q1,A,2026-07-26T14:07:15,v2026.07.1
H136,high11742.txt_q1,A,2026-07-27T10:19:04,v2026.07.1
H125,high11742.txt_q1,D,2026-07-21T08:06:21,v2026.07.1
H045,high11742.txt_q1,A,2026-07-16T13:22:17,v2026.07.1
H042,high11742.txt_q1,A,2026-07-14T08:56:18,v2026.07.1
H064,high11742.txt_q1,C,2026-07-12T12:28:24,v2026.07.1
H099,high11742.txt_q1,A,2026-07-18T15:14:34,v2026.07.1
H047,high11742.txt_q1,A,2026-07-24T06:50:28,v2026.07.1
H200,high11742.txt_q1,D,2026-07-23T23:25:40,v2026.07.1
H062,high11742.txt_q1,A,2026-07-27T00:48:29,v2026.07.1
H150,high11742.txt_q1,A,2026-07-21T09:37:18,v2026.07.1
H082,high11742.txt_q1,C,2026-07-10T15:15:10,v2026.07.1
H143,high11742.txt_q1,C,2026-07-18T01:41:14,v2026.07.1
H162,high11742.txt_q1,B,2026-07-11T11:37:21,v2026.07.1
H117,high11742.txt_q1,A,2026-07-22T23:39:10,v2026.07.1
H119,high11742.txt_q1,A,2026-07-19T07:33:39,v2026.07.1
H089,high11742.txt_q1,A,2026-07-11T20:07:04,v2026.07.1
H130,high11742.txt_q1,A,2026-07-14T07:07:18,v2026.07.1
H122,high11742.txt_q1,A,2026-07-12T06:52:57,v2026.07.1
H160,high11742.txt_q1,D,2026-07-21T12:31:46,v2026.07.1
H021,high11742.txt_q1,C,2026-07-14T20:08:15,v2026.07.1
H012,high11742.txt_q1,A,2026-07-16T03:31:52,v2026.07.1
H027,high11742.txt_q1,A,2026-07-14T00:55:07,v2026.07.1
H057,high11742.txt_q1,A,2026-07-19T18:51:45,v2026.07.1
H030,high11742.txt_q1,A,2026-07-11T08:45:04,v2026.07.1
H121,high10788.txt_q2,C,2026-07-12T20:53:01,v2026.07.1
H162,high10788.txt_q2,C,2026-07-17T03:37:50,v2026.07.1
H040,high10788.txt_q2,B,2026-07-13T05:56:07,v2026.07.1
H080,high10788.txt_q2,C,2026-07-21T11:47:40,v2026.07.1
H133,high10788.txt_q2,C,2026-07-18T14:29:24,v2026.07.1
H160,high10788.txt_q2,D,2026-07-17T00:32:29,v2026.07.1
H052,high10788.txt_q2,C,2026-07-19T03:39:47,v2026.07.1
H019,high10788.txt_q2,C,2026-07-13T18:20:11,v2026.07.1
H142,high10788.txt_q2,B,2026-07-14T11:03:57,v2026.07.1
H157,high10788.txt_q2,C,2026-07-11T21:22:16,v2026.07.1
H085,high10788.txt_q2,D,2026-07-13T10:16:59,v2026.07.1
H179,high10788.txt_q2,C,2026-07-17T10:27:21,v2026.07.1
H032,high10788.txt_q2,C,2026-07-22T06:55:35,v2026.07.1
H116,high10788.txt_q2,C,2026-07-25T08:09:37,v2026.07.1
H125,high10788.txt_q2,C,2026-07-19T06:30:16,v2026.07.1
H086,high10788.txt_q2,C,2026-07-21T21:02:08,v2026.07.1
H012,high10788.txt_q2,A,2026-07-14T22:51:23,v2026.07.1
H174,high10788.txt_q2,C,2026-07-11T02:58:30,v2026.07.1
H100,high10788.txt_q2,C,2026-07-22T13:10:07,v2026.07.1
H103,high10788.txt_q2,D,2026-07-12T18:47:46,v2026.07.1
H053,high10788.txt_q2,A,2026-07-27T11:57:16,v2026.07.1
H037,high10788.txt_q2,B,2026-07-27T17:11:53,v2026.07.1
H004,high10788.txt_q2,C,2026-07-27T00:58:15,v2026.07.1
H055,high10788.txt_q2,C,2026-07-10T13:19:04,v2026.07.1
H117,high10788.txt_q2,A,2026-07-13T22:48:13,v2026.07.1
H009,high10788.txt_q2,A,2026-07-24T10:46:44,v2026.07.1
H015,high10788.txt_q2,C,2026-07-16T21:45:14,v2026.07.1
H078,high10788.txt_q2,A,2026-07-12T08:33:31,v2026.07.1
H025,high10788.txt_q2,A,2026-07-11T02:49:11,v2026.07.1
H192,high10788.txt_q2,C,2026-07-22T04:08:14,v2026.07.1
H145,high16138.txt_q1,A,2026-07-13T03:12:45,v2026.07.1
H178,high16138.txt_q1,A,2026-07-23T21:59:17,v2026.07.1
H139,high16138.txt_q1,A,2026-07-14T15:18:33,v2026.07.1
H034,high16138.txt_q1,A,2026-07-18T06:42:16,v2026.07.1
H142,high16138.txt_q1,D,2026-07-26T18:01:54,v2026.07.1
H083,high16138.txt_q1,A,2026-07-22T00:11:49,v2026.07.1
H161,high16138.txt_q1,D,2026-07-23T15:42:02,v2026.07.1
H197,high16138.txt_q1,A,2026-07-27T00:01:45,v2026.07.1
H023,high16138.txt_q1,A,2026-07-15T08:58:27,v2026.07.1
H195,high16138.txt_q1,A,2026-07-15T00:49:30,v2026.07.1
H042,high16138.txt_q1,A,2026-07-23T03:50:26,v2026.07.1
H127,high16138.txt_q1,A,2026-07-25T00:49:20,v2026.07.1
H029,high16138.txt_q1,C,2026-07-10T16:33:08,v2026.07.1
H170,high16138.txt_q1,A,2026-07-22T15:41:46,v2026.07.1
H036,high16138.txt_q1,A,2026-07-22T14:13:01,v2026.07.1
H114,high16138.txt_q1,B,2026-07-24T05:54:10,v2026.07.1
H057,high16138.txt_q1,A,2026-07-21T18:14:40,v2026.07.1
H058,high16138.txt_q1,B,2026-07-19T05:37:07,v2026.07.1
H159,high16138.txt_q1,A,2026-07-12T07:23:06,v2026.07.1
H106,high16138.txt_q1,C,2026-07-17T11:45:31,v2026.07.1
H151,high16138.txt_q1,A,2026-07-19T18:09:35,v2026.07.1
H065,high16138.txt_q1,D,2026-07-14T18:01:36,v2026.07.1
H101,high16138.txt_q1,A,2026-07-22T04:21:15,v2026.07.1
H013,high16138.txt_q1,A,2026-07-19T01:31:57,v2026.07.1
H006,high16138.txt_q1,D,2026-07-16T04:14:29,v2026.07.1
H064,high16138.txt_q1,A,2026-07-14T06:15:59,v2026.07.1
H141,high16138.txt_q1,A,2026-07-12T07:09:29,v2026.07.1
H005,high16138.txt_q1,B,2026-07-17T20:09:52,v2026.07.1
H024,high16138.txt_q1,A,2026-07-22T08:48:10,v2026.07.1
H198,high16138.txt_q1,A,2026-07-25T01:37:31,v2026.07.1
H187,high3765.txt_q3,D,2026-07-12T16:46:13,v2026.07.1
H056,high3765.txt_q3,A,2026-07-18T23:49:17,v2026.07.1
H097,high3765.txt_q3,D,2026-07-17T15:51:33,v2026.07.1
H082,high3765.txt_q3,A,2026-07-13T21:55:29,v2026.07.1
H032,high3765.txt_q3,A,2026-07-21T14:56:37,v2026.07.1
H143,high3765.txt_q3,A,2026-07-26T16:27:09,v2026.07.1
H077,high3765.txt_q3,A,2026-07-12T21:12:38,v2026.07.1
H068,high3765.txt_q3,D,2026-07-12T17:40:01,v2026.07.1
H083,high3765.txt_q3,A,2026-07-20T23:21:32,v2026.07.1
H066,high3765.txt_q3,A,2026-07-25T21:52:54,v2026.07.1
H025,high3765.txt_q3,A,2026-07-25T03:58:22,v2026.07.1
H040,high3765.txt_q3,C,2026-07-24T17:34:59,v2026.07.1
H181,high3765.txt_q3,D,2026-07-24T11:46:25,v2026.07.1
H084,high3765.txt_q3,A,2026-07-19T07:37:55,v2026.07.1
H014,high3765.txt_q3,B,2026-07-18T00:09:57,v2026.07.1
H190,high3765.txt_q3,A,2026-07-13T04:35:44,v2026.07.1
H194,high3765.txt_q3,A,2026-07-18T04:08:06,v2026.07.1
H171,high3765.txt_q3,A,2026-07-26T10:16:32,v2026.07.1
H076,high3765.txt_q3,A,2026-07-10T14:50:41,v2026.07.1
H018,high3765.txt_q3,A,2026-07-23T18:04:18,v2026.07.1
H184,high3765.txt_q3,A,2026-07-25T15:46:10,v2026.07.1
H156,high3765.txt_q3,A,2026-07-16T05:09:54,v2026.07.1
H051,high3765.txt_q3,A,2026-07-15T00:03:22,v2026.07.1
H061,high3765.txt_q3,A,2026-07-23T03:27:18,v2026.07.1
H049,high3765.txt_q3,A,2026-07-22T21:06:33,v2026.07.1
H196,high3765.txt_q3,D,2026-07-10T23:27:16,v2026.07.1
H118,high3765.txt_q3,A,2026-07-24T02:28:42,v2026.07.1
H039,high3765.txt_q3,A,2026-07-15T13:22:32,v2026.07.1
H164,high3765.txt_q3,A,2026-07-17T18:33:39,v2026.07.1
H015,high3765.txt_q3,B,2026-07-15T16:31:51,v2026.07.1
H076,high7037.txt_q0,B,2026-07-17T01:09:35,v2026.07.1
H119,high7037.txt_q0,D,2026-07-17T14:20:55,v2026.07.1
H120,high7037.txt_q0,B,2026-07-19T09:43:27,v2026.07.1
H114,high7037.txt_q0,B,2026-07-16T00:53:14,v2026.07.1
H121,high7037.txt_q0,B,2026-07-10T11:33:08,v2026.07.1
H043,high7037.txt_q0,A,2026-07-16T15:18:30,v2026.07.1
H074,high7037.txt_q0,A,2026-07-11T07:35:46,v2026.07.1
H097,high7037.txt_q0,B,2026-07-26T12:57:25,v2026.07.1
H166,high7037.txt_q0,C,2026-07-23T09:23:46,v2026.07.1
H186,high7037.txt_q0,B,2026-07-14T23:30:51,v2026.07.1
H134,high7037.txt_q0,B,2026-07-11T02:26:25,v2026.07.1
H023,high7037.txt_q0,A,2026-07-15T12:07:57,v2026.07.1
H137,high7037.txt_q0,C,2026-07-13T09:11:45,v2026.07.1
H181,high7037.txt_q0,B,2026-07-25T07:53:55,v2026.07.1
H045,high7037.txt_q0,A,2026-07-18T06:31:13,v2026.07.1
H158,high7037.txt_q0,B,2026-07-16T08:11:09,v2026.07.1
H124,high7037.txt_q0,B,2026-07-19T19:25:01,v2026.07.1
H193,high7037.txt_q0,A,2026-07-11T20:39:22,v2026.07.1
H039,high7037.txt_q0,A,2026-07-11T15:31:00,v2026.07.1
H036,high7037.txt_q0,C,2026-07-11T06:02:04,v2026.07.1
H049,high7037.txt_q0,B,2026-07-23T09:12:51,v2026.07.1
H047,high7037.txt_q0,B,2026-07-14T17:41:52,v2026.07.1
H173,high7037.txt_q0,B,2026-07-22T08:09:17,v2026.07.1
H010,high7037.txt_q0,C,2026-07-17T08:51:49,v2026.07.1
H029,high7037.txt_q0,D,2026-07-13T12:34:00,v2026.07.1
H184,high7037.txt_q0,B,2026-07-20T15:19:49,v2026.07.1
H174,high7037.txt_q0,B,2026-07-24T04:05:36,v2026.07.1
H148,high7037.txt_q0,B,2026-07-26T00:53:02,v2026.07.1
H139,high7037.txt_q0,B,2026-07-26T13:17:34,v2026.07.1
H015,high7037.txt_q0,D,2026-07-19T17:08:26,v2026.07.1
H111,high2176.txt_q3,B,2026-07-23T13:35:45,v2026.07.1
H025,high2176.txt_q3,B,2026-07-12T18:01:50,v2026.07.1
H188,high2176.txt_q3,B,2026-07-20T05:15:08,v2026.07.1
H160,high2176.txt_q3,B,2026-07-21T05:51:34,v2026.07.1
H006,high2176.txt_q3,B,2026-07-22T12:18:36,v2026.07.1
H107,high2176.txt_q3,C,2026-07-26T21:09:50,v2026.07.1
H026,high2176.txt_q3,C,2026-07-14T00:33:12,v2026.07.1
H175,high2176.txt_q3,B,2026-07-23T00:49:50,v2026.07.1
H166,high2176.txt_q3,B,2026-07-17T07:10:06,v2026.07.1
H040,high2176.txt_q3,A,2026-07-14T08:44:28,v2026.07.1
H194,high2176.txt_q3,B,2026-07-23T23:05:45,v2026.07.1
H013,high2176.txt_q3,B,2026-07-13T04:58:58,v2026.07.1
H046,high2176.txt_q3,B,2026-07-11T21:24:52,v2026.07.1
H093,high2176.txt_q3,B,2026-07-22T12:11:57,v2026.07.1
H044,high2176.txt_q3,B,2026-07-14T19:34:05,v2026.07.1
H116,high2176.txt_q3,B,2026-07-20T09:59:55,v2026.07.1
H141,high2176.txt_q3,C,2026-07-21T06:41:28,v2026.07.1
H185,high2176.txt_q3,B,2026-07-16T21:59:25,v2026.07.1
H101,high2176.txt_q3,B,2026-07-15T07:46:06,v2026.07.1
H019,high2176.txt_q3,B,2026-07-24T21:23:45,v2026.07.1
H022,high2176.txt_q3,B,2026-07-21T12:27:08,v2026.07.1
H183,high2176.txt_q3,D,2026-07-23T12:32:10,v2026.07.1
H123,high2176.txt_q3,A,2026-07-14T06:52:46,v2026.07.1
H083,high2176.txt_q3,B,2026-07-14T11:19:46,v2026.07.1
H137,high2176.txt_q3,B,2026-07-27T13:40:46,v2026.07.1
H117,high2176.txt_q3,B,2026-07-23T16:39:08,v2026.07.1
H151,high2176.txt_q3,B,2026-07-23T03:12:04,v2026.07.1
H163,high2176.txt_q3,C,2026-07-12T10:13:36,v2026.07.1
H150,high2176.txt_q3,B,2026-07-10T17:10:39,v2026.07.1
H104,high2176.txt_q3,B,2026-07-19T07:36:52,v2026.07.1
H044,high23039.txt_q0,B,2026-07-15T11:13:15,v2026.07.1
H180,high23039.txt_q0,D,2026-07-13T09:40:10,v2026.07.1
H154,high23039.txt_q0,D,2026-07-16T20:10:20,v2026.07.1
H022,high23039.txt_q0,D,2026-07-14T21:06:42,v2026.07.1
H147,high23039.txt_q0,C,2026-07-13T11:51:41,v2026.07.1
H048,high23039.txt_q0,C,2026-07-12T12:39:12,v2026.07.1
H105,high23039.txt_q0,A,2026-07-22T20:49:25,v2026.07.1
H188,high23039.txt_q0,D,2026-07-16T21:17:21,v2026.07.1
H073,high23039.txt_q0,D,2026-07-10T21:07:17,v2026.07.1
H197,high23039.txt_q0,D,2026-07-27T06:56:25,v2026.07.1
H037,high23039.txt_q0,D,2026-07-12T15:45:43,v2026.07.1
H121,high23039.txt_q0,D,2026-07-26T01:41:59,v2026.07.1
H064,high23039.txt_q0,C,2026-07-11T19:39:18,v2026.07.1
H128,high23039.txt_q0,D,2026-07-25T11:33:08,v2026.07.1
H055,high23039.txt_q0,D,2026-07-16T10:08:15,v2026.07.1
H184,high23039.txt_q0,A,2026-07-23T03:45:00,v2026.07.1
H142,high23039.txt_q0,D,2026-07-20T04:34:09,v2026.07.1
H082,high23039.txt_q0,B,2026-07-17T10:27:23,v2026.07.1
H110,high23039.txt_q0,D,2026-07-16T05:47:32,v2026.07.1
H186,high23039.txt_q0,D,2026-07-13T12:26:28,v2026.07.1
H006,high23039.txt_q0,C,2026-07-12T01:07:41,v2026.07.1
H063,high23039.txt_q0,A,2026-07-18T06:16:57,v2026.07.1
H174,high23039.txt_q0,C,2026-07-18T11:13:09,v2026.07.1
H002,high23039.txt_q0,D,2026-07-21T01:10:37,v2026.07.1
H074,high23039.txt_q0,A,2026-07-22T07:58:47,v2026.07.1
H185,high23039.txt_q0,B,2026-07-22T05:01:17,v2026.07.1
H012,high23039.txt_q0,D,2026-07-10T09:16:32,v2026.07.1
H051,high23039.txt_q0,D,2026-07-18T18:50:08,v2026.07.1
H130,high23039.txt_q0,D,2026-07-22T00:25:37,v2026.07.1
H171,high23039.txt_q0,D,2026-07-18T23:35:51,v2026.07.1
H040,high12824.txt_q1,C,2026-07-25T22:58:14,v2026.07.1
H002,high12824.txt_q1,D,2026-07-12T05:22:15,v2026.07.1
H149,high12824.txt_q1,C,2026-07-18T07:23:06,v2026.07.1
H085,high12824.txt_q1,B,2026-07-19T10:15:57,v2026.07.1
H150,high12824.txt_q1,C,2026-07-27T10:31:34,v2026.07.1
H169,high12824.txt_q1,C,2026-07-24T07:29:45,v2026.07.1
H113,high12824.txt_q1,C,2026-07-13T11:28:12,v2026.07.1
H084,high12824.txt_q1,C,2026-07-18T23:30:30,v2026.07.1
H061,high12824.txt_q1,C,2026-07-11T17:48:50,v2026.07.1
H103,high12824.txt_q1,A,2026-07-20T17:13:47,v2026.07.1
H108,high12824.txt_q1,C,2026-07-24T23:23:29,v2026.07.1
H134,high12824.txt_q1,A,2026-07-12T05:06:22,v2026.07.1
H120,high12824.txt_q1,C,2026-07-12T07:24:18,v2026.07.1
H037,high12824.txt_q1,A,2026-07-25T02:59:02,v2026.07.1
H003,high12824.txt_q1,C,2026-07-27T05:51:12,v2026.07.1
H035,high12824.txt_q1,B,2026-07-10T16:47:13,v2026.07.1
H009,high12824.txt_q1,C,2026-07-21T07:48:08,v2026.07.1
H190,high12824.txt_q1,B,2026-07-20T10:38:43,v2026.07.1
H042,high12824.txt_q1,C,2026-07-16T07:47:05,v2026.07.1
H073,high12824.txt_q1,C,2026-07-15T00:28:02,v2026.07.1
H083,high12824.txt_q1,C,2026-07-16T08:48:00,v2026.07.1
H123,high12824.txt_q1,C,2026-07-22T04:14:08,v2026.07.1
H031,high12824.txt_q1,C,2026-07-19T10:25:31,v2026.07.1
H119,high12824.txt_q1,D,2026-07-23T04:10:50,v2026.07.1
H045,high12824.txt_q1,C,2026-07-13T15:19:19,v2026.07.1
H106,high12824.txt_q1,C,2026-07-21T04:34:44,v2026.07.1
H039,high12824.txt_q1,B,2026-07-22T16:27:07,v2026.07.1
H068,high12824.txt_q1,C,2026-07-12T19:28:15,v2026.07.1
H051,high12824.txt_q1,C,2026-07-22T03:17:06,v2026.07.1
H098,high12824.txt_q1,D,2026-07-20T00:28:39,v2026.07.1
H192,high14235.txt_q3,B,2026-07-19T12:18:23,v2026.07.1
H126,high14235.txt_q3,A,2026-07-25T16:37:39,v2026.07.1
H083,high14235.txt_q3,B,2026-07-13T13:56:56,v2026.07.1
H017,high14235.txt_q3,B,2026-07-22T07:22:20,v2026.07.1
H031,high14235.txt_q3,B,2026-07-23T12:28:33,v2026.07.1
H065,high14235.txt_q3,B,2026-07-11T13:10:09,v2026.07.1
H127,high14235.txt_q3,B,2026-07-15T01:37:18,v2026.07.1
H101,high14235.txt_q3,B,2026-07-27T05:10:38,v2026.07.1
H100,high14235.txt_q3,C,2026-07-19T21:39:08,v2026.07.1
H131,high14235.txt_q3,B,2026-07-22T20:12:23,v2026.07.1
H166,high14235.txt_q3,B,2026-07-26T16:32:13,v2026.07.1
H023,high14235.txt_q3,C,2026-07-22T07:02:57,v2026.07.1
H176,high14235.txt_q3,C,2026-07-27T07:09:21,v2026.07.1
H008,high14235.txt_q3,B,2026-07-20T02:13:25,v2026.07.1
H178,high14235.txt_q3,B,2026-07-19T00:36:58,v2026.07.1
H096,high14235.txt_q3,B,2026-07-13T09:29:49,v2026.07.1
H091,high14235.txt_q3,C,2026-07-20T05:24:48,v2026.07.1
H009,high14235.txt_q3,D,2026-07-27T03:39:15,v2026.07.1
H095,high14235.txt_q3,B,2026-07-22T22:31:57,v2026.07.1
H055,high14235.txt_q3,B,2026-07-19T20:07:17,v2026.07.1
H170,high14235.txt_q3,B,2026-07-23T13:17:17,v2026.07.1
H112,high14235.txt_q3,B,2026-07-13T08:56:02,v2026.07.1
H200,high14235.txt_q3,D,2026-07-25T14:59:17,v2026.07.1
H139,high14235.txt_q3,D,2026-07-16T13:17:16,v2026.07.1
H173,high14235.txt_q3,B,2026-07-15T14:12:57,v2026.07.1
H108,high14235.txt_q3,A,2026-07-13T07:53:41,v2026.07.1
H107,high14235.txt_q3,A,2026-07-20T20:21:12,v2026.07.1
H019,high14235.txt_q3,B,2026-07-25T09:26:03,v2026.07.1
H142,high14235.txt_q3,B,2026-07-18T22:15:56,v2026.07.1
H171,high14235.txt_q3,C,2026-07-12T06:18:58,v2026.07.1
H076,high18639.txt_q1,B,2026-07-16T17:28:21,v2026.07.1
H041,high18639.txt_q1,C,2026-07-10T18:21:46,v2026.07.1
H025,high18639.txt_q1,B,2026-07-14T13:39:45,v2026.07.1
H116,high18639.txt_q1,B,2026-07-24T15:01:50,v2026.07.1
H029,high18639.txt_q1,C,2026-07-17T10:08:03,v2026.07.1
H062,high18639.txt_q1,D,2026-07-17T07:54:09,v2026.07.1
H175,high18639.txt_q1,A,2026-07-23T09:05:11,v2026.07.1
H065,high18639.txt_q1,D,2026-07-18T07:50:06,v2026.07.1
H005,high18639.txt_q1,D,2026-07-23T16:34:22,v2026.07.1
H028,high18639.txt_q1,C,2026-07-13T07:09:13,v2026.07.1
H180,high18639.txt_q1,C,2026-07-21T17:28:59,v2026.07.1
H102,high18639.txt_q1,C,2026-07-23T06:59:41,v2026.07.1
H163,high18639.txt_q1,C,2026-07-14T19:44:30,v2026.07.1
H197,high18639.txt_q1,C,2026-07-13T13:32:40,v2026.07.1
H182,high18639.txt_q1,C,2026-07-13T10:38:10,v2026.07.1
H126,high18639.txt_q1,C,2026-07-18T22:54:15,v2026.07.1
H152,high18639.txt_q1,C,2026-07-15T12:58:25,v2026.07.1
H015,high18639.txt_q1,A,2026-07-23T17:09:37,v2026.07.1
H008,high18639.txt_q1,C,2026-07-19T22:10:02,v2026.07.1
H033,high18639.txt_q1,B,2026-07-14T21:11:25,v2026.07.1
H159,high18639.txt_q1,C,2026-07-22T09:09:11,v2026.07.1
H099,high18639.txt_q1,C,2026-07-18T21:43:56,v2026.07.1
H149,high18639.txt_q1,C,2026-07-27T15:02:22,v2026.07.1
H082,high18639.txt_q1,C,2026-07-11T00:45:20,v2026.07.1
H045,high18639.txt_q1,A,2026-07-26T01:42:29,v2026.07.1
H181,high18639.txt_q1,C,2026-07-20T07:11:03,v2026.07.1
H146,high18639.txt_q1,C,2026-07-10T15:06:26,v2026.07.1
H083,high18639.txt_q1,C,2026-07-13T07:20:38,v2026.07.1
H161,high18639.txt_q1,C,2026-07-13T14:07:27,v2026.07.1
H160,high18639.txt_q1,D,2026-07-17T23:19:37,v2026.07.1
H078,high7252.txt_q0,B,2026-07-19T02:48:17,v2026.07.1
H142,high7252.txt_q0,D,2026-07-22T00:04:54,v2026.07.1
H141,high7252.txt_q0,D,2026-07-16T01:04:05,v2026.07.1
H113,high7252.txt_q0,D,2026-07-22T21:25:12,v2026.07.1
H108,high7252.txt_q0,D,2026-07-23T04:19:13,v2026.07.1
H081,high7252.txt_q0,D,2026-07-25T23:22:02,v2026.07.1
H054,high7252.txt_q0,D,2026-07-24T01:56:08,v2026.07.1
H181,high7252.txt_q0,A,2026-07-25T04:32:05,v2026.07.1
H020,high7252.txt_q0,B,2026-07-27T16:43:33,v2026.07.1
H028,high7252.txt_q0,D,2026-07-21T11:39:32,v2026.07.1
H075,high7252.txt_q0,C,2026-07-26T11:21:30,v2026.07.1
H036,high7252.txt_q0,D,2026-07-27T15:13:14,v2026.07.1
H076,high7252.txt_q0,A,2026-07-25T06:06:10,v2026.07.1
H187,high7252.txt_q0,D,2026-07-23T12:09:32,v2026.07.1
H004,high7252.txt_q0,D,2026-07-16T12:20:54,v2026.07.1
H177,high7252.txt_q0,B,2026-07-24T03:23:49,v2026.07.1
H125,high7252.txt_q0,B,2026-07-20T20:06:13,v2026.07.1
H164,high7252.txt_q0,B,2026-07-27T15:37:33,v2026.07.1
H138,high7252.txt_q0,D,2026-07-12T14:49:15,v2026.07.1
H018,high7252.txt_q0,B,2026-07-26T20:21:22,v2026.07.1
H110,high7252.txt_q0,D,2026-07-27T14:24:05,v2026.07.1
H106,high7252.txt_q0,D,2026-07-24T08:26:50,v2026.07.1
H030,high7252.txt_q0,D,2026-07-14T14:58:19,v2026.07.1
H169,high7252.txt_q0,D,2026-07-19T14:36:53,v2026.07.1
H179,high7252.txt_q0,D,2026-07-23T08:55:45,v2026.07.1
H191,high7252.txt_q0,C,2026-07-21T05:31:45,v2026.07.1
H144,high7252.txt_q0,B,2026-07-24T00:56:53,v2026.07.1
H027,high7252.txt_q0,D,2026-07-17T02:44:50,v2026.07.1
H009,high7252.txt_q0,A,2026-07-13T23:40:42,v2026.07.1
H149,high7252.txt_q0,D,2026-07-12T10:01:59,v2026.07.1
H135,high20537.txt_q1,B,2026-07-23T02:22:18,v2026.07.1
H149,high20537.txt_q1,B,2026-07-26T00:19:07,v2026.07.1
H089,high20537.txt_q1,B,2026-07-19T14:28:13,v2026.07.1
H039,high20537.txt_q1,B,2026-07-20T08:35:29,v2026.07.1
H078,high20537.txt_q1,B,2026-07-15T15:29:47,v2026.07.1
H132,high20537.txt_q1,B,2026-07-16T04:17:15,v2026.07.1
H167,high20537.txt_q1,A,2026-07-21T12:49:05,v2026.07.1
H200,high20537.txt_q1,A,2026-07-14T20:39:10,v2026.07.1
H066,high20537.txt_q1,B,2026-07-14T09:43:40,v2026.07.1
H138,high20537.txt_q1,D,2026-07-16T16:40:29,v2026.07.1
H165,high20537.txt_q1,A,2026-07-17T17:59:01,v2026.07.1
H148,high20537.txt_q1,B,2026-07-25T12:55:08,v2026.07.1
H193,high20537.txt_q1,B,2026-07-24T23:17:16,v2026.07.1
H179,high20537.txt_q1,B,2026-07-24T11:36:12,v2026.07.1
H067,high20537.txt_q1,B,2026-07-11T03:23:17,v2026.07.1
H045,high20537.txt_q1,B,2026-07-11T08:52:01,v2026.07.1
H092,high20537.txt_q1,B,2026-07-18T09:31:30,v2026.07.1
H192,high20537.txt_q1,B,2026-07-23T11:13:14,v2026.07.1
H064,high20537.txt_q1,B,2026-07-16T21:04:54,v2026.07.1
H196,high20537.txt_q1,D,2026-07-20T02:16:19,v2026.07.1
H194,high20537.txt_q1,B,2026-07-15T23:44:55,v2026.07.1
H098,high20537.txt_q1,B,2026-07-19T17:40:29,v2026.07.1
H116,high20537.txt_q1,C,2026-07-20T21:46:19,v2026.07.1
H161,high20537.txt_q1,B,2026-07-11T20:00:02,v2026.07.1
H152,high20537.txt_q1,B,2026-07-23T07:37:12,v2026.07.1
H173,high20537.txt_q1,B,2026-07-22T12:38:59,v2026.07.1
H160,high20537.txt_q1,B,2026-07-21T13:50:23,v2026.07.1
H010,high20537.txt_q1,B,2026-07-15T00:45:26,v2026.07.1
H053,high20537.txt_q1,D,2026-07-23T04:14:24,v2026.07.1
H178,high20537.txt_q1,A,2026-07-12T00:46:55,v2026.07.1
H117,high11731.txt_q2,A,2026-07-23T20:45:44,v2026.07.1
H076,high11731.txt_q2,A,2026-07-25T22:28:30,v2026.07.1
H047,high11731.txt_q2,C,2026-07-20T03:05:49,v2026.07.1
H002,high11731.txt_q2,A,2026-07-13T09:17:58,v2026.07.1
H033,high11731.txt_q2,A,2026-07-13T12:19:06,v2026.07.1
H149,high11731.txt_q2,B,2026-07-26T03:15:34,v2026.07.1
H135,high11731.txt_q2,B,2026-07-16T11:24:21,v2026.07.1
H194,high11731.txt_q2,C,2026-07-18T08:34:39,v2026.07.1
H113,high11731.txt_q2,C,2026-07-18T10:07:55,v2026.07.1
H175,high11731.txt_q2,C,2026-07-12T19:06:13,v2026.07.1
H103,high11731.txt_q2,C,2026-07-10T10:27:00,v2026.07.1
H070,high11731.txt_q2,C,2026-07-26T18:31:10,v2026.07.1
H172,high11731.txt_q2,C,2026-07-12T20:39:50,v2026.07.1
H054,high11731.txt_q2,B,2026-07-25T16:10:22,v2026.07.1
H092,high11731.txt_q2,C,2026-07-27T04:18:01,v2026.07.1
H193,high11731.txt_q2,A,2026-07-25T18:10:22,v2026.07.1
H059,high11731.txt_q2,C,2026-07-10T21:28:48,v2026.07.1
H170,high11731.txt_q2,A,2026-07-23T03:57:25,v2026.07.1
H028,high11731.txt_q2,C,2026-07-25T09:45:06,v2026.07.1
H035,high11731.txt_q2,C,2026-07-20T14:31:46,v2026.07.1
H018,high11731.txt_q2,C,2026-07-24T13:38:46,v2026.07.1
H096,high11731.txt_q2,D,2026-07-21T12:53:26,v2026.07.1
H041,high11731.txt_q2,C,2026-07-15T15:08:26,v2026.07.1
H069,high11731.txt_q2,C,2026-07-19T11:27:47,v2026.07.1
H049,high11731.txt_q2,C,2026-07-17T01:45:44,v2026.07.1
H100,high11731.txt_q2,A,2026-07-17T15:05:44,v2026.07.1
H108,high11731.txt_q2,C,2026-07-19T01:20:25,v2026.07.1
H012,high11731.txt_q2,C,2026-07-20T00:38:27,v2026.07.1
H101,high11731.txt_q2,C,2026-07-16T20:05:29,v2026.07.1
H050,high11731.txt_q2,C,2026-07-22T01:58:56,v2026.07.1
H049,high17933.txt_q3,A,2026-07-22T15:03:46,v2026.07.1
H128,high17933.txt_q3,D,2026-07-20T20:01:54,v2026.07.1
H100,high17933.txt_q3,A,2026-07-26T05:29:47,v2026.07.1
H185,high17933.txt_q3,B,2026-07-20T09:23:30,v2026.07.1
H146,high17933.txt_q3,B,2026-07-20T23:51:50,v2026.07.1
H027,high17933.txt_q3,D,2026-07-25T15:54:00,v2026.07.1
H158,high17933.txt_q3,B,2026-07-20T02:57:42,v2026.07.1
H143,high17933.txt_q3,B,2026-07-16T01:11:53,v2026.07.1
H056,high17933.txt_q3,B,2026-07-19T17:27:36,v2026.07.1
H069,high17933.txt_q3,B,2026-07-27T09:58:33,v2026.07.1
H091,high17933.txt_q3,B,2026-07-25T08:11:52,v2026.07.1
H184,high17933.txt_q3,B,2026-07-18T10:11:34,v2026.07.1
H133,high17933.txt_q3,B,2026-07-25T04:10:52,v2026.07.1
H183,high17933.txt_q3,C,2026-07-19T06:34:11,v2026.07.1
H194,high17933.txt_q3,B,2026-07-12T11:54:37,v2026.07.1
H022,high17933.txt_q3,B,2026-07-13T17:32:49,v2026.07.1
H174,high17933.txt_q3,B,2026-07-23T19:24:47,v2026.07.1
H007,high17933.txt_q3,B,2026-07-14T11:36:51,v2026.07.1
H021,high17933.txt_q3,B,2026-07-20T16:55:34,v2026.07.1
H162,high17933.txt_q3,C,2026-07-19T17:14:52,v2026.07.1
H179,high17933.txt_q3,B,2026-07-27T08:46:12,v2026.07.1
H052,high17933.txt_q3,B,2026-07-13T15:24:03,v2026.07.1
H041,high17933.txt_q3,A,2026-07-12T18:30:25,v2026.07.1
H120,high17933.txt_q3,C,2026-07-16T02:29:43,v2026.07.1
H014,high17933.txt_q3,B,2026-07-13T17:05:38,v2026.07.1
H035,high17933.txt_q3,A,2026-07-24T20:22:29,v2026.07.1
H046,high17933.txt_q3,B,2026-07-23T07:55:34,v2026.07.1
H195,high17933.txt_q3,C,2026-07-10T23:53:44,v2026.07.1
H168,high17933.txt_q3,D,2026-07-24T06:07:23,v2026.07.1
H107,high17933.txt_q3,B,2026-07-24T07:48:11,v2026.07.1
H199,high13704.txt_q1,A,2026-07-10T21:58:56,v2026.07.1
H142,high13704.txt_q1,D,2026-07-25T11:12:16,v2026.07.1
H024,high13704.txt_q1,D,2026-07-15T08:39:35,v2026.07.1
H133,high13704.txt_q1,D,2026-07-12T02:52:39,v2026.07.1
H014,high13704.txt_q1,D,2026-07-22T03:32:51,v2026.07.1
H146,high13704.txt_q1,D,2026-07-19T23:53:02,v2026.07.1
H145,high13704.txt_q1,C,2026-07-25T02:33:46,v2026.07.1
H186,high13704.txt_q1,D,2026-07-22T23:13:36,v2026.07.1
H179,high13704.txt_q1,D,2026-07-12T20:49:17,v2026.07.1
H192,high13704.txt_q1,D,2026-07-26T02:38:28,v2026.07.1
H075,high13704.txt_q1,D,2026-07-12T17:08:22,v2026.07.1
H185,high13704.txt_q1,D,2026-07-23T16:45:48,v2026.07.1
H025,high13704.txt_q1,B,2026-07-16T22:56:44,v2026.07.1
H081,high13704.txt_q1,D,2026-07-13T02:53:35,v2026.07.1
H078,high13704.txt_q1,D,2026-07-19T04:53:37,v2026.07.1
H144,high13704.txt_q1,D,2026-07-17T01:20:25,v2026.07.1
H167,high13704.txt_q1,A,2026-07-18T17:23:43,v2026.07.1
H082,high13704.txt_q1,C,2026-07-17T09:54:16,v2026.07.1
H176,high13704.txt_q1,C,2026-07-19T15:23:23,v2026.07.1
H036,high13704.txt_q1,D,2026-07-19T14:50:41,v2026.07.1
H001,high13704.txt_q1,D,2026-07-18T03:02:29,v2026.07.1
H120,high13704.txt_q1,D,2026-07-16T18:28:50,v2026.07.1
H054,high13704.txt_q1,D,2026-07-18T06:54:13,v2026.07.1
H067,high13704.txt_q1,C,2026-07-24T03:37:04,v2026.07.1
H200,high13704.txt_q1,B,2026-07-22T00:37:03,v2026.07.1
H074,high13704.txt_q1,A,2026-07-12T04:11:25,v2026.07.1
H175,high13704.txt_q1,D,2026-07-19T04:05:24,v2026.07.1
H172,high13704.txt_q1,A,2026-07-10T09:15:21,v2026.07.1
H180,high13704.txt_q1,D,2026-07-15T10:18:03,v2026.07.1
H016,high13704.txt_q1,D,2026-07-16T23:04:59,v2026.07.1
H003,high16599.txt_q2,C,2026-07-21T09:19:14,v2026.07.1
H183,high16599.txt_q2,A,2026-07-18T01:35:12,v2026.07.1
H070,high16599.txt_q2,C,2026-07-21T00:35:38,v2026.07.1
H159,high16599.txt_q2,A,2026-07-27T01:19:06,v2026.07.1
H031,high16599.txt_q2,A,2026-07-23T03:53:05,v2026.07.1
H177,high16599.txt_q2,A,2026-07-26T12:15:36,v2026.07.1
H142,high16599.txt_q2,A,2026-07-10T17:01:14,v2026.07.1
H163,high16599.txt_q2,A,2026-07-10T23:09:24,v2026.07.1
H041,high16599.txt_q2,A,2026-07-27T10:42:31,v2026.07.1
H051,high16599.txt_q2,A,2026-07-19T01:12:50,v2026.07.1
H068,high16599.txt_q2,C,2026-07-23T14:22:41,v2026.07.1
H052,high16599.txt_q2,A,2026-07-18T14:32:50,v2026.07.1
H198,high16599.txt_q2,D,2026-07-16T04:42:08,v2026.07.1
H197,high16599.txt_q2,A,2026-07-11T08:09:38,v2026.07.1
H035,high16599.txt_q2,A,2026-07-20T11:44:12,v2026.07.1
H087,high16599.txt_q2,A,2026-07-19T00:16:28,v2026.07.1
H184,high16599.txt_q2,C,2026-07-19T22:06:01,v2026.07.1
H036,high16599.txt_q2,C,2026-07-13T20:34:46,v2026.07.1
H111,high16599.txt_q2,D,2026-07-18T02:53:31,v2026.07.1
H030,high16599.txt_q2,A,2026-07-24T15:48:16,v2026.07.1
H121,high16599.txt_q2,A,2026-07-22T10:08:47,v2026.07.1
H130,high16599.txt_q2,A,2026-07-13T17:39:38,v2026.07.1
H119,high16599.txt_q2,A,2026-07-17T17:23:49,v2026.07.1
H102,high16599.txt_q2,A,2026-07-22T06:11:31,v2026.07.1
H064,high16599.txt_q2,A,2026-07-19T04:35:38,v2026.07.1
H123,high16599.txt_q2,A,2026-07-20T10:33:55,v2026.07.1
H166,high16599.txt_q2,B,2026-07-22T00:05:29,v2026.07.1
H174,high16599.txt_q2,A,2026-07-21T22:20:16,v2026.07.1
H143,high16599.txt_q2,B,2026-07-22T04:20:05,v2026.07.1
H025,high16599.txt_q2,A,2026-07-15T03:46:42,v2026.07.1
H044,high1227.txt_q3,C,2026-07-12T16:35:28,v2026.07.1
H148,high1227.txt_q3,C,2026-07-18T18:57:08,v2026.07.1
H128,high1227.txt_q3,C,2026-07-13T17:27:49,v2026.07.1
H184,high1227.txt_q3,C,2026-07-21T21:02:21,v2026.07.1
H065,high1227.txt_q3,D,2026-07-22T22:51:22,v2026.07.1
H049,high1227.txt_q3,C,2026-07-13T23:03:51,v2026.07.1
H197,high1227.txt_q3,C,2026-07-19T21:33:10,v2026.07.1
H047,high1227.txt_q3,C,2026-07-11T02:05:26,v2026.07.1
H190,high1227.txt_q3,A,2026-07-19T10:37:02,v2026.07.1
H155,high1227.txt_q3,C,2026-07-26T08:38:26,v2026.07.1
H089,high1227.txt_q3,A,2026-07-18T02:13:52,v2026.07.1
H051,high1227.txt_q3,C,2026-07-13T22:12:24,v2026.07.1
H124,high1227.txt_q3,B,2026-07-13T17:34:35,v2026.07.1
H008,high1227.txt_q3,D,2026-07-20T22:27:50,v2026.07.1
H074,high1227.txt_q3,C,2026-07-16T04:19:14,v2026.07.1
H167,high1227.txt_q3,C,2026-07-27T04:53:08,v2026.07.1
H187,high1227.txt_q3,A,2026-07-10T14:02:06,v2026.07.1
H075,high1227.txt_q3,C,2026-07-11T16:26:28,v2026.07.1
H039,high1227.txt_q3,A,2026-07-19T19:42:33,v2026.07.1
H178,high1227.txt_q3,C,2026-07-20T14:14:53,v2026.07.1
H097,high1227.txt_q3,A,2026-07-19T01:14:27,v2026.07.1
H052,high1227.txt_q3,C,2026-07-17T01:48:23,v2026.07.1
H165,high1227.txt_q3,C,2026-07-11T19:25:10,v2026.07.1
H156,high1227.txt_q3,C,2026-07-27T04:01:50,v2026.07.1
H117,high1227.txt_q3,C,2026-07-16T15:08:06,v2026.07.1
H011,high1227.txt_q3,B,2026-07-20T19:37:30,v2026.07.1
H098,high1227.txt_q3,C,2026-07-25T14:50:30,v2026.07.1
H177,high1227.txt_q3,C,2026-07-24T01:39:21,v2026.07.1
H186,high1227.txt_q3,C,2026-07-21T10:25:13,v2026.07.1
H158,high1227.txt_q3,C,2026-07-23T15:48:27,v2026.07.1
H199,high15231.txt_q0,B,2026-07-19T16:57:56,v2026.07.1
H173,high15231.txt_q0,B,2026-07-14T15:09:37,v2026.07.1
H183,high15231.txt_q0,D,2026-07-20T04:21:57,v2026.07.1
H012,high15231.txt_q0,B,2026-07-24T16:31:41,v2026.07.1
H144,high15231.txt_q0,B,2026-07-17T04:51:10,v2026.07.1
H135,high15231.txt_q0,B,2026-07-16T18:31:06,v2026.07.1
H003,high15231.txt_q0,B,2026-07-13T02:33:12,v2026.07.1
H161,high15231.txt_q0,B,2026-07-18T23:08:53,v2026.07.1
H180,high15231.txt_q0,B,2026-07-21T16:31:04,v2026.07.1
H191,high15231.txt_q0,B,2026-07-22T12:44:29,v2026.07.1
H066,high15231.txt_q0,B,2026-07-11T11:38:30,v2026.07.1
H132,high15231.txt_q0,B,2026-07-14T05:00:20,v2026.07.1
H130,high15231.txt_q0,B,2026-07-24T09:06:22,v2026.07.1
H182,high15231.txt_q0,B,2026-07-13T00:38:53,v2026.07.1
H114,high15231.txt_q0,B,2026-07-15T06:17:36,v2026.07.1
H116,high15231.txt_q0,B,2026-07-12T21:00:26,v2026.07.1
H181,high15231.txt_q0,B,2026-07-21T13:27:22,v2026.07.1
H137,high15231.txt_q0,A,2026-07-11T18:26:53,v2026.07.1
H019,high15231.txt_q0,D,2026-07-25T20:53:22,v2026.07.1
H062,high15231.txt_q0,C,2026-07-12T11:44:26,v2026.07.1
H055,high15231.txt_q0,B,2026-07-22T08:51:32,v2026.07.1
H169,high15231.txt_q0,B,2026-07-14T23:11:50,v2026.07.1
H112,high15231.txt_q0,B,2026-07-14T00:32:41,v2026.07.1
H158,high15231.txt_q0,B,2026-07-14T07:48:13,v2026.07.1
H107,high15231.txt_q0,B,2026-07-11T01:03:50,v2026.07.1
H090,high15231.txt_q0,B,2026-07-22T04:29:57,v2026.07.1
H171,high15231.txt_q0,A,2026-07-13T16:15:45,v2026.07.1
H093,high15231.txt_q0,B,2026-07-14T09:00:48,v2026.07.1
H041,high15231.txt_q0,D,2026-07-16T18:33:17,v2026.07.1
H155,high15231.txt_q0,A,2026-07-18T15:45:17,v2026.07.1
H015,high22017.txt_q2,C,2026-07-24T18:24:57,v2026.07.1
H112,high22017.txt_q2,C,2026-07-11T15:21:46,v2026.07.1
H010,high22017.txt_q2,C,2026-07-24T08:41:18,v2026.07.1
H105,high22017.txt_q2,D,2026-07-17T05:21:08,v2026.07.1
H124,high22017.txt_q2,D,2026-07-27T03:45:00,v2026.07.1
H097,high22017.txt_q2,C,2026-07-23T18:02:04,v2026.07.1
H142,high22017.txt_q2,D,2026-07-24T06:00:03,v2026.07.1
H080,high22017.txt_q2,A,2026-07-22T23:36:16,v2026.07.1
H136,high22017.txt_q2,D,2026-07-21T16:56:50,v2026.07.1
H184,high22017.txt_q2,C,2026-07-25T21:32:52,v2026.07.1
H005,high22017.txt_q2,B,2026-07-23T16:30:15,v2026.07.1
H153,high22017.txt_q2,C,2026-07-14T23:03:44,v2026.07.1
H133,high22017.txt_q2,A,2026-07-10T13:57:32,v2026.07.1
H029,high22017.txt_q2,D,2026-07-27T09:59:26,v2026.07.1
H069,high22017.txt_q2,C,2026-07-27T16:47:11,v2026.07.1
H060,high22017.txt_q2,D,2026-07-19T18:29:24,v2026.07.1
H186,high22017.txt_q2,C,2026-07-15T16:07:49,v2026.07.1
H076,high22017.txt_q2,C,2026-07-16T23:27:15,v2026.07.1
H143,high22017.txt_q2,C,2026-07-14T04:31:50,v2026.07.1
H195,high22017.txt_q2,B,2026-07-16T18:01:22,v2026.07.1
H167,high22017.txt_q2,C,2026-07-12T10:09:42,v2026.07.1
H141,high22017.txt_q2,D,2026-07-24T21:50:30,v2026.07.1
H043,high22017.txt_q2,C,2026-07-12T22:47:59,v2026.07.1
H077,high22017.txt_q2,C,2026-07-14T12:11:25,v2026.07.1
H072,high22017.txt_q2,D,2026-07-25T04:26:29,v2026.07.1
H115,high22017.txt_q2,B,2026-07-20T18:03:10,v2026.07.1
H019,high22017.txt_q2,C,2026-07-15T10:36:03,v2026.07.1
H088,high22017.txt_q2,C,2026-07-15T12:03:48,v2026.07.1
H111,high22017.txt_q2,A,2026-07-15T14:11:15,v2026.07.1
H055,high22017.txt_q2,A,2026-07-13T18:37:45,v2026.07.1
H125,high15443.txt_q1,B,2026-07-16T05:36:55,v2026.07.1
H181,high15443.txt_q1,A,2026-07-16T06:54:53,v2026.07.1
H005,high15443.txt_q1,B,2026-07-21T16:52:53,v2026.07.1
H168,high15443.txt_q1,B,2026-07-26T04:37:27,v2026.07.1
H105,high15443.txt_q1,B,2026-07-25T03:39:36,v2026.07.1
H097,high15443.txt_q1,B,2026-07-13T06:11:34,v2026.07.1
H129,high15443.txt_q1,B,2026-07-17T15:42:01,v2026.07.1
H133,high15443.txt_q1,D,2026-07-14T02:31:14,v2026.07.1
H191,high15443.txt_q1,B,2026-07-26T11:37:04,v2026.07.1
H109,high15443.txt_q1,B,2026-07-23T19:34:41,v2026.07.1
H101,high15443.txt_q1,A,2026-07-13T15:41:54,v2026.07.1
H120,high15443.txt_q1,B,2026-07-25T23:32:45,v2026.07.1
H178,high15443.txt_q1,A,2026-07-20T22:32:41,v2026.07.1
H024,high15443.txt_q1,B,2026-07-11T23:22:51,v2026.07.1
H015,high15443.txt_q1,B,2026-07-15T18:10:04,v2026.07.1
H103,high15443.txt_q1,C,2026-07-26T08:19:27,v2026.07.1
H035,high15443.txt_q1,B,2026-07-22T02:54:17,v2026.07.1
H036,high15443.txt_q1,B,2026-07-18T23:19:15,v2026.07.1
H179,high15443.txt_q1,B,2026-07-23T12:18:31,v2026.07.1
H009,high15443.txt_q1,B,2026-07-16T03:34:11,v2026.07.1
H113,high15443.txt_q1,A,2026-07-20T18:33:16,v2026.07.1
H189,high15443.txt_q1,C,2026-07-23T11:00:18,v2026.07.1
H089,high15443.txt_q1,B,2026-07-26T22:26:44,v2026.07.1
H066,high15443.txt_q1,A,2026-07-19T13:19:50,v2026.07.1
H067,high15443.txt_q1,D,2026-07-12T13:02:44,v2026.07.1
H086,high15443.txt_q1,D,2026-07-17T20:43:41,v2026.07.1
H057,high15443.txt_q1,D,2026-07-25T23:14:45,v2026.07.1
H054,high15443.txt_q1,B,2026-07-23T14:40:23,v2026.07.1
H084,high15443.txt_q1,B,2026-07-21T19:32:33,v2026.07.1
H160,high15443.txt_q1,B,2026-07-15T00:55:55,v2026.07.1
H047,high9779.txt_q3,B,2026-07-20T01:33:25,v2026.07.1
H157,high9779.txt_q3,C,2026-07-24T11:48:46,v2026.07.1
H021,high9779.txt_q3,A,2026-07-13T07:19:50,v2026.07.1
H077,high9779.txt_q3,C,2026-07-24T04:32:39,v2026.07.1
H135,high9779.txt_q3,B,2026-07-17T04:21:03,v2026.07.1
H024,high9779.txt_q3,B,2026-07-16T21:58:04,v2026.07.1
H110,high9779.txt_q3,C,2026-07-22T18:14:47,v2026.07.1
H130,high9779.txt_q3,C,2026-07-24T16:01:59,v2026.07.1
H006,high9779.txt_q3,C,2026-07-27T11:30:23,v2026.07.1
H019,high9779.txt_q3,C,2026-07-14T04:48:02,v2026.07.1
H182,high9779.txt_q3,C,2026-07-14T03:16:15,v2026.07.1
H085,high9779.txt_q3,D,2026-07-26T13:08:26,v2026.07.1
H005,high9779.txt_q3,B,2026-07-13T08:10:10,v2026.07.1
H107,high9779.txt_q3,B,2026-07-26T17:15:31,v2026.07.1
H140,high9779.txt_q3,A,2026-07-16T21:07:19,v2026.07.1
H154,high9779.txt_q3,C,2026-07-21T03:46:04,v2026.07.1
H103,high9779.txt_q3,A,2026-07-14T02:21:02,v2026.07.1
H012,high9779.txt_q3,C,2026-07-20T09:57:11,v2026.07.1
H020,high9779.txt_q3,C,2026-07-22T10:51:46,v2026.07.1
H143,high9779.txt_q3,A,2026-07-26T17:50:42,v2026.07.1
H098,high9779.txt_q3,C,2026-07-25T11:31:24,v2026.07.1
H111,high9779.txt_q3,C,2026-07-19T17:15:16,v2026.07.1
H016,high9779.txt_q3,C,2026-07-24T19:17:01,v2026.07.1
H177,high9779.txt_q3,C,2026-07-25T03:53:07,v2026.07.1
H048,high9779.txt_q3,D,2026-07-17T05:36:51,v2026.07.1
H087,high9779.txt_q3,C,2026-07-20T02:35:28,v2026.07.1
H159,high9779.txt_q3,C,2026-07-12T19:02:40,v2026.07.1
H035,high9779.txt_q3,A,2026-07-19T06:46:55,v2026.07.1
H129,high9779.txt_q3,A,2026-07-18T17:32:01,v2026.07.1
H173,high9779.txt_q3,C,2026-07-16T07:06:10,v2026.07.1
H159,high18890.txt_q2,B,2026-07-24T06:34:33,v2026.07.1
H054,high18890.txt_q2,B,2026-07-10T14:51:42,v2026.07.1
H173,high18890.txt_q2,C,2026-07-12T02:21:15,v2026.07.1
H029,high18890.txt_q2,B,2026-07-11T22:14:14,v2026.07.1
H016,high18890.txt_q2,B,2026-07-13T20:48:06,v2026.07.1
H007,high18890.txt_q2,A,2026-07-18T18:07:56,v2026.07.1
H098,high18890.txt_q2,B,2026-07-23T07:49:54,v2026.07.1
H014,high18890.txt_q2,A,2026-07-12T10:56:41,v2026.07.1
H043,high18890.txt_q2,B,2026-07-13T21:26:35,v2026.07.1
H011,high18890.txt_q2,B,2026-07-20T15:11:35,v2026.07.1
H041,high18890.txt_q2,D,2026-07-19T13:01:23,v2026.07.1
H003,high18890.txt_q2,B,2026-07-23T19:17:31,v2026.07.1
H143,high18890.txt_q2,B,2026-07-14T08:47:49,v2026.07.1
H146,high18890.txt_q2,D,2026-07-24T04:40:13,v2026.07.1
H130,high18890.txt_q2,B,2026-07-17T16:27:32,v2026.07.1
H042,high18890.txt_q2,B,2026-07-15T17:42:35,v2026.07.1
H050,high18890.txt_q2,A,2026-07-26T19:52:39,v2026.07.1
H035,high18890.txt_q2,B,2026-07-16T23:17:59,v2026.07.1
H032,high18890.txt_q2,D,2026-07-16T17:39:17,v2026.07.1
H079,high18890.txt_q2,B,2026-07-17T21:20:54,v2026.07.1
H056,high18890.txt_q2,A,2026-07-16T22:16:16,v2026.07.1
H009,high18890.txt_q2,B,2026-07-24T17:37:07,v2026.07.1
H118,high18890.txt_q2,B,2026-07-20T05:59:41,v2026.07.1
H077,high18890.txt_q2,B,2026-07-11T02:04:38,v2026.07.1
H166,high18890.txt_q2,B,2026-07-13T02:41:07,v2026.07.1
H167,high18890.txt_q2,B,2026-07-14T11:25:26,v2026.07.1
H131,high18890.txt_q2,B,2026-07-12T17:05:24,v2026.07.1
H168,high18890.txt_q2,D,2026-07-10T14:43:03,v2026.07.1
H111,high18890.txt_q2,A,2026-07-11T10:04:11,v2026.07.1
H020,high18890.txt_q2,B,2026-07-12T09:13:43,v2026.07.1
H050,high21774.txt_q0,C,2026-07-24T19:48:09,v2026.07.1
H065,high21774.txt_q0,A,2026-07-14T10:49:30,v2026.07.1
H158,high21774.txt_q0,A,2026-07-26T03:41:56,v2026.07.1
H024,high21774.txt_q0,B,2026-07-27T08:38:10,v2026.07.1
H057,high21774.txt_q0,A,2026-07-16T04:45:37,v2026.07.1
H188,high21774.txt_q0,D,2026-07-12T13:02:57,v2026.07.1
H101,high21774.txt_q0,A,2026-07-15T16:58:04,v2026.07.1
H137,high21774.txt_q0,A,2026-07-14T01:13:28,v2026.07.1
H087,high21774.txt_q0,C,2026-07-18T21:02:37,v2026.07.1
H039,high21774.txt_q0,A,2026-07-18T19:16:31,v2026.07.1
H187,high21774.txt_q0,C,2026-07-19T16:30:28,v2026.07.1
H031,high21774.txt_q0,A,2026-07-17T09:48:56,v2026.07.1
H076,high21774.txt_q0,A,2026-07-12T06:56:54,v2026.07.1
H069,high21774.txt_q0,A,2026-07-26T15:55:51,v2026.07.1
H033,high21774.txt_q0,A,2026-07-27T00:01:32,v2026.07.1
H117,high21774.txt_q0,A,2026-07-27T10:38:35,v2026.07.1
H144,high21774.txt_q0,C,2026-07-20T01:53:15,v2026.07.1
H026,high21774.txt_q0,B,2026-07-18T16:24:43,v2026.07.1
H171,high21774.txt_q0,C,2026-07-22T12:19:51,v2026.07.1
H139,high21774.txt_q0,C,2026-07-16T14:37:27,v2026.07.1
H113,high21774.txt_q0,A,2026-07-21T08:13:40,v2026.07.1
H049,high21774.txt_q0,A,2026-07-13T00:39:50,v2026.07.1
H181,high21774.txt_q0,A,2026-07-19T13:41:26,v2026.07.1
H021,high21774.txt_q0,A,2026-07-10T11:36:01,v2026.07.1
H007,high21774.txt_q0,A,2026-07-14T04:22:17,v2026.07.1
H152,high21774.txt_q0,C,2026-07-19T14:12:20,v2026.07.1
H081,high21774.txt_q0,A,2026-07-19T04:14:14,v2026.07.1
H014,high21774.txt_q0,A,2026-07-17T17:22:44,v2026.07.1
H090,high21774.txt_q0,B,2026-07-27T14:39:30,v2026.07.1
H169,high21774.txt_q0,A,2026-07-16T14:05:02,v2026.07.1
H094,high9737.txt_q1,C,2026-07-18T17:25:24,v2026.07.1
H082,high9737.txt_q1,D,2026-07-23T15:47:12,v2026.07.1
H128,high9737.txt_q1,C,2026-07-17T11:46:52,v2026.07.1
H137,high9737.txt_q1,C,2026-07-12T09:06:42,v2026.07.1
H050,high9737.txt_q1,C,2026-07-16T16:19:09,v2026.07.1
H032,high9737.txt_q1,C,2026-07-12T00:31:59,v2026.07.1
H021,high9737.txt_q1,C,2026-07-21T18:28:08,v2026.07.1
H126,high9737.txt_q1,C,2026-07-24T22:47:24,v2026.07.1
H146,high9737.txt_q1,C,2026-07-21T14:21:41,v2026.07.1
H163,high9737.txt_q1,C,2026-07-26T05:21:31,v2026.07.1
H155,high9737.txt_q1,C,2026-07-13T13:33:45,v2026.07.1
H076,high9737.txt_q1,C,2026-07-20T03:51:11,v2026.07.1
H033,high9737.txt_q1,C,2026-07-27T11:30:01,v2026.07.1
H180,high9737.txt_q1,D,2026-07-18T14:10:40,v2026.07.1
H047,high9737.txt_q1,C,2026-07-22T17:03:44,v2026.07.1
H119,high9737.txt_q1,A,2026-07-22T13:37:41,v2026.07.1
H084,high9737.txt_q1,C,2026-07-24T14:07:20,v2026.07.1
H161,high9737.txt_q1,C,2026-07-23T01:03:24,v2026.07.1
H052,high9737.txt_q1,C,2026-07-17T05:48:05,v2026.07.1
H099,high9737.txt_q1,C,2026-07-11T09:08:53,v2026.07.1
H035,high9737.txt_q1,C,2026-07-18T01:52:15,v2026.07.1
H106,high9737.txt_q1,C,2026-07-11T02:18:14,v2026.07.1
H190,high9737.txt_q1,A,2026-07-18T00:05:33,v2026.07.1
H143,high9737.txt_q1,C,2026-07-14T06:17:59,v2026.07.1
H029,high9737.txt_q1,C,2026-07-14T02:16:56,v2026.07.1
H197,high9737.txt_q1,C,2026-07-18T16:25:46,v2026.07.1
H199,high9737.txt_q1,C,2026-07-13T16:20:14,v2026.07.1
H043,high9737.txt_q1,B,2026-07-25T11:28:11,v2026.07.1
H169,high9737.txt_q1,B,2026-07-17T00:59:29,v2026.07.1
H024,high9737.txt_q1,C,2026-07-25T01:45:09,v2026.07.1
H021,high15443.txt_q3,A,2026-07-22T03:25:57,v2026.07.1
H196,high15443.txt_q3,A,2026-07-25T22:52:14,v2026.07.1
H099,high15443.txt_q3,A,2026-07-19T16:19:27,v2026.07.1
H149,high15443.txt_q3,C,2026-07-12T10:04:42,v2026.07.1
H189,high15443.txt_q3,A,2026-07-10T10:54:44,v2026.07.1
H175,high15443.txt_q3,A,2026-07-16T04:30:41,v2026.07.1
H135,high15443.txt_q3,A,2026-07-24T20:59:02,v2026.07.1
H059,high15443.txt_q3,D,2026-07-18T17:53:11,v2026.07.1
H067,high15443.txt_q3,A,2026-07-17T15:09:00,v2026.07.1
H053,high15443.txt_q3,A,2026-07-25T22:02:57,v2026.07.1
H102,high15443.txt_q3,A,2026-07-20T09:31:31,v2026.07.1
H157,high15443.txt_q3,A,2026-07-13T20:25:17,v2026.07.1
H038,high15443.txt_q3,D,2026-07-25T17:19:45,v2026.07.1
H116,high15443.txt_q3,C,2026-07-12T19:14:00,v2026.07.1
H100,high15443.txt_q3,D,2026-07-13T02:46:52,v2026.07.1
H155,high15443.txt_q3,A,2026-07-15T13:35:11,v2026.07.1
H193,high15443.txt_q3,A,2026-07-26T19:39:14,v2026.07.1
H086,high15443.txt_q3,B,2026-07-14T12:36:37,v2026.07.1
H191,high15443.txt_q3,B,2026-07-25T12:44:34,v2026.07.1
H083,high15443.txt_q3,A,2026-07-25T15:05:45,v2026.07.1
H056,high15443.txt_q3,D,2026-07-15T08:39:33,v2026.07.1
H141,high15443.txt_q3,A,2026-07-25T12:47:24,v2026.07.1
H170,high15443.txt_q3,A,2026-07-21T20:05:21,v2026.07.1
H087,high15443.txt_q3,B,2026-07-24T14:07:28,v2026.07.1
H017,high15443.txt_q3,A,2026-07-23T09:36:15,v2026.07.1
H020,high15443.txt_q3,A,2026-07-27T02:31:07,v2026.07.1
H077,high15443.txt_q3,A,2026-07-15T22:23:03,v2026.07.1
H166,high15443.txt_q3,A,2026-07-18T21:11:27,v2026.07.1
H078,high15443.txt_q3,A,2026-07-23T00:48:33,v2026.07.1
H054,high15443.txt_q3,D,2026-07-22T08:56:54,v2026.07.1
H028,high8811.txt_q1,D,2026-07-15T03:36:13,v2026.07.1
H004,high8811.txt_q1,A,2026-07-25T02:19:40,v2026.07.1
H085,high8811.txt_q1,D,2026-07-23T18:33:32,v2026.07.1
H042,high8811.txt_q1,D,2026-07-27T04:11:51,v2026.07.1
H165,high8811.txt_q1,A,2026-07-26T10:22:38,v2026.07.1
H199,high8811.txt_q1,C,2026-07-27T00:05:54,v2026.07.1
H053,high8811.txt_q1,D,2026-07-18T03:30:17,v2026.07.1
H009,high8811.txt_q1,D,2026-07-23T21:44:50,v2026.07.1
H035,high8811.txt_q1,D,2026-07-16T20:00:20,v2026.07.1
H147,high8811.txt_q1,D,2026-07-11T11:05:21,v2026.07.1
H014,high8811.txt_q1,D,2026-07-10T20:25:27,v2026.07.1
H162,high8811.txt_q1,D,2026-07-20T11:36:22,v2026.07.1
H151,high8811.txt_q1,D,2026-07-17T01:31:49,v2026.07.1
H077,high8811.txt_q1,D,2026-07-14T19:47:57,v2026.07.1
H163,high8811.txt_q1,D,2026-07-26T20:58:53,v2026.07.1
H016,high8811.txt_q1,D,2026-07-22T21:12:32,v2026.07.1
H164,high8811.txt_q1,D,2026-07-20T12:39:37,v2026.07.1
H123,high8811.txt_q1,B,2026-07-18T00:00:21,v2026.07.1
H184,high8811.txt_q1,B,2026-07-12T23:09:39,v2026.07.1
H148,high8811.txt_q1,C,2026-07-14T12:32:38,v2026.07.1
H087,high8811.txt_q1,D,2026-07-23T12:15:22,v2026.07.1
H098,high8811.txt_q1,D,2026-07-12T05:57:15,v2026.07.1
H075,high8811.txt_q1,D,2026-07-26T09:36:57,v2026.07.1
H182,high8811.txt_q1,C,2026-07-14T22:21:03,v2026.07.1
H172,high8811.txt_q1,A,2026-07-17T06:02:33,v2026.07.1
H076,high8811.txt_q1,D,2026-07-12T02:31:15,v2026.07.1
H112,high8811.txt_q1,D,2026-07-12T13:46:30,v2026.07.1
H152,high8811.txt_q1,D,2026-07-12T22:05:48,v2026.07.1
H171,high8811.txt_q1,D,2026-07-18T00:34:24,v2026.07.1
H127,high8811.txt_q1,D,2026-07-16T06:31:37,v2026.07.1
H142,high21029.txt_q3,B,2026-07-15T12:22:21,v2026.07.1
H024,high21029.txt_q3,C,2026-07-12T20:28:56,v2026.07.1
H043,high21029.txt_q3,A,2026-07-27T04:21:28,v2026.07.1
H090,high21029.txt_q3,A,2026-07-21T21:17:39,v2026.07.1
H173,high21029.txt_q3,A,2026-07-24T14:52:23,v2026.07.1
H034,high21029.txt_q3,B,2026-07-18T22:08:39,v2026.07.1
H102,high21029.txt_q3,A,2026-07-16T02:59:37,v2026.07.1
H099,high21029.txt_q3,A,2026-07-17T23:54:09,v2026.07.1
H195,high21029.txt_q3,D,2026-07-26T07:49:47,v2026.07.1
H170,high21029.txt_q3,C,2026-07-24T04:32:18,v2026.07.1
H001,high21029.txt_q3,A,2026-07-16T09:35:41,v2026.07.1
H125,high21029.txt_q3,D,2026-07-24T14:57:16,v2026.07.1
H063,high21029.txt_q3,A,2026-07-14T03:19:59,v2026.07.1
H168,high21029.txt_q3,B,2026-07-17T00:12:44,v2026.07.1
H120,high21029.txt_q3,D,2026-07-12T02:28:45,v2026.07.1
H086,high21029.txt_q3,A,2026-07-17T10:16:49,v2026.07.1
H119,high21029.txt_q3,A,2026-07-13T14:03:45,v2026.07.1
H095,high21029.txt_q3,B,2026-07-15T12:28:55,v2026.07.1
H115,high21029.txt_q3,B,2026-07-11T13:30:01,v2026.07.1
H174,high21029.txt_q3,A,2026-07-22T01:30:08,v2026.07.1
H199,high21029.txt_q3,A,2026-07-21T18:05:06,v2026.07.1
H129,high21029.txt_q3,A,2026-07-23T20:18:41,v2026.07.1
H151,high21029.txt_q3,D,2026-07-14T04:58:58,v2026.07.1
H155,high21029.txt_q3,A,2026-07-12T19:44:17,v2026.07.1
H084,high21029.txt_q3,A,2026-07-15T01:11:55,v2026.07.1
H008,high21029.txt_q3,D,2026-07-18T07:32:58,v2026.07.1
H101,high21029.txt_q3,A,2026-07-15T11:21:49,v2026.07.1
H100,high21029.txt_q3,A,2026-07-19T01:29:27,v2026.07.1
H092,high21029.txt_q3,A,2026-07-26T10:38:52,v2026.07.1
H097,high21029.txt_q3,A,2026-07-16T00:42:29,v2026.07.1
H163,high2775.txt_q0,A,2026-07-10T21:05:21,v2026.07.1
H033,high2775.txt_q0,C,2026-07-19T04:12:57,v2026.07.1
H188,high2775.txt_q0,C,2026-07-23T19:10:09,v2026.07.1
H110,high2775.txt_q0,C,2026-07-20T07:51:42,v2026.07.1
H083,high2775.txt_q0,A,2026-07-13T01:37:21,v2026.07.1
H052,high2775.txt_q0,C,2026-07-26T11:07:31,v2026.07.1
H180,high2775.txt_q0,A,2026-07-12T17:25:54,v2026.07.1
H194,high2775.txt_q0,C,2026-07-20T07:44:02,v2026.07.1
H105,high2775.txt_q0,C,2026-07-11T19:58:22,v2026.07.1
H001,high2775.txt_q0,D,2026-07-19T18:31:29,v2026.07.1
H004,high2775.txt_q0,C,2026-07-25T06:10:47,v2026.07.1
H035,high2775.txt_q0,A,2026-07-22T18:21:26,v2026.07.1
H003,high2775.txt_q0,C,2026-07-26T16:35:59,v2026.07.1
H075,high2775.txt_q0,C,2026-07-17T14:15:06,v2026.07.1
H116,high2775.txt_q0,A,2026-07-23T03:04:17,v2026.07.1
H055,high2775.txt_q0,C,2026-07-12T18:08:04,v2026.07.1
H007,high2775.txt_q0,C,2026-07-20T17:21:50,v2026.07.1
H121,high2775.txt_q0,C,2026-07-16T13:32:38,v2026.07.1
H199,high2775.txt_q0,D,2026-07-16T17:22:34,v2026.07.1
H096,high2775.txt_q0,C,2026-07-22T18:42:29,v2026.07.1
H162,high2775.txt_q0,C,2026-07-15T03:52:58,v2026.07.1
H032,high2775.txt_q0,C,2026-07-13T17:35:09,v2026.07.1
H125,high2775.txt_q0,A,2026-07-15T17:17:34,v2026.07.1
H047,high2775.txt_q0,C,2026-07-15T18:26:27,v2026.07.1
H050,high2775.txt_q0,A,2026-07-16T15:28:25,v2026.07.1
H015,high2775.txt_q0,C,2026-07-25T05:59:28,v2026.07.1
H102,high2775.txt_q0,C,2026-07-17T05:37:29,v2026.07.1
H045,high2775.txt_q0,A,2026-07-13T00:47:49,v2026.07.1
H189,high2775.txt_q0,C,2026-07-22T22:33:10,v2026.07.1
H046,high2775.txt_q0,A,2026-07-21T14:30:26,v2026.07.1
H098,high18046.txt_q0,D,2026-07-15T22:24:13,v2026.07.1
H155,high18046.txt_q0,C,2026-07-13T13:34:09,v2026.07.1
H190,high18046.txt_q0,D,2026-07-20T21:09:57,v2026.07.1
H146,high18046.txt_q0,D,2026-07-13T22:57:08,v2026.07.1
H096,high18046.txt_q0,A,2026-07-21T06:03:47,v2026.07.1
H180,high18046.txt_q0,D,2026-07-21T19:37:26,v2026.07.1
H126,high18046.txt_q0,D,2026-07-21T01:45:04,v2026.07.1
H169,high18046.txt_q0,D,2026-07-16T14:28:31,v2026.07.1
H011,high18046.txt_q0,A,2026-07-16T02:49:33,v2026.07.1
H111,high18046.txt_q0,D,2026-07-20T18:27:42,v2026.07.1
H110,high18046.txt_q0,A,2026-07-23T22:16:54,v2026.07.1
H027,high18046.txt_q0,D,2026-07-16T15:57:55,v2026.07.1
H100,high18046.txt_q0,D,2026-07-19T07:51:37,v2026.07.1
H196,high18046.txt_q0,D,2026-07-17T08:08:51,v2026.07.1
H141,high18046.txt_q0,B,2026-07-16T09:14:07,v2026.07.1
H199,high18046.txt_q0,D,2026-07-17T06:37:06,v2026.07.1
H102,high18046.txt_q0,D,2026-07-18T15:36:15,v2026.07.1
H072,high18046.txt_q0,D,2026-07-12T14:21:22,v2026.07.1
H156,high18046.txt_q0,D,2026-07-14T09:05:05,v2026.07.1
H049,high18046.txt_q0,D,2026-07-21T15:52:45,v2026.07.1
H108,high18046.txt_q0,D,2026-07-23T21:11:57,v2026.07.1
H065,high18046.txt_q0,C,2026-07-23T01:26:41,v2026.07.1
H046,high18046.txt_q0,B,2026-07-11T09:38:14,v2026.07.1
H047,high18046.txt_q0,A,2026-07-19T04:29:31,v2026.07.1
H166,high18046.txt_q0,D,2026-07-16T19:18:23,v2026.07.1
H137,high18046.txt_q0,D,2026-07-26T10:25:44,v2026.07.1
H084,high18046.txt_q0,D,2026-07-13T02:22:11,v2026.07.1
H135,high18046.txt_q0,D,2026-07-15T19:21:34,v2026.07.1
H117,high18046.txt_q0,D,2026-07-23T23:28:13,v2026.07.1
H089,high18046.txt_q0,D,2026-07-26T23:37:55,v2026.07.1
H026,high1069.txt_q2,B,2026-07-26T12:12:15,v2026.07.1
H138,high1069.txt_q2,C,2026-07-24T15:48:21,v2026.07.1
H137,high1069.txt_q2,B,2026-07-18T00:33:53,v2026.07.1
H057,high1069.txt_q2,B,2026-07-20T00:13:28,v2026.07.1
H171,high1069.txt_q2,B,2026-07-26T16:03:37,v2026.07.1
H068,high1069.txt_q2,C,2026-07-16T22:08:35,v2026.07.1
H094,high1069.txt_q2,C,2026-07-20T21:31:08,v2026.07.1
H013,high1069.txt_q2,D,2026-07-20T19:20:20,v2026.07.1
H047,high1069.txt_q2,B,2026-07-24T21:06:56,v2026.07.1
H125,high1069.txt_q2,B,2026-07-10T12:17:17,v2026.07.1
H130,high1069.txt_q2,C,2026-07-26T07:23:29,v2026.07.1
H161,high1069.txt_q2,B,2026-07-19T06:33:12,v2026.07.1
H038,high1069.txt_q2,A,2026-07-12T07:43:22,v2026.07.1
H062,high1069.txt_q2,B,2026-07-19T14:32:49,v2026.07.1
H180,high1069.txt_q2,C,2026-07-24T12:18:21,v2026.07.1
H018,high1069.txt_q2,B,2026-07-21T02:38:45,v2026.07.1
H041,high1069.txt_q2,B,2026-07-23T03:38:23,v2026.07.1
H021,high1069.txt_q2,B,2026-07-27T09:08:59,v2026.07.1
H101,high1069.txt_q2,C,2026-07-12T20:49:36,v2026.07.1
H103,high1069.txt_q2,D,2026-07-21T04:07:22,v2026.07.1
H073,high1069.txt_q2,A,2026-07-12T22:30:18,v2026.07.1
H156,high1069.txt_q2,B,2026-07-21T13:44:59,v2026.07.1
H096,high1069.txt_q2,B,2026-07-25T17:56:16,v2026.07.1
H067,high1069.txt_q2,B,2026-07-13T13:16:44,v2026.07.1
H198,high1069.txt_q2,B,2026-07-26T08:53:43,v2026.07.1
H086,high1069.txt_q2,D,2026-07-14T07:24:26,v2026.07.1
H166,high1069.txt_q2,B,2026-07-10T16:28:45,v2026.07.1
H174,high1069.txt_q2,D,2026-07-22T14:57:46,v2026.07.1
H071,high1069.txt_q2,C,2026-07-17T07:41:05,v2026.07.1
H045,high1069.txt_q2,D,2026-07-18T21:59:58,v2026.07.1
H063,high2855.txt_q2,C,2026-07-18T08:13:08,v2026.07.1
H046,high2855.txt_q2,D,2026-07-24T12:51:22,v2026.07.1
H088,high2855.txt_q2,D,2026-07-26T04:53:08,v2026.07.1
H001,high2855.txt_q2,A,2026-07-24T11:40:20,v2026.07.1
H186,high2855.txt_q2,C,2026-07-20T06:18:21,v2026.07.1
H153,high2855.txt_q2,D,2026-07-14T04:52:19,v2026.07.1
H134,high2855.txt_q2,A,2026-07-18T00:33:56,v2026.07.1
H171,high2855.txt_q2,C,2026-07-27T11:49:37,v2026.07.1
H117,high2855.txt_q2,C,2026-07-24T10:23:24,v2026.07.1
H148,high2855.txt_q2,B,2026-07-16T09:07:24,v2026.07.1
H170,high2855.txt_q2,B,2026-07-18T03:03:02,v2026.07.1
H083,high2855.txt_q2,C,2026-07-16T20:41:07,v2026.07.1
H038,high2855.txt_q2,B,2026-07-15T23:46:10,v2026.07.1
H164,high2855.txt_q2,C,2026-07-12T15:46:03,v2026.07.1
H052,high2855.txt_q2,C,2026-07-14T01:36:48,v2026.07.1
H100,high2855.txt_q2,A,2026-07-19T08:45:35,v2026.07.1
H036,high2855.txt_q2,C,2026-07-22T10:20:55,v2026.07.1
H198,high2855.txt_q2,C,2026-07-26T21:40:04,v2026.07.1
H081,high2855.txt_q2,A,2026-07-23T01:11:40,v2026.07.1
H188,high2855.txt_q2,D,2026-07-11T00:32:43,v2026.07.1
H110,high2855.txt_q2,C,2026-07-22T22:08:30,v2026.07.1
H071,high2855.txt_q2,C,2026-07-19T13:21:43,v2026.07.1
H070,high2855.txt_q2,C,2026-07-20T21:01:22,v2026.07.1
H179,high2855.txt_q2,C,2026-07-16T17:27:59,v2026.07.1
H055,high2855.txt_q2,C,2026-07-12T07:37:45,v2026.07.1
H102,high2855.txt_q2,C,2026-07-22T13:15:34,v2026.07.1
H175,high2855.txt_q2,D,2026-07-23T04:11:30,v2026.07.1
H121,high2855.txt_q2,D,2026-07-13T02:08:26,v2026.07.1
H133,high2855.txt_q2,C,2026-07-13T22:12:51,v2026.07.1
H026,high2855.txt_q2,A,2026-07-24T23:00:24,v2026.07.1
H178,high11552.txt_q1,B,2026-07-16T15:43:07,v2026.07.1
H139,high11552.txt_q1,A,2026-07-15T04:18:39,v2026.07.1
H086,high11552.txt_q1,C,2026-07-10T11:51:08,v2026.07.1
H195,high11552.txt_q1,C,2026-07-27T16:56:48,v2026.07.1
H010,high11552.txt_q1,C,2026-07-13T21:41:08,v2026.07.1
H066,high11552.txt_q1,D,2026-07-24T05:04:13,v2026.07.1
H162,high11552.txt_q1,C,2026-07-13T20:41:34,v2026.07.1
H060,high11552.txt_q1,C,2026-07-15T09:37:43,v2026.07.1
H064,high11552.txt_q1,A,2026-07-13T10:50:05,v2026.07.1
H119,high11552.txt_q1,B,2026-07-14T16:01:21,v2026.07.1
H072,high11552.txt_q1,B,2026-07-26T21:59:25,v2026.07.1
H030,high11552.txt_q1,A,2026-07-13T22:14:03,v2026.07.1
H150,high11552.txt_q1,A,2026-07-11T07:54:17,v2026.07.1
H113,high11552.txt_q1,A,2026-07-27T06:22:34,v2026.07.1
H031,high11552.txt_q1,C,2026-07-16T23:52:16,v2026.07.1
H097,high11552.txt_q1,B,2026-07-22T16:54:03,v2026.07.1
H147,high11552.txt_q1,B,2026-07-17T13:32:05,v2026.07.1
H142,high11552.txt_q1,B,2026-07-14T15:47:54,v2026.07.1
H099,high11552.txt_q1,A,2026-07-14T15:08:44,v2026.07.1
H069,high11552.txt_q1,A,2026-07-11T13:19:17,v2026.07.1
H079,high11552.txt_q1,A,2026-07-13T14:02:53,v2026.07.1
H182,high11552.txt_q1,C,2026-07-24T08:02:29,v2026.07.1
H034,high11552.txt_q1,D,2026-07-13T07:07:17,v2026.07.1
H059,high11552.txt_q1,B,2026-07-17T11:26:40,v2026.07.1
H061,high11552.txt_q1,C,2026-07-26T20:07:46,v2026.07.1
H137,high11552.txt_q1,B,2026-07-20T12:06:04,v2026.07.1
H198,high11552.txt_q1,A,2026-07-19T03:17:56,v2026.07.1
H180,high11552.txt_q1,B,2026-07-17T20:33:39,v2026.07.1
H065,high11552.txt_q1,D,2026-07-20T11:02:21,v2026.07.1
H200,high11552.txt_q1,B,2026-07-27T16:50:13,v2026.07.1
H146,high8132.txt_q3,C,2026-07-11T21:37:28,v2026.07.1
H067,high8132.txt_q3,D,2026-07-11T00:26:50,v2026.07.1
H106,high8132.txt_q3,C,2026-07-18T04:31:33,v2026.07.1
H077,high8132.txt_q3,D,2026-07-17T04:17:43,v2026.07.1
H080,high8132.txt_q3,B,2026-07-13T08:37:36,v2026.07.1
H125,high8132.txt_q3,B,2026-07-23T17:42:03,v2026.07.1
H167,high8132.txt_q3,B,2026-07-26T21:00:56,v2026.07.1
H101,high8132.txt_q3,C,2026-07-17T11:10:00,v2026.07.1
H112,high8132.txt_q3,C,2026-07-13T21:14:00,v2026.07.1
H132,high8132.txt_q3,C,2026-07-26T22:33:26,v2026.07.1
H103,high8132.txt_q3,C,2026-07-15T12:13:32,v2026.07.1
H166,high8132.txt_q3,D,2026-07-16T19:41:32,v2026.07.1
H091,high8132.txt_q3,D,2026-07-27T03:53:37,v2026.07.1
H105,high8132.txt_q3,B,2026-07-18T04:55:12,v2026.07.1
H176,high8132.txt_q3,C,2026-07-12T20:06:48,v2026.07.1
H073,high8132.txt_q3,B,2026-07-26T17:48:04,v2026.07.1
H040,high8132.txt_q3,A,2026-07-27T17:13:28,v2026.07.1
H126,high8132.txt_q3,D,2026-07-18T19:13:25,v2026.07.1
H037,high8132.txt_q3,C,2026-07-12T06:19:15,v2026.07.1
H048,high8132.txt_q3,A,2026-07-17T16:25:27,v2026.07.1
H135,high8132.txt_q3,B,2026-07-27T15:59:37,v2026.07.1
H041,high8132.txt_q3,B,2026-07-21T15:45:08,v2026.07.1
H019,high8132.txt_q3,C,2026-07-15T19:52:04,v2026.07.1
H169,high8132.txt_q3,D,2026-07-25T09:20:57,v2026.07.1
H045,high8132.txt_q3,B,2026-07-14T09:01:29,v2026.07.1
H012,high8132.txt_q3,D,2026-07-13T01:21:47,v2026.07.1
H130,high8132.txt_q3,A,2026-07-26T08:46:00,v2026.07.1
H025,high8132.txt_q3,B,2026-07-13T09:38:29,v2026.07.1
H002,high8132.txt_q3,A,2026-07-12T16:36:54,v2026.07.1
H068,high8132.txt_q3,A,2026-07-20T09:33:37,v2026.07.1
H043,high11774.txt_q2,A,2026-07-23T06:37:09,v2026.07.1
H164,high11774.txt_q2,C,2026-07-24T04:10:02,v2026.07.1
H123,high11774.txt_q2,C,2026-07-24T08:43:54,v2026.07.1
H091,high11774.txt_q2,B,2026-07-19T13:27:30,v2026.07.1
H163,high11774.txt_q2,B,2026-07-24T23:04:00,v2026.07.1
H187,high11774.txt_q2,A,2026-07-23T17:29:02,v2026.07.1
H029,high11774.txt_q2,A,2026-07-10T20:05:44,v2026.07.1
H079,high11774.txt_q2,C,2026-07-15T21:01:24,v2026.07.1
H034,high11774.txt_q2,C,2026-07-19T16:06:10,v2026.07.1
H078,high11774.txt_q2,A,2026-07-11T00:56:13,v2026.07.1
H116,high11774.txt_q2,C,2026-07-18T02:18:23,v2026.07.1
H060,high11774.txt_q2,D,2026-07-26T10:41:12,v2026.07.1
H175,high11774.txt_q2,B,2026-07-12T14:31:26,v2026.07.1
H016,high11774.txt_q2,D,2026-07-10T17:59:22,v2026.07.1
H190,high11774.txt_q2,D,2026-07-12T06:31:20,v2026.07.1
H181,high11774.txt_q2,C,2026-07-16T18:00:43,v2026.07.1
H169,high11774.txt_q2,B,2026-07-18T13:58:30,v2026.07.1
H200,high11774.txt_q2,B,2026-07-22T13:54:02,v2026.07.1
H101,high11774.txt_q2,C,2026-07-27T10:15:00,v2026.07.1
H132,high11774.txt_q2,A,2026-07-12T20:43:51,v2026.07.1
H026,high11774.txt_q2,A,2026-07-25T17:54:56,v2026.07.1
H002,high11774.txt_q2,B,2026-07-27T06:49:23,v2026.07.1
H142,high11774.txt_q2,B,2026-07-16T16:14:47,v2026.07.1
H035,high11774.txt_q2,B,2026-07-18T19:50:29,v2026.07.1
H167,high11774.txt_q2,C,2026-07-22T10:31:36,v2026.07.1
H178,high11774.txt_q2,B,2026-07-15T22:44:00,v2026.07.1
H113,high11774.txt_q2,C,2026-07-22T21:48:53,v2026.07.1
H180,high11774.txt_q2,C,2026-07-19T22:11:32,v2026.07.1
H098,high11774.txt_q2,B,2026-07-10T15:04:04,v2026.07.1
H032,high11774.txt_q2,B,2026-07-18T21:23:41,v2026.07.1
H115,high17265.txt_q0,C,2026-07-14T07:52:07,v2026.07.1
H136,high17265.txt_q0,D,2026-07-11T09:39:04,v2026.07.1
H124,high17265.txt_q0,D,2026-07-23T09:13:58,v2026.07.1
H189,high17265.txt_q0,B,2026-07-14T03:38:12,v2026.07.1
H174,high17265.txt_q0,B,2026-07-16T20:31:22,v2026.07.1
H196,high17265.txt_q0,C,2026-07-21T23:36:45,v2026.07.1
H139,high17265.txt_q0,C,2026-07-15T05:10:02,v2026.07.1
H047,high17265.txt_q0,D,2026-07-24T10:25:53,v2026.07.1
H096,high17265.txt_q0,A,2026-07-20T23:35:39,v2026.07.1
H188,high17265.txt_q0,D,2026-07-19T05:45:21,v2026.07.1
H088,high17265.txt_q0,A,2026-07-12T18:21:28,v2026.07.1
H077,high17265.txt_q0,D,2026-07-24T10:06:57,v2026.07.1
H200,high17265.txt_q0,B,2026-07-13T11:23:31,v2026.07.1
H164,high17265.txt_q0,B,2026-07-22T12:15:00,v2026.07.1
H198,high17265.txt_q0,D,2026-07-11T20:36:50,v2026.07.1
H123,high17265.txt_q0,A,2026-07-17T08:54:08,v2026.07.1
H127,high17265.txt_q0,C,2026-07-11T05:21:46,v2026.07.1
H094,high17265.txt_q0,A,2026-07-18T22:22:49,v2026.07.1
H044,high17265.txt_q0,D,2026-07-14T06:38:11,v2026.07.1
H169,high17265.txt_q0,D,2026-07-26T07:54:19,v2026.07.1
H029,high17265.txt_q0,D,2026-07-18T16:21:25,v2026.07.1
H028,high17265.txt_q0,D,2026-07-18T10:30:47,v2026.07.1
H113,high17265.txt_q0,A,2026-07-27T04:07:19,v2026.07.1
H015,high17265.txt_q0,B,2026-07-21T06:23:26,v2026.07.1
H081,high17265.txt_q0,D,2026-07-16T02:59:36,v2026.07.1
H091,high17265.txt_q0,B,2026-07-25T08:36:38,v2026.07.1
H045,high17265.txt_q0,C,2026-07-25T02:53:27,v2026.07.1
H155,high17265.txt_q0,A,2026-07-21T13:37:54,v2026.07.1
H093,high17265.txt_q0,B,2026-07-19T17:45:46,v2026.07.1
H078,high17265.txt_q0,C,2026-07-16T04:08:40,v2026.07.1
H121,high10687.txt_q1,B,2026-07-18T01:59:40,v2026.07.1
H083,high10687.txt_q1,C,2026-07-15T21:00:36,v2026.07.1
H163,high10687.txt_q1,C,2026-07-15T05:12:53,v2026.07.1
H122,high10687.txt_q1,B,2026-07-17T16:39:51,v2026.07.1
H090,high10687.txt_q1,D,2026-07-27T03:43:11,v2026.07.1
H023,high10687.txt_q1,C,2026-07-17T01:21:34,v2026.07.1
H132,high10687.txt_q1,B,2026-07-26T11:21:11,v2026.07.1
H021,high10687.txt_q1,B,2026-07-10T09:01:51,v2026.07.1
H114,high10687.txt_q1,D,2026-07-24T14:03:13,v2026.07.1
H173,high10687.txt_q1,C,2026-07-18T21:41:59,v2026.07.1
H094,high10687.txt_q1,B,2026-07-16T10:02:44,v2026.07.1
H001,high10687.txt_q1,D,2026-07-10T12:54:05,v2026.07.1
H010,high10687.txt_q1,B,2026-07-27T07:40:35,v2026.07.1
H198,high10687.txt_q1,C,2026-07-17T16:31:47,v2026.07.1
H101,high10687.txt_q1,B,2026-07-26T19:31:59,v2026.07.1
H061,high10687.txt_q1,B,2026-07-19T20:03:33,v2026.07.1
H169,high10687.txt_q1,C,2026-07-25T11:23:57,v2026.07.1
H074,high10687.txt_q1,B,2026-07-17T23:46:13,v2026.07.1
H049,high10687.txt_q1,C,2026-07-21T16:21:12,v2026.07.1
H073,high10687.txt_q1,A,2026-07-11T00:18:15,v2026.07.1
H151,high10687.txt_q1,C,2026-07-13T23:44:44,v2026.07.1
H050,high10687.txt_q1,A,2026-07-26T06:58:32,v2026.07.1
H066,high10687.txt_q1,C,2026-07-22T20:57:24,v2026.07.1
H158,high10687.txt_q1,B,2026-07-17T18:06:17,v2026.07.1
H044,high10687.txt_q1,C,2026-07-15T02:36:22,v2026.07.1
H075,high10687.txt_q1,A,2026-07-21T10:12:39,v2026.07.1
H117,high10687.txt_q1,B,2026-07-13T21:59:40,v2026.07.1
H026,high10687.txt_q1,B,2026-07-14T22:27:33,v2026.07.1
H038,high10687.txt_q1,B,2026-07-13T23:15:22,v2026.07.1
H014,high10687.txt_q1,C,2026-07-23T14:30:23,v2026.07.1
H170,high23742.txt_q2,C,2026-07-26T01:48:12,v2026.07.1
H041,high23742.txt_q2,A,2026-07-17T20:22:21,v2026.07.1
H057,high23742.txt_q2,B,2026-07-22T14:22:59,v2026.07.1
H073,high23742.txt_q2,C,2026-07-11T05:05:25,v2026.07.1
H191,high23742.txt_q2,C,2026-07-13T20:05:01,v2026.07.1
H025,high23742.txt_q2,B,2026-07-22T06:10:11,v2026.07.1
H043,high23742.txt_q2,D,2026-07-12T01:27:57,v2026.07.1
H106,high23742.txt_q2,B,2026-07-21T14:51:46,v2026.07.1
H197,high23742.txt_q2,C,2026-07-15T03:01:52,v2026.07.1
H010,high23742.txt_q2,B,2026-07-19T00:07:11,v2026.07.1
H008,high23742.txt_q2,C,2026-07-25T01:52:27,v2026.07.1
H069,high23742.txt_q2,C,2026-07-12T19:11:20,v2026.07.1
H089,high23742.txt_q2,C,2026-07-22T22:48:13,v2026.07.1
H036,high23742.txt_q2,C,2026-07-11T01:08:00,v2026.07.1
H200,high23742.txt_q2,C,2026-07-13T16:42:52,v2026.07.1
H042,high23742.txt_q2,C,2026-07-23T01:29:33,v2026.07.1
H052,high23742.txt_q2,B,2026-07-14T04:57:28,v2026.07.1
H058,high23742.txt_q2,A,2026-07-11T21:42:02,v2026.07.1
H157,high23742.txt_q2,C,2026-07-24T14:51:05,v2026.07.1
H016,high23742.txt_q2,B,2026-07-15T10:00:47,v2026.07.1
H172,high23742.txt_q2,C,2026-07-11T06:19:55,v2026.07.1
H175,high23742.txt_q2,C,2026-07-25T04:36:25,v2026.07.1
H188,high23742.txt_q2,A,2026-07-26T20:20:23,v2026.07.1
H178,high23742.txt_q2,D,2026-07-25T10:43:03,v2026.07.1
H190,high23742.txt_q2,B,2026-07-23T06:03:13,v2026.07.1
H117,high23742.txt_q2,B,2026-07-19T04:13:04,v2026.07.1
H141,high23742.txt_q2,C,2026-07-17T00:00:11,v2026.07.1
H084,high23742.txt_q2,B,2026-07-12T12:13:48,v2026.07.1
H062,high23742.txt_q2,D,2026-07-25T09:58:27,v2026.07.1
H100,high23742.txt_q2,C,2026-07-21T19:28:45,v2026.07.1
H176,high5060.txt_q2,C,2026-07-22T06:01:34,v2026.07.1
H015,high5060.txt_q2,B,2026-07-23T16:51:21,v2026.07.1
H005,high5060.txt_q2,D,2026-07-26T19:46:36,v2026.07.1
H129,high5060.txt_q2,A,2026-07-12T04:23:18,v2026.07.1
H159,high5060.txt_q2,D,2026-07-25T23:26:54,v2026.07.1
H141,high5060.txt_q2,D,2026-07-13T04:01:23,v2026.07.1
H030,high5060.txt_q2,C,2026-07-14T05:19:05,v2026.07.1
H068,high5060.txt_q2,B,2026-07-11T12:40:52,v2026.07.1
H128,high5060.txt_q2,D,2026-07-12T20:18:20,v2026.07.1
H072,high5060.txt_q2,B,2026-07-14T15:06:00,v2026.07.1
H070,high5060.txt_q2,B,2026-07-13T02:38:31,v2026.07.1
H114,high5060.txt_q2,C,2026-07-22T17:08:54,v2026.07.1
H133,high5060.txt_q2,B,2026-07-14T13:00:31,v2026.07.1
H025,high5060.txt_q2,C,2026-07-19T08:25:40,v2026.07.1
H095,high5060.txt_q2,A,2026-07-16T20:17:17,v2026.07.1
H101,high5060.txt_q2,B,2026-07-21T09:08:11,v2026.07.1
H054,high5060.txt_q2,D,2026-07-14T19:25:11,v2026.07.1
H056,high5060.txt_q2,A,2026-07-26T18:58:27,v2026.07.1
H063,high5060.txt_q2,C,2026-07-11T13:23:51,v2026.07.1
H184,high5060.txt_q2,D,2026-07-13T23:09:10,v2026.07.1
H016,high5060.txt_q2,D,2026-07-10T13:46:30,v2026.07.1
H081,high5060.txt_q2,D,2026-07-25T04:49:37,v2026.07.1
H148,high5060.txt_q2,B,2026-07-26T20:50:25,v2026.07.1
H057,high5060.txt_q2,B,2026-07-20T04:15:44,v2026.07.1
H052,high5060.txt_q2,B,2026-07-25T09:39:10,v2026.07.1
H098,high5060.txt_q2,B,2026-07-21T07:27:31,v2026.07.1
H104,high5060.txt_q2,D,2026-07-14T15:14:24,v2026.07.1
H017,high5060.txt_q2,A,2026-07-20T17:52:55,v2026.07.1
H168,high5060.txt_q2,D,2026-07-17T07:14:59,v2026.07.1
H097,high5060.txt_q2,A,2026-07-24T11:43:50,v2026.07.1
H169,high16636.txt_q2,B,2026-07-17T02:31:43,v2026.07.1
H125,high16636.txt_q2,B,2026-07-15T07:21:21,v2026.07.1
H065,high16636.txt_q2,D,2026-07-22T09:29:23,v2026.07.1
H161,high16636.txt_q2,C,2026-07-24T22:21:38,v2026.07.1
H078,high16636.txt_q2,A,2026-07-11T13:42:35,v2026.07.1
H102,high16636.txt_q2,C,2026-07-25T06:28:40,v2026.07.1
H071,high16636.txt_q2,B,2026-07-22T18:32:12,v2026.07.1
H024,high16636.txt_q2,C,2026-07-16T10:52:01,v2026.07.1
H083,high16636.txt_q2,A,2026-07-15T12:21:07,v2026.07.1
H081,high16636.txt_q2,B,2026-07-13T22:09:23,v2026.07.1
H137,high16636.txt_q2,B,2026-07-25T14:14:03,v2026.07.1
H090,high16636.txt_q2,A,2026-07-14T18:33:25,v2026.07.1
H038,high16636.txt_q2,B,2026-07-22T12:36:19,v2026.07.1
H120,high16636.txt_q2,C,2026-07-19T17:11:38,v2026.07.1
H031,high16636.txt_q2,B,2026-07-13T07:18:27,v2026.07.1
H050,high16636.txt_q2,B,2026-07-20T20:17:03,v2026.07.1
H180,high16636.txt_q2,B,2026-07-13T22:46:33,v2026.07.1
H108,high16636.txt_q2,C,2026-07-13T12:03:22,v2026.07.1
H076,high16636.txt_q2,C,2026-07-22T09:07:10,v2026.07.1
H143,high16636.txt_q2,C,2026-07-17T01:03:04,v2026.07.1
H037,high16636.txt_q2,C,2026-07-13T23:13:11,v2026.07.1
H123,high16636.txt_q2,A,2026-07-16T21:03:13,v2026.07.1
H149,high16636.txt_q2,A,2026-07-25T07:21:14,v2026.07.1
H016,high16636.txt_q2,A,2026-07-12T00:11:11,v2026.07.1
H168,high16636.txt_q2,A,2026-07-14T07:36:19,v2026.07.1
H171,high16636.txt_q2,C,2026-07-16T03:05:54,v2026.07.1
H124,high16636.txt_q2,A,2026-07-23T17:43:47,v2026.07.1
H089,high16636.txt_q2,B,2026-07-26T12:56:42,v2026.07.1
H122,high16636.txt_q2,A,2026-07-23T20:11:23,v2026.07.1
H181,high16636.txt_q2,A,2026-07-27T05:16:13,v2026.07.1
H043,high6008.txt_q4,C,2026-07-20T08:36:25,v2026.07.1
H170,high6008.txt_q4,C,2026-07-14T16:58:02,v2026.07.1
H077,high6008.txt_q4,D,2026-07-21T00:42:25,v2026.07.1
H195,high6008.txt_q4,B,2026-07-11T22:20:15,v2026.07.1
H097,high6008.txt_q4,C,2026-07-20T15:16:18,v2026.07.1
H070,high6008.txt_q4,B,2026-07-15T13:44:12,v2026.07.1
H079,high6008.txt_q4,A,2026-07-27T06:55:28,v2026.07.1
H179,high6008.txt_q4,B,2026-07-21T19:31:36,v2026.07.1
H095,high6008.txt_q4,A,2026-07-11T01:54:02,v2026.07.1
H019,high6008.txt_q4,D,2026-07-22T23:32:26,v2026.07.1
H143,high6008.txt_q4,D,2026-07-18T01:06:46,v2026.07.1
H188,high6008.txt_q4,B,2026-07-19T04:53:12,v2026.07.1
H059,high6008.txt_q4,A,2026-07-20T20:58:00,v2026.07.1
H148,high6008.txt_q4,B,2026-07-19T10:03:19,v2026.07.1
H028,high6008.txt_q4,C,2026-07-20T00:34:03,v2026.07.1
H073,high6008.txt_q4,B,2026-07-23T21:53:03,v2026.07.1
H113,high6008.txt_q4,B,2026-07-23T02:36:18,v2026.07.1
H010,high6008.txt_q4,D,2026-07-12T01:26:53,v2026.07.1
H121,high6008.txt_q4,D,2026-07-17T09:10:45,v2026.07.1
H092,high6008.txt_q4,C,2026-07-12T02:25:32,v2026.07.1
H145,high6008.txt_q4,D,2026-07-21T06:25:45,v2026.07.1
H124,high6008.txt_q4,D,2026-07-16T07:51:45,v2026.07.1
H039,high6008.txt_q4,C,2026-07-17T01:06:33,v2026.07.1
H136,high6008.txt_q4,B,2026-07-22T16:18:52,v2026.07.1
H100,high6008.txt_q4,D,2026-07-26T18:58:49,v2026.07.1
H027,high6008.txt_q4,C,2026-07-17T06:07:53,v2026.07.1
H160,high6008.txt_q4,B,2026-07-24T11:23:35,v2026.07.1
H185,high6008.txt_q4,B,2026-07-14T03:41:17,v2026.07.1
H147,high6008.txt_q4,B,2026-07-25T11:01:24,v2026.07.1
H046,high6008.txt_q4,C,2026-07-16T13:42:47,v2026.07.1
H089,high23865.txt_q2,C,2026-07-21T10:28:38,v2026.07.1
H083,high23865.txt_q2,D,2026-07-20T11:44:19,v2026.07.1
H163,high23865.txt_q2,D,2026-07-17T02:49:42,v2026.07.1
H095,high23865.txt_q2,B,2026-07-10T11:03:11,v2026.07.1
H114,high23865.txt_q2,D,2026-07-12T21:49:28,v2026.07.1
H067,high23865.txt_q2,A,2026-07-24T03:43:12,v2026.07.1
H149,high23865.txt_q2,D,2026-07-10T12:03:09,v2026.07.1
H197,high23865.txt_q2,D,2026-07-25T08:49:18,v2026.07.1
H084,high23865.txt_q2,C,2026-07-15T18:34:48,v2026.07.1
H086,high23865.txt_q2,C,2026-07-23T05:31:49,v2026.07.1
H188,high23865.txt_q2,D,2026-07-18T05:03:31,v2026.07.1
H126,high23865.txt_q2,C,2026-07-20T22:47:29,v2026.07.1
H109,high23865.txt_q2,A,2026-07-24T01:02:27,v2026.07.1
H064,high23865.txt_q2,D,2026-07-20T02:01:02,v2026.07.1
H120,high23865.txt_q2,D,2026-07-10T21:04:25,v2026.07.1
H150,high23865.txt_q2,D,2026-07-22T16:40:09,v2026.07.1
H111,high23865.txt_q2,C,2026-07-14T06:57:28,v2026.07.1
H154,high23865.txt_q2,C,2026-07-16T23:29:30,v2026.07.1
H173,high23865.txt_q2,A,2026-07-15T17:59:52,v2026.07.1
H068,high23865.txt_q2,C,2026-07-17T19:00:57,v2026.07.1
H121,high23865.txt_q2,B,2026-07-16T12:53:09,v2026.07.1
H014,high23865.txt_q2,D,2026-07-27T13:26:52,v2026.07.1
H136,high23865.txt_q2,B,2026-07-14T10:59:13,v2026.07.1
H142,high23865.txt_q2,C,2026-07-26T15:23:38,v2026.07.1
H061,high23865.txt_q2,D,2026-07-15T07:13:26,v2026.07.1
H112,high23865.txt_q2,A,2026-07-20T14:22:46,v2026.07.1
H026,high23865.txt_q2,B,2026-07-18T01:35:22,v2026.07.1
H177,high23865.txt_q2,C,2026-07-15T14:10:20,v2026.07.1
H191,high23865.txt_q2,C,2026-07-23T11:23:48,v2026.07.1
H124,high23865.txt_q2,A,2026-07-19T08:13:58,v2026.07.1
H181,high2186.txt_q4,D,2026-07-20T20:42:41,v2026.07.1
H028,high2186.txt_q4,B,2026-07-22T05:58:06,v2026.07.1
H193,high2186.txt_q4,C,2026-07-20T23:43:07,v2026.07.1
H025,high2186.txt_q4,B,2026-07-15T09:46:41,v2026.07.1
H125,high2186.txt_q4,A,2026-07-23T21:18:06,v2026.07.1
H087,high2186.txt_q4,C,2026-07-15T13:57:04,v2026.07.1
H155,high2186.txt_q4,D,2026-07-20T02:38:30,v2026.07.1
H132,high2186.txt_q4,B,2026-07-19T06:04:39,v2026.07.1
H054,high2186.txt_q4,B,2026-07-21T20:10:42,v2026.07.1
H030,high2186.txt_q4,C,2026-07-23T08:45:04,v2026.07.1
H113,high2186.txt_q4,C,2026-07-23T21:37:14,v2026.07.1
H139,high2186.txt_q4,D,2026-07-27T03:17:31,v2026.07.1
H169,high2186.txt_q4,A,2026-07-15T06:14:16,v2026.07.1
H051,high2186.txt_q4,C,2026-07-18T06:16:48,v2026.07.1
H060,high2186.txt_q4,B,2026-07-22T16:50:17,v2026.07.1
H172,high2186.txt_q4,B,2026-07-17T11:38:03,v2026.07.1
H083,high2186.txt_q4,C,2026-07-17T05:34:06,v2026.07.1
H104,high2186.txt_q4,C,2026-07-20T11:53:04,v2026.07.1
H091,high2186.txt_q4,B,2026-07-13T16:14:52,v2026.07.1
H180,high2186.txt_q4,C,2026-07-27T14:36:15,v2026.07.1
H135,high2186.txt_q4,B,2026-07-15T09:35:36,v2026.07.1
H157,high2186.txt_q4,B,2026-07-23T22:22:05,v2026.07.1
H103,high2186.txt_q4,A,2026-07-24T18:58:16,v2026.07.1
H037,high2186.txt_q4,B,2026-07-24T01:33:19,v2026.07.1
H185,high2186.txt_q4,C,2026-07-25T20:37:43,v2026.07.1
H061,high2186.txt_q4,D,2026-07-23T22:01:11,v2026.07.1
H067,high2186.txt_q4,C,2026-07-18T18:55:07,v2026.07.1
H053,high2186.txt_q4,B,2026-07-26T13:40:09,v2026.07.1
H036,high2186.txt_q4,D,2026-07-16T13:55:37,v2026.07.1
H076,high2186.txt_q4,A,2026-07-27T10:10:05,v2026.07.1
H022,high15447.txt_q3,A,2026-07-22T12:11:27,v2026.07.1
H183,high15447.txt_q3,A,2026-07-23T13:10:01,v2026.07.1
H179,high15447.txt_q3,B,2026-07-15T14:24:41,v2026.07.1
H162,high15447.txt_q3,A,2026-07-17T05:46:44,v2026.07.1
H030,high15447.txt_q3,D,2026-07-26T06:36:04,v2026.07.1
H113,high15447.txt_q3,B,2026-07-20T20:33:40,v2026.07.1
H003,high15447.txt_q3,A,2026-07-18T04:51:07,v2026.07.1
H039,high15447.txt_q3,D,2026-07-25T08:45:45,v2026.07.1
H111,high15447.txt_q3,D,2026-07-15T11:35:13,v2026.07.1
H144,high15447.txt_q3,C,2026-07-14T02:51:36,v2026.07.1
H040,high15447.txt_q3,D,2026-07-14T05:29:54,v2026.07.1
H178,high15447.txt_q3,B,2026-07-15T03:08:59,v2026.07.1
H136,high15447.txt_q3,A,2026-07-26T10:09:01,v2026.07.1
H108,high15447.txt_q3,B,2026-07-25T06:49:30,v2026.07.1
H090,high15447.txt_q3,B,2026-07-19T11:05:57,v2026.07.1
H137,high15447.txt_q3,D,2026-07-16T01:42:38,v2026.07.1
H060,high15447.txt_q3,D,2026-07-26T20:55:43,v2026.07.1
H032,high15447.txt_q3,A,2026-07-19T11:53:46,v2026.07.1
H077,high15447.txt_q3,A,2026-07-23T18:09:06,v2026.07.1
H011,high15447.txt_q3,D,2026-07-24T17:56:48,v2026.07.1
H123,high15447.txt_q3,C,2026-07-16T21:04:49,v2026.07.1
H149,high15447.txt_q3,B,2026-07-14T00:42:37,v2026.07.1
H038,high15447.txt_q3,D,2026-07-12T00:12:48,v2026.07.1
H037,high15447.txt_q3,C,2026-07-21T15:37:53,v2026.07.1
H172,high15447.txt_q3,D,2026-07-19T15:00:31,v2026.07.1
H020,high15447.txt_q3,B,2026-07-19T20:16:03,v2026.07.1
H055,high15447.txt_q3,C,2026-07-19T08:47:46,v2026.07.1
H024,high15447.txt_q3,C,2026-07-26T01:06:18,v2026.07.1
H175,high15447.txt_q3,B,2026-07-23T18:21:51,v2026.07.1
H142,high15447.txt_q3,B,2026-07-18T02:39:09,v2026.07.1
H071,high21620.txt_q0,C,2026-07-23T04:49:52,v2026.07.1
H096,high21620.txt_q0,D,2026-07-22T01:52:17,v2026.07.1
H043,high21620.txt_q0,A,2026-07-25T02:07:54,v2026.07.1
H197,high21620.txt_q0,B,2026-07-24T13:18:31,v2026.07.1
H102,high21620.txt_q0,D,2026-07-11T06:43:56,v2026.07.1
H026,high21620.txt_q0,C,2026-07-25T22:09:27,v2026.07.1
H104,high21620.txt_q0,A,2026-07-25T21:55:58,v2026.07.1
H070,high21620.txt_q0,A,2026-07-26T14:39:44,v2026.07.1
H107,high21620.txt_q0,C,2026-07-18T03:08:28,v2026.07.1
H192,high21620.txt_q0,A,2026-07-10T20:57:52,v2026.07.1
H082,high21620.txt_q0,D,2026-07-11T09:33:12,v2026.07.1
H042,high21620.txt_q0,D,2026-07-17T10:09:26,v2026.07.1
H190,high21620.txt_q0,C,2026-07-26T07:30:41,v2026.07.1
H033,high21620.txt_q0,D,2026-07-11T19:39:08,v2026.07.1
H093,high21620.txt_q0,B,2026-07-10T13:13:15,v2026.07.1
H146,high21620.txt_q0,C,2026-07-18T01:22:19,v2026.07.1
H040,high21620.txt_q0,D,2026-07-18T20:38:00,v2026.07.1
H084,high21620.txt_q0,D,2026-07-26T16:25:28,v2026.07.1
H051,high21620.txt_q0,A,2026-07-12T02:34:19,v2026.07.1
H166,high21620.txt_q0,A,2026-07-26T13:07:15,v2026.07.1
H164,high21620.txt_q0,D,2026-07-21T13:25:24,v2026.07.1
H001,high21620.txt_q0,A,2026-07-11T05:56:15,v2026.07.1
H044,high21620.txt_q0,B,2026-07-12T22:48:49,v2026.07.1
H031,high21620.txt_q0,D,2026-07-13T15:42:46,v2026.07.1
H075,high21620.txt_q0,B,2026-07-25T10:49:44,v2026.07.1
H137,high21620.txt_q0,A,2026-07-12T13:38:08,v2026.07.1
H187,high21620.txt_q0,B,2026-07-17T01:21:15,v2026.07.1
H073,high21620.txt_q0,C,2026-07-21T05:19:00,v2026.07.1
H034,high21620.txt_q0,A,2026-07-18T18:53:02,v2026.07.1
H119,high21620.txt_q0,B,2026-07-19T09:47:52,v2026.07.1
H025,high19344.txt_q0,D,2026-07-12T18:54:04,v2026.07.1
H009,high19344.txt_q0,A,2026-07-19T01:48:58,v2026.07.1
H142,high19344.txt_q0,C,2026-07-12T15:57:14,v2026.07.1
H180,high19344.txt_q0,D,2026-07-12T18:44:16,v2026.07.1
H036,high19344.txt_q0,C,2026-07-19T08:22:35,v2026.07.1
H006,high19344.txt_q0,C,2026-07-19T09:23:19,v2026.07.1
H021,high19344.txt_q0,A,2026-07-16T02:33:49,v2026.07.1
H183,high19344.txt_q0,C,2026-07-14T11:42:12,v2026.07.1
H199,high19344.txt_q0,D,2026-07-22T21:17:07,v2026.07.1
H043,high19344.txt_q0,C,2026-07-20T02:15:30,v2026.07.1
H063,high19344.txt_q0,D,2026-07-11T10:21:42,v2026.07.1
H134,high19344.txt_q0,A,2026-07-19T23:43:00,v2026.07.1
H105,high19344.txt_q0,A,2026-07-22T14:10:53,v2026.07.1
H061,high19344.txt_q0,D,2026-07-16T06:01:53,v2026.07.1
H122,high19344.txt_q0,A,2026-07-13T15:58:04,v2026.07.1
H149,high19344.txt_q0,D,2026-07-15T12:27:25,v2026.07.1
H118,high19344.txt_q0,A,2026-07-24T17:51:47,v2026.07.1
H129,high19344.txt_q0,D,2026-07-17T01:17:51,v2026.07.1
H178,high19344.txt_q0,C,2026-07-15T01:09:54,v2026.07.1
H034,high19344.txt_q0,C,2026-07-12T05:44:02,v2026.07.1
H017,high19344.txt_q0,D,2026-07-11T15:28:48,v2026.07.1
H050,high19344.txt_q0,A,2026-07-15T12:56:46,v2026.07.1
H151,high19344.txt_q0,C,2026-07-12T00:00:58,v2026.07.1
H133,high19344.txt_q0,B,2026-07-13T08:21:33,v2026.07.1
H071,high19344.txt_q0,C,2026-07-13T16:25:07,v2026.07.1
H196,high19344.txt_q0,D,2026-07-16T08:03:47,v2026.07.1
H055,high19344.txt_q0,B,2026-07-17T20:45:41,v2026.07.1
H060,high19344.txt_q0,D,2026-07-13T09:18:10,v2026.07.1
H093,high19344.txt_q0,D,2026-07-27T01:47:03,v2026.07.1
H035,high19344.txt_q0,D,2026-07-18T18:43:09,v2026.07.1
H020,high9463.txt_q0,A,2026-07-21T04:02:39,v2026.07.1
H079,high9463.txt_q0,D,2026-07-23T07:55:10,v2026.07.1
H136,high9463.txt_q0,A,2026-07-23T21:22:57,v2026.07.1
H008,high9463.txt_q0,C,2026-07-17T08:18:53,v2026.07.1
H091,high9463.txt_q0,C,2026-07-10T16:24:04,v2026.07.1
H160,high9463.txt_q0,B,2026-07-19T07:12:22,v2026.07.1
H037,high9463.txt_q0,C,2026-07-16T03:49:28,v2026.07.1
H143,high9463.txt_q0,D,2026-07-20T08:55:49,v2026.07.1
H134,high9463.txt_q0,A,2026-07-20T21:11:14,v2026.07.1
H068,high9463.txt_q0,A,2026-07-10T15:55:47,v2026.07.1
H108,high9463.txt_q0,C,2026-07-18T17:32:26,v2026.07.1
H028,high9463.txt_q0,A,2026-07-16T15:27:00,v2026.07.1
H092,high9463.txt_q0,B,2026-07-18T21:08:53,v2026.07.1
H104,high9463.txt_q0,B,2026-07-15T18:56:35,v2026.07.1
H045,high9463.txt_q0,A,2026-07-24T02:37:58,v2026.07.1
H097,high9463.txt_q0,B,2026-07-26T04:03:23,v2026.07.1
H003,high9463.txt_q0,B,2026-07-20T12:29:39,v2026.07.1
H173,high9463.txt_q0,D,2026-07-11T05:41:34,v2026.07.1
H148,high9463.txt_q0,C,2026-07-26T03:30:04,v2026.07.1
H191,high9463.txt_q0,C,2026-07-12T19:53:09,v2026.07.1
H014,high9463.txt_q0,D,2026-07-14T14:00:27,v2026.07.1
H131,high9463.txt_q0,A,2026-07-19T23:26:12,v2026.07.1
H023,high9463.txt_q0,B,2026-07-14T18:05:30,v2026.07.1
H072,high9463.txt_q0,A,2026-07-20T23:35:48,v2026.07.1
H119,high9463.txt_q0,A,2026-07-17T06:21:08,v2026.07.1
H155,high9463.txt_q0,B,2026-07-15T04:39:01,v2026.07.1
H175,high9463.txt_q0,B,2026-07-11T11:59:28,v2026.07.1
H090,high9463.txt_q0,B,2026-07-27T07:47:20,v2026.07.1
H181,high9463.txt_q0,A,2026-07-21T00:27:26,v2026.07.1
H164,high9463.txt_q0,B,2026-07-19T17:11:34,v2026.07.1
H151,high13577.txt_q2,A,2026-07-24T04:15:33,v2026.07.1
H084,high13577.txt_q2,B,2026-07-13T11:13:36,v2026.07.1
H172,high13577.txt_q2,D,2026-07-14T21:57:48,v2026.07.1
H152,high13577.txt_q2,D,2026-07-27T07:42:16,v2026.07.1
H038,high13577.txt_q2,C,2026-07-11T13:48:55,v2026.07.1
H196,high13577.txt_q2,A,2026-07-19T13:17:57,v2026.07.1
H101,high13577.txt_q2,A,2026-07-19T23:21:35,v2026.07.1
H186,high13577.txt_q2,C,2026-07-20T22:01:01,v2026.07.1
H189,high13577.txt_q2,C,2026-07-21T07:44:32,v2026.07.1
H008,high13577.txt_q2,D,2026-07-11T21:24:20,v2026.07.1
H095,high13577.txt_q2,B,2026-07-18T08:35:53,v2026.07.1
H076,high13577.txt_q2,C,2026-07-16T21:57:32,v2026.07.1
H110,high13577.txt_q2,B,2026-07-16T17:08:17,v2026.07.1
H073,high13577.txt_q2,C,2026-07-13T23:02:02,v2026.07.1
H064,high13577.txt_q2,B,2026-07-23T15:15:49,v2026.07.1
H061,high13577.txt_q2,D,2026-07-24T09:26:29,v2026.07.1
H066,high13577.txt_q2,B,2026-07-14T09:25:16,v2026.07.1
H030,high13577.txt_q2,D,2026-07-13T01:23:05,v2026.07.1
H104,high13577.txt_q2,A,2026-07-15T23:04:16,v2026.07.1
H181,high13577.txt_q2,D,2026-07-16T09:52:57,v2026.07.1
H149,high13577.txt_q2,B,2026-07-14T07:03:40,v2026.07.1
H045,high13577.txt_q2,B,2026-07-24T01:10:26,v2026.07.1
H170,high13577.txt_q2,D,2026-07-24T02:47:41,v2026.07.1
H068,high13577.txt_q2,C,2026-07-17T20:54:19,v2026.07.1
H159,high13577.txt_q2,D,2026-07-26T19:29:19,v2026.07.1
H200,high13577.txt_q2,C,2026-07-16T00:48:32,v2026.07.1
H056,high13577.txt_q2,D,2026-07-24T17:12:35,v2026.07.1
H158,high13577.txt_q2,B,2026-07-24T05:29:27,v2026.07.1
H004,high13577.txt_q2,D,2026-07-14T17:37:28,v2026.07.1
H062,high13577.txt_q2,D,2026-07-16T20:26:02,v2026.07.1
H080,high2235.txt_q2,A,2026-07-12T08:39:25,v2026.07.1
H200,high2235.txt_q2,B,2026-07-13T10:09:16,v2026.07.1
H186,high2235.txt_q2,D,2026-07-16T06:52:07,v2026.07.1
H166,high2235.txt_q2,A,2026-07-18T04:19:56,v2026.07.1
H036,high2235.txt_q2,C,2026-07-19T00:25:11,v2026.07.1
H148,high2235.txt_q2,D,2026-07-10T14:17:51,v2026.07.1
H003,high2235.txt_q2,B,2026-07-19T23:06:23,v2026.07.1
H184,high2235.txt_q2,A,2026-07-23T04:42:12,v2026.07.1
H168,high2235.txt_q2,A,2026-07-20T02:36:36,v2026.07.1
H160,high2235.txt_q2,A,2026-07-14T19:32:21,v2026.07.1
H096,high2235.txt_q2,D,2026-07-22T22:16:36,v2026.07.1
H095,high2235.txt_q2,D,2026-07-12T03:33:01,v2026.07.1
H058,high2235.txt_q2,D,2026-07-26T20:18:13,v2026.07.1
H144,high2235.txt_q2,B,2026-07-11T21:33:17,v2026.07.1
H167,high2235.txt_q2,B,2026-07-16T21:04:37,v2026.07.1
H055,high2235.txt_q2,D,2026-07-21T14:50:14,v2026.07.1
H170,high2235.txt_q2,D,2026-07-21T07:19:31,v2026.07.1
H061,high2235.txt_q2,D,2026-07-13T01:58:20,v2026.07.1
H149,high2235.txt_q2,D,2026-07-26T13:28:54,v2026.07.1
H038,high2235.txt_q2,B,2026-07-12T13:00:52,v2026.07.1
H018,high2235.txt_q2,B,2026-07-12T10:48:55,v2026.07.1
H178,high2235.txt_q2,A,2026-07-25T09:37:50,v2026.07.1
H119,high2235.txt_q2,C,2026-07-10T09:35:02,v2026.07.1
H052,high2235.txt_q2,A,2026-07-25T19:03:20,v2026.07.1
H176,high2235.txt_q2,D,2026-07-26T19:34:22,v2026.07.1
H013,high2235.txt_q2,A,2026-07-10T20:06:34,v2026.07.1
H129,high2235.txt_q2,B,2026-07-26T10:28:27,v2026.07.1
H054,high2235.txt_q2,D,2026-07-12T19:33:10,v2026.07.1
H078,high2235.txt_q2,C,2026-07-12T11:47:34,v2026.07.1
H089,high2235.txt_q2,B,2026-07-20T21:58:15,v2026.07.1
H103,high15182.txt_q0,D,2026-07-17T14:12:12,v2026.07.1
H062,high15182.txt_q0,A,2026-07-15T20:50:19,v2026.07.1
H004,high15182.txt_q0,B,2026-07-12T21:54:12,v2026.07.1
H041,high15182.txt_q0,C,2026-07-12T21:29:09,v2026.07.1
H027,high15182.txt_q0,C,2026-07-13T13:14:06,v2026.07.1
H125,high15182.txt_q0,D,2026-07-18T12:25:06,v2026.07.1
H008,high15182.txt_q0,B,2026-07-19T22:42:13,v2026.07.1
H198,high15182.txt_q0,B,2026-07-26T14:27:53,v2026.07.1
H037,high15182.txt_q0,A,2026-07-17T06:58:15,v2026.07.1
H015,high15182.txt_q0,B,2026-07-11T09:25:36,v2026.07.1
H190,high15182.txt_q0,D,2026-07-18T11:33:21,v2026.07.1
H113,high15182.txt_q0,D,2026-07-25T02:48:47,v2026.07.1
H172,high15182.txt_q0,D,2026-07-12T11:17:51,v2026.07.1
H090,high15182.txt_q0,B,2026-07-16T13:58:39,v2026.07.1
H164,high15182.txt_q0,B,2026-07-16T17:01:35,v2026.07.1
H158,high15182.txt_q0,B,2026-07-10T11:06:23,v2026.07.1
H095,high15182.txt_q0,B,2026-07-20T18:13:06,v2026.07.1
H184,high15182.txt_q0,A,2026-07-23T06:37:35,v2026.07.1
H075,high15182.txt_q0,D,2026-07-24T07:43:23,v2026.07.1
H099,high15182.txt_q0,D,2026-07-17T17:55:26,v2026.07.1
H135,high15182.txt_q0,D,2026-07-17T02:25:17,v2026.07.1
H067,high15182.txt_q0,B,2026-07-17T00:59:28,v2026.07.1
H175,high15182.txt_q0,C,2026-07-27T12:40:07,v2026.07.1
H124,high15182.txt_q0,D,2026-07-14T13:44:40,v2026.07.1
H193,high15182.txt_q0,A,2026-07-26T14:14:09,v2026.07.1
H098,high15182.txt_q0,D,2026-07-20T17:54:40,v2026.07.1
H081,high15182.txt_q0,D,2026-07-13T20:50:33,v2026.07.1
H032,high15182.txt_q0,D,2026-07-24T18:28:58,v2026.07.1
H101,high15182.txt_q0,D,2026-07-18T17:00:04,v2026.07.1
H001,high15182.txt_q0,D,2026-07-27T16:09:07,v2026.07.1
H003,high23828.txt_q0,A,2026-07-27T10:57:30,v2026.07.1
H192,high23828.txt_q0,C,2026-07-20T16:37:46,v2026.07.1
H019,high23828.txt_q0,B,2026-07-26T09:00:25,v2026.07.1
H082,high23828.txt_q0,D,2026-07-20T09:47:47,v2026.07.1
H041,high23828.txt_q0,D,2026-07-10T16:09:52,v2026.07.1
H172,high23828.txt_q0,B,2026-07-22T14:25:17,v2026.07.1
H149,high23828.txt_q0,C,2026-07-18T16:46:48,v2026.07.1
H052,high23828.txt_q0,D,2026-07-26T12:01:29,v2026.07.1
H008,high23828.txt_q0,D,2026-07-25T01:31:48,v2026.07.1
H022,high23828.txt_q0,C,2026-07-24T16:51:43,v2026.07.1
H031,high23828.txt_q0,C,2026-07-11T02:07:39,v2026.07.1
H108,high23828.txt_q0,C,2026-07-25T23:34:29,v2026.07.1
H170,high23828.txt_q0,D,2026-07-27T17:11:03,v2026.07.1
H001,high23828.txt_q0,B,2026-07-23T05:10:52,v2026.07.1
H158,high23828.txt_q0,A,2026-07-17T22:40:20,v2026.07.1
H074,high23828.txt_q0,C,2026-07-17T09:17:46,v2026.07.1
H071,high23828.txt_q0,D,2026-07-25T10:34:15,v2026.07.1
H053,high23828.txt_q0,D,2026-07-20T08:59:37,v2026.07.1
H114,high23828.txt_q0,B,2026-07-10T20:51:22,v2026.07.1
H133,high23828.txt_q0,A,2026-07-18T20:14:17,v2026.07.1
H068,high23828.txt_q0,B,2026-07-25T07:33:56,v2026.07.1
H078,high23828.txt_q0,D,2026-07-10T17:13:22,v2026.07.1
H131,high23828.txt_q0,B,2026-07-18T14:31:07,v2026.07.1
H126,high23828.txt_q0,B,2026-07-20T16:17:35,v2026.07.1
H151,high23828.txt_q0,C,2026-07-21T17:25:03,v2026.07.1
H142,high23828.txt_q0,B,2026-07-13T11:26:01,v2026.07.1
H178,high23828.txt_q0,B,2026-07-17T17:34:57,v2026.07.1
H188,high23828.txt_q0,B,2026-07-23T20:31:02,v2026.07.1
H037,high23828.txt_q0,A,2026-07-22T20:30:27,v2026.07.1
H113,high23828.txt_q0,D,2026-07-17T08:54:16,v2026.07.1
H123,high7803.txt_q0,C,2026-07-23T15:20:03,v2026.07.1
H062,high7803.txt_q0,C,2026-07-26T22:59:26,v2026.07.1
H169,high7803.txt_q0,D,2026-07-16T19:50:07,v2026.07.1
H023,high7803.txt_q0,A,2026-07-22T15:42:31,v2026.07.1
H029,high7803.txt_q0,B,2026-07-16T20:16:30,v2026.07.1
H040,high7803.txt_q0,D,2026-07-13T17:54:11,v2026.07.1
H115,high7803.txt_q0,C,2026-07-17T13:32:09,v2026.07.1
H031,high7803.txt_q0,D,2026-07-14T05:02:06,v2026.07.1
H042,high7803.txt_q0,C,2026-07-19T23:02:16,v2026.07.1
H181,high7803.txt_q0,A,2026-07-15T16:52:53,v2026.07.1
H039,high7803.txt_q0,C,2026-07-12T22:36:24,v2026.07.1
H103,high7803.txt_q0,A,2026-07-17T03:41:39,v2026.07.1
H134,high7803.txt_q0,D,2026-07-11T13:35:47,v2026.07.1
H067,high7803.txt_q0,B,2026-07-23T21:40:39,v2026.07.1
H195,high7803.txt_q0,C,2026-07-25T21:32:18,v2026.07.1
H118,high7803.txt_q0,D,2026-07-22T18:22:49,v2026.07.1
H142,high7803.txt_q0,A,2026-07-21T21:39:44,v2026.07.1
H025,high7803.txt_q0,C,2026-07-14T01:25:50,v2026.07.1
H182,high7803.txt_q0,C,2026-07-23T15:53:07,v2026.07.1
H165,high7803.txt_q0,C,2026-07-21T09:41:34,v2026.07.1
H164,high7803.txt_q0,D,2026-07-21T02:47:07,v2026.07.1
H184,high7803.txt_q0,C,2026-07-21T19:41:10,v2026.07.1
H030,high7803.txt_q0,C,2026-07-11T09:03:05,v2026.07.1
H032,high7803.txt_q0,A,2026-07-16T14:42:14,v2026.07.1
H176,high7803.txt_q0,A,2026-07-26T05:57:16,v2026.07.1
H091,high7803.txt_q0,D,2026-07-20T20:23:26,v2026.07.1
H114,high7803.txt_q0,A,2026-07-14T09:15:34,v2026.07.1
H183,high7803.txt_q0,D,2026-07-19T20:45:45,v2026.07.1
H102,high7803.txt_q0,C,2026-07-25T18:55:44,v2026.07.1
H082,high7803.txt_q0,A,2026-07-27T07:01:05,v2026.07.1
H138,high21229.txt_q0,B,2026-07-23T11:38:33,v2026.07.1
H180,high21229.txt_q0,C,2026-07-12T03:08:21,v2026.07.1
H042,high21229.txt_q0,C,2026-07-18T05:43:46,v2026.07.1
H186,high21229.txt_q0,D,2026-07-26T05:58:20,v2026.07.1
H121,high21229.txt_q0,C,2026-07-22T03:25:48,v2026.07.1
H029,high21229.txt_q0,A,2026-07-10T14:24:22,v2026.07.1
H040,high21229.txt_q0,B,2026-07-22T07:50:12,v2026.07.1
H071,high21229.txt_q0,D,2026-07-11T05:13:30,v2026.07.1
H010,high21229.txt_q0,C,2026-07-13T23:22:22,v2026.07.1
H117,high21229.txt_q0,C,2026-07-11T00:28:24,v2026.07.1
H021,high21229.txt_q0,A,2026-07-15T21:43:25,v2026.07.1
H043,high21229.txt_q0,A,2026-07-23T18:30:31,v2026.07.1
H098,high21229.txt_q0,C,2026-07-19T20:57:15,v2026.07.1
H162,high21229.txt_q0,A,2026-07-25T05:21:44,v2026.07.1
H082,high21229.txt_q0,C,2026-07-15T18:43:44,v2026.07.1
H193,high21229.txt_q0,D,2026-07-23T17:09:00,v2026.07.1
H085,high21229.txt_q0,A,2026-07-10T18:05:35,v2026.07.1
H129,high21229.txt_q0,A,2026-07-23T13:51:14,v2026.07.1
H067,high21229.txt_q0,B,2026-07-12T21:37:20,v2026.07.1
H156,high21229.txt_q0,C,2026-07-20T23:38:21,v2026.07.1
H123,high21229.txt_q0,D,2026-07-16T15:16:32,v2026.07.1
H178,high21229.txt_q0,A,2026-07-19T07:22:57,v2026.07.1
H148,high21229.txt_q0,D,2026-07-23T09:44:26,v2026.07.1
H151,high21229.txt_q0,A,2026-07-18T06:50:08,v2026.07.1
H092,high21229.txt_q0,C,2026-07-12T11:16:37,v2026.07.1
H045,high21229.txt_q0,A,2026-07-14T08:05:30,v2026.07.1
H114,high21229.txt_q0,C,2026-07-18T22:48:29,v2026.07.1
H088,high21229.txt_q0,B,2026-07-17T17:20:51,v2026.07.1
H015,high21229.txt_q0,C,2026-07-14T06:46:45,v2026.07.1
H188,high21229.txt_q0,D,2026-07-18T04:58:31,v2026.07.1
H138,high17238.txt_q0,D,2026-07-17T08:03:22,v2026.07.1
H132,high17238.txt_q0,A,2026-07-15T22:58:38,v2026.07.1
H133,high17238.txt_q0,C,2026-07-11T22:35:33,v2026.07.1
H029,high17238.txt_q0,B,2026-07-20T21:25:01,v2026.07.1
H046,high17238.txt_q0,A,2026-07-21T16:13:33,v2026.07.1
H063,high17238.txt_q0,A,2026-07-26T11:28:40,v2026.07.1
H198,high17238.txt_q0,C,2026-07-24T12:20:14,v2026.07.1
H151,high17238.txt_q0,A,2026-07-20T21:20:49,v2026.07.1
H003,high17238.txt_q0,D,2026-07-17T20:27:18,v2026.07.1
H112,high17238.txt_q0,A,2026-07-16T12:08:46,v2026.07.1
H141,high17238.txt_q0,D,2026-07-24T00:29:34,v2026.07.1
H200,high17238.txt_q0,D,2026-07-16T08:18:43,v2026.07.1
H098,high17238.txt_q0,A,2026-07-19T08:49:58,v2026.07.1
H014,high17238.txt_q0,D,2026-07-25T02:06:40,v2026.07.1
H134,high17238.txt_q0,D,2026-07-14T02:28:03,v2026.07.1
H087,high17238.txt_q0,A,2026-07-10T18:23:55,v2026.07.1
H165,high17238.txt_q0,C,2026-07-26T06:08:13,v2026.07.1
H068,high17238.txt_q0,D,2026-07-21T14:11:57,v2026.07.1
H102,high17238.txt_q0,A,2026-07-21T04:54:53,v2026.07.1
H162,high17238.txt_q0,C,2026-07-23T03:30:31,v2026.07.1
H024,high17238.txt_q0,A,2026-07-16T10:25:33,v2026.07.1
H030,high17238.txt_q0,A,2026-07-18T12:30:55,v2026.07.1
H084,high17238.txt_q0,D,2026-07-25T11:58:05,v2026.07.1
H196,high17238.txt_q0,A,2026-07-11T19:53:34,v2026.07.1
H126,high17238.txt_q0,A,2026-07-14T00:43:24,v2026.07.1
H048,high17238.txt_q0,C,2026-07-23T13:34:03,v2026.07.1
H018,high17238.txt_q0,C,2026-07-12T20:20:31,v2026.07.1
H094,high17238.txt_q0,A,2026-07-14T03:09:05,v2026.07.1
H020,high17238.txt_q0,A,2026-07-24T16:17:10,v2026.07.1
H017,high17238.txt_q0,B,2026-07-12T19:11:59,v2026.07.1
H120,high6702.txt_q3,A,2026-07-22T03:44:48,v2026.07.1
H165,high6702.txt_q3,D,2026-07-14T00:33:08,v2026.07.1
H035,high6702.txt_q3,A,2026-07-26T09:11:16,v2026.07.1
H163,high6702.txt_q3,A,2026-07-19T06:25:29,v2026.07.1
H009,high6702.txt_q3,A,2026-07-17T09:48:29,v2026.07.1
H159,high6702.txt_q3,D,2026-07-15T17:32:25,v2026.07.1
H189,high6702.txt_q3,D,2026-07-14T05:09:20,v2026.07.1
H040,high6702.txt_q3,C,2026-07-23T17:13:33,v2026.07.1
H095,high6702.txt_q3,C,2026-07-17T03:02:36,v2026.07.1
H194,high6702.txt_q3,A,2026-07-10T09:49:10,v2026.07.1
H075,high6702.txt_q3,D,2026-07-25T01:56:22,v2026.07.1
H041,high6702.txt_q3,B,2026-07-14T19:03:54,v2026.07.1
H042,high6702.txt_q3,D,2026-07-22T11:36:13,v2026.07.1
H052,high6702.txt_q3,A,2026-07-20T19:52:25,v2026.07.1
H019,high6702.txt_q3,A,2026-07-10T20:25:51,v2026.07.1
H186,high6702.txt_q3,C,2026-07-26T06:55:18,v2026.07.1
H144,high6702.txt_q3,C,2026-07-19T20:53:30,v2026.07.1
H105,high6702.txt_q3,C,2026-07-17T03:12:10,v2026.07.1
H027,high6702.txt_q3,A,2026-07-13T23:27:55,v2026.07.1
H055,high6702.txt_q3,A,2026-07-16T11:10:41,v2026.07.1
H082,high6702.txt_q3,A,2026-07-24T15:09:33,v2026.07.1
H087,high6702.txt_q3,A,2026-07-11T20:37:54,v2026.07.1
H092,high6702.txt_q3,B,2026-07-24T04:44:15,v2026.07.1
H024,high6702.txt_q3,A,2026-07-23T22:52:30,v2026.07.1
H130,high6702.txt_q3,D,2026-07-24T12:03:43,v2026.07.1
H083,high6702.txt_q3,D,2026-07-25T08:40:59,v2026.07.1
H174,high6702.txt_q3,B,2026-07-18T05:10:20,v2026.07.1
H109,high6702.txt_q3,C,2026-07-18T13:26:16,v2026.07.1
H110,high6702.txt_q3,D,2026-07-27T01:29:08,v2026.07.1
H132,high6702.txt_q3,D,2026-07-15T12:57:46,v2026.07.1
H069,high13220.txt_q0,B,2026-07-24T16:37:10,v2026.07.1
H134,high13220.txt_q0,A,2026-07-20T12:22:22,v2026.07.1
H155,high13220.txt_q0,A,2026-07-10T23:45:15,v2026.07.1
H043,high13220.txt_q0,A,2026-07-25T06:56:19,v2026.07.1
H178,high13220.txt_q0,D,2026-07-14T11:23:05,v2026.07.1
H141,high13220.txt_q0,C,2026-07-17T07:19:23,v2026.07.1
H154,high13220.txt_q0,A,2026-07-20T12:27:29,v2026.07.1
H073,high13220.txt_q0,A,2026-07-21T08:51:00,v2026.07.1
H165,high13220.txt_q0,D,2026-07-17T23:19:43,v2026.07.1
H194,high13220.txt_q0,A,2026-07-21T10:25:39,v2026.07.1
H020,high13220.txt_q0,A,2026-07-13T06:51:43,v2026.07.1
H193,high13220.txt_q0,D,2026-07-26T16:30:15,v2026.07.1
H009,high13220.txt_q0,D,2026-07-15T01:05:59,v2026.07.1
H171,high13220.txt_q0,A,2026-07-19T08:15:39,v2026.07.1
H104,high13220.txt_q0,B,2026-07-27T01:13:51,v2026.07.1
H127,high13220.txt_q0,C,2026-07-16T19:34:14,v2026.07.1
H108,high13220.txt_q0,B,2026-07-15T20:22:47,v2026.07.1
H052,high13220.txt_q0,A,2026-07-12T22:47:17,v2026.07.1
H152,high13220.txt_q0,C,2026-07-13T01:37:05,v2026.07.1
H082,high13220.txt_q0,A,2026-07-15T04:41:23,v2026.07.1
H068,high13220.txt_q0,A,2026-07-26T11:56:41,v2026.07.1
H117,high13220.txt_q0,D,2026-07-15T03:18:29,v2026.07.1
H151,high13220.txt_q0,C,2026-07-24T19:33:16,v2026.07.1
H190,high13220.txt_q0,A,2026-07-19T04:02:47,v2026.07.1
H089,high13220.txt_q0,A,2026-07-24T20:44:36,v2026.07.1
H097,high13220.txt_q0,C,2026-07-12T17:16:44,v2026.07.1
H133,high13220.txt_q0,C,2026-07-24T05:29:07,v2026.07.1
H166,high13220.txt_q0,B,2026-07-13T09:57:13,v2026.07.1
H138,high13220.txt_q0,C,2026-07-17T05:49:15,v2026.07.1
H005,high13220.txt_q0,B,2026-07-26T01:54:13,v2026.07.1
H150,high6397.txt_q0,D,2026-07-12T13:53:44,v2026.07.1
H039,high6397.txt_q0,A,2026-07-18T08:54:38,v2026.07.1
H071,high6397.txt_q0,B,2026-07-24T02:14:53,v2026.07.1
H154,high6397.txt_q0,A,2026-07-15T03:15:36,v2026.07.1
H151,high6397.txt_q0,B,2026-07-22T06:32:40,v2026.07.1
H058,high6397.txt_q0,A,2026-07-16T17:46:14,v2026.07.1
H139,high6397.txt_q0,C,2026-07-25T03:16:59,v2026.07.1
H107,high6397.txt_q0,B,2026-07-24T18:09:01,v2026.07.1
H046,high6397.txt_q0,D,2026-07-13T01:31:27,v2026.07.1
H075,high6397.txt_q0,C,2026-07-24T08:50:41,v2026.07.1
H013,high6397.txt_q0,C,2026-07-16T15:46:03,v2026.07.1
H036,high6397.txt_q0,D,2026-07-13T11:23:11,v2026.07.1
H047,high6397.txt_q0,A,2026-07-11T05:02:19,v2026.07.1
H080,high6397.txt_q0,B,2026-07-25T03:40:31,v2026.07.1
H173,high6397.txt_q0,D,2026-07-18T16:40:09,v2026.07.1
H068,high6397.txt_q0,B,2026-07-15T17:00:38,v2026.07.1
H089,high6397.txt_q0,C,2026-07-24T19:08:16,v2026.07.1
H135,high6397.txt_q0,C,2026-07-21T07:10:43,v2026.07.1
H001,high6397.txt_q0,A,2026-07-26T08:00:34,v2026.07.1
H165,high6397.txt_q0,D,2026-07-12T08:56:50,v2026.07.1
H136,high6397.txt_q0,D,2026-07-26T20:08:22,v2026.07.1
H190,high6397.txt_q0,C,2026-07-18T03:26:04,v2026.07.1
H010,high6397.txt_q0,A,2026-07-23T23:19:34,v2026.07.1
H095,high6397.txt_q0,C,2026-07-27T03:33:57,v2026.07.1
H172,high6397.txt_q0,D,2026-07-12T01:35:37,v2026.07.1
H148,high6397.txt_q0,B,2026-07-12T11:03:59,v2026.07.1
H157,high6397.txt_q0,C,2026-07-23T23:15:37,v2026.07.1
H188,high6397.txt_q0,A,2026-07-10T17:35:07,v2026.07.1
H159,high6397.txt_q0,D,2026-07-11T03:15:23,v2026.07.1
H027,high6397.txt_q0,B,2026-07-22T02:03:27,v2026.07.1
H127,high2067.txt_q2,A,2026-07-23T22:26:00,v2026.07.1
H053,high2067.txt_q2,D,2026-07-12T13:59:07,v2026.07.1
H164,high2067.txt_q2,B,2026-07-11T02:26:22,v2026.07.1
H104,high2067.txt_q2,A,2026-07-21T10:22:25,v2026.07.1
H162,high2067.txt_q2,A,2026-07-22T23:40:12,v2026.07.1
H172,high2067.txt_q2,B,2026-07-13T13:02:09,v2026.07.1
H052,high2067.txt_q2,C,2026-07-14T04:24:23,v2026.07.1
H006,high2067.txt_q2,A,2026-07-12T22:06:33,v2026.07.1
H171,high2067.txt_q2,C,2026-07-14T18:37:51,v2026.07.1
H150,high2067.txt_q2,C,2026-07-17T23:13:17,v2026.07.1
H060,high2067.txt_q2,C,2026-07-12T14:40:51,v2026.07.1
H076,high2067.txt_q2,A,2026-07-17T14:38:00,v2026.07.1
H001,high2067.txt_q2,B,2026-07-17T10:11:58,v2026.07.1
H062,high2067.txt_q2,B,2026-07-17T07:24:45,v2026.07.1
H098,high2067.txt_q2,A,2026-07-25T06:25:01,v2026.07.1
H108,high2067.txt_q2,B,2026-07-23T01:04:29,v2026.07.1
H087,high2067.txt_q2,D,2026-07-25T03:10:00,v2026.07.1
H137,high2067.txt_q2,B,2026-07-15T01:28:25,v2026.07.1
H179,high2067.txt_q2,D,2026-07-14T19:41:11,v2026.07.1
H119,high2067.txt_q2,C,2026-07-10T16:15:28,v2026.07.1
H139,high2067.txt_q2,A,2026-07-18T23:52:53,v2026.07.1
H033,high2067.txt_q2,D,2026-07-20T23:27:33,v2026.07.1
H173,high2067.txt_q2,D,2026-07-19T23:04:30,v2026.07.1
H153,high2067.txt_q2,B,2026-07-15T14:01:59,v2026.07.1
H017,high2067.txt_q2,C,2026-07-27T06:27:26,v2026.07.1
H101,high2067.txt_q2,C,2026-07-22T22:46:45,v2026.07.1
H059,high2067.txt_q2,A,2026-07-25T01:45:49,v2026.07.1
H148,high2067.txt_q2,C,2026-07-18T16:12:13,v2026.07.1
H106,high2067.txt_q2,C,2026-07-24T10:09:18,v2026.07.1
H193,high2067.txt_q2,D,2026-07-17T11:03:19,v2026.07.1
H143,high9779.txt_q0,A,2026-07-25T05:21:39,v2026.07.1
H005,high9779.txt_q0,A,2026-07-13T14:30:27,v2026.07.1
H101,high9779.txt_q0,A,2026-07-20T04:58:22,v2026.07.1
H156,high9779.txt_q0,A,2026-07-18T21:38:02,v2026.07.1
H123,high9779.txt_q0,D,2026-07-24T21:42:59,v2026.07.1
H069,high9779.txt_q0,A,2026-07-25T14:17:51,v2026.07.1
H041,high9779.txt_q0,B,2026-07-27T08:25:38,v2026.07.1
H145,high9779.txt_q0,D,2026-07-18T10:49:07,v2026.07.1
H047,high9779.txt_q0,D,2026-07-23T18:13:33,v2026.07.1
H009,high9779.txt_q0,B,2026-07-13T19:35:25,v2026.07.1
H049,high9779.txt_q0,B,2026-07-25T12:02:18,v2026.07.1
H112,high9779.txt_q0,C,2026-07-24T19:02:38,v2026.07.1
H052,high9779.txt_q0,A,2026-07-23T04:24:01,v2026.07.1
H194,high9779.txt_q0,D,2026-07-13T08:03:51,v2026.07.1
H018,high9779.txt_q0,B,2026-07-27T12:04:27,v2026.07.1
H015,high9779.txt_q0,D,2026-07-20T12:32:27,v2026.07.1
H023,high9779.txt_q0,B,2026-07-22T09:22:41,v2026.07.1
H091,high9779.txt_q0,B,2026-07-16T13:22:29,v2026.07.1
H198,high9779.txt_q0,C,2026-07-24T12:44:30,v2026.07.1
H159,high9779.txt_q0,A,2026-07-21T09:38:25,v2026.07.1
H068,high9779.txt_q0,C,2026-07-21T11:05:56,v2026.07.1
H078,high9779.txt_q0,D,2026-07-19T08:35:41,v2026.07.1
H196,high9779.txt_q0,D,2026-07-22T13:26:32,v2026.07.1
H190,high9779.txt_q0,B,2026-07-15T13:22:11,v2026.07.1
H046,high9779.txt_q0,D,2026-07-14T08:54:28,v2026.07.1
H119,high9779.txt_q0,A,2026-07-18T09:49:42,v2026.07.1
H061,high9779.txt_q0,A,2026-07-27T09:10:37,v2026.07.1
H132,high9779.txt_q0,A,2026-07-17T06:38:40,v2026.07.1
H160,high9779.txt_q0,D,2026-07-14T09:45:22,v2026.07.1
H157,high9779.txt_q0,B,2026-07-15T23:07:14,v2026.07.1
H026,high4968.txt_q2,A,2026-07-10T14:37:46,v2026.07.1
H007,high4968.txt_q2,C,2026-07-18T13:22:17,v2026.07.1
H098,high4968.txt_q2,B,2026-07-20T07:30:53,v2026.07.1
H023,high4968.txt_q2,C,2026-07-12T11:05:18,v2026.07.1
H133,high4968.txt_q2,C,2026-07-24T20:35:53,v2026.07.1
H177,high4968.txt_q2,D,2026-07-26T06:41:51,v2026.07.1
H032,high4968.txt_q2,A,2026-07-27T15:56:33,v2026.07.1
H145,high4968.txt_q2,C,2026-07-11T13:28:28,v2026.07.1
H129,high4968.txt_q2,D,2026-07-14T04:59:00,v2026.07.1
H069,high4968.txt_q2,B,2026-07-21T22:53:25,v2026.07.1
H050,high4968.txt_q2,C,2026-07-11T02:16:59,v2026.07.1
H153,high4968.txt_q2,A,2026-07-21T07:17:04,v2026.07.1
H176,high4968.txt_q2,C,2026-07-26T16:14:04,v2026.07.1
H197,high4968.txt_q2,A,2026-07-16T12:11:02,v2026.07.1
H120,high4968.txt_q2,D,2026-07-17T13:25:30,v2026.07.1
H144,high4968.txt_q2,B,2026-07-14T22:43:14,v2026.07.1
H193,high4968.txt_q2,A,2026-07-23T04:09:47,v2026.07.1
H010,high4968.txt_q2,C,2026-07-16T01:43:02,v2026.07.1
H186,high4968.txt_q2,D,2026-07-17T02:58:20,v2026.07.1
H020,high4968.txt_q2,D,2026-07-11T09:11:38,v2026.07.1
H051,high4968.txt_q2,C,2026-07-22T19:04:47,v2026.07.1
H189,high4968.txt_q2,C,2026-07-21T22:55:53,v2026.07.1
H094,high4968.txt_q2,B,2026-07-22T20:35:59,v2026.07.1
H141,high4968.txt_q2,A,2026-07-12T04:07:48,v2026.07.1
H078,high4968.txt_q2,A,2026-07-26T04:33:21,v2026.07.1
H037,high4968.txt_q2,A,2026-07-26T02:26:37,v2026.07.1
H138,high4968.txt_q2,C,2026-07-11T09:57:27,v2026.07.1
H160,high4968.txt_q2,A,2026-07-19T16:20:37,v2026.07.1
H090,high4968.txt_q2,A,2026-07-16T16:15:57,v2026.07.1
H052,high4968.txt_q2,A,2026-07-27T11:57:02,v2026.07.1
H143,high4821.txt_q1,B,2026-07-22T00:31:29,v2026.07.1
H066,high4821.txt_q1,A,2026-07-13T01:55:22,v2026.07.1
H158,high4821.txt_q1,A,2026-07-15T15:14:55,v2026.07.1
H140,high4821.txt_q1,A,2026-07-25T03:40:49,v2026.07.1
H068,high4821.txt_q1,D,2026-07-23T23:12:46,v2026.07.1
H081,high4821.txt_q1,A,2026-07-11T13:17:03,v2026.07.1
H196,high4821.txt_q1,C,2026-07-26T18:51:27,v2026.07.1
H127,high4821.txt_q1,D,2026-07-19T10:31:49,v2026.07.1
H065,high4821.txt_q1,A,2026-07-22T19:40:15,v2026.07.1
H052,high4821.txt_q1,B,2026-07-19T14:05:07,v2026.07.1
H110,high4821.txt_q1,A,2026-07-15T00:07:46,v2026.07.1
H166,high4821.txt_q1,C,2026-07-13T19:05:09,v2026.07.1
H062,high4821.txt_q1,C,2026-07-10T11:10:06,v2026.07.1
H056,high4821.txt_q1,A,2026-07-14T20:38:00,v2026.07.1
H191,high4821.txt_q1,D,2026-07-13T05:24:29,v2026.07.1
H020,high4821.txt_q1,C,2026-07-23T23:38:57,v2026.07.1
H149,high4821.txt_q1,A,2026-07-21T00:11:03,v2026.07.1
H185,high4821.txt_q1,A,2026-07-24T15:11:35,v2026.07.1
H004,high4821.txt_q1,B,2026-07-22T19:56:42,v2026.07.1
H117,high4821.txt_q1,A,2026-07-25T12:39:10,v2026.07.1
H027,high4821.txt_q1,D,2026-07-19T10:18:38,v2026.07.1
H038,high4821.txt_q1,D,2026-07-16T09:12:19,v2026.07.1
H024,high4821.txt_q1,A,2026-07-27T14:42:17,v2026.07.1
H002,high4821.txt_q1,A,2026-07-22T13:22:09,v2026.07.1
H034,high4821.txt_q1,A,2026-07-23T14:30:16,v2026.07.1
H109,high4821.txt_q1,C,2026-07-13T21:41:06,v2026.07.1
H161,high4821.txt_q1,C,2026-07-10T15:17:56,v2026.07.1
H114,high4821.txt_q1,C,2026-07-14T14:12:29,v2026.07.1
H064,high4821.txt_q1,A,2026-07-24T02:38:01,v2026.07.1
H009,high4821.txt_q1,A,2026-07-19T06:22:41,v2026.07.1
H002,high17431.txt_q0,B,2026-07-12T21:08:17,v2026.07.1
H051,high17431.txt_q0,C,2026-07-26T18:39:09,v2026.07.1
H153,high17431.txt_q0,A,2026-07-22T04:45:28,v2026.07.1
H071,high17431.txt_q0,A,2026-07-25T09:19:18,v2026.07.1
H083,high17431.txt_q0,A,2026-07-27T16:30:10,v2026.07.1
H114,high17431.txt_q0,A,2026-07-25T19:37:32,v2026.07.1
H082,high17431.txt_q0,C,2026-07-20T19:42:42,v2026.07.1
H097,high17431.txt_q0,A,2026-07-17T15:15:25,v2026.07.1
H150,high17431.txt_q0,C,2026-07-17T07:51:05,v2026.07.1
H185,high17431.txt_q0,C,2026-07-13T23:42:11,v2026.07.1
H170,high17431.txt_q0,B,2026-07-22T13:47:29,v2026.07.1
H046,high17431.txt_q0,D,2026-07-14T00:00:20,v2026.07.1
H102,high17431.txt_q0,A,2026-07-27T10:51:09,v2026.07.1
H024,high17431.txt_q0,C,2026-07-25T03:01:41,v2026.07.1
H115,high17431.txt_q0,D,2026-07-25T15:34:28,v2026.07.1
H162,high17431.txt_q0,C,2026-07-26T20:56:13,v2026.07.1
H151,high17431.txt_q0,A,2026-07-11T00:40:50,v2026.07.1
H130,high17431.txt_q0,D,2026-07-19T07:04:03,v2026.07.1
H184,high17431.txt_q0,B,2026-07-14T18:34:59,v2026.07.1
H200,high17431.txt_q0,C,2026-07-12T02:11:26,v2026.07.1
H168,high17431.txt_q0,A,2026-07-14T03:30:00,v2026.07.1
H103,high17431.txt_q0,C,2026-07-12T09:56:53,v2026.07.1
H061,high17431.txt_q0,A,2026-07-16T06:58:30,v2026.07.1
H030,high17431.txt_q0,A,2026-07-14T10:59:20,v2026.07.1
H034,high17431.txt_q0,C,2026-07-19T03:57:04,v2026.07.1
H171,high17431.txt_q0,B,2026-07-20T00:54:53,v2026.07.1
H020,high17431.txt_q0,C,2026-07-13T13:41:04,v2026.07.1
H054,high17431.txt_q0,A,2026-07-15T07:44:15,v2026.07.1
H004,high17431.txt_q0,D,2026-07-15T03:34:00,v2026.07.1
H026,high17431.txt_q0,A,2026-07-19T09:29:40,v2026.07.1
H093,high8561.txt_q1,B,2026-07-18T19:26:29,v2026.07.1
H178,high8561.txt_q1,D,2026-07-15T23:39:00,v2026.07.1
H155,high8561.txt_q1,B,2026-07-20T06:33:39,v2026.07.1
H200,high8561.txt_q1,B,2026-07-24T16:07:32,v2026.07.1
H197,high8561.txt_q1,B,2026-07-12T22:09:08,v2026.07.1
H005,high8561.txt_q1,A,2026-07-20T00:24:42,v2026.07.1
H099,high8561.txt_q1,A,2026-07-23T10:44:22,v2026.07.1
H122,high8561.txt_q1,C,2026-07-20T03:29:05,v2026.07.1
H120,high8561.txt_q1,B,2026-07-15T09:55:19,v2026.07.1
H073,high8561.txt_q1,B,2026-07-17T03:37:26,v2026.07.1
H027,high8561.txt_q1,D,2026-07-18T09:08:22,v2026.07.1
H053,high8561.txt_q1,B,2026-07-21T01:25:40,v2026.07.1
H090,high8561.txt_q1,B,2026-07-19T01:20:09,v2026.07.1
H084,high8561.txt_q1,A,2026-07-20T16:20:01,v2026.07.1
H041,high8561.txt_q1,A,2026-07-20T17:02:05,v2026.07.1
H096,high8561.txt_q1,A,2026-07-13T09:40:12,v2026.07.1
H034,high8561.txt_q1,B,2026-07-23T18:33:24,v2026.07.1
H129,high8561.txt_q1,C,2026-07-14T18:05:21,v2026.07.1
H190,high8561.txt_q1,C,2026-07-11T01:37:10,v2026.07.1
H105,high8561.txt_q1,A,2026-07-20T07:12:16,v2026.07.1
H060,high8561.txt_q1,C,2026-07-27T17:35:08,v2026.07.1
H181,high8561.txt_q1,B,2026-07-15T08:38:33,v2026.07.1
H167,high8561.txt_q1,B,2026-07-14T14:42:59,v2026.07.1
H126,high8561.txt_q1,C,2026-07-15T00:30:42,v2026.07.1
H068,high8561.txt_q1,C,2026-07-11T16:41:47,v2026.07.1
H065,high8561.txt_q1,C,2026-07-19T20:06:10,v2026.07.1
H198,high8561.txt_q1,B,2026-07-14T14:18:20,v2026.07.1
H029,high8561.txt_q1,A,2026-07-20T07:18:35,v2026.07.1
H170,high8561.txt_q1,B,2026-07-18T02:23:14,v2026.07.1
H051,high8561.txt_q1,B,2026-07-14T19:23:50,v2026.07.1
H042,high17102.txt_q0,A,2026-07-18T18:41:14,v2026.07.1
H059,high17102.txt_q0,D,2026-07-16T17:42:20,v2026.07.1
H028,high17102.txt_q0,D,2026-07-21T01:53:41,v2026.07.1
H074,high17102.txt_q0,A,2026-07-22T19:31:28,v2026.07.1
H165,high17102.txt_q0,A,2026-07-11T00:04:29,v2026.07.1
H004,high17102.txt_q0,B,2026-07-12T09:18:17,v2026.07.1
H035,high17102.txt_q0,C,2026-07-17T16:47:01,v2026.07.1
H150,high17102.txt_q0,C,2026-07-24T18:40:28,v2026.07.1
H187,high17102.txt_q0,C,2026-07-27T13:10:52,v2026.07.1
H018,high17102.txt_q0,A,2026-07-25T20:30:19,v2026.07.1
H133,high17102.txt_q0,C,2026-07-27T17:25:21,v2026.07.1
H027,high17102.txt_q0,C,2026-07-12T22:22:04,v2026.07.1
H118,high17102.txt_q0,D,2026-07-21T00:39:23,v2026.07.1
H132,high17102.txt_q0,B,2026-07-21T08:14:30,v2026.07.1
H117,high17102.txt_q0,C,2026-07-24T00:57:23,v2026.07.1
H125,high17102.txt_q0,A,2026-07-13T12:23:58,v2026.07.1
H114,high17102.txt_q0,A,2026-07-22T05:06:42,v2026.07.1
H177,high17102.txt_q0,C,2026-07-16T04:55:58,v2026.07.1
H127,high17102.txt_q0,C,2026-07-19T19:01:39,v2026.07.1
H121,high17102.txt_q0,C,2026-07-23T08:47:19,v2026.07.1
H078,high17102.txt_q0,B,2026-07-11T07:23:49,v2026.07.1
H077,high17102.txt_q0,A,2026-07-18T05:24:19,v2026.07.1
H135,high17102.txt_q0,B,2026-07-20T00:01:04,v2026.07.1
H093,high17102.txt_q0,A,2026-07-22T03:51:45,v2026.07.1
H178,high17102.txt_q0,A,2026-07-27T03:05:15,v2026.07.1
H169,high17102.txt_q0,A,2026-07-15T22:13:11,v2026.07.1
H161,high17102.txt_q0,C,2026-07-27T14:45:34,v2026.07.1
H058,high17102.txt_q0,B,2026-07-20T16:44:45,v2026.07.1
H053,high17102.txt_q0,D,2026-07-22T20:45:17,v2026.07.1
H016,high17102.txt_q0,C,2026-07-26T12:55:58,v2026.07.1
H002,high9349.txt_q1,C,2026-07-25T17:12:27,v2026.07.1
H123,high9349.txt_q1,D,2026-07-17T16:04:05,v2026.07.1
H055,high9349.txt_q1,D,2026-07-23T19:35:22,v2026.07.1
H118,high9349.txt_q1,D,2026-07-19T10:13:46,v2026.07.1
H070,high9349.txt_q1,D,2026-07-20T09:35:25,v2026.07.1
H005,high9349.txt_q1,D,2026-07-19T02:40:50,v2026.07.1
H090,high9349.txt_q1,B,2026-07-14T14:55:01,v2026.07.1
H079,high9349.txt_q1,B,2026-07-27T02:17:08,v2026.07.1
H025,high9349.txt_q1,D,2026-07-19T03:55:45,v2026.07.1
H200,high9349.txt_q1,C,2026-07-14T10:47:34,v2026.07.1
H051,high9349.txt_q1,A,2026-07-15T21:02:11,v2026.07.1
H045,high9349.txt_q1,C,2026-07-27T06:08:38,v2026.07.1
H153,high9349.txt_q1,A,2026-07-26T02:35:03,v2026.07.1
H198,high9349.txt_q1,C,2026-07-11T19:55:53,v2026.07.1
H189,high9349.txt_q1,A,2026-07-21T11:13:22,v2026.07.1
H190,high9349.txt_q1,D,2026-07-23T14:30:21,v2026.07.1
H114,high9349.txt_q1,D,2026-07-14T01:15:26,v2026.07.1
H156,high9349.txt_q1,D,2026-07-16T08:45:20,v2026.07.1
H056,high9349.txt_q1,D,2026-07-10T14:30:08,v2026.07.1
H177,high9349.txt_q1,B,2026-07-26T17:22:09,v2026.07.1
H150,high9349.txt_q1,A,2026-07-12T16:00:57,v2026.07.1
H104,high9349.txt_q1,C,2026-07-26T12:29:13,v2026.07.1
H003,high9349.txt_q1,B,2026-07-10T17:22:38,v2026.07.1
H199,high9349.txt_q1,C,2026-07-13T01:45:07,v2026.07.1
H004,high9349.txt_q1,D,2026-07-22T20:53:45,v2026.07.1
H119,high9349.txt_q1,A,2026-07-17T02:10:45,v2026.07.1
H136,high9349.txt_q1,B,2026-07-21T17:54:16,v2026.07.1
H187,high9349.txt_q1,B,2026-07-24T22:49:46,v2026.07.1
H063,high9349.txt_q1,D,2026-07-25T08:43:47,v2026.07.1
H166,high9349.txt_q1,C,2026-07-17T01:12:41,v2026.07.1
H056,high6614.txt_q0,A,2026-07-10T19:28:51,v2026.07.1
H057,high6614.txt_q0,A,2026-07-13T13:47:13,v2026.07.1
H058,high6614.txt_q0,A,2026-07-15T18:10:01,v2026.07.1
H102,high6614.txt_q0,C,2026-07-16T02:19:38,v2026.07.1
H004,high6614.txt_q0,C,2026-07-21T22:22:41,v2026.07.1
H182,high6614.txt_q0,A,2026-07-25T02:48:05,v2026.07.1
H111,high6614.txt_q0,D,2026-07-22T07:49:25,v2026.07.1
H105,high6614.txt_q0,C,2026-07-20T22:00:32,v2026.07.1
H175,high6614.txt_q0,D,2026-07-25T15:14:35,v2026.07.1
H019,high6614.txt_q0,C,2026-07-11T09:35:49,v2026.07.1
H134,high6614.txt_q0,C,2026-07-24T12:14:48,v2026.07.1
H133,high6614.txt_q0,B,2026-07-20T00:12:17,v2026.07.1
H107,high6614.txt_q0,A,2026-07-26T09:40:34,v2026.07.1
H121,high6614.txt_q0,B,2026-07-20T19:10:45,v2026.07.1
H122,high6614.txt_q0,A,2026-07-27T04:39:01,v2026.07.1
H086,high6614.txt_q0,B,2026-07-16T19:35:23,v2026.07.1
H024,high6614.txt_q0,A,2026-07-15T01:46:30,v2026.07.1
H129,high6614.txt_q0,B,2026-07-16T12:07:18,v2026.07.1
H130,high6614.txt_q0,D,2026-07-17T17:58:21,v2026.07.1
H191,high6614.txt_q0,C,2026-07-13T02:00:49,v2026.07.1
H032,high6614.txt_q0,A,2026-07-27T00:38:16,v2026.07.1
H194,high6614.txt_q0,D,2026-07-21T13:34:16,v2026.07.1
H015,high6614.txt_q0,A,2026-07-24T10:26:10,v2026.07.1
H179,high6614.txt_q0,A,2026-07-15T20:41:39,v2026.07.1
H173,high6614.txt_q0,A,2026-07-26T09:35:43,v2026.07.1
H192,high6614.txt_q0,A,2026-07-27T04:22:48,v2026.07.1
H039,high6614.txt_q0,C,2026-07-11T01:19:48,v2026.07.1
H038,high6614.txt_q0,B,2026-07-20T04:44:58,v2026.07.1
H005,high6614.txt_q0,C,2026-07-26T09:14:17,v2026.07.1
H043,high6614.txt_q0,C,2026-07-27T17:27:47,v2026.07.1
H090,high23728.txt_q1,B,2026-07-13T00:51:55,v2026.07.1
H080,high23728.txt_q1,D,2026-07-26T19:47:35,v2026.07.1
H015,high23728.txt_q1,C,2026-07-25T00:31:07,v2026.07.1
H053,high23728.txt_q1,A,2026-07-24T04:24:00,v2026.07.1
H087,high23728.txt_q1,C,2026-07-26T00:43:56,v2026.07.1
H035,high23728.txt_q1,A,2026-07-26T20:53:11,v2026.07.1
H101,high23728.txt_q1,A,2026-07-22T10:26:25,v2026.07.1
H172,high23728.txt_q1,B,2026-07-12T21:05:06,v2026.07.1
H123,high23728.txt_q1,B,2026-07-17T06:53:15,v2026.07.1
H096,high23728.txt_q1,C,2026-07-10T14:04:07,v2026.07.1
H198,high23728.txt_q1,A,2026-07-17T17:21:26,v2026.07.1
H139,high23728.txt_q1,A,2026-07-19T07:40:38,v2026.07.1
H026,high23728.txt_q1,A,2026-07-16T04:14:51,v2026.07.1
H045,high23728.txt_q1,B,2026-07-16T06:48:18,v2026.07.1
H183,high23728.txt_q1,A,2026-07-14T13:42:50,v2026.07.1
H124,high23728.txt_q1,C,2026-07-10T19:51:56,v2026.07.1
H072,high23728.txt_q1,A,2026-07-17T00:56:03,v2026.07.1
H041,high23728.txt_q1,C,2026-07-18T13:33:04,v2026.07.1
H037,high23728.txt_q1,C,2026-07-13T05:50:40,v2026.07.1
H084,high23728.txt_q1,A,2026-07-16T12:49:59,v2026.07.1
H179,high23728.txt_q1,B,2026-07-26T05:22:39,v2026.07.1
H176,high23728.txt_q1,B,2026-07-26T15:42:47,v2026.07.1
H170,high23728.txt_q1,A,2026-07-21T20:44:31,v2026.07.1
H185,high23728.txt_q1,B,2026-07-17T11:30:54,v2026.07.1
H140,high23728.txt_q1,B,2026-07-27T16:17:42,v2026.07.1
H174,high23728.txt_q1,A,2026-07-15T00:47:19,v2026.07.1
H187,high23728.txt_q1,B,2026-07-12T05:56:24,v2026.07.1
H195,high23728.txt_q1,B,2026-07-13T04:41:31,v2026.07.1
H132,high23728.txt_q1,A,2026-07-12T06:41:45,v2026.07.1
H007,high23728.txt_q1,B,2026-07-18T04:55:52,v2026.07.1
H157,high1111.txt_q3,B,2026-07-25T06:18:30,v2026.07.1
H039,high1111.txt_q3,A,2026-07-16T06:50:25,v2026.07.1
H012,high1111.txt_q3,D,2026-07-12T05:00:38,v2026.07.1
H167,high1111.txt_q3,D,2026-07-18T11:06:06,v2026.07.1
H084,high1111.txt_q3,D,2026-07-17T19:41:22,v2026.07.1
H020,high1111.txt_q3,B,2026-07-26T00:23:46,v2026.07.1
H049,high1111.txt_q3,C,2026-07-12T17:29:43,v2026.07.1
H050,high1111.txt_q3,A,2026-07-18T22:27:31,v2026.07.1
H165,high1111.txt_q3,C,2026-07-24T09:32:18,v2026.07.1
H126,high1111.txt_q3,C,2026-07-16T17:00:04,v2026.07.1
H175,high1111.txt_q3,D,2026-07-24T16:54:27,v2026.07.1
H154,high1111.txt_q3,A,2026-07-24T18:04:33,v2026.07.1
H184,high1111.txt_q3,A,2026-07-11T20:58:03,v2026.07.1
H116,high1111.txt_q3,D,2026-07-10T20:32:21,v2026.07.1
H195,high1111.txt_q3,A,2026-07-23T01:17:08,v2026.07.1
H065,high1111.txt_q3,A,2026-07-15T11:13:38,v2026.07.1
H087,high1111.txt_q3,A,2026-07-21T21:45:21,v2026.07.1
H076,high1111.txt_q3,C,2026-07-16T21:56:54,v2026.07.1
H132,high1111.txt_q3,C,2026-07-21T05:18:01,v2026.07.1
H070,high1111.txt_q3,C,2026-07-18T18:21:57,v2026.07.1
H117,high1111.txt_q3,D,2026-07-27T03:30:12,v2026.07.1
H118,high1111.txt_q3,A,2026-07-21T04:34:20,v2026.07.1
H057,high1111.txt_q3,A,2026-07-21T01:17:09,v2026.07.1
H138,high1111.txt_q3,A,2026-07-27T11:51:32,v2026.07.1
H112,high1111.txt_q3,B,2026-07-12T12:16:03,v2026.07.1
H038,high1111.txt_q3,C,2026-07-20T15:20:43,v2026.07.1
H110,high1111.txt_q3,A,2026-07-24T13:35:06,v2026.07.1
H095,high1111.txt_q3,C,2026-07-22T12:51:34,v2026.07.1
H193,high1111.txt_q3,C,2026-07-23T21:50:52,v2026.07.1
H180,high1111.txt_q3,C,2026-07-13T19:18:17,v2026.07.1
H082,high15347.txt_q0,B,2026-07-10T11:41:53,v2026.07.1
H103,high15347.txt_q0,B,2026-07-22T20:30:45,v2026.07.1
H033,high15347.txt_q0,C,2026-07-22T14:14:23,v2026.07.1
H151,high15347.txt_q0,B,2026-07-27T07:36:49,v2026.07.1
H175,high15347.txt_q0,B,2026-07-22T08:01:05,v2026.07.1
H085,high15347.txt_q0,B,2026-07-27T01:59:06,v2026.07.1
H060,high15347.txt_q0,B,2026-07-11T23:39:15,v2026.07.1
H140,high15347.txt_q0,D,2026-07-22T12:55:10,v2026.07.1
H038,high15347.txt_q0,D,2026-07-25T01:03:19,v2026.07.1
H147,high15347.txt_q0,D,2026-07-21T11:02:04,v2026.07.1
H080,high15347.txt_q0,D,2026-07-19T17:26:59,v2026.07.1
H128,high15347.txt_q0,C,2026-07-15T17:36:49,v2026.07.1
H043,high15347.txt_q0,D,2026-07-19T08:55:19,v2026.07.1
H166,high15347.txt_q0,B,2026-07-17T18:49:16,v2026.07.1
H052,high15347.txt_q0,D,2026-07-22T04:36:02,v2026.07.1
H105,high15347.txt_q0,A,2026-07-11T04:08:21,v2026.07.1
H001,high15347.txt_q0,D,2026-07-24T19:36:48,v2026.07.1
H136,high15347.txt_q0,A,2026-07-17T00:24:48,v2026.07.1
H190,high15347.txt_q0,C,2026-07-17T11:47:01,v2026.07.1
H061,high15347.txt_q0,D,2026-07-16T11:22:25,v2026.07.1
H164,high15347.txt_q0,C,2026-07-14T13:13:41,v2026.07.1
H139,high15347.txt_q0,A,2026-07-17T05:24:56,v2026.07.1
H090,high15347.txt_q0,D,2026-07-12T20:22:50,v2026.07.1
H200,high15347.txt_q0,C,2026-07-19T09:14:25,v2026.07.1
H035,high15347.txt_q0,A,2026-07-18T19:39:20,v2026.07.1
H049,high15347.txt_q0,D,2026-07-13T21:42:47,v2026.07.1
H056,high15347.txt_q0,A,2026-07-24T06:13:44,v2026.07.1
H063,high15347.txt_q0,C,2026-07-12T00:26:27,v2026.07.1
H174,high15347.txt_q0,B,2026-07-26T12:07:22,v2026.07.1
H087,high15347.txt_q0,C,2026-07-13T20:23:21,v2026.07.1
H156,high10532.txt_q2,B,2026-07-15T19:10:43,v2026.07.1
H048,high10532.txt_q2,D,2026-07-13T10:28:57,v2026.07.1
H078,high10532.txt_q2,B,2026-07-17T12:59:59,v2026.07.1
H110,high10532.txt_q2,C,2026-07-17T08:37:13,v2026.07.1
H133,high10532.txt_q2,A,2026-07-26T23:43:12,v2026.07.1
H022,high10532.txt_q2,D,2026-07-12T23:40:14,v2026.07.1
H009,high10532.txt_q2,A,2026-07-15T08:38:41,v2026.07.1
H042,high10532.txt_q2,A,2026-07-17T05:06:04,v2026.07.1
H109,high10532.txt_q2,A,2026-07-24T05:13:21,v2026.07.1
H197,high10532.txt_q2,D,2026-07-14T23:40:37,v2026.07.1
H008,high10532.txt_q2,C,2026-07-14T21:55:18,v2026.07.1
H035,high10532.txt_q2,A,2026-07-20T17:49:34,v2026.07.1
H018,high10532.txt_q2,B,2026-07-10T09:40:48,v2026.07.1
H139,high10532.txt_q2,D,2026-07-16T22:58:52,v2026.07.1
H043,high10532.txt_q2,B,2026-07-14T08:04:09,v2026.07.1
H138,high10532.txt_q2,D,2026-07-20T06:16:32,v2026.07.1
H116,high10532.txt_q2,D,2026-07-23T20:49:10,v2026.07.1
H030,high10532.txt_q2,C,2026-07-19T11:10:02,v2026.07.1
H094,high10532.txt_q2,A,2026-07-18T04:06:12,v2026.07.1
H194,high10532.txt_q2,A,2026-07-25T23:26:32,v2026.07.1
H145,high10532.txt_q2,C,2026-07-15T17:00:29,v2026.07.1
H187,high10532.txt_q2,C,2026-07-26T18:31:49,v2026.07.1
H112,high10532.txt_q2,A,2026-07-11T18:52:18,v2026.07.1
H198,high10532.txt_q2,A,2026-07-24T12:01:26,v2026.07.1
H175,high10532.txt_q2,A,2026-07-14T18:00:02,v2026.07.1
H172,high10532.txt_q2,D,2026-07-10T10:55:05,v2026.07.1
H174,high10532.txt_q2,D,2026-07-24T08:47:25,v2026.07.1
H162,high10532.txt_q2,A,2026-07-19T06:49:12,v2026.07.1
H067,high10532.txt_q2,D,2026-07-10T13:25:41,v2026.07.1
H164,high10532.txt_q2,D,2026-07-12T00:43:52,v2026.07.1
H146,high11964.txt_q0,B,2026-07-19T09:01:51,v2026.07.1
H011,high11964.txt_q0,D,2026-07-25T22:10:20,v2026.07.1
H074,high11964.txt_q0,A,2026-07-19T01:05:39,v2026.07.1
H071,high11964.txt_q0,C,2026-07-18T07:59:36,v2026.07.1
H022,high11964.txt_q0,B,2026-07-17T23:35:53,v2026.07.1
H100,high11964.txt_q0,C,2026-07-23T20:18:59,v2026.07.1
H058,high11964.txt_q0,C,2026-07-18T22:29:19,v2026.07.1
H080,high11964.txt_q0,A,2026-07-16T01:33:09,v2026.07.1
H021,high11964.txt_q0,A,2026-07-24T06:04:48,v2026.07.1
H155,high11964.txt_q0,B,2026-07-10T19:01:11,v2026.07.1
H077,high11964.txt_q0,B,2026-07-27T07:51:27,v2026.07.1
H090,high11964.txt_q0,C,2026-07-20T18:45:41,v2026.07.1
H179,high11964.txt_q0,B,2026-07-16T14:26:35,v2026.07.1
H048,high11964.txt_q0,A,2026-07-15T07:41:15,v2026.07.1
H064,high11964.txt_q0,A,2026-07-18T07:42:08,v2026.07.1
H154,high11964.txt_q0,B,2026-07-23T07:00:02,v2026.07.1
H129,high11964.txt_q0,A,2026-07-21T02:29:07,v2026.07.1
H050,high11964.txt_q0,A,2026-07-12T00:41:14,v2026.07.1
H139,high11964.txt_q0,C,2026-07-19T05:12:00,v2026.07.1
H095,high11964.txt_q0,A,2026-07-12T22:02:04,v2026.07.1
H081,high11964.txt_q0,D,2026-07-11T08:42:31,v2026.07.1
H034,high11964.txt_q0,C,2026-07-10T14:11:46,v2026.07.1
H096,high11964.txt_q0,A,2026-07-19T21:01:12,v2026.07.1
H082,high11964.txt_q0,D,2026-07-15T20:08:25,v2026.07.1
H163,high11964.txt_q0,B,2026-07-15T11:29:33,v2026.07.1
H157,high11964.txt_q0,D,2026-07-11T11:04:48,v2026.07.1
H107,high11964.txt_q0,C,2026-07-17T06:53:35,v2026.07.1
H069,high11964.txt_q0,C,2026-07-22T08:25:34,v2026.07.1
H196,high11964.txt_q0,B,2026-07-16T05:21:16,v2026.07.1
H078,high11964.txt_q0,C,2026-07-18T12:46:13,v2026.07.1
H014,high6326.txt_q0,C,2026-07-12T14:45:20,v2026.07.1
H121,high6326.txt_q0,A,2026-07-22T05:19:55,v2026.07.1
H058,high6326.txt_q0,C,2026-07-17T17:24:39,v2026.07.1
H100,high6326.txt_q0,B,2026-07-27T04:32:21,v2026.07.1
H053,high6326.txt_q0,C,2026-07-23T19:52:39,v2026.07.1
H188,high6326.txt_q0,B,2026-07-19T15:52:50,v2026.07.1
H047,high6326.txt_q0,B,2026-07-18T18:49:56,v2026.07.1
H032,high6326.txt_q0,A,2026-07-23T06:42:06,v2026.07.1
H098,high6326.txt_q0,D,2026-07-25T19:11:52,v2026.07.1
H088,high6326.txt_q0,C,2026-07-17T01:51:04,v2026.07.1
H179,high6326.txt_q0,D,2026-07-13T03:48:37,v2026.07.1
H155,high6326.txt_q0,B,2026-07-20T05:39:34,v2026.07.1
H089,high6326.txt_q0,B,2026-07-11T03:05:01,v2026.07.1
H160,high6326.txt_q0,B,2026-07-13T14:08:21,v2026.07.1
H189,high6326.txt_q0,B,2026-07-16T15:40:47,v2026.07.1
H152,high6326.txt_q0,B,2026-07-10T15:55:30,v2026.07.1
H048,high6326.txt_q0,B,2026-07-26T16:40:44,v2026.07.1
H169,high6326.txt_q0,A,2026-07-19T09:40:13,v2026.07.1
H081,high6326.txt_q0,A,2026-07-13T16:25:05,v2026.07.1
H165,high6326.txt_q0,D,2026-07-19T22:44:53,v2026.07.1
H150,high6326.txt_q0,B,2026-07-26T10:55:42,v2026.07.1
H061,high6326.txt_q0,B,2026-07-18T04:26:56,v2026.07.1
H036,high6326.txt_q0,A,2026-07-27T07:49:12,v2026.07.1
H025,high6326.txt_q0,D,2026-07-24T21:03:34,v2026.07.1
H083,high6326.txt_q0,D,2026-07-14T19:54:12,v2026.07.1
H002,high6326.txt_q0,C,2026-07-15T10:56:55,v2026.07.1
H034,high6326.txt_q0,D,2026-07-24T00:50:39,v2026.07.1
H024,high6326.txt_q0,A,2026-07-27T09:18:39,v2026.07.1
H122,high6326.txt_q0,C,2026-07-21T02:24:36,v2026.07.1
H126,high6326.txt_q0,D,2026-07-25T10:17:48,v2026.07.1
H189,high8385.txt_q1,B,2026-07-25T23:24:16,v2026.07.1
H195,high8385.txt_q1,D,2026-07-26T17:15:49,v2026.07.1
H080,high8385.txt_q1,D,2026-07-23T13:16:16,v2026.07.1
H037,high8385.txt_q1,A,2026-07-18T01:53:57,v2026.07.1
H057,high8385.txt_q1,C,2026-07-11T14:48:21,v2026.07.1
H164,high8385.txt_q1,D,2026-07-17T23:40:47,v2026.07.1
H062,high8385.txt_q1,B,2026-07-22T14:36:45,v2026.07.1
H025,high8385.txt_q1,B,2026-07-14T06:17:00,v2026.07.1
H185,high8385.txt_q1,C,2026-07-23T20:26:46,v2026.07.1
H011,high8385.txt_q1,A,2026-07-15T20:28:19,v2026.07.1
H162,high8385.txt_q1,C,2026-07-12T23:24:55,v2026.07.1
H159,high8385.txt_q1,B,2026-07-23T02:31:40,v2026.07.1
H187,high8385.txt_q1,D,2026-07-19T18:24:32,v2026.07.1
H026,high8385.txt_q1,D,2026-07-12T08:02:51,v2026.07.1
H098,high8385.txt_q1,D,2026-07-17T10:57:45,v2026.07.1
H130,high8385.txt_q1,C,2026-07-15T02:09:28,v2026.07.1
H146,high8385.txt_q1,C,2026-07-14T17:32:18,v2026.07.1
H163,high8385.txt_q1,B,2026-07-20T04:00:40,v2026.07.1
H106,high8385.txt_q1,D,2026-07-21T09:05:40,v2026.07.1
H113,high8385.txt_q1,C,2026-07-23T10:28:52,v2026.07.1
H125,high8385.txt_q1,C,2026-07-22T12:30:14,v2026.07.1
H145,high8385.txt_q1,C,2026-07-25T09:37:02,v2026.07.1
H124,high8385.txt_q1,C,2026-07-18T01:01:40,v2026.07.1
H131,high8385.txt_q1,A,2026-07-24T05:24:00,v2026.07.1
H120,high8385.txt_q1,C,2026-07-12T02:14:53,v2026.07.1
H151,high8385.txt_q1,C,2026-07-25T08:46:57,v2026.07.1
H046,high8385.txt_q1,B,2026-07-18T21:50:16,v2026.07.1
H149,high8385.txt_q1,C,2026-07-17T08:02:00,v2026.07.1
H160,high8385.txt_q1,D,2026-07-24T11:54:31,v2026.07.1
H105,high8385.txt_q1,D,2026-07-24T18:08:39,v2026.07.1
H170,high11688.txt_q0,B,2026-07-25T11:42:05,v2026.07.1
H137,high11688.txt_q0,A,2026-07-24T20:07:32,v2026.07.1
H169,high11688.txt_q0,C,2026-07-16T09:49:22,v2026.07.1
H164,high11688.txt_q0,D,2026-07-15T05:53:02,v2026.07.1
H029,high11688.txt_q0,A,2026-07-26T14:03:31,v2026.07.1
H013,high11688.txt_q0,B,2026-07-19T19:25:33,v2026.07.1
H117,high11688.txt_q0,A,2026-07-22T16:35:46,v2026.07.1
H015,high11688.txt_q0,B,2026-07-19T22:01:29,v2026.07.1
H019,high11688.txt_q0,B,2026-07-11T22:06:08,v2026.07.1
H094,high11688.txt_q0,B,2026-07-20T20:30:24,v2026.07.1
H031,high11688.txt_q0,C,2026-07-16T14:03:54,v2026.07.1
H073,high11688.txt_q0,A,2026-07-12T17:14:39,v2026.07.1
H036,high11688.txt_q0,B,2026-07-17T18:10:01,v2026.07.1
H176,high11688.txt_q0,C,2026-07-17T03:19:04,v2026.07.1
H195,high11688.txt_q0,B,2026-07-17T11:43:57,v2026.07.1
H123,high11688.txt_q0,B,2026-07-14T07:07:48,v2026.07.1
H104,high11688.txt_q0,B,2026-07-23T14:41:07,v2026.07.1
H180,high11688.txt_q0,C,2026-07-24T22:52:45,v2026.07.1
H043,high11688.txt_q0,B,2026-07-15T04:14:03,v2026.07.1
H142,high11688.txt_q0,D,2026-07-24T12:31:30,v2026.07.1
H067,high11688.txt_q0,A,2026-07-16T23:16:17,v2026.07.1
H125,high11688.txt_q0,C,2026-07-18T08:00:30,v2026.07.1
H028,high11688.txt_q0,D,2026-07-21T22:15:19,v2026.07.1
H081,high11688.txt_q0,D,2026-07-23T14:30:21,v2026.07.1
H080,high11688.txt_q0,D,2026-07-13T06:40:18,v2026.07.1
H057,high11688.txt_q0,B,2026-07-27T08:14:55,v2026.07.1
H112,high11688.txt_q0,B,2026-07-24T16:55:22,v2026.07.1
H086,high11688.txt_q0,D,2026-07-20T15:01:09,v2026.07.1
H088,high11688.txt_q0,A,2026-07-11T01:13:07,v2026.07.1
H124,high11688.txt_q0,D,2026-07-16T05:14:42,v2026.07.1
H009,high21264.txt_q1,A,2026-07-26T18:23:08,v2026.07.1
H164,high21264.txt_q1,D,2026-07-18T12:43:30,v2026.07.1
H120,high21264.txt_q1,A,2026-07-25T07:21:42,v2026.07.1
H002,high21264.txt_q1,B,2026-07-13T11:11:33,v2026.07.1
H004,high21264.txt_q1,A,2026-07-26T01:16:14,v2026.07.1
H188,high21264.txt_q1,A,2026-07-16T19:58:28,v2026.07.1
H107,high21264.txt_q1,D,2026-07-13T06:55:59,v2026.07.1
H125,high21264.txt_q1,A,2026-07-16T06:35:09,v2026.07.1
H165,high21264.txt_q1,B,2026-07-26T11:12:19,v2026.07.1
H076,high21264.txt_q1,C,2026-07-22T06:49:39,v2026.07.1
H080,high21264.txt_q1,B,2026-07-25T18:51:42,v2026.07.1
H059,high21264.txt_q1,D,2026-07-24T09:22:07,v2026.07.1
H174,high21264.txt_q1,B,2026-07-21T06:02:41,v2026.07.1
H112,high21264.txt_q1,D,2026-07-10T13:47:50,v2026.07.1
H199,high21264.txt_q1,A,2026-07-25T21:01:43,v2026.07.1
H110,high21264.txt_q1,D,2026-07-27T16:08:47,v2026.07.1
H109,high21264.txt_q1,C,2026-07-11T23:48:46,v2026.07.1
H040,high21264.txt_q1,B,2026-07-26T20:23:35,v2026.07.1
H071,high21264.txt_q1,B,2026-07-20T15:49:18,v2026.07.1
H096,high21264.txt_q1,A,2026-07-10T18:02:20,v2026.07.1
H115,high21264.txt_q1,D,2026-07-22T01:10:00,v2026.07.1
H010,high21264.txt_q1,C,2026-07-20T15:19:18,v2026.07.1
H005,high21264.txt_q1,D,2026-07-21T05:53:28,v2026.07.1
H086,high21264.txt_q1,C,2026-07-17T00:07:42,v2026.07.1
H153,high21264.txt_q1,C,2026-07-21T17:55:43,v2026.07.1
H171,high21264.txt_q1,C,2026-07-11T15:10:33,v2026.07.1
H175,high21264.txt_q1,B,2026-07-11T01:27:51,v2026.07.1
H074,high21264.txt_q1,D,2026-07-19T09:53:58,v2026.07.1
H168,high21264.txt_q1,D,2026-07-12T21:35:31,v2026.07.1
H064,high21264.txt_q1,C,2026-07-21T22:32:46,v2026.07.1
H157,high15018.txt_q0,A,2026-07-12T18:26:52,v2026.07.1
H119,high15018.txt_q0,C,2026-07-25T02:10:54,v2026.07.1
H165,high15018.txt_q0,D,2026-07-23T23:27:22,v2026.07.1
H161,high15018.txt_q0,A,2026-07-18T21:19:07,v2026.07.1
H117,high15018.txt_q0,C,2026-07-18T20:56:04,v2026.07.1
H114,high15018.txt_q0,D,2026-07-19T12:48:06,v2026.07.1
H074,high15018.txt_q0,C,2026-07-27T00:20:19,v2026.07.1
H116,high15018.txt_q0,D,2026-07-27T14:36:56,v2026.07.1
H183,high15018.txt_q0,B,2026-07-27T10:49:43,v2026.07.1
H005,high15018.txt_q0,D,2026-07-25T18:05:13,v2026.07.1
H010,high15018.txt_q0,C,2026-07-18T05:14:52,v2026.07.1
H190,high15018.txt_q0,D,2026-07-23T22:00:39,v2026.07.1
H186,high15018.txt_q0,D,2026-07-12T07:15:42,v2026.07.1
H111,high15018.txt_q0,A,2026-07-23T13:05:58,v2026.07.1
H103,high15018.txt_q0,C,2026-07-22T02:49:49,v2026.07.1
H122,high15018.txt_q0,A,2026-07-14T03:11:26,v2026.07.1
H017,high15018.txt_q0,D,2026-07-27T17:06:46,v2026.07.1
H188,high15018.txt_q0,D,2026-07-15T15:48:20,v2026.07.1
H140,high15018.txt_q0,B,2026-07-14T05:27:20,v2026.07.1
H061,high15018.txt_q0,D,2026-07-12T22:01:10,v2026.07.1
H146,high15018.txt_q0,D,2026-07-22T15:46:43,v2026.07.1
H025,high15018.txt_q0,D,2026-07-15T01:15:05,v2026.07.1
H177,high15018.txt_q0,C,2026-07-17T00:01:59,v2026.07.1
H192,high15018.txt_q0,A,2026-07-12T21:52:34,v2026.07.1
H006,high15018.txt_q0,D,2026-07-16T10:17:55,v2026.07.1
H077,high15018.txt_q0,D,2026-07-27T04:53:30,v2026.07.1
H086,high15018.txt_q0,C,2026-07-22T08:50:56,v2026.07.1
H144,high15018.txt_q0,D,2026-07-24T19:51:50,v2026.07.1
H150,high15018.txt_q0,B,2026-07-27T08:05:58,v2026.07.1
H128,high15018.txt_q0,C,2026-07-13T07:54:58,v2026.07.1
H077,high12768.txt_q1,A,2026-07-23T16:21:41,v2026.07.1
H149,high12768.txt_q1,B,2026-07-19T08:35:06,v2026.07.1
H132,high12768.txt_q1,A,2026-07-23T19:18:20,v2026.07.1
H154,high12768.txt_q1,B,2026-07-17T13:09:43,v2026.07.1
H130,high12768.txt_q1,D,2026-07-13T21:54:47,v2026.07.1
H148,high12768.txt_q1,C,2026-07-20T03:23:54,v2026.07.1
H172,high12768.txt_q1,A,2026-07-14T12:38:09,v2026.07.1
H194,high12768.txt_q1,B,2026-07-26T01:17:49,v2026.07.1
H178,high12768.txt_q1,C,2026-07-12T02:05:24,v2026.07.1
H098,high12768.txt_q1,A,2026-07-25T21:00:10,v2026.07.1
H158,high12768.txt_q1,C,2026-07-13T00:31:09,v2026.07.1
H108,high12768.txt_q1,A,2026-07-14T17:21:23,v2026.07.1
H066,high12768.txt_q1,C,2026-07-13T15:59:06,v2026.07.1
H068,high12768.txt_q1,A,2026-07-21T09:56:08,v2026.07.1
H123,high12768.txt_q1,A,2026-07-12T04:41:13,v2026.07.1
H138,high12768.txt_q1,A,2026-07-21T00:20:56,v2026.07.1
H084,high12768.txt_q1,A,2026-07-11T09:15:00,v2026.07.1
H137,high12768.txt_q1,D,2026-07-16T17:59:35,v2026.07.1
H150,high12768.txt_q1,C,2026-07-24T00:49:22,v2026.07.1
H197,high12768.txt_q1,A,2026-07-23T09:53:01,v2026.07.1
H007,high12768.txt_q1,A,2026-07-21T05:44:07,v2026.07.1
H067,high12768.txt_q1,C,2026-07-21T19:28:08,v2026.07.1
H113,high12768.txt_q1,A,2026-07-19T12:02:36,v2026.07.1
H035,high12768.txt_q1,C,2026-07-14T13:09:02,v2026.07.1
H193,high12768.txt_q1,A,2026-07-27T00:26:41,v2026.07.1
H060,high12768.txt_q1,C,2026-07-15T22:37:56,v2026.07.1
H185,high12768.txt_q1,B,2026-07-23T00:34:43,v2026.07.1
H099,high12768.txt_q1,C,2026-07-16T09:15:07,v2026.07.1
H022,high12768.txt_q1,C,2026-07-15T17:31:54,v2026.07.1
H103,high12768.txt_q1,B,2026-07-20T18:00:57,v2026.07.1
H129,high11109.txt_q0,C,2026-07-24T11:24:27,v2026.07.1
H183,high11109.txt_q0,D,2026-07-21T19:23:23,v2026.07.1
H172,high11109.txt_q0,D,2026-07-26T13:01:40,v2026.07.1
H015,high11109.txt_q0,A,2026-07-25T19:42:50,v2026.07.1
H074,high11109.txt_q0,A,2026-07-18T03:53:31,v2026.07.1
H080,high11109.txt_q0,B,2026-07-11T06:14:40,v2026.07.1
H191,high11109.txt_q0,B,2026-07-19T16:34:06,v2026.07.1
H125,high11109.txt_q0,C,2026-07-19T15:54:19,v2026.07.1
H159,high11109.txt_q0,C,2026-07-12T01:04:44,v2026.07.1
H016,high11109.txt_q0,D,2026-07-24T10:42:31,v2026.07.1
H035,high11109.txt_q0,A,2026-07-24T05:35:00,v2026.07.1
H077,high11109.txt_q0,D,2026-07-10T12:42:29,v2026.07.1
H165,high11109.txt_q0,B,2026-07-11T03:51:28,v2026.07.1
H009,high11109.txt_q0,C,2026-07-26T04:34:51,v2026.07.1
H046,high11109.txt_q0,C,2026-07-22T12:50:37,v2026.07.1
H119,high11109.txt_q0,D,2026-07-26T19:37:17,v2026.07.1
H163,high11109.txt_q0,C,2026-07-15T14:45:28,v2026.07.1
H116,high11109.txt_q0,B,2026-07-25T22:47:38,v2026.07.1
H057,high11109.txt_q0,A,2026-07-11T13:59:22,v2026.07.1
H198,high11109.txt_q0,D,2026-07-13T10:15:13,v2026.07.1
H096,high11109.txt_q0,D,2026-07-19T04:54:14,v2026.07.1
H200,high11109.txt_q0,A,2026-07-12T04:50:52,v2026.07.1
H098,high11109.txt_q0,D,2026-07-20T01:30:53,v2026.07.1
H010,high11109.txt_q0,B,2026-07-21T21:57:17,v2026.07.1
H044,high11109.txt_q0,C,2026-07-19T03:27:17,v2026.07.1
H082,high11109.txt_q0,A,2026-07-22T08:34:58,v2026.07.1
H004,high11109.txt_q0,D,2026-07-18T20:48:44,v2026.07.1
H177,high11109.txt_q0,D,2026-07-15T11:37:15,v2026.07.1
H045,high11109.txt_q0,D,2026-07-20T08:47:18,v2026.07.1
H111,high11109.txt_q0,B,2026-07-19T22:11:44,v2026.07.1
H155,high5246.txt_q4,A,2026-07-17T08:25:37,v2026.07.1
H032,high5246.txt_q4,D,2026-07-14T07:35:28,v2026.07.1
H037,high5246.txt_q4,C,2026-07-21T13:45:23,v2026.07.1
H085,high5246.txt_q4,A,2026-07-16T08:36:44,v2026.07.1
H157,high5246.txt_q4,A,2026-07-19T01:46:47,v2026.07.1
H011,high5246.txt_q4,C,2026-07-15T23:05:12,v2026.07.1
H008,high5246.txt_q4,C,2026-07-20T05:53:13,v2026.07.1
H098,high5246.txt_q4,C,2026-07-20T12:17:41,v2026.07.1
H159,high5246.txt_q4,C,2026-07-16T00:50:58,v2026.07.1
H195,high5246.txt_q4,D,2026-07-27T08:08:39,v2026.07.1
H081,high5246.txt_q4,A,2026-07-12T03:57:03,v2026.07.1
H050,high5246.txt_q4,D,2026-07-14T20:07:17,v2026.07.1
H087,high5246.txt_q4,C,2026-07-14T10:15:30,v2026.07.1
H035,high5246.txt_q4,C,2026-07-22T01:24:36,v2026.07.1
H096,high5246.txt_q4,C,2026-07-14T22:05:45,v2026.07.1
H122,high5246.txt_q4,C,2026-07-14T16:43:50,v2026.07.1
H124,high5246.txt_q4,C,2026-07-24T19:58:28,v2026.07.1
H067,high5246.txt_q4,B,2026-07-12T23:16:20,v2026.07.1
H146,high5246.txt_q4,C,2026-07-11T16:42:51,v2026.07.1
H006,high5246.txt_q4,C,2026-07-20T08:03:32,v2026.07.1
H170,high5246.txt_q4,B,2026-07-24T11:06:50,v2026.07.1
H108,high5246.txt_q4,C,2026-07-10T14:54:05,v2026.07.1
H010,high5246.txt_q4,A,2026-07-22T00:45:28,v2026.07.1
H001,high5246.txt_q4,C,2026-07-27T09:34:15,v2026.07.1
H192,high5246.txt_q4,B,2026-07-14T07:23:57,v2026.07.1
H053,high5246.txt_q4,C,2026-07-27T03:10:17,v2026.07.1
H092,high5246.txt_q4,A,2026-07-22T01:02:58,v2026.07.1
H110,high5246.txt_q4,C,2026-07-24T09:17:32,v2026.07.1
H016,high5246.txt_q4,C,2026-07-17T15:16:55,v2026.07.1
H181,high5246.txt_q4,D,2026-07-22T11:37:44,v2026.07.1
H103,high19295.txt_q2,D,2026-07-14T12:41:58,v2026.07.1
H164,high19295.txt_q2,D,2026-07-20T10:42:17,v2026.07.1
H183,high19295.txt_q2,C,2026-07-17T13:47:02,v2026.07.1
H163,high19295.txt_q2,D,2026-07-23T06:53:30,v2026.07.1
H150,high19295.txt_q2,C,2026-07-23T17:32:31,v2026.07.1
H016,high19295.txt_q2,D,2026-07-26T12:32:07,v2026.07.1
H047,high19295.txt_q2,A,2026-07-21T12:16:57,v2026.07.1
H065,high19295.txt_q2,D,2026-07-23T09:54:08,v2026.07.1
H037,high19295.txt_q2,B,2026-07-16T01:15:07,v2026.07.1
H096,high19295.txt_q2,B,2026-07-20T08:08:16,v2026.07.1
H042,high19295.txt_q2,C,2026-07-16T06:05:21,v2026.07.1
H124,high19295.txt_q2,C,2026-07-23T07:03:27,v2026.07.1
H132,high19295.txt_q2,C,2026-07-13T14:51:37,v2026.07.1
H117,high19295.txt_q2,C,2026-07-15T15:31:54,v2026.07.1
H180,high19295.txt_q2,C,2026-07-23T03:38:22,v2026.07.1
H035,high19295.txt_q2,D,2026-07-26T11:17:10,v2026.07.1
H147,high19295.txt_q2,D,2026-07-17T05:39:43,v2026.07.1
H086,high19295.txt_q2,A,2026-07-26T09:34:26,v2026.07.1
H074,high19295.txt_q2,D,2026-07-21T18:48:34,v2026.07.1
H055,high19295.txt_q2,C,2026-07-17T16:36:50,v2026.07.1
H152,high19295.txt_q2,A,2026-07-27T14:38:49,v2026.07.1
H030,high19295.txt_q2,A,2026-07-22T12:58:41,v2026.07.1
H034,high19295.txt_q2,C,2026-07-27T17:22:49,v2026.07.1
H197,high19295.txt_q2,C,2026-07-23T05:26:43,v2026.07.1
H174,high19295.txt_q2,D,2026-07-14T05:06:08,v2026.07.1
H056,high19295.txt_q2,D,2026-07-13T22:50:06,v2026.07.1
H093,high19295.txt_q2,A,2026-07-17T06:31:55,v2026.07.1
H170,high19295.txt_q2,B,2026-07-23T00:31:55,v2026.07.1
H114,high19295.txt_q2,C,2026-07-22T09:54:20,v2026.07.1
H149,high19295.txt_q2,D,2026-07-25T20:14:13,v2026.07.1
H041,high16853.txt_q1,C,2026-07-15T23:44:15,v2026.07.1
H159,high16853.txt_q1,B,2026-07-13T11:54:50,v2026.07.1
H100,high16853.txt_q1,C,2026-07-11T02:08:20,v2026.07.1
H012,high16853.txt_q1,B,2026-07-11T04:12:59,v2026.07.1
H022,high16853.txt_q1,B,2026-07-24T23:29:00,v2026.07.1
H186,high16853.txt_q1,C,2026-07-27T16:17:25,v2026.07.1
H010,high16853.txt_q1,D,2026-07-26T14:21:20,v2026.07.1
H180,high16853.txt_q1,D,2026-07-14T20:22:51,v2026.07.1
H093,high16853.txt_q1,D,2026-07-13T02:24:18,v2026.07.1
H024,high16853.txt_q1,D,2026-07-18T11:17:49,v2026.07.1
H195,high16853.txt_q1,D,2026-07-23T13:49:25,v2026.07.1
H031,high16853.txt_q1,B,2026-07-19T03:45:55,v2026.07.1
H166,high16853.txt_q1,B,2026-07-11T19:10:58,v2026.07.1
H122,high16853.txt_q1,C,2026-07-21T05:46:52,v2026.07.1
H128,high16853.txt_q1,D,2026-07-18T01:43:07,v2026.07.1
H103,high16853.txt_q1,B,2026-07-13T11:16:58,v2026.07.1
H071,high16853.txt_q1,B,2026-07-20T15:58:47,v2026.07.1
H066,high16853.txt_q1,D,2026-07-16T21:38:33,v2026.07.1
H064,high16853.txt_q1,C,2026-07-19T15:58:03,v2026.07.1
H025,high16853.txt_q1,D,2026-07-22T19:32:04,v2026.07.1
H087,high16853.txt_q1,A,2026-07-12T17:23:43,v2026.07.1
H109,high16853.txt_q1,A,2026-07-19T19:09:15,v2026.07.1
H046,high16853.txt_q1,D,2026-07-17T17:00:39,v2026.07.1
H145,high16853.txt_q1,C,2026-07-11T15:20:37,v2026.07.1
H179,high16853.txt_q1,D,2026-07-19T11:59:59,v2026.07.1
H002,high16853.txt_q1,D,2026-07-20T18:34:54,v2026.07.1
H104,high16853.txt_q1,D,2026-07-19T10:41:41,v2026.07.1
H016,high16853.txt_q1,D,2026-07-17T21:09:13,v2026.07.1
H191,high16853.txt_q1,D,2026-07-13T21:22:06,v2026.07.1
H162,high16853.txt_q1,B,2026-07-11T09:20:04,v2026.07.1
H145,high22654.txt_q1,D,2026-07-15T13:54:27,v2026.07.1
H138,high22654.txt_q1,C,2026-07-23T13:18:20,v2026.07.1
H060,high22654.txt_q1,D,2026-07-15T21:51:15,v2026.07.1
H184,high22654.txt_q1,B,2026-07-17T21:32:55,v2026.07.1
H080,high22654.txt_q1,A,2026-07-22T05:26:11,v2026.07.1
H072,high22654.txt_q1,C,2026-07-21T20:01:26,v2026.07.1
H175,high22654.txt_q1,A,2026-07-10T13:40:16,v2026.07.1
H146,high22654.txt_q1,A,2026-07-12T01:39:11,v2026.07.1
H017,high22654.txt_q1,B,2026-07-13T22:49:52,v2026.07.1
H134,high22654.txt_q1,A,2026-07-24T17:19:33,v2026.07.1
H168,high22654.txt_q1,C,2026-07-18T06:23:10,v2026.07.1
H013,high22654.txt_q1,B,2026-07-15T15:41:36,v2026.07.1
H170,high22654.txt_q1,C,2026-07-15T07:41:23,v2026.07.1
H021,high22654.txt_q1,B,2026-07-17T06:56:54,v2026.07.1
H069,high22654.txt_q1,A,2026-07-15T09:43:16,v2026.07.1
H067,high22654.txt_q1,A,2026-07-18T06:56:30,v2026.07.1
H129,high22654.txt_q1,B,2026-07-14T14:17:21,v2026.07.1
H172,high22654.txt_q1,D,2026-07-21T23:45:04,v2026.07.1
H164,high22654.txt_q1,C,2026-07-11T06:17:46,v2026.07.1
H077,high22654.txt_q1,A,2026-07-24T04:31:20,v2026.07.1
H174,high22654.txt_q1,D,2026-07-23T12:22:27,v2026.07.1
H040,high22654.txt_q1,D,2026-07-22T16:14:59,v2026.07.1
H008,high22654.txt_q1,C,2026-07-11T15:04:17,v2026.07.1
H177,high22654.txt_q1,D,2026-07-11T08:49:22,v2026.07.1
H105,high22654.txt_q1,D,2026-07-22T08:25:26,v2026.07.1
H185,high22654.txt_q1,B,2026-07-11T00:27:28,v2026.07.1
H046,high22654.txt_q1,D,2026-07-15T07:33:51,v2026.07.1
H047,high22654.txt_q1,B,2026-07-17T14:51:21,v2026.07.1
H048,high22654.txt_q1,D,2026-07-27T12:02:22,v2026.07.1
H114,high22654.txt_q1,D,2026-07-13T03:54:54,v2026.07.1
H026,high5480.txt_q2,A,2026-07-20T03:32:57,v2026.07.1
H144,high5480.txt_q2,D,2026-07-26T17:49:00,v2026.07.1
H098,high5480.txt_q2,B,2026-07-13T22:57:46,v2026.07.1
H023,high5480.txt_q2,A,2026-07-23T09:47:30,v2026.07.1
H071,high5480.txt_q2,B,2026-07-22T08:22:56,v2026.07.1
H116,high5480.txt_q2,B,2026-07-12T20:18:46,v2026.07.1
H062,high5480.txt_q2,A,2026-07-22T11:49:23,v2026.07.1
H113,high5480.txt_q2,C,2026-07-18T12:14:29,v2026.07.1
H008,high5480.txt_q2,C,2026-07-19T03:15:07,v2026.07.1
H160,high5480.txt_q2,C,2026-07-16T06:21:31,v2026.07.1
H072,high5480.txt_q2,C,2026-07-14T09:52:30,v2026.07.1
H150,high5480.txt_q2,A,2026-07-11T04:05:06,v2026.07.1
H010,high5480.txt_q2,C,2026-07-27T16:22:42,v2026.07.1
H159,high5480.txt_q2,C,2026-07-14T23:18:39,v2026.07.1
H048,high5480.txt_q2,C,2026-07-19T12:42:51,v2026.07.1
H050,high5480.txt_q2,C,2026-07-13T17:02:25,v2026.07.1
H183,high5480.txt_q2,B,2026-07-22T03:19:37,v2026.07.1
H133,high5480.txt_q2,D,2026-07-19T19:24:18,v2026.07.1
H188,high5480.txt_q2,C,2026-07-15T23:17:48,v2026.07.1
H130,high5480.txt_q2,D,2026-07-18T12:41:55,v2026.07.1
H055,high5480.txt_q2,A,2026-07-11T22:27:05,v2026.07.1
H176,high5480.txt_q2,A,2026-07-13T03:26:51,v2026.07.1
H037,high5480.txt_q2,A,2026-07-18T02:09:58,v2026.07.1
H168,high5480.txt_q2,C,2026-07-26T08:53:56,v2026.07.1
H046,high5480.txt_q2,C,2026-07-26T11:07:37,v2026.07.1
H101,high5480.txt_q2,C,2026-07-25T06:01:42,v2026.07.1
H157,high5480.txt_q2,C,2026-07-21T21:10:15,v2026.07.1
H052,high5480.txt_q2,B,2026-07-16T04:41:28,v2026.07.1
H196,high5480.txt_q2,D,2026-07-13T03:53:42,v2026.07.1
H054,high5480.txt_q2,C,2026-07-18T01:44:37,v2026.07.1
H200,high5004.txt_q2,B,2026-07-25T21:10:20,v2026.07.1
H025,high5004.txt_q2,D,2026-07-20T14:43:28,v2026.07.1
H127,high5004.txt_q2,A,2026-07-26T21:11:10,v2026.07.1
H008,high5004.txt_q2,D,2026-07-25T19:05:47,v2026.07.1
H029,high5004.txt_q2,D,2026-07-17T18:57:30,v2026.07.1
H023,high5004.txt_q2,B,2026-07-20T19:06:53,v2026.07.1
H002,high5004.txt_q2,B,2026-07-21T09:18:24,v2026.07.1
H037,high5004.txt_q2,B,2026-07-16T19:11:35,v2026.07.1
H181,high5004.txt_q2,D,2026-07-27T14:20:36,v2026.07.1
H170,high5004.txt_q2,A,2026-07-21T15:41:32,v2026.07.1
H121,high5004.txt_q2,B,2026-07-10T12:35:54,v2026.07.1
H164,high5004.txt_q2,B,2026-07-14T05:35:12,v2026.07.1
H186,high5004.txt_q2,D,2026-07-19T15:42:22,v2026.07.1
H090,high5004.txt_q2,B,2026-07-23T21:28:21,v2026.07.1
H130,high5004.txt_q2,D,2026-07-27T15:04:07,v2026.07.1
H179,high5004.txt_q2,B,2026-07-14T16:17:58,v2026.07.1
H111,high5004.txt_q2,C,2026-07-13T05:21:52,v2026.07.1
H038,high5004.txt_q2,D,2026-07-17T04:28:02,v2026.07.1
H080,high5004.txt_q2,B,2026-07-15T16:30:57,v2026.07.1
H182,high5004.txt_q2,D,2026-07-17T23:01:19,v2026.07.1
H142,high5004.txt_q2,B,2026-07-12T08:10:11,v2026.07.1
H068,high5004.txt_q2,B,2026-07-23T14:39:55,v2026.07.1
H136,high5004.txt_q2,B,2026-07-15T09:35:28,v2026.07.1
H145,high5004.txt_q2,B,2026-07-20T12:43:14,v2026.07.1
H188,high5004.txt_q2,D,2026-07-13T14:25:46,v2026.07.1
H194,high5004.txt_q2,C,2026-07-17T04:03:18,v2026.07.1
H159,high5004.txt_q2,B,2026-07-16T21:31:01,v2026.07.1
H062,high5004.txt_q2,B,2026-07-22T13:48:20,v2026.07.1
H054,high5004.txt_q2,B,2026-07-11T02:54:28,v2026.07.1
H056,high5004.txt_q2,D,2026-07-26T23:58:20,v2026.07.1
H174,high14272.txt_q0,C,2026-07-11T19:21:08,v2026.07.1
H086,high14272.txt_q0,B,2026-07-15T17:09:24,v2026.07.1
H015,high14272.txt_q0,D,2026-07-25T20:13:51,v2026.07.1
H032,high14272.txt_q0,A,2026-07-10T22:56:18,v2026.07.1
H023,high14272.txt_q0,A,2026-07-14T08:50:02,v2026.07.1
H046,high14272.txt_q0,C,2026-07-17T02:41:59,v2026.07.1
H128,high14272.txt_q0,A,2026-07-23T00:39:58,v2026.07.1
H049,high14272.txt_q0,D,2026-07-13T15:07:56,v2026.07.1
H134,high14272.txt_q0,B,2026-07-25T19:28:51,v2026.07.1
H169,high14272.txt_q0,C,2026-07-17T13:04:52,v2026.07.1
H011,high14272.txt_q0,B,2026-07-15T05:48:52,v2026.07.1
H078,high14272.txt_q0,C,2026-07-14T07:56:50,v2026.07.1
H073,high14272.txt_q0,D,2026-07-11T18:16:22,v2026.07.1
H050,high14272.txt_q0,C,2026-07-23T11:19:50,v2026.07.1
H181,high14272.txt_q0,B,2026-07-12T18:09:55,v2026.07.1
H160,high14272.txt_q0,A,2026-07-18T20:55:02,v2026.07.1
H198,high14272.txt_q0,A,2026-07-19T17:24:27,v2026.07.1
H139,high14272.txt_q0,A,2026-07-16T05:59:06,v2026.07.1
H093,high14272.txt_q0,A,2026-07-14T01:25:10,v2026.07.1
H022,high14272.txt_q0,B,2026-07-21T22:14:03,v2026.07.1
H103,high14272.txt_q0,A,2026-07-17T22:39:29,v2026.07.1
H058,high14272.txt_q0,B,2026-07-27T00:25:57,v2026.07.1
H143,high14272.txt_q0,D,2026-07-25T01:52:39,v2026.07.1
H132,high14272.txt_q0,B,2026-07-24T20:19:50,v2026.07.1
H031,high14272.txt_q0,D,2026-07-21T21:30:56,v2026.07.1
H189,high14272.txt_q0,C,2026-07-13T07:16:03,v2026.07.1
H089,high14272.txt_q0,C,2026-07-17T22:47:56,v2026.07.1
H029,high14272.txt_q0,B,2026-07-21T22:23:14,v2026.07.1
H006,high14272.txt_q0,D,2026-07-18T14:23:46,v2026.07.1
H096,high14272.txt_q0,C,2026-07-14T01:38:58,v2026.07.1
H097,high10775.txt_q0,C,2026-07-20T13:30:47,v2026.07.1
H037,high10775.txt_q0,C,2026-07-16T11:06:04,v2026.07.1
H147,high10775.txt_q0,D,2026-07-17T05:57:20,v2026.07.1
H127,high10775.txt_q0,C,2026-07-17T19:16:23,v2026.07.1
H130,high10775.txt_q0,A,2026-07-24T02:45:50,v2026.07.1
H084,high10775.txt_q0,D,2026-07-27T10:31:46,v2026.07.1
H178,high10775.txt_q0,B,2026-07-18T22:26:41,v2026.07.1
H091,high10775.txt_q0,C,2026-07-24T05:23:56,v2026.07.1
H041,high10775.txt_q0,C,2026-07-17T03:45:02,v2026.07.1
H139,high10775.txt_q0,D,2026-07-13T19:42:01,v2026.07.1
H089,high10775.txt_q0,D,2026-07-19T22:09:13,v2026.07.1
H125,high10775.txt_q0,C,2026-07-11T07:31:16,v2026.07.1
H032,high10775.txt_q0,A,2026-07-17T22:13:37,v2026.07.1
H076,high10775.txt_q0,C,2026-07-16T04:11:28,v2026.07.1
H004,high10775.txt_q0,B,2026-07-12T16:40:13,v2026.07.1
H036,high10775.txt_q0,C,2026-07-16T12:51:50,v2026.07.1
H099,high10775.txt_q0,D,2026-07-12T04:50:18,v2026.07.1
H196,high10775.txt_q0,A,2026-07-26T19:56:33,v2026.07.1
H129,high10775.txt_q0,D,2026-07-22T03:13:48,v2026.07.1
H131,high10775.txt_q0,A,2026-07-14T20:25:11,v2026.07.1
H039,high10775.txt_q0,A,2026-07-26T21:16:58,v2026.07.1
H105,high10775.txt_q0,A,2026-07-26T19:42:49,v2026.07.1
H095,high10775.txt_q0,B,2026-07-11T00:15:59,v2026.07.1
H142,high10775.txt_q0,B,2026-07-15T15:38:35,v2026.07.1
H124,high10775.txt_q0,D,2026-07-27T04:08:18,v2026.07.1
H034,high10775.txt_q0,A,2026-07-25T18:46:22,v2026.07.1
H183,high10775.txt_q0,C,2026-07-18T20:28:06,v2026.07.1
H150,high10775.txt_q0,B,2026-07-24T15:53:32,v2026.07.1
H075,high10775.txt_q0,D,2026-07-12T03:31:01,v2026.07.1
H184,high10775.txt_q0,D,2026-07-16T07:10:05,v2026.07.1
H191,high22807.txt_q1,D,2026-07-25T02:40:27,v2026.07.1
H169,high22807.txt_q1,B,2026-07-15T18:32:12,v2026.07.1
H038,high22807.txt_q1,C,2026-07-19T01:15:44,v2026.07.1
H196,high22807.txt_q1,C,2026-07-18T05:55:43,v2026.07.1
H160,high22807.txt_q1,B,2026-07-15T01:03:56,v2026.07.1
H144,high22807.txt_q1,C,2026-07-12T15:52:11,v2026.07.1
H052,high22807.txt_q1,C,2026-07-24T08:24:44,v2026.07.1
H147,high22807.txt_q1,D,2026-07-16T04:41:34,v2026.07.1
H118,high22807.txt_q1,D,2026-07-22T13:25:45,v2026.07.1
H103,high22807.txt_q1,A,2026-07-16T02:58:25,v2026.07.1
H094,high22807.txt_q1,B,2026-07-10T14:58:21,v2026.07.1
H159,high22807.txt_q1,A,2026-07-15T14:29:19,v2026.07.1
H093,high22807.txt_q1,B,2026-07-20T02:31:03,v2026.07.1
H184,high22807.txt_q1,C,2026-07-21T19:12:22,v2026.07.1
H162,high22807.txt_q1,A,2026-07-23T08:30:46,v2026.07.1
H075,high22807.txt_q1,A,2026-07-26T01:38:39,v2026.07.1
H002,high22807.txt_q1,C,2026-07-15T04:43:09,v2026.07.1
H044,high22807.txt_q1,B,2026-07-21T17:07:29,v2026.07.1
H108,high22807.txt_q1,B,2026-07-21T04:39:16,v2026.07.1
H116,high22807.txt_q1,B,2026-07-25T10:41:21,v2026.07.1
H066,high22807.txt_q1,B,2026-07-18T03:36:56,v2026.07.1
H011,high22807.txt_q1,C,2026-07-13T13:44:10,v2026.07.1
H040,high22807.txt_q1,B,2026-07-13T12:23:02,v2026.07.1
H030,high22807.txt_q1,D,2026-07-18T22:15:58,v2026.07.1
H049,high22807.txt_q1,C,2026-07-12T17:32:12,v2026.07.1
H131,high22807.txt_q1,C,2026-07-12T12:51:33,v2026.07.1
H168,high22807.txt_q1,C,2026-07-13T00:42:59,v2026.07.1
H146,high22807.txt_q1,C,2026-07-22T23:55:26,v2026.07.1
H192,high22807.txt_q1,D,2026-07-11T06:26:04,v2026.07.1
H171,high22807.txt_q1,C,2026-07-10T22:45:45,v2026.07.1
H194,high6087.txt_q2,C,2026-07-19T03:32:40,v2026.07.1
H146,high6087.txt_q2,A,2026-07-25T02:37:25,v2026.07.1
H190,high6087.txt_q2,A,2026-07-14T14:02:39,v2026.07.1
H015,high6087.txt_q2,B,2026-07-21T03:02:03,v2026.07.1
H116,high6087.txt_q2,A,2026-07-18T03:08:17,v2026.07.1
H049,high6087.txt_q2,A,2026-07-19T06:23:51,v2026.07.1
H188,high6087.txt_q2,A,2026-07-10T11:24:59,v2026.07.1
H145,high6087.txt_q2,A,2026-07-26T20:46:51,v2026.07.1
H137,high6087.txt_q2,A,2026-07-26T16:34:37,v2026.07.1
H195,high6087.txt_q2,A,2026-07-12T20:03:23,v2026.07.1
H094,high6087.txt_q2,A,2026-07-25T23:52:34,v2026.07.1
H069,high6087.txt_q2,A,2026-07-20T20:21:25,v2026.07.1
H074,high6087.txt_q2,A,2026-07-11T11:30:40,v2026.07.1
H200,high6087.txt_q2,A,2026-07-27T02:42:33,v2026.07.1
H098,high6087.txt_q2,C,2026-07-13T19:59:19,v2026.07.1
H019,high6087.txt_q2,A,2026-07-21T18:38:48,v2026.07.1
H110,high6087.txt_q2,A,2026-07-26T17:41:40,v2026.07.1
H027,high6087.txt_q2,B,2026-07-25T00:21:06,v2026.07.1
H181,high6087.txt_q2,A,2026-07-12T06:49:10,v2026.07.1
H071,high6087.txt_q2,C,2026-07-19T16:20:28,v2026.07.1
H005,high6087.txt_q2,C,2026-07-12T15:29:41,v2026.07.1
H170,high6087.txt_q2,B,2026-07-23T11:46:20,v2026.07.1
H128,high6087.txt_q2,A,2026-07-26T21:11:10,v2026.07.1
H053,high6087.txt_q2,A,2026-07-26T12:18:24,v2026.07.1
H040,high6087.txt_q2,D,2026-07-25T00:02:29,v2026.07.1
H086,high6087.txt_q2,D,2026-07-15T23:24:38,v2026.07.1
H183,high6087.txt_q2,D,2026-07-11T15:03:56,v2026.07.1
H082,high6087.txt_q2,A,2026-07-21T07:48:08,v2026.07.1
H064,high6087.txt_q2,A,2026-07-25T04:05:39,v2026.07.1
H193,high6087.txt_q2,A,2026-07-27T09:30:40,v2026.07.1
H165,high7805.txt_q1,A,2026-07-17T05:10:09,v2026.07.1
H054,high7805.txt_q1,D,2026-07-10T11:06:09,v2026.07.1
H055,high7805.txt_q1,B,2026-07-27T04:25:25,v2026.07.1
H049,high7805.txt_q1,D,2026-07-14T05:00:10,v2026.07.1
H155,high7805.txt_q1,C,2026-07-18T05:19:18,v2026.07.1
H166,high7805.txt_q1,A,2026-07-13T22:36:38,v2026.07.1
H017,high7805.txt_q1,B,2026-07-27T04:18:41,v2026.07.1
H183,high7805.txt_q1,C,2026-07-15T17:21:40,v2026.07.1
H071,high7805.txt_q1,A,2026-07-13T20:39:19,v2026.07.1
H078,high7805.txt_q1,B,2026-07-18T00:18:51,v2026.07.1
H177,high7805.txt_q1,C,2026-07-16T05:12:45,v2026.07.1
H148,high7805.txt_q1,C,2026-07-12T07:29:07,v2026.07.1
H150,high7805.txt_q1,C,2026-07-25T05:39:25,v2026.07.1
H041,high7805.txt_q1,A,2026-07-16T02:24:12,v2026.07.1
H181,high7805.txt_q1,B,2026-07-19T22:56:25,v2026.07.1
H012,high7805.txt_q1,C,2026-07-23T14:54:38,v2026.07.1
H135,high7805.txt_q1,D,2026-07-14T12:23:14,v2026.07.1
H056,high7805.txt_q1,B,2026-07-27T00:27:48,v2026.07.1
H018,high7805.txt_q1,A,2026-07-18T02:27:31,v2026.07.1
H063,high7805.txt_q1,A,2026-07-13T05:34:25,v2026.07.1
H033,high7805.txt_q1,A,2026-07-19T01:51:17,v2026.07.1
H030,high7805.txt_q1,D,2026-07-22T15:54:20,v2026.07.1
H136,high7805.txt_q1,C,2026-07-17T01:51:30,v2026.07.1
H186,high7805.txt_q1,D,2026-07-22T09:33:35,v2026.07.1
H020,high7805.txt_q1,B,2026-07-27T05:50:30,v2026.07.1
H019,high7805.txt_q1,B,2026-07-24T12:19:17,v2026.07.1
H167,high7805.txt_q1,C,2026-07-25T00:40:18,v2026.07.1
H032,high7805.txt_q1,B,2026-07-16T13:10:49,v2026.07.1
H031,high7805.txt_q1,A,2026-07-19T12:28:42,v2026.07.1
H176,high7805.txt_q1,A,2026-07-14T16:10:29,v2026.07.1
H112,high7944.txt_q3,D,2026-07-19T23:15:35,v2026.07.1
H154,high7944.txt_q3,D,2026-07-12T23:09:19,v2026.07.1
H142,high7944.txt_q3,D,2026-07-24T00:05:10,v2026.07.1
H192,high7944.txt_q3,D,2026-07-10T14:52:36,v2026.07.1
H040,high7944.txt_q3,A,2026-07-24T09:26:20,v2026.07.1
H030,high7944.txt_q3,B,2026-07-21T05:50:41,v2026.07.1
H076,high7944.txt_q3,A,2026-07-14T14:45:14,v2026.07.1
H119,high7944.txt_q3,B,2026-07-23T20:53:16,v2026.07.1
H097,high7944.txt_q3,C,2026-07-22T13:36:48,v2026.07.1
H045,high7944.txt_q3,A,2026-07-27T17:08:57,v2026.07.1
H077,high7944.txt_q3,B,2026-07-13T04:56:01,v2026.07.1
H120,high7944.txt_q3,B,2026-07-22T09:45:11,v2026.07.1
H075,high7944.txt_q3,B,2026-07-19T18:25:44,v2026.07.1
H178,high7944.txt_q3,B,2026-07-18T07:22:23,v2026.07.1
H089,high7944.txt_q3,A,2026-07-13T02:13:59,v2026.07.1
H064,high7944.txt_q3,C,2026-07-23T21:30:46,v2026.07.1
H175,high7944.txt_q3,B,2026-07-19T18:23:44,v2026.07.1
H125,high7944.txt_q3,A,2026-07-15T15:01:43,v2026.07.1
H083,high7944.txt_q3,A,2026-07-14T04:04:51,v2026.07.1
H060,high7944.txt_q3,A,2026-07-11T00:45:51,v2026.07.1
H046,high7944.txt_q3,D,2026-07-21T22:25:05,v2026.07.1
H170,high7944.txt_q3,B,2026-07-19T09:33:30,v2026.07.1
H113,high7944.txt_q3,C,2026-07-27T13:52:18,v2026.07.1
H004,high7944.txt_q3,C,2026-07-19T06:11:58,v2026.07.1
H072,high7944.txt_q3,B,2026-07-14T12:43:03,v2026.07.1
H164,high7944.txt_q3,C,2026-07-13T07:44:33,v2026.07.1
H162,high7944.txt_q3,C,2026-07-20T21:26:59,v2026.07.1
H049,high7944.txt_q3,A,2026-07-22T07:02:32,v2026.07.1
H087,high7944.txt_q3,A,2026-07-23T05:40:47,v2026.07.1
H058,high7944.txt_q3,A,2026-07-12T13:31:35,v2026.07.1
H092,high16467.txt_q1,B,2026-07-23T12:33:39,v2026.07.1
H025,high16467.txt_q1,A,2026-07-18T14:34:36,v2026.07.1
H119,high16467.txt_q1,B,2026-07-27T14:42:42,v2026.07.1
H007,high16467.txt_q1,B,2026-07-10T13:00:40,v2026.07.1
H178,high16467.txt_q1,B,2026-07-21T17:07:11,v2026.07.1
H036,high16467.txt_q1,D,2026-07-17T13:31:11,v2026.07.1
H139,high16467.txt_q1,B,2026-07-10T12:36:44,v2026.07.1
H198,high16467.txt_q1,B,2026-07-12T06:14:54,v2026.07.1
H171,high16467.txt_q1,B,2026-07-26T22:02:03,v2026.07.1
H088,high16467.txt_q1,C,2026-07-19T23:13:55,v2026.07.1
H177,high16467.txt_q1,B,2026-07-27T04:20:48,v2026.07.1
H135,high16467.txt_q1,A,2026-07-24T20:32:51,v2026.07.1
H162,high16467.txt_q1,A,2026-07-27T10:13:03,v2026.07.1
H102,high16467.txt_q1,C,2026-07-16T20:17:10,v2026.07.1
H073,high16467.txt_q1,B,2026-07-23T00:12:49,v2026.07.1
H180,high16467.txt_q1,C,2026-07-19T11:14:18,v2026.07.1
H109,high16467.txt_q1,D,2026-07-14T00:44:45,v2026.07.1
H021,high16467.txt_q1,A,2026-07-24T06:20:31,v2026.07.1
H149,high16467.txt_q1,B,2026-07-19T16:29:01,v2026.07.1
H105,high16467.txt_q1,B,2026-07-21T09:21:00,v2026.07.1
H101,high16467.txt_q1,A,2026-07-17T11:19:11,v2026.07.1
H112,high16467.txt_q1,A,2026-07-20T17:01:24,v2026.07.1
H006,high16467.txt_q1,A,2026-07-22T18:59:49,v2026.07.1
H086,high16467.txt_q1,C,2026-07-16T07:43:54,v2026.07.1
H091,high16467.txt_q1,D,2026-07-14T02:43:35,v2026.07.1
H054,high16467.txt_q1,B,2026-07-26T12:48:29,v2026.07.1
H120,high16467.txt_q1,D,2026-07-25T09:22:41,v2026.07.1
H033,high16467.txt_q1,A,2026-07-18T18:36:51,v2026.07.1
H188,high16467.txt_q1,A,2026-07-13T17:41:59,v2026.07.1
H067,high16467.txt_q1,A,2026-07-15T16:31:25,v2026.07.1
H049,high21484.txt_q1,C,2026-07-23T18:09:00,v2026.07.1
H022,high21484.txt_q1,C,2026-07-17T15:16:38,v2026.07.1
H120,high21484.txt_q1,D,2026-07-19T08:46:44,v2026.07.1
H095,high21484.txt_q1,B,2026-07-10T22:14:51,v2026.07.1
H006,high21484.txt_q1,A,2026-07-16T00:30:42,v2026.07.1
H118,high21484.txt_q1,B,2026-07-26T16:53:28,v2026.07.1
H182,high21484.txt_q1,B,2026-07-25T01:43:32,v2026.07.1
H071,high21484.txt_q1,D,2026-07-27T09:51:00,v2026.07.1
H045,high21484.txt_q1,C,2026-07-23T11:16:22,v2026.07.1
H134,high21484.txt_q1,A,2026-07-18T07:44:50,v2026.07.1
H136,high21484.txt_q1,B,2026-07-11T10:13:56,v2026.07.1
H113,high21484.txt_q1,A,2026-07-22T11:04:41,v2026.07.1
H040,high21484.txt_q1,C,2026-07-24T01:19:38,v2026.07.1
H164,high21484.txt_q1,D,2026-07-14T00:00:55,v2026.07.1
H014,high21484.txt_q1,D,2026-07-18T03:05:23,v2026.07.1
H111,high21484.txt_q1,B,2026-07-10T13:29:23,v2026.07.1
H169,high21484.txt_q1,D,2026-07-21T00:20:37,v2026.07.1
H036,high21484.txt_q1,B,2026-07-18T09:20:12,v2026.07.1
H075,high21484.txt_q1,B,2026-07-16T05:15:09,v2026.07.1
H160,high21484.txt_q1,C,2026-07-22T18:03:59,v2026.07.1
H132,high21484.txt_q1,C,2026-07-11T16:33:59,v2026.07.1
H159,high21484.txt_q1,B,2026-07-13T23:23:12,v2026.07.1
H016,high21484.txt_q1,B,2026-07-11T12:22:03,v2026.07.1
H079,high21484.txt_q1,C,2026-07-15T05:24:56,v2026.07.1
H150,high21484.txt_q1,C,2026-07-18T00:19:44,v2026.07.1
H199,high21484.txt_q1,B,2026-07-20T11:46:42,v2026.07.1
H195,high21484.txt_q1,C,2026-07-21T05:08:12,v2026.07.1
H137,high21484.txt_q1,D,2026-07-16T14:10:52,v2026.07.1
H035,high21484.txt_q1,A,2026-07-20T01:02:30,v2026.07.1
H003,high21484.txt_q1,B,2026-07-27T06:13:56,v2026.07.1
H119,high20604.txt_q2,C,2026-07-13T05:27:07,v2026.07.1
H177,high20604.txt_q2,D,2026-07-24T04:42:42,v2026.07.1
H123,high20604.txt_q2,B,2026-07-18T14:25:31,v2026.07.1
H182,high20604.txt_q2,C,2026-07-22T18:23:41,v2026.07.1
H094,high20604.txt_q2,A,2026-07-19T23:21:57,v2026.07.1
H192,high20604.txt_q2,D,2026-07-23T21:12:37,v2026.07.1
H065,high20604.txt_q2,D,2026-07-19T21:22:35,v2026.07.1
H160,high20604.txt_q2,B,2026-07-15T00:12:37,v2026.07.1
H154,high20604.txt_q2,D,2026-07-18T13:17:51,v2026.07.1
H191,high20604.txt_q2,A,2026-07-15T03:31:19,v2026.07.1
H127,high20604.txt_q2,D,2026-07-21T17:05:12,v2026.07.1
H141,high20604.txt_q2,B,2026-07-18T12:41:24,v2026.07.1
H034,high20604.txt_q2,C,2026-07-25T16:24:04,v2026.07.1
H012,high20604.txt_q2,D,2026-07-19T12:38:13,v2026.07.1
H024,high20604.txt_q2,B,2026-07-11T05:53:04,v2026.07.1
H090,high20604.txt_q2,D,2026-07-14T10:35:11,v2026.07.1
H179,high20604.txt_q2,B,2026-07-19T15:15:36,v2026.07.1
H152,high20604.txt_q2,D,2026-07-27T05:17:55,v2026.07.1
H164,high20604.txt_q2,D,2026-07-17T15:28:31,v2026.07.1
H104,high20604.txt_q2,A,2026-07-23T18:42:42,v2026.07.1
H017,high20604.txt_q2,A,2026-07-18T20:59:13,v2026.07.1
H057,high20604.txt_q2,C,2026-07-19T03:25:20,v2026.07.1
H054,high20604.txt_q2,B,2026-07-22T12:50:18,v2026.07.1
H036,high20604.txt_q2,B,2026-07-16T02:03:52,v2026.07.1
H146,high20604.txt_q2,C,2026-07-17T05:32:00,v2026.07.1
H129,high20604.txt_q2,B,2026-07-18T11:19:47,v2026.07.1
H186,high20604.txt_q2,A,2026-07-23T02:33:33,v2026.07.1
H079,high20604.txt_q2,D,2026-07-25T15:39:49,v2026.07.1
H053,high20604.txt_q2,A,2026-07-21T09:17:14,v2026.07.1
H035,high20604.txt_q2,B,2026-07-18T23:18:35,v2026.07.1
H194,high17417.txt_q2,B,2026-07-27T06:26:21,v2026.07.1
H087,high17417.txt_q2,B,2026-07-24T09:02:44,v2026.07.1
H059,high17417.txt_q2,D,2026-07-14T05:43:41,v2026.07.1
H121,high17417.txt_q2,A,2026-07-20T21:28:03,v2026.07.1
H069,high17417.txt_q2,B,2026-07-11T23:42:27,v2026.07.1
H073,high17417.txt_q2,C,2026-07-18T18:23:25,v2026.07.1
H020,high17417.txt_q2,D,2026-07-13T20:52:25,v2026.07.1
H068,high17417.txt_q2,C,2026-07-20T22:59:13,v2026.07.1
H063,high17417.txt_q2,A,2026-07-20T19:08:20,v2026.07.1
H097,high17417.txt_q2,A,2026-07-18T09:56:40,v2026.07.1
H114,high17417.txt_q2,D,2026-07-27T03:00:30,v2026.07.1
H008,high17417.txt_q2,B,2026-07-15T09:19:09,v2026.07.1
H039,high17417.txt_q2,C,2026-07-11T06:02:06,v2026.07.1
H159,high17417.txt_q2,C,2026-07-11T01:17:56,v2026.07.1
H120,high17417.txt_q2,A,2026-07-25T16:24:46,v2026.07.1
H172,high17417.txt_q2,D,2026-07-26T08:11:47,v2026.07.1
H083,high17417.txt_q2,B,2026-07-16T22:55:37,v2026.07.1
H193,high17417.txt_q2,C,2026-07-14T10:56:13,v2026.07.1
H183,high17417.txt_q2,A,2026-07-24T13:03:57,v2026.07.1
H017,high17417.txt_q2,C,2026-07-21T10:06:40,v2026.07.1
H151,high17417.txt_q2,D,2026-07-10T18:29:28,v2026.07.1
H064,high17417.txt_q2,C,2026-07-15T10:11:31,v2026.07.1
H111,high17417.txt_q2,D,2026-07-13T14:53:07,v2026.07.1
H006,high17417.txt_q2,D,2026-07-24T22:21:21,v2026.07.1
H177,high17417.txt_q2,C,2026-07-19T22:57:34,v2026.07.1
H025,high17417.txt_q2,D,2026-07-24T21:20:04,v2026.07.1
H018,high17417.txt_q2,A,2026-07-24T17:41:29,v2026.07.1
H047,high17417.txt_q2,A,2026-07-14T12:50:29,v2026.07.1
H079,high17417.txt_q2,A,2026-07-23T06:53:43,v2026.07.1
H082,high17417.txt_q2,C,2026-07-26T13:45:23,v2026.07.1
H185,high981.txt_q1,B,2026-07-13T00:27:31,v2026.07.1
H080,high981.txt_q1,B,2026-07-24T08:52:40,v2026.07.1
H172,high981.txt_q1,A,2026-07-13T09:20:35,v2026.07.1
H167,high981.txt_q1,B,2026-07-18T17:30:58,v2026.07.1
H060,high981.txt_q1,A,2026-07-27T00:59:32,v2026.07.1
H031,high981.txt_q1,A,2026-07-10T21:48:48,v2026.07.1
H177,high981.txt_q1,D,2026-07-15T20:05:14,v2026.07.1
H175,high981.txt_q1,A,2026-07-10T22:09:52,v2026.07.1
H153,high981.txt_q1,B,2026-07-14T00:00:55,v2026.07.1
H089,high981.txt_q1,C,2026-07-12T07:17:14,v2026.07.1
H198,high981.txt_q1,D,2026-07-19T14:27:01,v2026.07.1
H045,high981.txt_q1,C,2026-07-24T20:03:12,v2026.07.1
H106,high981.txt_q1,C,2026-07-15T19:16:30,v2026.07.1
H081,high981.txt_q1,C,2026-07-18T12:29:31,v2026.07.1
H107,high981.txt_q1,C,2026-07-19T12:25:57,v2026.07.1
H155,high981.txt_q1,B,2026-07-21T05:15:51,v2026.07.1
H160,high981.txt_q1,A,2026-07-25T20:53:27,v2026.07.1
H173,high981.txt_q1,B,2026-07-19T00:39:26,v2026.07.1
H128,high981.txt_q1,A,2026-07-19T18:51:46,v2026.07.1
H033,high981.txt_q1,B,2026-07-27T16:09:49,v2026.07.1
H148,high981.txt_q1,A,2026-07-22T04:49:06,v2026.07.1
H159,high981.txt_q1,C,2026-07-22T09:47:59,v2026.07.1
H126,high981.txt_q1,B,2026-07-20T09:40:48,v2026.07.1
H076,high981.txt_q1,B,2026-07-18T19:40:31,v2026.07.1
H174,high981.txt_q1,B,2026-07-22T12:24:01,v2026.07.1
H007,high981.txt_q1,A,2026-07-13T17:51:33,v2026.07.1
H092,high981.txt_q1,C,2026-07-22T23:03:34,v2026.07.1
H139,high981.txt_q1,A,2026-07-13T21:22:52,v2026.07.1
H122,high981.txt_q1,B,2026-07-12T05:15:26,v2026.07.1
H184,high981.txt_q1,B,2026-07-22T11:49:39,v2026.07.1
H127,high12016.txt_q2,B,2026-07-21T08:44:09,v2026.07.1
H082,high12016.txt_q2,B,2026-07-23T20:40:55,v2026.07.1
H012,high12016.txt_q2,A,2026-07-19T19:04:23,v2026.07.1
H146,high12016.txt_q2,B,2026-07-20T15:23:42,v2026.07.1
H104,high12016.txt_q2,B,2026-07-15T05:38:10,v2026.07.1
H160,high12016.txt_q2,B,2026-07-14T14:39:06,v2026.07.1
H078,high12016.txt_q2,B,2026-07-13T07:59:47,v2026.07.1
H092,high12016.txt_q2,B,2026-07-26T08:09:38,v2026.07.1
H186,high12016.txt_q2,B,2026-07-10T10:48:02,v2026.07.1
H113,high12016.txt_q2,D,2026-07-20T23:37:49,v2026.07.1
H180,high12016.txt_q2,D,2026-07-21T15:36:56,v2026.07.1
H122,high12016.txt_q2,D,2026-07-23T06:44:50,v2026.07.1
H110,high12016.txt_q2,B,2026-07-21T10:44:47,v2026.07.1
H049,high12016.txt_q2,C,2026-07-24T00:17:33,v2026.07.1
H125,high12016.txt_q2,B,2026-07-24T03:48:32,v2026.07.1
H184,high12016.txt_q2,B,2026-07-17T03:58:24,v2026.07.1
H199,high12016.txt_q2,B,2026-07-21T19:40:56,v2026.07.1
H140,high12016.txt_q2,D,2026-07-19T02:21:22,v2026.07.1
H191,high12016.txt_q2,C,2026-07-17T06:30:46,v2026.07.1
H095,high12016.txt_q2,A,2026-07-12T07:56:02,v2026.07.1
H128,high12016.txt_q2,B,2026-07-18T02:39:10,v2026.07.1
H136,high12016.txt_q2,A,2026-07-25T09:42:49,v2026.07.1
H148,high12016.txt_q2,D,2026-07-23T18:19:57,v2026.07.1
H066,high12016.txt_q2,D,2026-07-24T10:50:40,v2026.07.1
H039,high12016.txt_q2,D,2026-07-16T20:17:37,v2026.07.1
H013,high12016.txt_q2,D,2026-07-11T18:33:37,v2026.07.1
H016,high12016.txt_q2,C,2026-07-26T14:26:48,v2026.07.1
H195,high12016.txt_q2,D,2026-07-16T13:27:14,v2026.07.1
H164,high12016.txt_q2,C,2026-07-26T03:19:14,v2026.07.1
H010,high12016.txt_q2,B,2026-07-11T13:07:01,v2026.07.1
H030,high23713.txt_q3,D,2026-07-24T23:20:16,v2026.07.1
H186,high23713.txt_q3,C,2026-07-13T16:29:29,v2026.07.1
H174,high23713.txt_q3,D,2026-07-22T13:19:26,v2026.07.1
H056,high23713.txt_q3,B,2026-07-20T20:03:42,v2026.07.1
H143,high23713.txt_q3,A,2026-07-19T14:58:16,v2026.07.1
H014,high23713.txt_q3,D,2026-07-25T08:06:32,v2026.07.1
H012,high23713.txt_q3,A,2026-07-24T13:27:22,v2026.07.1
H152,high23713.txt_q3,D,2026-07-26T05:44:37,v2026.07.1
H178,high23713.txt_q3,A,2026-07-17T19:58:25,v2026.07.1
H151,high23713.txt_q3,D,2026-07-13T09:16:11,v2026.07.1
H200,high23713.txt_q3,C,2026-07-23T03:16:45,v2026.07.1
H122,high23713.txt_q3,D,2026-07-10T21:43:03,v2026.07.1
H074,high23713.txt_q3,D,2026-07-22T14:43:55,v2026.07.1
H049,high23713.txt_q3,D,2026-07-19T18:39:55,v2026.07.1
H034,high23713.txt_q3,D,2026-07-15T15:27:35,v2026.07.1
H055,high23713.txt_q3,D,2026-07-10T17:54:45,v2026.07.1
H089,high23713.txt_q3,C,2026-07-27T06:20:35,v2026.07.1
H180,high23713.txt_q3,D,2026-07-16T08:13:56,v2026.07.1
H047,high23713.txt_q3,D,2026-07-20T09:09:29,v2026.07.1
H187,high23713.txt_q3,B,2026-07-21T21:13:10,v2026.07.1
H095,high23713.txt_q3,C,2026-07-20T12:18:39,v2026.07.1
H058,high23713.txt_q3,D,2026-07-22T20:25:18,v2026.07.1
H175,high23713.txt_q3,D,2026-07-14T00:47:11,v2026.07.1
H138,high23713.txt_q3,D,2026-07-16T12:21:50,v2026.07.1
H005,high23713.txt_q3,B,2026-07-23T06:44:14,v2026.07.1
H084,high23713.txt_q3,A,2026-07-11T08:59:21,v2026.07.1
H077,high23713.txt_q3,B,2026-07-26T10:13:26,v2026.07.1
H106,high23713.txt_q3,D,2026-07-25T05:22:52,v2026.07.1
H140,high23713.txt_q3,C,2026-07-12T18:20:56,v2026.07.1
H147,high23713.txt_q3,B,2026-07-13T17:16:29,v2026.07.1
H154,high5436.txt_q2,C,2026-07-24T15:00:02,v2026.07.1
H045,high5436.txt_q2,A,2026-07-19T18:00:05,v2026.07.1
H156,high5436.txt_q2,A,2026-07-15T07:32:39,v2026.07.1
H110,high5436.txt_q2,D,2026-07-17T20:02:18,v2026.07.1
H038,high5436.txt_q2,B,2026-07-16T01:13:24,v2026.07.1
H001,high5436.txt_q2,B,2026-07-20T06:13:03,v2026.07.1
H096,high5436.txt_q2,B,2026-07-15T01:58:17,v2026.07.1
H071,high5436.txt_q2,C,2026-07-23T04:51:09,v2026.07.1
H075,high5436.txt_q2,C,2026-07-20T21:21:10,v2026.07.1
H010,high5436.txt_q2,C,2026-07-15T16:46:00,v2026.07.1
H042,high5436.txt_q2,A,2026-07-14T08:48:56,v2026.07.1
H041,high5436.txt_q2,B,2026-07-26T09:12:28,v2026.07.1
H165,high5436.txt_q2,C,2026-07-15T19:48:30,v2026.07.1
H159,high5436.txt_q2,B,2026-07-19T10:23:30,v2026.07.1
H091,high5436.txt_q2,D,2026-07-23T00:21:26,v2026.07.1
H111,high5436.txt_q2,A,2026-07-14T05:52:49,v2026.07.1
H029,high5436.txt_q2,D,2026-07-22T00:07:30,v2026.07.1
H098,high5436.txt_q2,B,2026-07-18T04:51:44,v2026.07.1
H025,high5436.txt_q2,A,2026-07-13T17:00:04,v2026.07.1
H082,high5436.txt_q2,B,2026-07-23T16:58:09,v2026.07.1
H183,high5436.txt_q2,D,2026-07-10T09:05:05,v2026.07.1
H050,high5436.txt_q2,A,2026-07-15T15:46:59,v2026.07.1
H073,high5436.txt_q2,A,2026-07-14T06:24:40,v2026.07.1
H133,high5436.txt_q2,B,2026-07-13T21:40:50,v2026.07.1
H093,high5436.txt_q2,D,2026-07-20T07:00:45,v2026.07.1
H017,high5436.txt_q2,C,2026-07-15T10:08:05,v2026.07.1
H126,high5436.txt_q2,D,2026-07-13T12:39:07,v2026.07.1
H105,high5436.txt_q2,B,2026-07-17T03:03:45,v2026.07.1
H191,high5436.txt_q2,B,2026-07-13T13:14:36,v2026.07.1
H104,high5436.txt_q2,C,2026-07-18T20:10:51,v2026.07.1
H073,high11882.txt_q2,B,2026-07-20T21:35:30,v2026.07.1
H174,high11882.txt_q2,D,2026-07-25T09:01:10,v2026.07.1
H134,high11882.txt_q2,C,2026-07-19T20:00:43,v2026.07.1
H163,high11882.txt_q2,D,2026-07-18T16:32:25,v2026.07.1
H038,high11882.txt_q2,A,2026-07-25T06:49:22,v2026.07.1
H164,high11882.txt_q2,D,2026-07-16T21:25:22,v2026.07.1
H184,high11882.txt_q2,A,2026-07-11T01:37:51,v2026.07.1
H116,high11882.txt_q2,A,2026-07-24T01:03:30,v2026.07.1
H079,high11882.txt_q2,C,2026-07-25T04:32:44,v2026.07.1
H014,high11882.txt_q2,A,2026-07-12T10:32:41,v2026.07.1
H003,high11882.txt_q2,C,2026-07-27T12:33:00,v2026.07.1
H112,high11882.txt_q2,A,2026-07-10T16:28:55,v2026.07.1
H066,high11882.txt_q2,C,2026-07-12T15:49:29,v2026.07.1
H088,high11882.txt_q2,D,2026-07-12T09:07:28,v2026.07.1
H065,high11882.txt_q2,A,2026-07-17T17:24:40,v2026.07.1
H004,high11882.txt_q2,C,2026-07-26T01:40:36,v2026.07.1
H191,high11882.txt_q2,A,2026-07-22T13:04:26,v2026.07.1
H100,high11882.txt_q2,D,2026-07-13T02:55:10,v2026.07.1
H045,high11882.txt_q2,C,2026-07-10T11:56:45,v2026.07.1
H166,high11882.txt_q2,A,2026-07-24T03:25:40,v2026.07.1
H064,high11882.txt_q2,D,2026-07-18T02:08:23,v2026.07.1
H118,high11882.txt_q2,D,2026-07-11T21:56:20,v2026.07.1
H195,high11882.txt_q2,A,2026-07-26T15:31:29,v2026.07.1
H085,high11882.txt_q2,A,2026-07-20T18:26:06,v2026.07.1
H121,high11882.txt_q2,A,2026-07-12T18:35:42,v2026.07.1
H146,high11882.txt_q2,D,2026-07-16T12:56:46,v2026.07.1
H058,high11882.txt_q2,C,2026-07-17T00:02:09,v2026.07.1
H172,high11882.txt_q2,C,2026-07-19T17:31:39,v2026.07.1
H157,high11882.txt_q2,A,2026-07-19T05:08:57,v2026.07.1
H097,high11882.txt_q2,D,2026-07-16T04:38:55,v2026.07.1
H024,high16148.txt_q3,D,2026-07-14T13:33:12,v2026.07.1
H118,high16148.txt_q3,C,2026-07-11T00:02:58,v2026.07.1
H047,high16148.txt_q3,A,2026-07-12T20:55:51,v2026.07.1
H089,high16148.txt_q3,D,2026-07-17T04:27:04,v2026.07.1
H072,high16148.txt_q3,A,2026-07-13T18:55:30,v2026.07.1
H165,high16148.txt_q3,C,2026-07-27T06:05:54,v2026.07.1
H174,high16148.txt_q3,C,2026-07-16T07:26:55,v2026.07.1
H191,high16148.txt_q3,D,2026-07-17T15:26:45,v2026.07.1
H108,high16148.txt_q3,A,2026-07-22T00:42:47,v2026.07.1
H131,high16148.txt_q3,D,2026-07-17T19:33:44,v2026.07.1
H077,high16148.txt_q3,D,2026-07-12T10:13:01,v2026.07.1
H182,high16148.txt_q3,A,2026-07-10T22:53:07,v2026.07.1
H020,high16148.txt_q3,C,2026-07-26T17:50:20,v2026.07.1
H062,high16148.txt_q3,B,2026-07-27T02:53:28,v2026.07.1
H018,high16148.txt_q3,C,2026-07-24T04:22:19,v2026.07.1
H048,high16148.txt_q3,C,2026-07-23T03:47:16,v2026.07.1
H106,high16148.txt_q3,D,2026-07-11T19:11:14,v2026.07.1
H032,high16148.txt_q3,C,2026-07-19T17:48:16,v2026.07.1
H046,high16148.txt_q3,D,2026-07-15T20:19:08,v2026.07.1
H172,high16148.txt_q3,B,2026-07-19T04:47:35,v2026.07.1
H035,high16148.txt_q3,B,2026-07-27T12:36:26,v2026.07.1
H140,high16148.txt_q3,C,2026-07-15T18:53:15,v2026.07.1
H107,high16148.txt_q3,B,2026-07-27T05:56:59,v2026.07.1
H100,high16148.txt_q3,A,2026-07-27T17:19:39,v2026.07.1
H071,high16148.txt_q3,D,2026-07-16T05:07:36,v2026.07.1
H060,high16148.txt_q3,A,2026-07-21T07:03:29,v2026.07.1
H192,high16148.txt_q3,C,2026-07-12T13:55:29,v2026.07.1
H123,high16148.txt_q3,B,2026-07-18T15:30:29,v2026.07.1
H092,high16148.txt_q3,A,2026-07-15T01:25:03,v2026.07.1
H091,high16148.txt_q3,D,2026-07-17T05:03:11,v2026.07.1
H046,high4520.txt_q1,D,2026-07-22T22:26:45,v2026.07.1
H133,high4520.txt_q1,C,2026-07-21T12:50:21,v2026.07.1
H143,high4520.txt_q1,A,2026-07-13T18:46:45,v2026.07.1
H006,high4520.txt_q1,B,2026-07-17T06:00:41,v2026.07.1
H188,high4520.txt_q1,A,2026-07-13T15:03:27,v2026.07.1
H036,high4520.txt_q1,A,2026-07-18T17:33:13,v2026.07.1
H063,high4520.txt_q1,A,2026-07-17T16:03:20,v2026.07.1
H051,high4520.txt_q1,A,2026-07-24T23:58:21,v2026.07.1
H174,high4520.txt_q1,A,2026-07-11T11:46:27,v2026.07.1
H045,high4520.txt_q1,B,2026-07-18T18:15:13,v2026.07.1
H024,high4520.txt_q1,D,2026-07-15T17:38:15,v2026.07.1
H148,high4520.txt_q1,D,2026-07-18T00:30:00,v2026.07.1
H085,high4520.txt_q1,C,2026-07-21T07:02:58,v2026.07.1
H102,high4520.txt_q1,A,2026-07-11T21:13:58,v2026.07.1
H065,high4520.txt_q1,C,2026-07-15T07:26:42,v2026.07.1
H127,high4520.txt_q1,A,2026-07-12T04:28:24,v2026.07.1
H146,high4520.txt_q1,A,2026-07-12T20:49:26,v2026.07.1
H200,high4520.txt_q1,A,2026-07-16T08:46:02,v2026.07.1
H058,high4520.txt_q1,C,2026-07-14T19:23:45,v2026.07.1
H112,high4520.txt_q1,D,2026-07-18T12:25:18,v2026.07.1
H124,high4520.txt_q1,D,2026-07-11T16:33:35,v2026.07.1
H089,high4520.txt_q1,A,2026-07-11T01:03:58,v2026.07.1
H091,high4520.txt_q1,A,2026-07-23T08:16:21,v2026.07.1
H041,high4520.txt_q1,D,2026-07-10T13:10:59,v2026.07.1
H187,high4520.txt_q1,A,2026-07-11T21:56:11,v2026.07.1
H053,high4520.txt_q1,A,2026-07-10T23:41:28,v2026.07.1
H179,high4520.txt_q1,B,2026-07-19T09:42:01,v2026.07.1
H144,high4520.txt_q1,A,2026-07-23T07:13:14,v2026.07.1
H126,high4520.txt_q1,C,2026-07-11T23:09:33,v2026.07.1
H056,high4520.txt_q1,A,2026-07-10T17:37:08,v2026.07.1
H149,high16116.txt_q0,B,2026-07-13T09:01:11,v2026.07.1
H032,high16116.txt_q0,B,2026-07-24T10:00:04,v2026.07.1
H028,high16116.txt_q0,B,2026-07-20T06:51:24,v2026.07.1
H175,high16116.txt_q0,B,2026-07-20T22:36:24,v2026.07.1
H119,high16116.txt_q0,B,2026-07-16T00:18:03,v2026.07.1
H059,high16116.txt_q0,B,2026-07-27T16:36:03,v2026.07.1
H100,high16116.txt_q0,D,2026-07-18T10:54:27,v2026.07.1
H095,high16116.txt_q0,C,2026-07-15T11:40:41,v2026.07.1
H090,high16116.txt_q0,B,2026-07-19T01:10:34,v2026.07.1
H200,high16116.txt_q0,B,2026-07-20T16:22:42,v2026.07.1
H133,high16116.txt_q0,A,2026-07-23T20:43:01,v2026.07.1
H067,high16116.txt_q0,C,2026-07-26T18:35:54,v2026.07.1
H036,high16116.txt_q0,C,2026-07-11T05:14:04,v2026.07.1
H044,high16116.txt_q0,B,2026-07-17T08:38:34,v2026.07.1
H053,high16116.txt_q0,B,2026-07-12T22:53:27,v2026.07.1
H081,high16116.txt_q0,A,2026-07-15T07:27:56,v2026.07.1
H153,high16116.txt_q0,C,2026-07-21T17:17:05,v2026.07.1
H159,high16116.txt_q0,B,2026-07-19T15:22:19,v2026.07.1
H195,high16116.txt_q0,A,2026-07-22T17:59:45,v2026.07.1
H155,high16116.txt_q0,B,2026-07-26T14:05:52,v2026.07.1
H022,high16116.txt_q0,B,2026-07-13T13:08:21,v2026.07.1
H072,high16116.txt_q0,A,2026-07-23T06:46:49,v2026.07.1
H192,high16116.txt_q0,D,2026-07-22T12:10:53,v2026.07.1
H123,high16116.txt_q0,A,2026-07-18T06:12:49,v2026.07.1
H097,high16116.txt_q0,A,2026-07-15T02:31:48,v2026.07.1
H009,high16116.txt_q0,C,2026-07-16T02:27:30,v2026.07.1
H029,high16116.txt_q0,A,2026-07-23T11:12:30,v2026.07.1
H068,high16116.txt_q0,D,2026-07-26T18:34:46,v2026.07.1
H047,high16116.txt_q0,D,2026-07-25T01:11:07,v2026.07.1
H041,high16116.txt_q0,D,2026-07-19T14:10:13,v2026.07.1
H034,high12723.txt_q3,C,2026-07-13T03:49:40,v2026.07.1
H191,high12723.txt_q3,B,2026-07-13T19:48:13,v2026.07.1
H058,high12723.txt_q3,B,2026-07-13T08:09:15,v2026.07.1
H103,high12723.txt_q3,B,2026-07-21T05:14:17,v2026.07.1
H026,high12723.txt_q3,C,2026-07-16T03:18:16,v2026.07.1
H024,high12723.txt_q3,A,2026-07-15T03:30:15,v2026.07.1
H184,high12723.txt_q3,B,2026-07-12T15:28:55,v2026.07.1
H200,high12723.txt_q3,D,2026-07-17T06:37:18,v2026.07.1
H138,high12723.txt_q3,B,2026-07-25T08:03:16,v2026.07.1
H080,high12723.txt_q3,A,2026-07-27T12:55:46,v2026.07.1
H147,high12723.txt_q3,C,2026-07-17T15:20:45,v2026.07.1
H105,high12723.txt_q3,B,2026-07-18T20:56:24,v2026.07.1
H125,high12723.txt_q3,B,2026-07-14T03:25:39,v2026.07.1
H044,high12723.txt_q3,A,2026-07-20T22:59:31,v2026.07.1
H155,high12723.txt_q3,A,2026-07-14T19:28:50,v2026.07.1
H061,high12723.txt_q3,C,2026-07-19T12:40:31,v2026.07.1
H101,high12723.txt_q3,B,2026-07-24T06:13:03,v2026.07.1
H075,high12723.txt_q3,B,2026-07-15T00:17:30,v2026.07.1
H085,high12723.txt_q3,C,2026-07-12T17:20:12,v2026.07.1
H116,high12723.txt_q3,D,2026-07-15T00:55:32,v2026.07.1
H027,high12723.txt_q3,A,2026-07-24T03:56:25,v2026.07.1
H021,high12723.txt_q3,C,2026-07-18T02:30:46,v2026.07.1
H082,high12723.txt_q3,D,2026-07-14T00:46:32,v2026.07.1
H119,high12723.txt_q3,D,2026-07-18T06:21:20,v2026.07.1
H009,high12723.txt_q3,A,2026-07-26T05:01:59,v2026.07.1
H096,high12723.txt_q3,C,2026-07-17T11:52:47,v2026.07.1
H037,high12723.txt_q3,D,2026-07-18T06:04:49,v2026.07.1
H050,high12723.txt_q3,C,2026-07-15T00:46:01,v2026.07.1
H161,high12723.txt_q3,B,2026-07-13T12:01:00,v2026.07.1
H159,high12723.txt_q3,B,2026-07-13T14:12:05,v2026.07.1
H161,high19331.txt_q0,D,2026-07-22T02:09:22,v2026.07.1
H014,high19331.txt_q0,C,2026-07-16T06:20:33,v2026.07.1
H024,high19331.txt_q0,B,2026-07-10T10:32:59,v2026.07.1
H070,high19331.txt_q0,C,2026-07-10T10:52:01,v2026.07.1
H103,high19331.txt_q0,C,2026-07-12T12:26:48,v2026.07.1
H177,high19331.txt_q0,C,2026-07-13T01:10:33,v2026.07.1
H181,high19331.txt_q0,C,2026-07-23T15:44:43,v2026.07.1
H063,high19331.txt_q0,C,2026-07-15T19:34:49,v2026.07.1
H097,high19331.txt_q0,A,2026-07-23T06:39:44,v2026.07.1
H149,high19331.txt_q0,C,2026-07-14T09:34:36,v2026.07.1
H137,high19331.txt_q0,C,2026-07-26T13:49:34,v2026.07.1
H106,high19331.txt_q0,B,2026-07-24T15:52:28,v2026.07.1
H078,high19331.txt_q0,A,2026-07-15T00:30:10,v2026.07.1
H055,high19331.txt_q0,B,2026-07-15T04:25:00,v2026.07.1
H160,high19331.txt_q0,B,2026-07-27T12:18:19,v2026.07.1
H116,high19331.txt_q0,B,2026-07-20T23:24:19,v2026.07.1
H023,high19331.txt_q0,C,2026-07-19T23:36:01,v2026.07.1
H002,high19331.txt_q0,D,2026-07-24T04:06:58,v2026.07.1
H094,high19331.txt_q0,C,2026-07-12T14:49:13,v2026.07.1
H129,high19331.txt_q0,C,2026-07-25T23:50:08,v2026.07.1
H131,high19331.txt_q0,A,2026-07-22T00:10:11,v2026.07.1
H015,high19331.txt_q0,B,2026-07-17T07:17:14,v2026.07.1
H088,high19331.txt_q0,C,2026-07-13T12:12:09,v2026.07.1
H128,high19331.txt_q0,C,2026-07-14T23:38:27,v2026.07.1
H037,high19331.txt_q0,A,2026-07-21T07:43:19,v2026.07.1
H060,high19331.txt_q0,D,2026-07-25T10:10:46,v2026.07.1
H127,high19331.txt_q0,C,2026-07-18T05:45:35,v2026.07.1
H192,high19331.txt_q0,D,2026-07-17T01:51:18,v2026.07.1
H117,high19331.txt_q0,C,2026-07-16T08:26:17,v2026.07.1
H017,high19331.txt_q0,B,2026-07-13T22:51:29,v2026.07.1
H019,high19010.txt_q0,D,2026-07-12T14:31:59,v2026.07.1
H158,high19010.txt_q0,D,2026-07-12T18:45:03,v2026.07.1
H016,high19010.txt_q0,C,2026-07-16T14:40:46,v2026.07.1
H061,high19010.txt_q0,B,2026-07-24T18:50:48,v2026.07.1
H132,high19010.txt_q0,C,2026-07-25T06:18:49,v2026.07.1
H009,high19010.txt_q0,C,2026-07-12T02:52:12,v2026.07.1
H139,high19010.txt_q0,C,2026-07-11T05:35:42,v2026.07.1
H177,high19010.txt_q0,C,2026-07-23T13:47:51,v2026.07.1
H183,high19010.txt_q0,B,2026-07-17T17:07:45,v2026.07.1
H010,high19010.txt_q0,C,2026-07-20T22:12:43,v2026.07.1
H192,high19010.txt_q0,D,2026-07-26T16:43:46,v2026.07.1
H173,high19010.txt_q0,C,2026-07-19T14:10:23,v2026.07.1
H124,high19010.txt_q0,C,2026-07-22T00:24:00,v2026.07.1
H141,high19010.txt_q0,D,2026-07-24T15:36:59,v2026.07.1
H117,high19010.txt_q0,C,2026-07-25T03:56:29,v2026.07.1
H055,high19010.txt_q0,D,2026-07-20T02:27:31,v2026.07.1
H178,high19010.txt_q0,C,2026-07-17T12:12:00,v2026.07.1
H111,high19010.txt_q0,B,2026-07-23T02:33:59,v2026.07.1
H079,high19010.txt_q0,C,2026-07-12T14:53:05,v2026.07.1
H188,high19010.txt_q0,C,2026-07-11T05:58:38,v2026.07.1
H164,high19010.txt_q0,A,2026-07-19T03:47:59,v2026.07.1
H044,high19010.txt_q0,A,2026-07-24T09:08:02,v2026.07.1
H169,high19010.txt_q0,A,2026-07-20T07:06:00,v2026.07.1
H101,high19010.txt_q0,D,2026-07-21T13:57:08,v2026.07.1
H069,high19010.txt_q0,D,2026-07-27T03:33:54,v2026.07.1
H112,high19010.txt_q0,D,2026-07-17T04:26:18,v2026.07.1
H168,high19010.txt_q0,C,2026-07-23T18:14:42,v2026.07.1
H189,high19010.txt_q0,C,2026-07-19T06:50:04,v2026.07.1
H042,high19010.txt_q0,C,2026-07-25T03:47:41,v2026.07.1
H028,high19010.txt_q0,D,2026-07-11T18:34:57,v2026.07.1
H165,high9579.txt_q1,A,2026-07-21T07:18:51,v2026.07.1
H048,high9579.txt_q1,A,2026-07-12T12:25:37,v2026.07.1
H184,high9579.txt_q1,C,2026-07-18T19:15:55,v2026.07.1
H065,high9579.txt_q1,A,2026-07-26T00:50:14,v2026.07.1
H113,high9579.txt_q1,B,2026-07-11T13:54:09,v2026.07.1
H098,high9579.txt_q1,C,2026-07-25T17:26:52,v2026.07.1
H130,high9579.txt_q1,C,2026-07-19T05:28:26,v2026.07.1
H094,high9579.txt_q1,B,2026-07-20T23:01:58,v2026.07.1
H104,high9579.txt_q1,B,2026-07-15T01:26:16,v2026.07.1
H035,high9579.txt_q1,C,2026-07-15T05:03:11,v2026.07.1
H118,high9579.txt_q1,D,2026-07-11T22:14:00,v2026.07.1
H177,high9579.txt_q1,D,2026-07-27T05:29:11,v2026.07.1
H068,high9579.txt_q1,A,2026-07-19T11:06:05,v2026.07.1
H031,high9579.txt_q1,A,2026-07-16T18:27:20,v2026.07.1
H128,high9579.txt_q1,A,2026-07-13T11:31:29,v2026.07.1
H047,high9579.txt_q1,B,2026-07-15T08:50:40,v2026.07.1
H124,high9579.txt_q1,A,2026-07-14T16:46:51,v2026.07.1
H171,high9579.txt_q1,C,2026-07-20T19:01:10,v2026.07.1
H055,high9579.txt_q1,A,2026-07-17T06:47:59,v2026.07.1
H075,high9579.txt_q1,C,2026-07-24T08:58:07,v2026.07.1
H008,high9579.txt_q1,B,2026-07-12T09:16:33,v2026.07.1
H025,high9579.txt_q1,A,2026-07-15T05:34:54,v2026.07.1
H157,high9579.txt_q1,B,2026-07-10T14:24:03,v2026.07.1
H180,high9579.txt_q1,C,2026-07-21T10:47:09,v2026.07.1
H107,high9579.txt_q1,A,2026-07-21T19:54:06,v2026.07.1
H155,high9579.txt_q1,D,2026-07-15T15:14:13,v2026.07.1
H080,high9579.txt_q1,B,2026-07-18T02:09:14,v2026.07.1
H082,high9579.txt_q1,C,2026-07-26T20:30:54,v2026.07.1
H179,high9579.txt_q1,C,2026-07-25T03:18:34,v2026.07.1
H105,high9579.txt_q1,C,2026-07-20T16:53:48,v2026.07.1
H133,high20301.txt_q1,B,2026-07-11T12:59:53,v2026.07.1
H155,high20301.txt_q1,A,2026-07-20T01:24:03,v2026.07.1
H011,high20301.txt_q1,C,2026-07-23T11:44:51,v2026.07.1
H187,high20301.txt_q1,B,2026-07-11T06:54:07,v2026.07.1
H038,high20301.txt_q1,D,2026-07-16T16:20:16,v2026.07.1
H078,high20301.txt_q1,B,2026-07-13T01:24:54,v2026.07.1
H091,high20301.txt_q1,C,2026-07-16T03:38:47,v2026.07.1
H102,high20301.txt_q1,C,2026-07-17T21:41:37,v2026.07.1
H068,high20301.txt_q1,D,2026-07-17T12:04:36,v2026.07.1
H082,high20301.txt_q1,D,2026-07-16T18:53:03,v2026.07.1
H018,high20301.txt_q1,C,2026-07-12T02:38:09,v2026.07.1
H188,high20301.txt_q1,A,2026-07-18T09:58:12,v2026.07.1
H179,high20301.txt_q1,C,2026-07-23T11:36:00,v2026.07.1
H014,high20301.txt_q1,A,2026-07-11T07:01:01,v2026.07.1
H178,high20301.txt_q1,D,2026-07-24T19:31:54,v2026.07.1
H169,high20301.txt_q1,B,2026-07-27T02:08:07,v2026.07.1
H183,high20301.txt_q1,A,2026-07-25T04:52:25,v2026.07.1
H004,high20301.txt_q1,A,2026-07-25T19:24:45,v2026.07.1
H186,high20301.txt_q1,A,2026-07-26T14:05:42,v2026.07.1
H008,high20301.txt_q1,D,2026-07-26T03:20:46,v2026.07.1
H039,high20301.txt_q1,C,2026-07-25T00:38:39,v2026.07.1
H107,high20301.txt_q1,D,2026-07-18T05:42:02,v2026.07.1
H124,high20301.txt_q1,D,2026-07-23T00:56:34,v2026.07.1
H192,high20301.txt_q1,D,2026-07-27T07:57:21,v2026.07.1
H057,high20301.txt_q1,C,2026-07-19T17:16:32,v2026.07.1
H141,high20301.txt_q1,B,2026-07-27T07:03:00,v2026.07.1
H196,high20301.txt_q1,D,2026-07-23T13:15:09,v2026.07.1
H022,high20301.txt_q1,B,2026-07-23T17:02:20,v2026.07.1
H134,high20301.txt_q1,A,2026-07-16T15:33:18,v2026.07.1
H113,high20301.txt_q1,D,2026-07-22T13:06:10,v2026.07.1
H109,high8527.txt_q2,A,2026-07-18T18:06:04,v2026.07.1
H007,high8527.txt_q2,A,2026-07-26T19:35:41,v2026.07.1
H012,high8527.txt_q2,A,2026-07-21T19:12:45,v2026.07.1
H185,high8527.txt_q2,D,2026-07-23T04:36:44,v2026.07.1
H049,high8527.txt_q2,C,2026-07-25T19:33:24,v2026.07.1
H102,high8527.txt_q2,B,2026-07-24T12:21:28,v2026.07.1
H144,high8527.txt_q2,A,2026-07-27T12:12:40,v2026.07.1
H018,high8527.txt_q2,D,2026-07-19T20:43:16,v2026.07.1
H028,high8527.txt_q2,B,2026-07-18T09:09:34,v2026.07.1
H053,high8527.txt_q2,A,2026-07-23T13:24:20,v2026.07.1
H181,high8527.txt_q2,B,2026-07-17T09:59:16,v2026.07.1
H160,high8527.txt_q2,D,2026-07-23T07:07:06,v2026.07.1
H010,high8527.txt_q2,B,2026-07-11T10:27:51,v2026.07.1
H073,high8527.txt_q2,C,2026-07-13T08:57:52,v2026.07.1
H061,high8527.txt_q2,B,2026-07-25T06:44:19,v2026.07.1
H200,high8527.txt_q2,B,2026-07-11T04:57:45,v2026.07.1
H060,high8527.txt_q2,D,2026-07-16T19:11:26,v2026.07.1
H043,high8527.txt_q2,A,2026-07-25T14:27:22,v2026.07.1
H195,high8527.txt_q2,D,2026-07-21T15:36:26,v2026.07.1
H040,high8527.txt_q2,C,2026-07-26T11:14:56,v2026.07.1
H025,high8527.txt_q2,B,2026-07-21T03:39:48,v2026.07.1
H071,high8527.txt_q2,B,2026-07-20T14:17:15,v2026.07.1
H114,high8527.txt_q2,D,2026-07-14T13:25:54,v2026.07.1
H100,high8527.txt_q2,C,2026-07-10T22:53:19,v2026.07.1
H034,high8527.txt_q2,B,2026-07-18T22:45:26,v2026.07.1
H113,high8527.txt_q2,D,2026-07-26T12:22:40,v2026.07.1
H064,high8527.txt_q2,B,2026-07-16T04:08:21,v2026.07.1
H013,high8527.txt_q2,B,2026-07-19T01:50:26,v2026.07.1
H036,high8527.txt_q2,C,2026-07-23T12:18:00,v2026.07.1
H166,high8527.txt_q2,A,2026-07-17T21:34:52,v2026.07.1
H075,high13702.txt_q0,D,2026-07-12T05:28:17,v2026.07.1
H059,high13702.txt_q0,A,2026-07-23T05:35:04,v2026.07.1
H171,high13702.txt_q0,A,2026-07-12T12:51:40,v2026.07.1
H082,high13702.txt_q0,A,2026-07-13T12:00:07,v2026.07.1
H012,high13702.txt_q0,B,2026-07-21T14:37:08,v2026.07.1
H114,high13702.txt_q0,D,2026-07-17T00:58:50,v2026.07.1
H112,high13702.txt_q0,B,2026-07-15T21:56:25,v2026.07.1
H087,high13702.txt_q0,D,2026-07-13T04:20:54,v2026.07.1
H009,high13702.txt_q0,D,2026-07-13T11:59:56,v2026.07.1
H020,high13702.txt_q0,A,2026-07-24T20:06:06,v2026.07.1
H155,high13702.txt_q0,D,2026-07-21T06:13:32,v2026.07.1
H115,high13702.txt_q0,D,2026-07-18T14:17:16,v2026.07.1
H135,high13702.txt_q0,A,2026-07-19T16:55:14,v2026.07.1
H142,high13702.txt_q0,D,2026-07-14T01:23:37,v2026.07.1
H167,high13702.txt_q0,B,2026-07-18T03:10:08,v2026.07.1
H001,high13702.txt_q0,C,2026-07-26T00:14:47,v2026.07.1
H017,high13702.txt_q0,B,2026-07-26T08:52:26,v2026.07.1
H140,high13702.txt_q0,D,2026-07-19T06:21:01,v2026.07.1
H051,high13702.txt_q0,D,2026-07-17T09:43:01,v2026.07.1
H063,high13702.txt_q0,C,2026-07-18T15:36:10,v2026.07.1
H190,high13702.txt_q0,D,2026-07-17T05:49:12,v2026.07.1
H043,high13702.txt_q0,D,2026-07-24T07:42:48,v2026.07.1
H079,high13702.txt_q0,D,2026-07-20T12:14:54,v2026.07.1
H010,high13702.txt_q0,D,2026-07-16T15:57:41,v2026.07.1
H130,high13702.txt_q0,D,2026-07-25T17:12:57,v2026.07.1
H021,high13702.txt_q0,B,2026-07-26T14:22:43,v2026.07.1
H145,high13702.txt_q0,B,2026-07-13T06:00:46,v2026.07.1
H030,high13702.txt_q0,C,2026-07-13T03:40:37,v2026.07.1
H098,high13702.txt_q0,C,2026-07-13T17:57:48,v2026.07.1
H161,high13702.txt_q0,A,2026-07-15T14:16:44,v2026.07.1
H098,high14520.txt_q1,D,2026-07-23T08:57:48,v2026.07.1
H029,high14520.txt_q1,C,2026-07-14T06:42:11,v2026.07.1
H041,high14520.txt_q1,D,2026-07-22T13:31:36,v2026.07.1
H177,high14520.txt_q1,B,2026-07-10T14:33:54,v2026.07.1
H186,high14520.txt_q1,D,2026-07-22T22:24:40,v2026.07.1
H097,high14520.txt_q1,D,2026-07-17T16:54:31,v2026.07.1
H011,high14520.txt_q1,B,2026-07-22T16:18:04,v2026.07.1
H174,high14520.txt_q1,D,2026-07-12T04:12:58,v2026.07.1
H079,high14520.txt_q1,B,2026-07-12T14:56:56,v2026.07.1
H071,high14520.txt_q1,D,2026-07-27T15:01:38,v2026.07.1
H070,high14520.txt_q1,C,2026-07-21T14:17:33,v2026.07.1
H068,high14520.txt_q1,A,2026-07-21T01:13:50,v2026.07.1
H001,high14520.txt_q1,A,2026-07-23T02:44:57,v2026.07.1
H164,high14520.txt_q1,D,2026-07-21T00:49:22,v2026.07.1
H055,high14520.txt_q1,A,2026-07-16T15:36:49,v2026.07.1
H002,high14520.txt_q1,C,2026-07-23T04:50:00,v2026.07.1
H036,high14520.txt_q1,C,2026-07-12T07:52:27,v2026.07.1
H158,high14520.txt_q1,D,2026-07-14T14:22:29,v2026.07.1
H052,high14520.txt_q1,D,2026-07-24T04:44:26,v2026.07.1
H173,high14520.txt_q1,C,2026-07-16T21:14:40,v2026.07.1
H166,high14520.txt_q1,D,2026-07-18T06:36:07,v2026.07.1
H100,high14520.txt_q1,D,2026-07-21T09:12:17,v2026.07.1
H085,high14520.txt_q1,D,2026-07-15T16:07:58,v2026.07.1
H006,high14520.txt_q1,D,2026-07-26T06:25:11,v2026.07.1
H118,high14520.txt_q1,A,2026-07-24T02:29:19,v2026.07.1
H132,high14520.txt_q1,D,2026-07-16T08:35:04,v2026.07.1
H033,high14520.txt_q1,D,2026-07-12T22:43:31,v2026.07.1
H120,high14520.txt_q1,D,2026-07-18T05:45:33,v2026.07.1
H014,high14520.txt_q1,D,2026-07-18T14:25:46,v2026.07.1
H193,high14520.txt_q1,C,2026-07-23T01:50:00,v2026.07.1
H016,high11515.txt_q0,D,2026-07-12T22:14:17,v2026.07.1
H003,high11515.txt_q0,A,2026-07-14T05:18:19,v2026.07.1
H111,high11515.txt_q0,A,2026-07-16T20:07:47,v2026.07.1
H105,high11515.txt_q0,D,2026-07-20T22:52:52,v2026.07.1
H021,high11515.txt_q0,C,2026-07-22T13:47:05,v2026.07.1
H114,high11515.txt_q0,C,2026-07-19T01:53:15,v2026.07.1
H079,high11515.txt_q0,B,2026-07-10T13:15:41,v2026.07.1
H138,high11515.txt_q0,B,2026-07-11T12:57:22,v2026.07.1
H056,high11515.txt_q0,B,2026-07-23T16:41:31,v2026.07.1
H140,high11515.txt_q0,A,2026-07-13T23:03:05,v2026.07.1
H083,high11515.txt_q0,B,2026-07-22T21:53:17,v2026.07.1
H036,high11515.txt_q0,B,2026-07-10T14:25:26,v2026.07.1
H014,high11515.txt_q0,B,2026-07-16T12:47:27,v2026.07.1
H166,high11515.txt_q0,B,2026-07-10T12:28:28,v2026.07.1
H086,high11515.txt_q0,A,2026-07-24T18:52:51,v2026.07.1
H040,high11515.txt_q0,C,2026-07-17T18:22:26,v2026.07.1
H095,high11515.txt_q0,D,2026-07-14T23:00:08,v2026.07.1
H196,high11515.txt_q0,A,2026-07-12T06:15:24,v2026.07.1
H044,high11515.txt_q0,D,2026-07-17T20:25:46,v2026.07.1
H033,high11515.txt_q0,B,2026-07-11T17:39:23,v2026.07.1
H057,high11515.txt_q0,B,2026-07-25T06:37:39,v2026.07.1
H174,high11515.txt_q0,B,2026-07-21T23:15:11,v2026.07.1
H063,high11515.txt_q0,B,2026-07-25T20:54:41,v2026.07.1
H091,high11515.txt_q0,A,2026-07-10T22:00:14,v2026.07.1
H038,high11515.txt_q0,B,2026-07-20T07:24:05,v2026.07.1
H197,high11515.txt_q0,B,2026-07-27T00:59:48,v2026.07.1
H189,high11515.txt_q0,C,2026-07-17T00:51:32,v2026.07.1
H022,high11515.txt_q0,D,2026-07-22T11:36:14,v2026.07.1
H142,high11515.txt_q0,C,2026-07-19T20:14:30,v2026.07.1
H019,high11515.txt_q0,C,2026-07-23T18:55:27,v2026.07.1
H178,high1335.txt_q1,B,2026-07-22T13:53:57,v2026.07.1
H184,high1335.txt_q1,B,2026-07-27T13:07:00,v2026.07.1
H084,high1335.txt_q1,B,2026-07-14T15:08:47,v2026.07.1
H023,high1335.txt_q1,C,2026-07-22T02:33:00,v2026.07.1
H067,high1335.txt_q1,D,2026-07-16T05:00:45,v2026.07.1
H185,high1335.txt_q1,C,2026-07-16T16:06:26,v2026.07.1
H100,high1335.txt_q1,A,2026-07-23T22:50:32,v2026.07.1
H183,high1335.txt_q1,A,2026-07-26T17:00:25,v2026.07.1
H095,high1335.txt_q1,C,2026-07-10T10:51:44,v2026.07.1
H065,high1335.txt_q1,C,2026-07-15T23:43:38,v2026.07.1
H056,high1335.txt_q1,C,2026-07-13T01:12:43,v2026.07.1
H142,high1335.txt_q1,B,2026-07-27T07:31:29,v2026.07.1
H013,high1335.txt_q1,D,2026-07-26T22:30:00,v2026.07.1
H118,high1335.txt_q1,B,2026-07-14T14:14:54,v2026.07.1
H003,high1335.txt_q1,D,2026-07-15T01:55:43,v2026.07.1
H018,high1335.txt_q1,C,2026-07-12T07:02:05,v2026.07.1
H193,high1335.txt_q1,B,2026-07-22T15:43:36,v2026.07.1
H129,high1335.txt_q1,D,2026-07-23T17:38:11,v2026.07.1
H197,high1335.txt_q1,A,2026-07-16T20:28:40,v2026.07.1
H046,high1335.txt_q1,C,2026-07-25T04:40:40,v2026.07.1
H199,high1335.txt_q1,D,2026-07-25T17:30:44,v2026.07.1
H106,high1335.txt_q1,A,2026-07-10T10:57:03,v2026.07.1
H029,high1335.txt_q1,C,2026-07-17T14:41:37,v2026.07.1
H125,high1335.txt_q1,A,2026-07-22T01:40:05,v2026.07.1
H087,high1335.txt_q1,C,2026-07-11T16:14:39,v2026.07.1
H041,high1335.txt_q1,C,2026-07-22T06:02:52,v2026.07.1
H135,high1335.txt_q1,C,2026-07-14T05:23:05,v2026.07.1
H127,high1335.txt_q1,A,2026-07-22T03:24:11,v2026.07.1
H019,high1335.txt_q1,C,2026-07-23T19:44:51,v2026.07.1
H194,high1335.txt_q1,A,2026-07-17T23:04:05,v2026.07.1
