question_id,epoch,prob_correct,is_correct
high6423.txt_q1,4.0,0.9920039772987366,1
high8513.txt_q2,4.0,0.9939017295837402,1
middle7788.txt_q2,4.0,0.9999942779541016,1
high17176.txt_q0,4.0,0.9950503706932068,1
high2211.txt_q1,4.0,0.9999996423721313,1
middle7708.txt_q3,4.0,0.9999998807907104,1
high6114.txt_q1,4.0,0.9999992847442627,1
middle3135.txt_q0,4.0,0.6241180896759033,1
high8486.txt_q0,4.0,0.9998774528503418,1
high8099.txt_q0,4.0,0.9999406337738037,1
high3390.txt_q1,4.0,0.9999107122421265,1
high20212.txt_q2,4.0,0.9754385948181152,1
middle3405.txt_q0,4.0,0.9999985694885254,1
high21215.txt_q2,4.0,0.994175374507904,1
high163.txt_q3,4.0,0.9974257349967957,1
high14490.txt_q2,4.0,0.8088895678520203,1
high23714.txt_q2,4.0,0.9949734210968018,1
middle2120.txt_q1,4.0,0.9999303817749023,1
high17107.txt_q1,4.0,0.9869939684867859,1
high22140.txt_q0,4.0,0.986533522605896,1
high4923.txt_q2,4.0,0.9751651883125305,1
high16145.txt_q2,4.0,0.983788013458252,1
high12.txt_q3,4.0,0.9999984502792358,1
middle1444.txt_q2,4.0,0.9994421601295471,1
high19134.txt_q0,4.0,0.9987890124320984,1
high13042.txt_q1,4.0,0.9874178171157837,1
high19317.txt_q2,4.0,0.9840776920318604,1
middle6662.txt_q1,4.0,0.9992602467536926,1
middle3063.txt_q1,4.0,0.9999997615814209,1
high18826.txt_q1,4.0,0.988787829875946,1
high16419.txt_q0,4.0,1.0,1
high21970.txt_q3,4.0,0.9575167298316956,1
high2150.txt_q2,4.0,0.9999988079071045,1
high20620.txt_q0,4.0,1.0,1
middle1578.txt_q3,4.0,0.9960981607437134,1
high22815.txt_q0,4.0,0.9973279237747192,1
middle5223.txt_q0,4.0,0.9999977350234985,1
high1812.txt_q0,4.0,0.9934804439544678,1
middle6858.txt_q0,4.0,1.0,1
middle8135.txt_q1,4.0,0.999988317489624,1
high18897.txt_q1,4.0,0.9999996423721313,1
middle892.txt_q4,4.0,0.9760460257530212,1
high6927.txt_q0,4.0,0.9187652468681335,1
high21297.txt_q1,4.0,0.9997778534889221,1
high4886.txt_q2,4.0,0.9979149699211121,1
high18558.txt_q2,4.0,0.9994606375694275,1
high10195.txt_q1,4.0,0.9995620846748352,1
middle4039.txt_q0,4.0,0.9999551773071289,1
high11074.txt_q1,4.0,0.9999964237213135,1
high7920.txt_q0,4.0,0.9997649788856506,1
high12226.txt_q2,4.0,0.9920603036880493,1
high4632.txt_q2,4.0,0.9983693957328796,1
high20406.txt_q1,4.0,0.9999874830245972,1
high23000.txt_q0,4.0,0.5996503829956055,1
high12323.txt_q2,4.0,0.9999997615814209,1
high1792.txt_q0,4.0,0.9998986721038818,1
high18599.txt_q1,4.0,0.999998927116394,1
high3697.txt_q1,4.0,0.9999966621398926,1
middle4743.txt_q3,4.0,0.9999717473983765,1
high17046.txt_q1,4.0,0.9941548705101013,1
high13219.txt_q0,4.0,0.9999983310699463,1
high159.txt_q1,4.0,0.999090313911438,1
middle6217.txt_q1,4.0,0.999982476234436,1
high14516.txt_q1,4.0,0.9999986886978149,1
high7145.txt_q1,4.0,0.9997041821479797,1
high9972.txt_q2,4.0,0.9999995231628418,1
middle4101.txt_q0,4.0,0.3988140821456909,0
high21783.txt_q0,4.0,0.9997734427452087,1
high6882.txt_q3,4.0,0.9999990463256836,1
high16995.txt_q3,4.0,0.9999580383300781,1
high21643.txt_q0,4.0,0.9998965263366699,1
high14959.txt_q0,4.0,0.9909434914588928,1
high3127.txt_q0,4.0,0.9997442364692688,1
high17986.txt_q1,4.0,0.999538779258728,1
high10822.txt_q0,4.0,0.9996311664581299,1
high11227.txt_q1,4.0,0.9591119289398193,1
high7911.txt_q0,4.0,0.99986732006073,1
high15391.txt_q0,4.0,0.7235886454582214,1
high21427.txt_q0,4.0,0.9999784231185913,1
high2111.txt_q2,4.0,0.9956793189048767,1
middle6411.txt_q0,4.0,0.9999998807907104,1
high3406.txt_q2,4.0,0.9994713664054871,1
high11462.txt_q3,4.0,0.9999997615814209,1
middle1103.txt_q2,4.0,0.9999483823776245,1
high7479.txt_q1,4.0,0.3011656701564789,0
middle4681.txt_q2,4.0,1.0,1
high1071.txt_q2,4.0,0.9999206066131592,1
high18139.txt_q0,4.0,0.9994526505470276,1
high6849.txt_q0,4.0,0.9999904632568359,1
high17093.txt_q1,4.0,0.9999605417251587,1
middle2496.txt_q1,4.0,0.9982978701591492,1
high2514.txt_q3,4.0,0.9143095016479492,1
high15288.txt_q3,4.0,0.9999994039535522,1
high5021.txt_q0,4.0,1.0,1
middle3252.txt_q0,4.0,0.999977707862854,1
middle4946.txt_q0,4.0,0.9702820181846619,1
middle7288.txt_q3,4.0,0.9999961853027344,1
high6119.txt_q2,4.0,0.9999998807907104,1
high17677.txt_q2,4.0,0.7643150091171265,1
high4170.txt_q1,4.0,0.9999897480010986,1
middle1633.txt_q1,4.0,0.9999382495880127,1
high23093.txt_q1,4.0,0.9998631477355957,1
high2531.txt_q3,4.0,0.8487743735313416,1
high1963.txt_q1,4.0,0.9999977350234985,1
high14325.txt_q1,4.0,0.9991530179977417,1
high3323.txt_q0,4.0,0.9971233010292053,1
middle1672.txt_q3,4.0,0.8182123899459839,1
middle1750.txt_q3,4.0,0.9991849064826965,1
high4801.txt_q1,4.0,0.9999516010284424,1
middle3869.txt_q1,4.0,0.9881558418273926,1
high11358.txt_q2,4.0,0.9885165691375732,1
high1671.txt_q1,4.0,0.996245801448822,1
high14060.txt_q3,4.0,0.9999998807907104,1
high11265.txt_q3,4.0,0.9998524188995361,1
high12421.txt_q0,4.0,0.9999990463256836,1
high682.txt_q2,4.0,0.9975538849830627,1
middle337.txt_q2,4.0,0.9999990463256836,1
high1348.txt_q2,4.0,0.9999939203262329,1
high18553.txt_q1,4.0,0.9807192087173462,1
high3356.txt_q1,4.0,0.9995744824409485,1
high10706.txt_q0,4.0,0.12438531219959259,0
high20227.txt_q0,4.0,0.9994454979896545,1
middle4339.txt_q2,4.0,0.9999855756759644,1
middle1645.txt_q2,4.0,0.9843183159828186,1
high149.txt_q0,4.0,0.9173141121864319,1
high16049.txt_q1,4.0,0.9670497179031372,1
middle4672.txt_q0,4.0,0.9999831914901733,1
high12531.txt_q1,4.0,0.9999994039535522,1
high6489.txt_q0,4.0,0.9999991655349731,1
middle5378.txt_q2,4.0,0.9999998807907104,1
high1909.txt_q3,4.0,0.7424926161766052,1
high19918.txt_q3,4.0,0.9399502873420715,1
high23659.txt_q2,4.0,0.9999998807907104,1
high1501.txt_q2,4.0,0.8347337245941162,1
high17294.txt_q0,4.0,0.9996010661125183,1
high10879.txt_q0,4.0,0.9999957084655762,1
high18854.txt_q2,4.0,1.0,1
high17914.txt_q2,4.0,0.9999403953552246,1
middle771.txt_q0,4.0,0.9970941543579102,1
high299.txt_q0,4.0,0.9999915361404419,1
high2020.txt_q3,4.0,1.0,1
high8324.txt_q2,4.0,0.9969998002052307,1
high21516.txt_q2,4.0,0.9998311996459961,1
high4928.txt_q2,4.0,0.9762890934944153,1
high13885.txt_q0,4.0,0.9999121427536011,1
middle255.txt_q3,4.0,0.9791503548622131,1
high5505.txt_q4,4.0,1.0,1
high10958.txt_q2,4.0,0.9727364778518677,1
high1999.txt_q2,4.0,0.8897101283073425,1
middle930.txt_q2,4.0,0.9999991655349731,1
middle377.txt_q3,4.0,0.9978910088539124,1
high14053.txt_q1,4.0,0.9999898672103882,1
high4396.txt_q1,4.0,0.9916300177574158,1
middle456.txt_q3,4.0,0.9999599456787109,1
high12079.txt_q2,4.0,0.991578221321106,1
high22430.txt_q3,4.0,0.9985160231590271,1
high13611.txt_q3,4.0,1.0,1
high10990.txt_q0,4.0,0.9999327659606934,1
high8048.txt_q3,4.0,0.9999998807907104,1
high14814.txt_q1,4.0,0.9954158067703247,1
high16241.txt_q0,4.0,0.9999735355377197,1
middle7615.txt_q0,4.0,0.7337270975112915,1
middle6476.txt_q0,4.0,1.0,1
middle5317.txt_q2,4.0,0.9970596432685852,1
high18723.txt_q1,4.0,0.9999997615814209,1
middle408.txt_q2,4.0,0.9996352195739746,1
high17586.txt_q1,4.0,0.9775789380073547,1
high19067.txt_q0,4.0,0.9978194236755371,1
high20725.txt_q0,4.0,0.453244686126709,0
high12299.txt_q1,4.0,0.7603564262390137,1
high12767.txt_q0,4.0,0.9975038170814514,1
middle686.txt_q0,4.0,1.0,1
high3968.txt_q0,4.0,0.9698730111122131,1
middle1739.txt_q3,4.0,1.0,1
high14403.txt_q0,4.0,0.965468168258667,1
high6944.txt_q1,4.0,0.9745295643806458,1
high1908.txt_q1,4.0,0.9999111890792847,1
high600.txt_q3,4.0,0.9572149515151978,1
high22949.txt_q2,4.0,0.9999988079071045,1
high8297.txt_q1,4.0,0.9994726777076721,1
middle5106.txt_q2,4.0,0.9994778037071228,1
high7734.txt_q1,4.0,0.9949718713760376,1
high3194.txt_q0,4.0,0.999893069267273,1
high19929.txt_q2,4.0,0.8223937749862671,1
high20173.txt_q2,4.0,0.999963641166687,1
high17717.txt_q2,4.0,0.9995848536491394,1
high11438.txt_q2,4.0,0.9493156671524048,1
middle7469.txt_q1,4.0,0.9998630285263062,1
high15279.txt_q2,4.0,0.9464555978775024,1
middle5867.txt_q2,4.0,0.992702841758728,1
middle1294.txt_q0,4.0,0.998185932636261,1
high23796.txt_q2,4.0,0.9876267313957214,1
middle3507.txt_q3,4.0,0.32519006729125977,0
high407.txt_q1,4.0,0.9999874830245972,1
middle4605.txt_q0,4.0,0.9908009171485901,1
middle844.txt_q3,4.0,0.9982680082321167,1
high3666.txt_q1,4.0,0.9996843338012695,1
high9748.txt_q0,4.0,0.8090731501579285,1
middle4358.txt_q2,4.0,0.9999862909317017,1
high19282.txt_q2,4.0,0.9998841285705566,1
middle1884.txt_q3,4.0,0.9999992847442627,1
high18996.txt_q0,4.0,0.9999899864196777,1
middle154.txt_q4,4.0,0.8653671741485596,1
high11005.txt_q2,4.0,0.8848652839660645,1
high20778.txt_q0,4.0,0.9999966621398926,1
high1879.txt_q1,4.0,1.0,1
high2971.txt_q0,4.0,0.9991703033447266,1
high13180.txt_q3,4.0,0.9999963045120239,1
high20274.txt_q0,4.0,0.9997491240501404,1
middle5803.txt_q2,4.0,0.9804764986038208,1
middle3117.txt_q1,4.0,0.39394232630729675,0
high17968.txt_q1,4.0,0.9970778226852417,1
high12256.txt_q2,4.0,0.9999616146087646,1
high15128.txt_q3,4.0,0.999606192111969,1
middle4333.txt_q1,4.0,0.9999966621398926,1
middle2995.txt_q4,4.0,0.9930434226989746,1
middle5180.txt_q0,4.0,0.9861748218536377,1
high4362.txt_q0,4.0,0.9931609630584717,1
middle6327.txt_q3,4.0,0.9999582767486572,1
high15.txt_q0,4.0,0.9972968697547913,1
high6387.txt_q2,4.0,0.98899906873703,1
high900.txt_q1,4.0,0.9999918937683105,1
high18688.txt_q1,4.0,0.9999991655349731,1
high6732.txt_q1,4.0,0.9255385994911194,1
high19735.txt_q1,4.0,0.9996856451034546,1
high6472.txt_q0,4.0,0.9993401169776917,1
high19208.txt_q3,4.0,0.9973554611206055,1
middle2602.txt_q3,4.0,0.9992501139640808,1
high9742.txt_q1,4.0,0.9998075366020203,1
high15594.txt_q2,4.0,0.9975827932357788,1
middle4897.txt_q2,4.0,0.9999792575836182,1
high12504.txt_q2,4.0,0.9998531341552734,1
high5346.txt_q1,4.0,0.9999762773513794,1
high866.txt_q0,4.0,0.9999055862426758,1
middle6831.txt_q3,4.0,0.9999954700469971,1
high10512.txt_q0,4.0,0.9984492063522339,1
high22100.txt_q1,4.0,0.9955092668533325,1
high11817.txt_q1,4.0,0.7438707947731018,1
middle1950.txt_q0,4.0,0.9999988079071045,1
high10233.txt_q1,4.0,0.9999951124191284,1
high9594.txt_q2,4.0,0.9999475479125977,1
high20123.txt_q0,4.0,0.9998002648353577,1
middle4694.txt_q0,4.0,0.9999998807907104,1
high19236.txt_q2,4.0,0.9999978542327881,1
high18254.txt_q1,4.0,0.9999047517776489,1
high7641.txt_q3,4.0,1.0,1
high18384.txt_q1,4.0,0.9998648166656494,1
high7130.txt_q1,4.0,0.9970319271087646,1
high14164.txt_q1,4.0,0.9999936819076538,1
high10639.txt_q0,4.0,0.9998124241828918,1
high14719.txt_q0,4.0,0.9999432563781738,1
high8936.txt_q1,4.0,0.8735479116439819,1
high16768.txt_q0,4.0,0.9999687671661377,1
middle2962.txt_q3,4.0,0.9999995231628418,1
high14169.txt_q0,4.0,0.9997113347053528,1
middle4657.txt_q0,4.0,0.9999760389328003,1
middle1691.txt_q1,4.0,0.43477103114128113,1
high1860.txt_q0,4.0,0.9999988079071045,1
high16874.txt_q1,4.0,0.9998053908348083,1
high20526.txt_q0,4.0,0.9958040118217468,1
high2174.txt_q0,4.0,0.8707188963890076,1
high5358.txt_q3,4.0,1.0,1
high7298.txt_q1,4.0,0.9982870221138,1
high12847.txt_q2,4.0,0.9996935129165649,1
middle7597.txt_q2,4.0,0.9957635402679443,1
high23191.txt_q0,4.0,0.26860949397087097,0
high6215.txt_q2,4.0,0.9998026490211487,1
high22326.txt_q2,4.0,0.9999845027923584,1
middle2601.txt_q0,4.0,1.0,1
high14050.txt_q1,4.0,0.9052591919898987,1
high9183.txt_q0,4.0,0.9999593496322632,1
high11138.txt_q1,4.0,1.0,1
middle1581.txt_q3,4.0,0.997751772403717,1
high4271.txt_q2,4.0,0.9433459639549255,1
middle4029.txt_q0,4.0,0.999994158744812,1
middle988.txt_q3,4.0,0.941337525844574,1
high15152.txt_q3,4.0,0.9963976740837097,1
middle1269.txt_q1,4.0,0.9690378308296204,1
high12449.txt_q2,4.0,0.9969176054000854,1
middle6430.txt_q3,4.0,0.9999790191650391,1
high3764.txt_q1,4.0,0.9139567613601685,1
middle1189.txt_q3,4.0,1.0,1
high5120.txt_q0,4.0,0.9999977350234985,1
high15652.txt_q3,4.0,0.9999881982803345,1
middle1976.txt_q2,4.0,0.9657412171363831,1
high23191.txt_q2,4.0,0.8380739092826843,1
high11759.txt_q2,4.0,0.9994580149650574,1
high16719.txt_q4,4.0,0.9999600648880005,1
high7161.txt_q2,4.0,0.999081015586853,1
high17181.txt_q2,4.0,0.9998527765274048,1
high10999.txt_q1,4.0,0.9999938011169434,1
high22329.txt_q1,4.0,0.9729341268539429,1
high13468.txt_q1,4.0,0.8413307070732117,1
high14104.txt_q1,4.0,0.9993818998336792,1
middle7919.txt_q0,4.0,0.9967097043991089,1
high11491.txt_q1,4.0,1.0,1
middle67.txt_q2,4.0,1.0,1
high7151.txt_q4,4.0,1.0,1
high21799.txt_q1,4.0,0.9978664517402649,1
high22708.txt_q0,4.0,0.9998929500579834,1
middle539.txt_q3,4.0,1.0,1
high3124.txt_q2,4.0,0.37709346413612366,1
high14828.txt_q0,4.0,0.999998927116394,1
high3396.txt_q1,4.0,0.9975882768630981,1
high1975.txt_q1,4.0,0.9213440418243408,1
high20353.txt_q1,4.0,0.9999998807907104,1
high5940.txt_q2,4.0,0.9917163252830505,1
middle4593.txt_q0,4.0,0.9997803568840027,1
high4882.txt_q2,4.0,0.9999973773956299,1
high17244.txt_q0,4.0,0.9997809529304504,1
high15671.txt_q1,4.0,0.997960090637207,1
high23516.txt_q1,4.0,0.9999973773956299,1
high1307.txt_q1,4.0,0.9880023002624512,1
high19008.txt_q0,4.0,0.999954104423523,1
high23709.txt_q0,4.0,0.9999998807907104,1
high23755.txt_q3,4.0,0.9998244643211365,1
middle3293.txt_q2,4.0,0.9999972581863403,1
high14147.txt_q2,4.0,0.9996089339256287,1
high17120.txt_q1,4.0,0.6533946990966797,1
high6073.txt_q0,4.0,0.9989687204360962,1
high4918.txt_q2,4.0,0.9875181317329407,1
high18561.txt_q4,4.0,0.9999446868896484,1
high8307.txt_q4,4.0,0.9345884323120117,1
high20997.txt_q0,4.0,0.9992076754570007,1
high23939.txt_q0,4.0,0.9998117089271545,1
middle5156.txt_q3,4.0,1.0,1
high18202.txt_q1,4.0,0.9998680353164673,1
high23726.txt_q1,4.0,0.9999898672103882,1
high20779.txt_q1,4.0,0.9999842643737793,1
high17722.txt_q0,4.0,0.9999206066131592,1
high4125.txt_q0,4.0,0.9981781244277954,1
middle7355.txt_q1,4.0,0.9195804595947266,1
middle1280.txt_q1,4.0,0.9910058975219727,1
high19044.txt_q3,4.0,1.0,1
middle6670.txt_q4,4.0,0.7318764328956604,1
middle7891.txt_q0,4.0,0.9999063014984131,1
high13640.txt_q1,4.0,0.8751338720321655,1
high23811.txt_q2,4.0,0.9999788999557495,1
high13962.txt_q1,4.0,0.9999983310699463,1
high15204.txt_q1,4.0,0.994245707988739,1
high11150.txt_q0,4.0,0.9990870952606201,1
high12418.txt_q0,4.0,0.7388136982917786,1
high19588.txt_q2,4.0,0.9852474927902222,1
middle5631.txt_q3,4.0,1.0,1
high7545.txt_q0,4.0,0.9971467852592468,1
high17736.txt_q3,4.0,0.9995397329330444,1
middle6376.txt_q1,4.0,0.9817408919334412,1
middle5713.txt_q0,4.0,0.9986305236816406,1
high4861.txt_q1,4.0,0.9002233743667603,1
high10695.txt_q0,4.0,1.0,1
high23705.txt_q3,4.0,0.999129593372345,1
high1847.txt_q1,4.0,0.9999926090240479,1
middle6229.txt_q3,4.0,1.0,1
high23255.txt_q4,4.0,0.9999892711639404,1
high3777.txt_q2,4.0,0.9998205304145813,1
high8280.txt_q0,4.0,0.9991167187690735,1
high15406.txt_q0,4.0,0.999967098236084,1
high10359.txt_q3,4.0,0.9962961077690125,1
high5608.txt_q0,4.0,0.9999972581863403,1
high15729.txt_q1,4.0,0.9999966621398926,1
middle5048.txt_q0,4.0,0.992624044418335,1
middle2316.txt_q0,4.0,0.9998918771743774,1
high12340.txt_q1,4.0,0.9990354776382446,1
high17416.txt_q2,4.0,0.9992044568061829,1
high8219.txt_q3,4.0,0.9906534552574158,1
high20483.txt_q0,4.0,0.9974502921104431,1
middle6583.txt_q0,4.0,0.9999779462814331,1
high9172.txt_q0,4.0,0.9566447138786316,1
high11089.txt_q2,4.0,0.9998094439506531,1
high22445.txt_q0,4.0,0.9999247789382935,1
high20949.txt_q2,4.0,0.9999997615814209,1
high10462.txt_q1,4.0,0.9999985694885254,1
high899.txt_q3,4.0,0.9999997615814209,1
middle7225.txt_q3,4.0,0.999976396560669,1
high21481.txt_q2,4.0,0.8735764026641846,1
high12913.txt_q2,4.0,0.9998648166656494,1
middle5.txt_q2,4.0,0.9971031546592712,1
high7964.txt_q2,4.0,0.9999995231628418,1
high20691.txt_q3,4.0,1.0,1
high24141.txt_q0,4.0,0.9794604778289795,1
high6749.txt_q1,4.0,0.9997349381446838,1
high929.txt_q2,4.0,0.9999997615814209,1
middle4839.txt_q3,4.0,0.8136999607086182,1
high8079.txt_q0,4.0,0.9996024966239929,1
high8846.txt_q1,4.0,0.9943549633026123,1
high273.txt_q1,4.0,1.0,1
high8685.txt_q2,4.0,0.9644945859909058,1
high9469.txt_q1,4.0,0.004711710382252932,0
high9871.txt_q1,4.0,0.9971491694450378,1
high12933.txt_q2,4.0,1.0,1
high17336.txt_q1,4.0,0.9855049252510071,1
high20994.txt_q2,4.0,0.369098961353302,0
middle2751.txt_q1,4.0,0.9999934434890747,1
high15325.txt_q1,4.0,0.9787902235984802,1
high16429.txt_q0,4.0,0.9989820122718811,1
high19080.txt_q2,4.0,0.999997615814209,1
high14018.txt_q3,4.0,0.8825762271881104,1
high17150.txt_q2,4.0,0.9974429607391357,1
high11334.txt_q1,4.0,0.9197520017623901,1
high7976.txt_q2,4.0,0.9917301535606384,1
middle5125.txt_q1,4.0,0.9941938519477844,1
middle5545.txt_q2,4.0,0.9999916553497314,1
high15460.txt_q3,4.0,0.9978827834129333,1
high669.txt_q1,4.0,0.9990000128746033,1
middle3466.txt_q0,4.0,1.0,1
high7409.txt_q3,4.0,0.9999480247497559,1
middle2853.txt_q2,4.0,0.9999499320983887,1
high5184.txt_q2,4.0,0.9999982118606567,1
high20175.txt_q2,4.0,0.9974107146263123,1
high2166.txt_q2,4.0,0.9986926913261414,1
high22735.txt_q0,4.0,1.0,1
high11351.txt_q1,4.0,0.9999454021453857,1
high13707.txt_q0,4.0,0.9995765089988708,1
high4581.txt_q2,4.0,0.9999922513961792,1
high16985.txt_q3,4.0,0.9999997615814209,1
high14432.txt_q1,4.0,0.9954073429107666,1
high19925.txt_q2,4.0,0.9999585151672363,1
middle1182.txt_q2,4.0,0.9789333343505859,1
high23649.txt_q1,4.0,0.9990386962890625,1
middle7966.txt_q0,4.0,0.9999029636383057,1
middle540.txt_q4,4.0,0.9993568062782288,1
high12433.txt_q2,4.0,0.968131959438324,1
high13006.txt_q0,4.0,0.9998766183853149,1
high20346.txt_q1,4.0,0.9968137145042419,1
high15939.txt_q1,4.0,0.9894437789916992,1
high15484.txt_q0,4.0,1.0,1
high18186.txt_q2,4.0,0.999996542930603,1
high19739.txt_q2,4.0,0.9998956918716431,1
high3528.txt_q1,4.0,0.9929597973823547,1
high18145.txt_q3,4.0,0.9999946355819702,1
high17656.txt_q3,4.0,1.0,1
high13874.txt_q1,4.0,0.9999918937683105,1
middle1471.txt_q3,4.0,0.9999779462814331,1
middle8133.txt_q2,4.0,0.9999992847442627,1
high22788.txt_q4,4.0,1.0,1
high14958.txt_q1,4.0,0.999998927116394,1
middle402.txt_q0,4.0,0.9120699167251587,1
high2049.txt_q1,4.0,0.9643203020095825,1
high18955.txt_q2,4.0,0.9993388056755066,1
middle4985.txt_q2,4.0,0.9999947547912598,1
middle3122.txt_q0,4.0,0.13244201242923737,0
middle2627.txt_q4,4.0,1.0,1
high15177.txt_q1,4.0,0.9941948056221008,1
high10730.txt_q0,4.0,0.9180081486701965,1
high21163.txt_q2,4.0,0.9984577894210815,1
high16332.txt_q4,4.0,0.9996159076690674,1
high19796.txt_q2,4.0,0.999880313873291,1
middle7431.txt_q1,4.0,0.9999991655349731,1
high17443.txt_q1,4.0,0.9999997615814209,1
high11405.txt_q0,4.0,0.9999666213989258,1
high14766.txt_q1,4.0,0.9999953508377075,1
middle1891.txt_q1,4.0,0.9938993453979492,1
high19997.txt_q2,4.0,0.9999994039535522,1
high17013.txt_q3,4.0,0.9947009086608887,1
high19110.txt_q0,4.0,0.9998695850372314,1
high19479.txt_q0,4.0,0.9991323351860046,1
middle4406.txt_q0,4.0,1.0,1
high6184.txt_q2,4.0,0.9999498128890991,1
high15254.txt_q0,4.0,0.7036527395248413,1
middle7366.txt_q0,4.0,0.9815927147865295,1
middle3388.txt_q4,4.0,0.9998849630355835,1
middle3198.txt_q1,4.0,0.997655987739563,1
high18228.txt_q1,4.0,0.9998331069946289,1
high4252.txt_q2,4.0,0.9966331124305725,1
high2082.txt_q1,4.0,1.0,1
high5982.txt_q3,4.0,0.9999998807907104,1
high7610.txt_q1,4.0,0.9999995231628418,1
high2324.txt_q1,4.0,0.9992351531982422,1
high8813.txt_q3,4.0,0.9999992847442627,1
high21690.txt_q0,4.0,0.926063597202301,1
high5973.txt_q2,4.0,0.3612138628959656,0
high22195.txt_q0,4.0,0.9998319149017334,1
high9908.txt_q0,4.0,0.999990701675415,1
middle1987.txt_q0,4.0,0.9999762773513794,1
high11397.txt_q1,4.0,0.019178012385964394,0
middle1358.txt_q2,4.0,0.9714638590812683,1
middle6516.txt_q4,4.0,0.9999656677246094,1
high8391.txt_q4,4.0,0.9999845027923584,1
high23036.txt_q1,4.0,0.9999853372573853,1
high8713.txt_q2,4.0,0.9443063139915466,1
high958.txt_q1,4.0,0.9999916553497314,1
high17856.txt_q3,4.0,1.0,1
middle5827.txt_q1,4.0,1.0,1
middle5724.txt_q0,4.0,0.5570758581161499,1
high14248.txt_q0,4.0,1.0,1
middle1600.txt_q1,4.0,1.0,1
high13354.txt_q1,4.0,0.999993085861206,1
high4016.txt_q4,4.0,0.8841996192932129,1
high20961.txt_q2,4.0,0.8517853617668152,1
high21596.txt_q0,4.0,1.0,1
middle7913.txt_q2,4.0,1.0,1
high12233.txt_q0,4.0,0.9999974966049194,1
high23307.txt_q2,4.0,0.9998974800109863,1
high23122.txt_q1,4.0,0.8521898984909058,1
high8954.txt_q2,4.0,0.992168128490448,1
middle6843.txt_q2,4.0,0.8727611899375916,1
middle4443.txt_q3,4.0,0.9999996423721313,1
middle1487.txt_q0,4.0,0.9999533891677856,1
high10331.txt_q0,4.0,0.9998692274093628,1
middle3178.txt_q2,4.0,0.9998842477798462,1
high2567.txt_q0,4.0,0.9921229481697083,1
middle4695.txt_q0,4.0,0.3038473427295685,1
high10616.txt_q0,4.0,0.9980179071426392,1
high15213.txt_q0,4.0,0.9999377727508545,1
high9340.txt_q3,4.0,0.9999998807907104,1
high4562.txt_q0,4.0,0.9336989521980286,1
middle2029.txt_q1,4.0,0.8715273141860962,1
middle6299.txt_q0,4.0,0.9999982118606567,1
high21009.txt_q0,4.0,0.9999979734420776,1
high17386.txt_q3,4.0,0.9999940395355225,1
high19908.txt_q1,4.0,0.9999997615814209,1
high7644.txt_q1,4.0,0.999993085861206,1
high5536.txt_q2,4.0,0.996920108795166,1
high18059.txt_q0,4.0,0.9999326467514038,1
middle3586.txt_q2,4.0,0.9999970197677612,1
high11929.txt_q3,4.0,0.9999973773956299,1
middle3155.txt_q1,4.0,0.9965004920959473,1
high24167.txt_q1,4.0,0.9966685175895691,1
middle7349.txt_q2,4.0,0.9854562878608704,1
high19526.txt_q1,4.0,1.0,1
high3890.txt_q1,4.0,0.9999266862869263,1
high14432.txt_q0,4.0,0.9999986886978149,1
high2750.txt_q0,4.0,0.9801418781280518,1
middle802.txt_q0,4.0,0.947289228439331,1
high3072.txt_q1,4.0,0.9700806140899658,1
high20810.txt_q2,4.0,0.9999996423721313,1
high22549.txt_q1,4.0,0.9997333884239197,1
high18379.txt_q0,4.0,0.99998939037323,1
high1687.txt_q2,4.0,0.9999885559082031,1
high16842.txt_q3,4.0,1.0,1
high7471.txt_q1,4.0,0.9998635053634644,1
high9592.txt_q3,4.0,0.9945796728134155,1
high15604.txt_q2,4.0,0.9999898672103882,1
high19412.txt_q3,4.0,0.9998315572738647,1
high15793.txt_q2,4.0,0.9222992658615112,1
high22901.txt_q0,4.0,0.9562737941741943,1
high10901.txt_q2,4.0,0.9999973773956299,1
high9111.txt_q2,4.0,0.9977953433990479,1
high20588.txt_q0,4.0,0.9999276399612427,1
middle2350.txt_q3,4.0,0.9750608205795288,1
high13495.txt_q1,4.0,0.9999878406524658,1
high20156.txt_q1,4.0,0.9999513626098633,1
high19650.txt_q0,4.0,0.9999793767929077,1
middle1046.txt_q1,4.0,0.9999905824661255,1
high24244.txt_q2,4.0,1.0,1
high1159.txt_q3,4.0,0.9992958307266235,1
high22542.txt_q0,4.0,0.9997537732124329,1
high19047.txt_q2,4.0,0.9999998807907104,1
high5569.txt_q2,4.0,0.9999980926513672,1
middle2585.txt_q2,4.0,0.9976041913032532,1
high13518.txt_q1,4.0,0.9990301132202148,1
high17886.txt_q2,4.0,0.9999792575836182,1
high18354.txt_q1,4.0,0.9730460047721863,1
high12329.txt_q2,4.0,0.9945523142814636,1
high9013.txt_q2,4.0,1.0,1
middle3713.txt_q2,4.0,0.8228004574775696,1
high5813.txt_q2,4.0,0.9999995231628418,1
high21753.txt_q1,4.0,0.9670014381408691,1
high12649.txt_q0,4.0,1.0,1
high13182.txt_q0,4.0,0.972900390625,1
high17596.txt_q0,4.0,0.9999850988388062,1
middle5610.txt_q1,4.0,0.999998927116394,1
high13064.txt_q0,4.0,0.6026092767715454,1
high5994.txt_q1,4.0,0.9990940093994141,1
high17101.txt_q1,4.0,0.9999997615814209,1
high13626.txt_q1,4.0,0.9999562501907349,1
high76.txt_q1,4.0,0.9999566078186035,1
high3834.txt_q2,4.0,0.9991663694381714,1
high22494.txt_q0,4.0,0.9999899864196777,1
middle5908.txt_q0,4.0,0.9999990463256836,1
high6981.txt_q2,4.0,0.8575063943862915,1
high9796.txt_q2,4.0,0.17778049409389496,0
high3331.txt_q4,4.0,0.9587223529815674,1
high23409.txt_q0,4.0,0.9988885521888733,1
middle4967.txt_q0,4.0,0.9999936819076538,1
high46.txt_q0,4.0,0.9999306201934814,1
high10804.txt_q3,4.0,1.0,1
middle5327.txt_q0,4.0,0.9971179962158203,1
high3649.txt_q2,4.0,0.7865004539489746,1
high4514.txt_q0,4.0,0.999976396560669,1
high3671.txt_q1,4.0,0.9999974966049194,1
high817.txt_q0,4.0,0.9996758699417114,1
high16979.txt_q2,4.0,0.9999997615814209,1
high1850.txt_q0,4.0,0.9990563988685608,1
high22645.txt_q4,4.0,0.9998181462287903,1
high3828.txt_q3,4.0,0.9617066979408264,1
high9077.txt_q2,4.0,0.9999462366104126,1
high12664.txt_q0,4.0,0.9999994039535522,1
high5594.txt_q1,4.0,0.9993652701377869,1
high23712.txt_q3,4.0,0.9999997615814209,1
middle7677.txt_q3,4.0,0.9980485439300537,1
high9196.txt_q0,4.0,0.9938544034957886,1
high16286.txt_q3,4.0,0.999880313873291,1
high19538.txt_q0,4.0,0.9665557742118835,1
middle6073.txt_q0,4.0,0.9999963045120239,1
middle7333.txt_q1,4.0,0.9999145269393921,1
high17340.txt_q1,4.0,0.9999982118606567,1
high7611.txt_q1,4.0,0.9842414259910583,1
high9377.txt_q0,4.0,1.0,1
high16343.txt_q0,4.0,0.9981552958488464,1
high22698.txt_q2,4.0,0.9719775915145874,1
middle2312.txt_q3,4.0,0.9999997615814209,1
high8738.txt_q0,4.0,0.8630903959274292,1
high18839.txt_q2,4.0,0.9998925924301147,1
high18244.txt_q0,4.0,0.9990491271018982,1
high17006.txt_q1,4.0,0.9989134073257446,1
high19071.txt_q1,4.0,0.999957799911499,1
middle6379.txt_q1,4.0,0.9999995231628418,1
high461.txt_q2,4.0,0.9999223947525024,1
high20559.txt_q1,4.0,0.9997456669807434,1
middle1440.txt_q4,4.0,0.9941224455833435,1
high9568.txt_q3,4.0,0.9999712705612183,1
high5732.txt_q0,4.0,0.9999959468841553,1
middle6613.txt_q1,4.0,0.9999567270278931,1
middle5552.txt_q0,4.0,0.9999978542327881,1
high2712.txt_q3,4.0,0.9974658489227295,1
high707.txt_q4,4.0,1.0,1
high20996.txt_q2,4.0,0.9983202815055847,1
middle3431.txt_q1,4.0,0.9665369391441345,1
high8484.txt_q1,4.0,0.9999994039535522,1
middle7372.txt_q2,4.0,0.9874336123466492,1
middle6616.txt_q0,4.0,0.9759087562561035,1
high5600.txt_q0,4.0,0.9999562501907349,1
high16083.txt_q2,4.0,0.999524712562561,1
middle5260.txt_q1,4.0,0.34115737676620483,0
high1086.txt_q0,4.0,0.8693670630455017,1
high5409.txt_q4,4.0,0.9886969327926636,1
high7437.txt_q0,4.0,0.04966771602630615,0
high14846.txt_q0,4.0,0.8959845900535583,1
high15198.txt_q2,4.0,0.9945452213287354,1
high6090.txt_q2,4.0,0.902672529220581,1
high20775.txt_q3,4.0,0.9999045133590698,1
middle4006.txt_q1,4.0,0.011303580366075039,0
high2125.txt_q2,4.0,0.7442816495895386,1
middle1254.txt_q2,4.0,0.9862391352653503,1
middle1991.txt_q3,4.0,0.9997690320014954,1
high20100.txt_q1,4.0,0.9992557168006897,1
high961.txt_q3,4.0,0.9702340960502625,1
high24251.txt_q2,4.0,0.9964427351951599,1
middle2460.txt_q0,4.0,0.9999995231628418,1
high21189.txt_q2,4.0,0.9898099899291992,1
middle2921.txt_q3,4.0,0.9999994039535522,1
high18002.txt_q0,4.0,0.999995231628418,1
high14437.txt_q2,4.0,0.994097113609314,1
high18557.txt_q1,4.0,1.0,1
high18978.txt_q0,4.0,0.9997182488441467,1
high8386.txt_q3,4.0,0.9998101592063904,1
high2361.txt_q0,4.0,0.9999574422836304,1
middle3434.txt_q1,4.0,0.9908246397972107,1
middle28.txt_q0,4.0,1.0,1
high2741.txt_q1,4.0,0.9999843835830688,1
middle2622.txt_q3,4.0,0.9999829530715942,1
high9557.txt_q2,4.0,0.9999949932098389,1
high3594.txt_q0,4.0,0.9995552897453308,1
middle7334.txt_q4,4.0,0.9999183416366577,1
middle1857.txt_q2,4.0,0.9984637498855591,1
high19772.txt_q0,4.0,0.9997870326042175,1
middle659.txt_q3,4.0,0.9917353987693787,1
high9331.txt_q1,4.0,0.9999997615814209,1
high11538.txt_q0,4.0,0.9999996423721313,1
high14895.txt_q1,4.0,0.9999974966049194,1
high22401.txt_q0,4.0,0.9365924596786499,1
high19410.txt_q2,4.0,0.9960358738899231,1
high19621.txt_q0,4.0,0.9826228618621826,1
middle4109.txt_q2,4.0,0.9956694841384888,1
high23484.txt_q1,4.0,0.9999352693557739,1
high5085.txt_q1,4.0,0.9999881982803345,1
middle1337.txt_q1,4.0,0.47038039565086365,1
middle7608.txt_q3,4.0,0.946198582649231,1
middle5463.txt_q2,4.0,0.9700737595558167,1
high24169.txt_q0,4.0,1.0,1
middle2538.txt_q2,4.0,0.9996919631958008,1
high20310.txt_q1,4.0,0.8981934785842896,1
high10923.txt_q1,4.0,0.9999990463256836,1
high14676.txt_q0,4.0,0.9999938011169434,1
high10639.txt_q2,4.0,0.9871532320976257,1
middle5726.txt_q3,4.0,0.9999905824661255,1
high13583.txt_q1,4.0,0.9062641859054565,1
middle1622.txt_q2,4.0,0.9998825788497925,1
high13649.txt_q0,4.0,0.9999992847442627,1
middle2314.txt_q1,4.0,1.0,1
high506.txt_q1,4.0,0.993744432926178,1
high11885.txt_q0,4.0,0.4372587203979492,0
middle6444.txt_q3,4.0,0.999997615814209,1
middle1639.txt_q2,4.0,0.997860848903656,1
high10493.txt_q1,4.0,0.9999984502792358,1
middle6850.txt_q1,4.0,0.999170184135437,1
high2961.txt_q4,4.0,0.5837053060531616,1
middle7221.txt_q1,4.0,0.9424465298652649,1
high3387.txt_q1,4.0,0.9970736503601074,1
middle1297.txt_q1,4.0,0.9999995231628418,1
high11115.txt_q0,4.0,0.9999310970306396,1
high18818.txt_q0,4.0,0.9950605034828186,1
high17521.txt_q1,4.0,0.9999743700027466,1
high20366.txt_q1,4.0,0.9999552965164185,1
high19828.txt_q0,4.0,1.0,1
middle2833.txt_q1,4.0,0.9999932050704956,1
high21785.txt_q1,4.0,0.9999147653579712,1
high19729.txt_q0,4.0,0.4575998783111572,0
middle5891.txt_q0,4.0,0.9940963983535767,1
high13635.txt_q1,4.0,0.9999899864196777,1
high11498.txt_q3,4.0,0.8939194679260254,1
high24163.txt_q3,4.0,0.9998016953468323,1
middle5264.txt_q2,4.0,0.9999246597290039,1
high2925.txt_q0,4.0,0.9999881982803345,1
high8564.txt_q4,4.0,0.999992847442627,1
high7585.txt_q0,4.0,0.995112955570221,1
high22894.txt_q2,4.0,0.8375450968742371,1
high6208.txt_q2,4.0,0.9999358654022217,1
middle6570.txt_q1,4.0,1.0,1
high10804.txt_q2,4.0,0.7009293437004089,1
high24206.txt_q0,4.0,0.8531911969184875,1
high7879.txt_q0,4.0,0.9059567451477051,1
high10375.txt_q0,4.0,0.9999924898147583,1
middle3420.txt_q0,4.0,0.9975056052207947,1
middle5243.txt_q1,4.0,0.9993756413459778,1
middle674.txt_q0,4.0,0.9999991655349731,1
high17249.txt_q1,4.0,0.9150924682617188,1
middle253.txt_q1,4.0,0.999998927116394,1
high9517.txt_q3,4.0,0.9999862909317017,1
high11366.txt_q4,4.0,0.9997919201850891,1
high5612.txt_q0,4.0,0.9967323541641235,1
high10672.txt_q2,4.0,0.9999998807907104,1
middle2628.txt_q0,4.0,0.9999610185623169,1
high6200.txt_q1,4.0,0.9999971389770508,1
high15770.txt_q0,4.0,0.9938463568687439,1
high1827.txt_q0,4.0,0.9991883635520935,1
middle520.txt_q3,4.0,0.9739233255386353,1
middle954.txt_q3,4.0,0.12984928488731384,0
high13721.txt_q0,4.0,0.9999940395355225,1
middle5381.txt_q0,4.0,0.9992318153381348,1
high23279.txt_q2,4.0,0.9999996423721313,1
high8533.txt_q1,4.0,0.9996170997619629,1
high3700.txt_q1,4.0,0.9612357020378113,1
high3417.txt_q3,4.0,0.9990828037261963,1
high6054.txt_q2,4.0,0.05983283743262291,0
high1946.txt_q0,4.0,0.9992362260818481,1
high2658.txt_q3,4.0,0.9921272993087769,1
middle5931.txt_q2,4.0,0.9999997615814209,1
high16763.txt_q2,4.0,0.9999674558639526,1
middle5187.txt_q1,4.0,0.9999996423721313,1
middle1587.txt_q4,4.0,0.9994799494743347,1
high13029.txt_q1,4.0,0.999976634979248,1
high22997.txt_q2,4.0,0.9998283386230469,1
high5301.txt_q1,4.0,0.9999959468841553,1
middle6929.txt_q0,4.0,0.9999868869781494,1
high11192.txt_q1,4.0,0.9983256459236145,1
high17866.txt_q0,4.0,0.9999939203262329,1
middle7514.txt_q0,4.0,1.0,1
high15751.txt_q3,4.0,0.9377682209014893,1
high16770.txt_q2,4.0,0.9773000478744507,1
high17752.txt_q2,4.0,0.9913357496261597,1
high9279.txt_q1,4.0,0.9999814033508301,1
high5168.txt_q1,4.0,0.9999451637268066,1
high8969.txt_q3,4.0,1.0,1
high23209.txt_q3,4.0,0.8743569850921631,1
high1963.txt_q2,4.0,0.4945375919342041,1
middle1790.txt_q1,4.0,0.9833385944366455,1
middle3511.txt_q3,4.0,0.9982409477233887,1
high10571.txt_q0,4.0,0.9959843158721924,1
high18413.txt_q0,4.0,0.9994045495986938,1
middle6888.txt_q0,4.0,0.37220844626426697,0
high17280.txt_q2,4.0,0.9958345890045166,1
high23117.txt_q2,4.0,1.0,1
high11698.txt_q1,4.0,0.9754898548126221,1
high487.txt_q0,4.0,0.999946117401123,1
high10133.txt_q2,4.0,0.9986165761947632,1
middle2915.txt_q0,4.0,0.9763762950897217,1
high1001.txt_q0,4.0,0.9998956918716431,1
middle1014.txt_q0,4.0,0.9999988079071045,1
middle4861.txt_q0,4.0,0.9999939203262329,1
high15144.txt_q3,4.0,0.9329795837402344,1
high17345.txt_q0,4.0,0.978291392326355,1
high10845.txt_q2,4.0,0.9525589942932129,1
high1731.txt_q0,4.0,0.9999946355819702,1
high8778.txt_q0,4.0,1.0,1
high4093.txt_q0,4.0,0.9820859432220459,1
middle4157.txt_q3,4.0,0.9546536803245544,1
middle369.txt_q0,4.0,0.9999457597732544,1
high8084.txt_q3,4.0,1.0,1
high1692.txt_q3,4.0,0.9999955892562866,1
high17582.txt_q2,4.0,0.38068509101867676,0
middle1391.txt_q1,4.0,1.0,1
middle2825.txt_q1,4.0,0.9931041598320007,1
high2384.txt_q3,4.0,0.9999943971633911,1
high17609.txt_q1,4.0,0.9997945427894592,1
high1624.txt_q0,4.0,0.9999914169311523,1
high838.txt_q2,4.0,0.9999477863311768,1
high165.txt_q3,4.0,0.9999672174453735,1
middle6459.txt_q1,4.0,0.9977521300315857,1
high15855.txt_q0,4.0,0.9993593096733093,1
high3286.txt_q3,4.0,0.9999758005142212,1
high15426.txt_q3,4.0,0.9842236638069153,1
high2805.txt_q1,4.0,0.9996991157531738,1
high1817.txt_q1,4.0,0.9999994039535522,1
middle6010.txt_q0,4.0,1.0,1
high42.txt_q1,4.0,0.3182268738746643,0
high23346.txt_q2,4.0,0.9999986886978149,1
high13626.txt_q2,4.0,0.9999905824661255,1
middle1495.txt_q0,4.0,0.9999871253967285,1
high10529.txt_q1,4.0,0.9999679327011108,1
high10109.txt_q1,4.0,0.9999958276748657,1
middle964.txt_q2,4.0,0.9950224161148071,1
high729.txt_q0,4.0,0.9913342595100403,1
middle4907.txt_q3,4.0,1.0,1
high10599.txt_q2,4.0,0.9990535378456116,1
high14072.txt_q2,4.0,0.9998785257339478,1
high20712.txt_q1,4.0,0.9961685538291931,1
middle1331.txt_q0,4.0,0.999998927116394,1
high18135.txt_q0,4.0,1.0,1
middle5549.txt_q1,4.0,0.999916672706604,1
middle1039.txt_q1,4.0,0.9999957084655762,1
middle1322.txt_q4,4.0,0.9994408488273621,1
high2994.txt_q1,4.0,0.9999924898147583,1
middle4962.txt_q2,4.0,0.999997615814209,1
high22741.txt_q0,4.0,0.9999995231628418,1
middle1946.txt_q0,4.0,0.994961142539978,1
middle479.txt_q1,4.0,0.9999994039535522,1
middle6768.txt_q4,4.0,0.9999949932098389,1
high9899.txt_q0,4.0,0.9999467134475708,1
high24227.txt_q1,4.0,0.9955381751060486,1
middle1866.txt_q3,4.0,0.9919902682304382,1
high19324.txt_q2,4.0,0.9999996423721313,1
middle4163.txt_q3,4.0,0.9999964237213135,1
high2112.txt_q1,4.0,0.9710567593574524,1
middle1454.txt_q3,4.0,0.9999998807907104,1
high14660.txt_q1,4.0,0.9999998807907104,1
high5231.txt_q0,4.0,0.9884994626045227,1
high19452.txt_q1,4.0,0.999996542930603,1
high14929.txt_q1,4.0,0.9997138381004333,1
high2951.txt_q1,4.0,0.999942421913147,1
high4782.txt_q1,4.0,0.9996600151062012,1
high4395.txt_q1,4.0,0.9999990463256836,1
high22224.txt_q1,4.0,0.9996160268783569,1
high17409.txt_q2,4.0,0.9998430013656616,1
high23551.txt_q1,4.0,0.8880634307861328,1
high13022.txt_q3,4.0,1.0,1
middle1694.txt_q0,4.0,0.9998923540115356,1
high21908.txt_q2,4.0,0.7970636487007141,1
high11570.txt_q0,4.0,0.9999960660934448,1
high4429.txt_q0,4.0,0.9999998807907104,1
high20291.txt_q1,4.0,0.9999998807907104,1
high11744.txt_q0,4.0,0.9999101161956787,1
high87.txt_q1,4.0,1.0,1
high4078.txt_q2,4.0,0.9948239326477051,1
high21069.txt_q0,4.0,0.9985654950141907,1
high10825.txt_q2,4.0,0.9696313142776489,1
high9535.txt_q2,4.0,0.9999985694885254,1
high14407.txt_q1,4.0,0.9989388585090637,1
high13400.txt_q2,4.0,0.9996612071990967,1
middle872.txt_q3,4.0,0.9997790455818176,1
middle1222.txt_q1,4.0,0.9870185852050781,1
high5792.txt_q4,4.0,0.9999853372573853,1
high12975.txt_q2,4.0,0.999992847442627,1
middle5638.txt_q1,4.0,0.9995468258857727,1
high17624.txt_q0,4.0,0.9998301267623901,1
high9373.txt_q1,4.0,0.9808833003044128,1
high18610.txt_q1,4.0,0.06173495575785637,0
high2710.txt_q0,4.0,0.999923586845398,1
middle6905.txt_q2,4.0,0.9999855756759644,1
middle5504.txt_q1,4.0,0.8234148025512695,1
middle6143.txt_q1,4.0,0.9999728202819824,1
high12061.txt_q1,4.0,0.9999995231628418,1
middle6228.txt_q1,4.0,0.9996516704559326,1
high12408.txt_q1,4.0,0.9998613595962524,1
middle7408.txt_q3,4.0,0.9993007183074951,1
high11850.txt_q0,4.0,0.997998058795929,1
high11048.txt_q2,4.0,0.9995506405830383,1
high6646.txt_q1,4.0,0.9936216473579407,1
middle380.txt_q2,4.0,0.9968580007553101,1
high19530.txt_q1,4.0,0.9994602799415588,1
high7970.txt_q1,4.0,0.9999687671661377,1
high5054.txt_q2,4.0,0.9999730587005615,1
high4908.txt_q0,4.0,1.0,1
high18988.txt_q0,4.0,0.7523230910301208,1
high20339.txt_q3,4.0,0.9998016953468323,1
high4210.txt_q3,4.0,0.9985490441322327,1
high10956.txt_q1,4.0,0.9999988079071045,1
middle5359.txt_q1,4.0,0.996960461139679,1
high11160.txt_q0,4.0,0.9999996423721313,1
high1224.txt_q2,4.0,0.99720299243927,1
middle2.txt_q1,4.0,0.9999938011169434,1
high19683.txt_q0,4.0,0.9999754428863525,1
high11627.txt_q1,4.0,0.9999979734420776,1
high7090.txt_q0,4.0,0.9999523162841797,1
high1815.txt_q4,4.0,0.9014691710472107,1
high10348.txt_q3,4.0,0.9954745173454285,1
high13123.txt_q0,4.0,0.999031662940979,1
high8049.txt_q2,4.0,0.11560355871915817,0
middle1524.txt_q4,4.0,0.9990561604499817,1
high2329.txt_q2,4.0,0.9989778995513916,1
middle1738.txt_q1,4.0,0.9989976286888123,1
high9282.txt_q3,4.0,0.9995375871658325,1
high7206.txt_q0,4.0,0.9996656179428101,1
high8336.txt_q3,4.0,1.0,1
high12852.txt_q1,4.0,0.9891549944877625,1
middle408.txt_q0,4.0,0.9999949932098389,1
high18127.txt_q3,4.0,0.9999849796295166,1
middle2443.txt_q3,4.0,0.9996834993362427,1
high13671.txt_q2,4.0,0.953217089176178,1
high16240.txt_q1,4.0,0.8447241187095642,1
middle7746.txt_q1,4.0,1.0,1
high16743.txt_q1,4.0,0.9895610809326172,1
middle1410.txt_q1,4.0,0.1859842985868454,0
high23489.txt_q1,4.0,0.9999861717224121,1
high3318.txt_q2,4.0,0.9872870445251465,1
high7340.txt_q2,4.0,0.9999727010726929,1
middle3888.txt_q0,4.0,0.9927465319633484,1
high10370.txt_q1,4.0,0.9998642206192017,1
high2151.txt_q2,4.0,0.9999839067459106,1
high8994.txt_q2,4.0,0.9892809987068176,1
high17457.txt_q1,4.0,0.9998031258583069,1
high6987.txt_q0,4.0,0.9999983310699463,1
high12456.txt_q1,4.0,0.999904990196228,1
high22443.txt_q0,4.0,0.9999642372131348,1
middle4858.txt_q1,4.0,0.9999990463256836,1
high15753.txt_q4,4.0,0.9999939203262329,1
high20429.txt_q2,4.0,0.979983389377594,1
high22772.txt_q2,4.0,0.9988808035850525,1
high1673.txt_q3,4.0,0.9999996423721313,1
high612.txt_q1,4.0,1.0,1
high14228.txt_q0,4.0,0.8234066963195801,1
middle1744.txt_q1,4.0,1.0,1
high3642.txt_q3,4.0,0.9999821186065674,1
middle3983.txt_q2,4.0,0.9999966621398926,1
high18583.txt_q0,4.0,0.9977510571479797,1
high9053.txt_q2,4.0,0.9998975992202759,1
middle3035.txt_q3,4.0,0.9994786381721497,1
middle7544.txt_q1,4.0,0.9913275837898254,1
high19531.txt_q4,4.0,0.9999957084655762,1
middle4467.txt_q0,4.0,0.9991324543952942,1
middle4412.txt_q3,4.0,0.9999967813491821,1
high22200.txt_q1,4.0,1.0,1
middle5112.txt_q0,4.0,0.9948203563690186,1
high14564.txt_q2,4.0,0.9999672174453735,1
middle2337.txt_q1,4.0,1.0,1
middle4222.txt_q4,4.0,0.9999985694885254,1
high8973.txt_q0,4.0,0.9998810291290283,1
high19864.txt_q0,4.0,0.9998002648353577,1
high9362.txt_q0,4.0,0.999995231628418,1
high2074.txt_q1,4.0,0.9999653100967407,1
middle1266.txt_q3,4.0,0.9670016765594482,1
high781.txt_q1,4.0,0.9999964237213135,1
high1700.txt_q3,4.0,0.9998425245285034,1
middle5662.txt_q1,4.0,0.3993713855743408,0
high7365.txt_q1,4.0,0.995907187461853,1
high3125.txt_q0,4.0,0.9999912977218628,1
high286.txt_q2,4.0,0.9980142116546631,1
middle519.txt_q0,4.0,0.9999775886535645,1
middle4770.txt_q1,4.0,0.7736634612083435,1
high11834.txt_q0,4.0,0.9985414743423462,1
high5741.txt_q2,4.0,0.9999998807907104,1
high23132.txt_q3,4.0,0.9999998807907104,1
high4269.txt_q0,4.0,0.9999370574951172,1
high5549.txt_q2,4.0,0.9513020515441895,1
high11303.txt_q1,4.0,0.9315268397331238,1
high24055.txt_q3,4.0,0.9995508790016174,1
high10000.txt_q0,4.0,0.9997749924659729,1
high19409.txt_q3,4.0,0.9999512434005737,1
high19940.txt_q3,4.0,0.9965811371803284,1
high1240.txt_q1,4.0,0.9982604384422302,1
high5909.txt_q1,4.0,0.6508324146270752,1
middle7384.txt_q1,4.0,0.9999996423721313,1
middle1203.txt_q1,4.0,0.999962568283081,1
high21031.txt_q1,4.0,1.0,1
high17675.txt_q1,4.0,0.996600329875946,1
high14664.txt_q0,4.0,1.0,1
middle2642.txt_q3,4.0,1.0,1
high16303.txt_q0,4.0,0.9995211362838745,1
high13564.txt_q1,4.0,0.9976086616516113,1
high5705.txt_q4,4.0,0.999862551689148,1
high11958.txt_q2,4.0,0.9998892545700073,1
high22549.txt_q3,4.0,0.9999971389770508,1
middle5836.txt_q1,4.0,0.9999997615814209,1
middle1389.txt_q1,4.0,0.3416919410228729,1
middle8137.txt_q2,4.0,0.27947917580604553,0
high2170.txt_q3,4.0,1.0,1
middle4424.txt_q2,4.0,0.9999998807907104,1
middle4927.txt_q1,4.0,1.0,1
high20174.txt_q3,4.0,0.9956235289573669,1
middle6376.txt_q0,4.0,0.9999758005142212,1
high21648.txt_q2,4.0,0.9912028312683105,1
high22630.txt_q2,4.0,0.9999947547912598,1
high3877.txt_q4,4.0,0.9393841028213501,1
high6363.txt_q0,4.0,0.9955839514732361,1
middle6364.txt_q0,4.0,0.5827595591545105,1
middle5633.txt_q0,4.0,0.9999990463256836,1
high20970.txt_q0,4.0,0.9999570846557617,1
high20357.txt_q3,4.0,0.9985176920890808,1
high19477.txt_q3,4.0,0.9999935626983643,1
high15483.txt_q2,4.0,0.593217670917511,1
middle14.txt_q3,4.0,0.9997913241386414,1
high13466.txt_q0,4.0,0.9999961853027344,1
high4167.txt_q1,4.0,0.99998939037323,1
middle3885.txt_q0,4.0,0.999963641166687,1
high15528.txt_q1,4.0,0.9999960660934448,1
high13915.txt_q1,4.0,0.9552463889122009,1
high1501.txt_q0,4.0,0.9999935626983643,1
high16363.txt_q1,4.0,0.9991839528083801,1
high19513.txt_q0,4.0,0.9999878406524658,1
high1115.txt_q1,4.0,0.9905683398246765,1
high20490.txt_q0,4.0,0.9999626874923706,1
middle4985.txt_q0,4.0,0.9997327923774719,1
high18528.txt_q0,4.0,0.9799772500991821,1
high20895.txt_q2,4.0,0.9999860525131226,1
high21674.txt_q2,4.0,0.5223777890205383,1
high8227.txt_q0,4.0,0.5945938229560852,1
middle444.txt_q2,4.0,1.0,1
middle7243.txt_q2,4.0,0.9943053126335144,1
high22505.txt_q0,4.0,0.9204522371292114,1
high12862.txt_q0,4.0,0.9998124241828918,1
high2581.txt_q2,4.0,0.9080914258956909,1
high16807.txt_q2,4.0,0.9977612495422363,1
middle5203.txt_q2,4.0,0.7646363377571106,1
middle1943.txt_q2,4.0,0.8686473369598389,1
high3373.txt_q1,4.0,0.9999995231628418,1
high6532.txt_q3,4.0,0.9999305009841919,1
high8224.txt_q1,4.0,0.9998798370361328,1
high9665.txt_q1,4.0,0.9998540878295898,1
high21700.txt_q3,4.0,0.9999994039535522,1
high3771.txt_q3,4.0,0.9622565507888794,1
high19715.txt_q2,4.0,0.9999755620956421,1
high9384.txt_q0,4.0,1.0,1
high6288.txt_q3,4.0,0.9998875856399536,1
high6041.txt_q1,4.0,1.0,1
high20610.txt_q4,4.0,0.9997820258140564,1
high17385.txt_q1,4.0,0.9999641180038452,1
high21501.txt_q3,4.0,0.9997429251670837,1
high20005.txt_q0,4.0,0.9997686743736267,1
high22258.txt_q1,4.0,0.9997256398200989,1
high22544.txt_q0,4.0,0.9998761415481567,1
high3129.txt_q1,4.0,0.9887703657150269,1
high18187.txt_q1,4.0,0.9999668598175049,1
middle1695.txt_q2,4.0,0.9999996423721313,1
high8810.txt_q2,4.0,0.9996045231819153,1
high16416.txt_q0,4.0,0.9996383190155029,1
middle1109.txt_q3,4.0,0.999777615070343,1
high16417.txt_q1,4.0,1.0,1
high14425.txt_q1,4.0,0.9981251358985901,1
high11655.txt_q0,4.0,0.999613344669342,1
middle7102.txt_q3,4.0,0.8554221987724304,1
high18058.txt_q0,4.0,0.9997379183769226,1
high21074.txt_q1,4.0,0.999705970287323,1
high17575.txt_q3,4.0,0.9999959468841553,1
high4622.txt_q0,4.0,0.9997566342353821,1
middle5877.txt_q2,4.0,0.9997602105140686,1
high1086.txt_q1,4.0,0.9410046935081482,1
high7004.txt_q3,4.0,0.9999995231628418,1
high24213.txt_q3,4.0,0.9988351464271545,1
middle3081.txt_q3,4.0,0.9999409914016724,1
middle2325.txt_q2,4.0,0.7183407545089722,1
high19736.txt_q2,4.0,0.9990930557250977,1
high17878.txt_q1,4.0,0.9998719692230225,1
high16675.txt_q0,4.0,0.9945845007896423,1
middle3847.txt_q0,4.0,1.0,1
high1822.txt_q0,4.0,0.9765071868896484,1
middle7592.txt_q4,4.0,0.9426143765449524,1
high6948.txt_q3,4.0,0.9988454580307007,1
middle7762.txt_q2,4.0,0.9999645948410034,1
middle7189.txt_q1,4.0,0.9987267851829529,1
high11583.txt_q2,4.0,0.9998658895492554,1
high13212.txt_q2,4.0,0.999982476234436,1
high15800.txt_q0,4.0,0.9999992847442627,1
middle6159.txt_q1,4.0,0.9999905824661255,1
high19575.txt_q0,4.0,0.9997238516807556,1
high7370.txt_q2,4.0,0.929340124130249,1
high5035.txt_q0,4.0,0.9999998807907104,1
high11012.txt_q0,4.0,0.9999544620513916,1
middle7255.txt_q1,4.0,0.9999897480010986,1
high6984.txt_q1,4.0,0.9997993111610413,1
high23281.txt_q1,4.0,0.9042219519615173,1
high7535.txt_q4,4.0,0.9999783039093018,1
high16946.txt_q1,4.0,0.9999349117279053,1
high13529.txt_q1,4.0,0.9999876022338867,1
high9763.txt_q3,4.0,0.9542571902275085,1
high20279.txt_q2,4.0,0.9997914433479309,1
high20544.txt_q0,4.0,0.9998589754104614,1
middle2043.txt_q1,4.0,0.9999139308929443,1
high9313.txt_q4,4.0,0.9897476434707642,1
high17909.txt_q0,4.0,0.22923330962657928,0
high14083.txt_q2,4.0,0.9999728202819824,1
high11249.txt_q1,4.0,0.9999990463256836,1
middle7405.txt_q3,4.0,0.9999604225158691,1
high2700.txt_q2,4.0,0.9980719089508057,1
high21344.txt_q0,4.0,0.9998086094856262,1
high23840.txt_q2,4.0,0.9999994039535522,1
high16923.txt_q2,4.0,0.9997299313545227,1
high1659.txt_q0,4.0,0.6753882169723511,1
middle8184.txt_q1,4.0,0.9922662377357483,1
high7849.txt_q1,4.0,0.9979838132858276,1
middle3288.txt_q3,4.0,0.9984691739082336,1
high19795.txt_q3,4.0,0.9992488026618958,1
high12276.txt_q1,4.0,0.7855803370475769,1
high17028.txt_q1,4.0,0.9999760389328003,1
middle3363.txt_q1,4.0,0.9999958276748657,1
high23366.txt_q2,4.0,0.994049072265625,1
high13833.txt_q2,4.0,0.9859628081321716,1
high5854.txt_q3,4.0,0.9997451901435852,1
high7084.txt_q2,4.0,0.994273841381073,1
middle5156.txt_q1,4.0,1.0,1
high7196.txt_q3,4.0,0.9999979734420776,1
middle8207.txt_q0,4.0,0.9996622800827026,1
high583.txt_q1,4.0,0.22194445133209229,0
high3618.txt_q4,4.0,0.977179229259491,1
high9033.txt_q3,4.0,0.9999097585678101,1
middle67.txt_q0,4.0,0.5708803534507751,1
middle6674.txt_q3,4.0,0.9999996423721313,1
high11065.txt_q3,4.0,0.9995540976524353,1
high10293.txt_q1,4.0,0.31995004415512085,0
high7191.txt_q3,4.0,0.9991958737373352,1
middle238.txt_q4,4.0,0.8743428587913513,1
high16180.txt_q2,4.0,0.9971672892570496,1
high6122.txt_q3,4.0,0.9993841648101807,1
high7244.txt_q3,4.0,0.9914849400520325,1
high226.txt_q0,4.0,0.09885139763355255,0
high2504.txt_q1,4.0,0.999887228012085,1
high8336.txt_q0,4.0,0.9554752111434937,1
high408.txt_q2,4.0,0.9999473094940186,1
high12987.txt_q0,4.0,0.6299721002578735,1
high6879.txt_q1,4.0,0.9995256662368774,1
high3639.txt_q1,4.0,0.9999743700027466,1
middle7383.txt_q3,4.0,0.1993063986301422,0
high12097.txt_q1,4.0,1.0,1
high19723.txt_q1,4.0,0.999997615814209,1
high14881.txt_q0,4.0,0.8665533065795898,1
middle3309.txt_q1,4.0,0.45171818137168884,0
middle4004.txt_q0,4.0,0.9492807388305664,1
middle1347.txt_q1,4.0,0.9999998807907104,1
high2997.txt_q2,4.0,1.0,1
high24159.txt_q0,4.0,0.6350024938583374,1
middle1204.txt_q3,4.0,0.9997695088386536,1
high16536.txt_q0,4.0,0.999779999256134,1
high1364.txt_q1,4.0,0.9999005794525146,1
high13819.txt_q0,4.0,0.9984991550445557,1
middle3050.txt_q2,4.0,0.9999997615814209,1
middle5842.txt_q4,4.0,0.9937182664871216,1
middle4427.txt_q1,4.0,0.9999954700469971,1
high4560.txt_q1,4.0,0.9999996423721313,1
high19075.txt_q0,4.0,0.9999998807907104,1
high23308.txt_q0,4.0,0.9999897480010986,1
middle6055.txt_q0,4.0,1.0,1
high7331.txt_q1,4.0,0.9867441654205322,1
high20128.txt_q0,4.0,0.3882185220718384,0
high14593.txt_q1,4.0,0.9999516010284424,1
high9558.txt_q0,4.0,1.0,1
high19274.txt_q0,4.0,0.9993639588356018,1
high6216.txt_q0,4.0,0.9959081411361694,1
high21706.txt_q1,4.0,0.9575523734092712,1
high3861.txt_q5,4.0,0.9932894110679626,1
high13482.txt_q0,4.0,0.12395571172237396,0
high5665.txt_q1,4.0,1.0,1
middle7647.txt_q3,4.0,1.0,1
high4818.txt_q1,4.0,0.9988625049591064,1
middle5692.txt_q0,4.0,0.9999991655349731,1
high16621.txt_q0,4.0,0.9987077713012695,1
middle7467.txt_q0,4.0,0.9999953508377075,1
middle2127.txt_q1,4.0,1.0,1
high22043.txt_q1,4.0,0.9999945163726807,1
middle664.txt_q2,4.0,0.9999160766601562,1
high24208.txt_q2,4.0,0.991391658782959,1
high18243.txt_q1,4.0,0.9999691247940063,1
high8192.txt_q1,4.0,0.9999974966049194,1
high1696.txt_q4,4.0,0.9975837469100952,1
high21262.txt_q2,4.0,0.9997288584709167,1
high18931.txt_q1,4.0,0.9999988079071045,1
high12825.txt_q2,4.0,0.9834218621253967,1
middle6331.txt_q1,4.0,0.9886205792427063,1
high2400.txt_q0,4.0,0.9999734163284302,1
middle3981.txt_q3,4.0,0.9997504353523254,1
high20836.txt_q1,4.0,0.8339124321937561,1
high16060.txt_q0,4.0,0.9988756775856018,1
high12480.txt_q0,4.0,0.9596229195594788,1
middle3033.txt_q3,4.0,0.9999948740005493,1
high22911.txt_q0,4.0,0.9996806383132935,1
high9144.txt_q4,4.0,0.9999922513961792,1
high17347.txt_q2,4.0,0.9696624279022217,1
high22829.txt_q0,4.0,0.9999910593032837,1
high14711.txt_q2,4.0,0.9964191913604736,1
high18733.txt_q1,4.0,0.9967689514160156,1
high13214.txt_q1,4.0,0.9999583959579468,1
middle7123.txt_q1,4.0,0.9946010112762451,1
middle4803.txt_q0,4.0,0.9999196529388428,1
high19978.txt_q1,4.0,0.9951106905937195,1
high10342.txt_q2,4.0,0.9999996423721313,1
high23513.txt_q1,4.0,0.9985712766647339,1
high17399.txt_q3,4.0,0.9999043941497803,1
high6568.txt_q2,4.0,0.9720095992088318,1
high12169.txt_q0,4.0,0.9963975548744202,1
middle2238.txt_q3,4.0,0.9996745586395264,1
high9663.txt_q2,4.0,0.9999879598617554,1
middle6518.txt_q0,4.0,0.7247561812400818,1
high15758.txt_q2,4.0,0.9996927976608276,1
high8360.txt_q0,4.0,0.9999139308929443,1
high9321.txt_q3,4.0,0.9999779462814331,1
high2925.txt_q1,4.0,0.9999898672103882,1
middle4075.txt_q0,4.0,0.9999954700469971,1
high18237.txt_q0,4.0,0.9999029636383057,1
high6853.txt_q3,4.0,0.9086374044418335,1
high2426.txt_q1,4.0,0.9999997615814209,1
middle5953.txt_q0,4.0,0.26851218938827515,0
middle3063.txt_q0,4.0,1.0,1
high18212.txt_q2,4.0,0.9999998807907104,1
high7675.txt_q1,4.0,0.9994031190872192,1
high3359.txt_q0,4.0,0.9999992847442627,1
high21609.txt_q1,4.0,0.9955930113792419,1
high23276.txt_q1,4.0,0.9999746084213257,1
high18906.txt_q1,4.0,0.999940037727356,1
middle7814.txt_q3,4.0,0.9997298121452332,1
middle7521.txt_q3,4.0,0.9980596899986267,1
high636.txt_q3,4.0,0.9999819993972778,1
middle543.txt_q3,4.0,0.999233603477478,1
high3212.txt_q0,4.0,0.9961432814598083,1
high12414.txt_q4,4.0,0.9999526739120483,1
high15486.txt_q0,4.0,0.9998621940612793,1
high10595.txt_q2,4.0,0.9308803677558899,1
middle6319.txt_q0,4.0,1.0,1
high24166.txt_q0,4.0,0.9464520215988159,1
high9124.txt_q1,4.0,0.9985594153404236,1
high19109.txt_q1,4.0,0.9999998807907104,1
high22599.txt_q0,4.0,0.9999604225158691,1
middle5349.txt_q2,4.0,0.0839729756116867,0
high9050.txt_q2,4.0,0.9994022846221924,1
middle6617.txt_q2,4.0,0.999889612197876,1
high18032.txt_q3,4.0,0.35461416840553284,1
middle3081.txt_q2,4.0,0.9997305274009705,1
high21149.txt_q0,4.0,0.9976639747619629,1
middle604.txt_q3,4.0,0.9993427395820618,1
high3172.txt_q1,4.0,0.9901408553123474,1
high24137.txt_q0,4.0,0.9999988079071045,1
high13234.txt_q0,4.0,0.9991056323051453,1
high9496.txt_q2,4.0,0.9998145699501038,1
high4393.txt_q0,4.0,0.9980249404907227,1
high15103.txt_q2,4.0,0.8772287964820862,1
high1211.txt_q2,4.0,0.913909375667572,1
middle6101.txt_q0,4.0,0.9999896287918091,1
high10298.txt_q2,4.0,0.9954093098640442,1
high17520.txt_q1,4.0,0.9999750852584839,1
middle2665.txt_q2,4.0,0.8641958236694336,1
high14658.txt_q1,4.0,0.9999982118606567,1
high11881.txt_q0,4.0,0.9995065927505493,1
high18256.txt_q2,4.0,0.9992796778678894,1
high1420.txt_q3,4.0,0.9999914169311523,1
high10936.txt_q1,4.0,0.9998052716255188,1
middle1530.txt_q2,4.0,0.9923997521400452,1
middle7561.txt_q1,4.0,1.0,1
middle6920.txt_q2,4.0,0.9983121156692505,1
middle1931.txt_q3,4.0,0.9999908208847046,1
middle6469.txt_q1,4.0,0.9999910593032837,1
high2076.txt_q1,4.0,0.9997665286064148,1
middle3141.txt_q0,4.0,0.9994494318962097,1
middle3572.txt_q0,4.0,0.9998544454574585,1
high6930.txt_q3,4.0,0.9993762373924255,1
middle2185.txt_q0,4.0,0.9999984502792358,1
high6361.txt_q3,4.0,0.99994957447052,1
high23659.txt_q3,4.0,0.9999020099639893,1
high17393.txt_q1,4.0,0.999900221824646,1
high5314.txt_q2,4.0,0.9996515512466431,1
middle6623.txt_q1,4.0,0.9999972581863403,1
high12177.txt_q3,4.0,0.9977937936782837,1
high8779.txt_q2,4.0,0.8586898446083069,1
high10437.txt_q1,4.0,0.9999992847442627,1
high24182.txt_q0,4.0,0.9998205304145813,1
middle7989.txt_q2,4.0,0.9905751943588257,1
high19268.txt_q0,4.0,0.8804884552955627,1
high20157.txt_q0,4.0,0.9999992847442627,1
high8111.txt_q0,4.0,0.9999938011169434,1
middle2485.txt_q0,4.0,1.0,1
middle7056.txt_q2,4.0,0.999919056892395,1
high23293.txt_q2,4.0,0.999970555305481,1
high15724.txt_q1,4.0,0.9991650581359863,1
high403.txt_q2,4.0,0.9999990463256836,1
middle797.txt_q0,4.0,0.9999710321426392,1
high611.txt_q3,4.0,0.9999979734420776,1
high302.txt_q1,4.0,0.8285868167877197,1
high22480.txt_q4,4.0,0.9999830722808838,1
high6760.txt_q1,4.0,0.998473584651947,1
high6417.txt_q3,4.0,0.9999998807907104,1
middle1445.txt_q3,4.0,0.9085699319839478,1
middle8173.txt_q1,4.0,0.9900906085968018,1
high14208.txt_q3,4.0,1.0,1
high6149.txt_q1,4.0,0.9996125102043152,1
middle5989.txt_q0,4.0,0.9999958276748657,1
high4703.txt_q1,4.0,0.9997701048851013,1
high5937.txt_q4,4.0,0.9995632767677307,1
high13327.txt_q2,4.0,0.9999194145202637,1
middle1392.txt_q2,4.0,0.9991245865821838,1
high14256.txt_q0,4.0,1.0,1
high10124.txt_q3,4.0,0.9949885010719299,1
high3905.txt_q1,4.0,0.9931010007858276,1
high21609.txt_q3,4.0,0.9999775886535645,1
high7193.txt_q0,4.0,0.9983219504356384,1
high17108.txt_q3,4.0,5.140362191013992e-05,0
high9012.txt_q2,4.0,0.9998878240585327,1
high19506.txt_q1,4.0,0.9999039173126221,1
high20913.txt_q0,4.0,0.9999862909317017,1
high5879.txt_q0,4.0,0.9999918937683105,1
high18734.txt_q0,4.0,0.9994460940361023,1
high1440.txt_q1,4.0,0.9999600648880005,1
middle8118.txt_q0,4.0,0.9760052561759949,1
high9257.txt_q0,4.0,0.9953407049179077,1
high5159.txt_q2,4.0,0.9999984502792358,1
high4670.txt_q2,4.0,0.9999997615814209,1
high11859.txt_q1,4.0,0.32063764333724976,0
high22325.txt_q1,4.0,0.999609649181366,1
middle1279.txt_q2,4.0,0.9988887906074524,1
high8539.txt_q2,4.0,0.9522984027862549,1
high2877.txt_q0,4.0,0.8748413920402527,1
high4229.txt_q3,4.0,1.0,1
middle6328.txt_q0,4.0,0.9993870258331299,1
middle1476.txt_q0,4.0,0.9991912245750427,1
high12154.txt_q3,4.0,0.9972209930419922,1
high1821.txt_q2,4.0,0.999940037727356,1
middle2041.txt_q3,4.0,0.7666288018226624,1
high1402.txt_q0,4.0,0.9999809265136719,1
high10309.txt_q3,4.0,0.9973491430282593,1
high5367.txt_q0,4.0,0.9999779462814331,1
middle6628.txt_q2,4.0,1.0,1
high1696.txt_q1,4.0,0.9809272289276123,1
high8823.txt_q0,4.0,0.10903216898441315,0
high8914.txt_q4,4.0,0.9999998807907104,1
high14243.txt_q2,4.0,0.9999333620071411,1
high1636.txt_q3,4.0,0.9996211528778076,1
high7753.txt_q1,4.0,0.2889869213104248,0
high12095.txt_q1,4.0,0.9999957084655762,1
middle2220.txt_q3,4.0,0.999997615814209,1
middle2734.txt_q2,4.0,0.9923836588859558,1
middle7584.txt_q4,4.0,0.9999676942825317,1
high14467.txt_q0,4.0,0.9999980926513672,1
middle2031.txt_q3,4.0,0.9999933242797852,1
high19157.txt_q2,4.0,0.9999302625656128,1
high6481.txt_q1,4.0,0.9999511241912842,1
high19347.txt_q0,4.0,0.9999998807907104,1
middle1649.txt_q3,4.0,0.9996147155761719,1
high21628.txt_q0,4.0,0.9999943971633911,1
high2354.txt_q1,4.0,0.9996482133865356,1
high17912.txt_q0,4.0,0.9998072981834412,1
high1498.txt_q0,4.0,0.9999986886978149,1
high19981.txt_q2,4.0,0.9864611029624939,1
middle2226.txt_q2,4.0,0.32237541675567627,1
high12647.txt_q0,4.0,1.0,1
high5046.txt_q1,4.0,0.9999970197677612,1
high21997.txt_q2,4.0,0.9998879432678223,1
high9255.txt_q1,4.0,0.9999799728393555,1
high11863.txt_q0,4.0,0.9999079704284668,1
high11333.txt_q0,4.0,0.9999821186065674,1
high21808.txt_q0,4.0,0.9750697612762451,1
high11691.txt_q1,4.0,0.9969580173492432,1
middle1356.txt_q1,4.0,0.9997530579566956,1
high9852.txt_q1,4.0,0.9997697472572327,1
middle6771.txt_q1,4.0,0.9999998807907104,1
high1845.txt_q1,4.0,0.9999951124191284,1
high8090.txt_q1,4.0,0.9693475961685181,1
high11929.txt_q2,4.0,0.9999985694885254,1
high13575.txt_q0,4.0,0.5425558686256409,1
middle5476.txt_q1,4.0,0.9999998807907104,1
middle1338.txt_q4,4.0,0.9999966621398926,1
middle4429.txt_q2,4.0,0.9989927411079407,1
middle7921.txt_q4,4.0,0.9987346529960632,1
high23588.txt_q1,4.0,0.9980787038803101,1
high13646.txt_q1,4.0,0.9999774694442749,1
high4672.txt_q0,4.0,1.0,1
high22902.txt_q2,4.0,0.9999986886978149,1
middle961.txt_q1,4.0,0.9999940395355225,1
middle5509.txt_q3,4.0,0.9999998807907104,1
high22729.txt_q1,4.0,0.18481400609016418,0
middle7725.txt_q3,4.0,0.9997637867927551,1
middle5752.txt_q1,4.0,1.0,1
middle7560.txt_q0,4.0,0.9999998807907104,1
high4031.txt_q3,4.0,0.9996278285980225,1
high19029.txt_q1,4.0,1.0,1
high7241.txt_q4,4.0,0.9999759197235107,1
high42.txt_q0,4.0,0.9999724626541138,1
high3581.txt_q1,4.0,0.9068107604980469,1
high12273.txt_q0,4.0,0.9999996423721313,1
middle734.txt_q1,4.0,1.0,1
high21415.txt_q0,4.0,0.9847776889801025,1
high20650.txt_q4,4.0,0.9994773268699646,1
middle2.txt_q2,4.0,1.0,1
high15414.txt_q3,4.0,0.9038903713226318,1
high24261.txt_q2,4.0,1.0,1
high21925.txt_q1,4.0,0.9999876022338867,1
high11442.txt_q0,4.0,0.9999998807907104,1
middle7419.txt_q1,4.0,0.9999998807907104,1
high11578.txt_q0,4.0,0.9994837045669556,1
high6854.txt_q1,4.0,0.9757136106491089,1
middle4844.txt_q1,4.0,0.999994158744812,1
high21104.txt_q0,4.0,0.9999865293502808,1
high20395.txt_q0,4.0,0.9999982118606567,1
high21152.txt_q1,4.0,0.9972760081291199,1
high5903.txt_q0,4.0,0.9702733755111694,1
high14822.txt_q0,4.0,1.0,1
high13544.txt_q2,4.0,0.4953513741493225,1
high5510.txt_q0,4.0,0.9998464584350586,1
middle657.txt_q1,4.0,0.8843308687210083,1
high20625.txt_q3,4.0,0.9948068261146545,1
high647.txt_q1,4.0,0.9999854564666748,1
middle1592.txt_q2,4.0,0.9999486207962036,1
high2153.txt_q0,4.0,0.9407970309257507,1
high4130.txt_q1,4.0,0.999922513961792,1
high18523.txt_q3,4.0,0.9999873638153076,1
middle3388.txt_q0,4.0,0.9950312376022339,1
middle3456.txt_q1,4.0,0.8641566634178162,1
high17138.txt_q1,4.0,0.9994792342185974,1
middle5669.txt_q1,4.0,0.9972096085548401,1
high13891.txt_q2,4.0,0.9999672174453735,1
high16363.txt_q0,4.0,0.9916242957115173,1
high6700.txt_q0,4.0,0.9999700784683228,1
high6266.txt_q0,4.0,0.9999587535858154,1
middle6839.txt_q0,4.0,0.9998751878738403,1
high22268.txt_q1,4.0,0.9998883008956909,1
high19101.txt_q0,4.0,0.999988317489624,1
high21882.txt_q1,4.0,0.9999308586120605,1
high8390.txt_q1,4.0,0.9998072981834412,1
high14304.txt_q2,4.0,0.999642014503479,1
high2702.txt_q0,4.0,0.9999996423721313,1
high147.txt_q0,4.0,0.9999860525131226,1
high7536.txt_q2,4.0,0.999983549118042,1
middle2321.txt_q3,4.0,0.9994544386863708,1
high10786.txt_q3,4.0,0.9999980926513672,1
high12816.txt_q1,4.0,0.9974068999290466,1
middle8156.txt_q0,4.0,0.9960505366325378,1
high22831.txt_q0,4.0,0.8467269539833069,1
high21743.txt_q2,4.0,0.9999680519104004,1
high18647.txt_q1,4.0,0.9999877214431763,1
high9093.txt_q0,4.0,0.9999970197677612,1
middle6701.txt_q1,4.0,0.9999686479568481,1
high10538.txt_q0,4.0,0.9997724890708923,1
middle279.txt_q2,4.0,0.9941577911376953,1
high1878.txt_q2,4.0,0.9999173879623413,1
middle5782.txt_q0,4.0,1.0,1
high11439.txt_q0,4.0,0.974017858505249,1
high17104.txt_q0,4.0,0.7413005232810974,1
middle3055.txt_q4,4.0,0.9999995231628418,1
high15273.txt_q4,4.0,0.981862485408783,1
high24075.txt_q1,4.0,0.99992835521698,1
middle7458.txt_q0,4.0,0.9999953508377075,1
high10164.txt_q1,4.0,0.999678373336792,1
middle5035.txt_q0,4.0,0.9987792372703552,1
high18343.txt_q1,4.0,0.9999998807907104,1
high19252.txt_q1,4.0,0.9999690055847168,1
middle210.txt_q1,4.0,0.9999988079071045,1
high12270.txt_q0,4.0,0.9999665021896362,1
middle3085.txt_q2,4.0,0.8354060649871826,1
high912.txt_q0,4.0,0.9940745234489441,1
high5929.txt_q2,4.0,0.9595994353294373,1
high7871.txt_q3,4.0,0.6984744668006897,1
high8817.txt_q3,4.0,0.999519944190979,1
middle5497.txt_q2,4.0,0.9995934367179871,1
high9613.txt_q2,4.0,0.9981325268745422,1
high7958.txt_q0,4.0,0.05780230462551117,0
high20826.txt_q0,4.0,0.30113551020622253,0
middle8033.txt_q3,4.0,0.9953258037567139,1
middle4926.txt_q4,4.0,0.6930312514305115,1
high13067.txt_q1,4.0,0.9987119436264038,1
high9089.txt_q1,4.0,0.0851651132106781,0
middle7478.txt_q0,4.0,0.42115047574043274,0
high15581.txt_q2,4.0,0.9932331442832947,1
middle7049.txt_q0,4.0,0.9999979734420776,1
middle6815.txt_q3,4.0,0.9999992847442627,1
high19050.txt_q2,4.0,0.9924055933952332,1
high19955.txt_q3,4.0,0.9981603026390076,1
high11503.txt_q0,4.0,0.9968177080154419,1
high16746.txt_q1,4.0,0.9986869692802429,1
high804.txt_q2,4.0,0.9995323419570923,1
high4561.txt_q3,4.0,0.9999573230743408,1
high5115.txt_q1,4.0,0.9435731768608093,1
high456.txt_q2,4.0,0.9998713731765747,1
high21669.txt_q2,4.0,0.9999920129776001,1
high23245.txt_q2,4.0,0.9963240623474121,1
high19665.txt_q1,4.0,0.9998816251754761,1
high7548.txt_q0,4.0,0.9999812841415405,1
high24137.txt_q2,4.0,0.9999951124191284,1
middle4563.txt_q1,4.0,0.15551555156707764,0
middle2152.txt_q3,4.0,1.0,1
high4321.txt_q1,4.0,0.9999972581863403,1
high7851.txt_q1,4.0,0.9999178647994995,1
middle4941.txt_q2,4.0,0.9999991655349731,1
high11222.txt_q2,4.0,0.9999895095825195,1
high18000.txt_q1,4.0,0.9994590878486633,1
middle1344.txt_q3,4.0,0.9942144751548767,1
middle3494.txt_q0,4.0,1.0,1
high11779.txt_q0,4.0,0.9794222116470337,1
high18840.txt_q3,4.0,0.9997935891151428,1
high3506.txt_q2,4.0,0.9642713069915771,1
high11029.txt_q0,4.0,0.9996857643127441,1
middle4120.txt_q3,4.0,0.9898771643638611,1
middle4366.txt_q0,4.0,0.9999986886978149,1
high12875.txt_q3,4.0,0.99994957447052,1
middle1910.txt_q0,4.0,0.9993184804916382,1
middle545.txt_q0,4.0,0.9963279366493225,1
middle3979.txt_q0,4.0,0.9954555034637451,1
high8746.txt_q3,4.0,1.0,1
middle5805.txt_q1,4.0,1.0,1
high14509.txt_q2,4.0,0.9880107045173645,1
high13473.txt_q1,4.0,0.9861232042312622,1
high1892.txt_q3,4.0,0.7982138991355896,1
high5423.txt_q2,4.0,0.9999428987503052,1
middle7149.txt_q1,4.0,0.9766409993171692,1
high12225.txt_q0,4.0,0.999940037727356,1
high4199.txt_q0,4.0,0.9972140192985535,1
high17235.txt_q2,4.0,0.5623162984848022,1
high14007.txt_q0,4.0,0.9933606386184692,1
high22022.txt_q2,4.0,0.9996658563613892,1
high705.txt_q2,4.0,0.9999744892120361,1
high12586.txt_q0,4.0,0.9789982438087463,1
high3715.txt_q2,4.0,0.9967033267021179,1
high9358.txt_q3,4.0,1.0,1
middle6301.txt_q1,4.0,0.9993261098861694,1
high8242.txt_q1,4.0,0.9995118379592896,1
high6509.txt_q0,4.0,0.9991274476051331,1
high20262.txt_q1,4.0,0.9823269844055176,1
middle1279.txt_q3,4.0,0.9884501695632935,1
middle7597.txt_q1,4.0,0.9864397644996643,1
high6988.txt_q0,4.0,0.9999994039535522,1
high13497.txt_q3,4.0,0.999971866607666,1
high9259.txt_q1,4.0,0.9377390146255493,1
middle1613.txt_q2,4.0,0.9991896748542786,1
middle2319.txt_q1,4.0,0.9998058676719666,1
middle1564.txt_q0,4.0,0.9999192953109741,1
high2425.txt_q2,4.0,0.9859374165534973,1
middle5197.txt_q4,4.0,0.9980132579803467,1
high22098.txt_q4,4.0,0.9997822642326355,1
high13126.txt_q1,4.0,0.992351233959198,1
high18792.txt_q0,4.0,0.999950647354126,1
high10153.txt_q0,4.0,0.9999994039535522,1
high15261.txt_q2,4.0,0.9996856451034546,1
middle7712.txt_q2,4.0,0.994800329208374,1
high11022.txt_q1,4.0,0.9999996423721313,1
high12160.txt_q1,4.0,0.9949434399604797,1
high8121.txt_q0,4.0,0.999254047870636,1
middle3803.txt_q1,4.0,0.7013432383537292,1
high14571.txt_q2,4.0,0.9942992925643921,1
high4298.txt_q1,4.0,0.9999749660491943,1
middle3195.txt_q1,4.0,0.999998927116394,1
high4323.txt_q2,4.0,0.9981889128684998,1
high24153.txt_q1,4.0,0.9999570846557617,1
middle140.txt_q4,4.0,0.9969237446784973,1
high21462.txt_q1,4.0,0.9981493949890137,1
high11504.txt_q1,4.0,0.9794910550117493,1
high23975.txt_q2,4.0,0.9998108744621277,1
high16630.txt_q3,4.0,0.9999449253082275,1
high8756.txt_q0,4.0,0.9998552799224854,1
high8797.txt_q0,4.0,0.9992148876190186,1
high22448.txt_q2,4.0,0.9999868869781494,1
high23291.txt_q0,4.0,1.0,1
high1337.txt_q0,4.0,0.9999692440032959,1
middle3793.txt_q1,4.0,0.9981021285057068,1
middle4262.txt_q4,4.0,1.0,1
high13307.txt_q2,4.0,0.9999997615814209,1
middle5017.txt_q1,4.0,0.9999996423721313,1
middle3400.txt_q0,4.0,0.9999953508377075,1
middle2710.txt_q3,4.0,0.9994786381721497,1
high10967.txt_q1,4.0,0.9997524619102478,1
high1109.txt_q2,4.0,0.997627317905426,1
middle5815.txt_q0,4.0,1.0,1
middle5176.txt_q0,4.0,0.9679518938064575,1
middle4989.txt_q4,4.0,0.642184853553772,1
high12029.txt_q2,4.0,0.9991865754127502,1
middle8007.txt_q2,4.0,0.2668386399745941,0
high10335.txt_q0,4.0,0.9995589852333069,1
high14946.txt_q3,4.0,0.9999908208847046,1
high22019.txt_q1,4.0,0.9713203310966492,1
high11807.txt_q2,4.0,0.5436186194419861,1
high18021.txt_q0,4.0,0.9999886751174927,1
middle7050.txt_q0,4.0,0.9995083808898926,1
high15984.txt_q1,4.0,0.5623542666435242,1
high3834.txt_q1,4.0,0.9999560117721558,1
middle5457.txt_q1,4.0,0.9999955892562866,1
high8054.txt_q0,4.0,0.9999997615814209,1
middle5400.txt_q4,4.0,0.9987230896949768,1
high12923.txt_q2,4.0,0.9958855509757996,1
middle2097.txt_q2,4.0,0.9999465942382812,1
high16963.txt_q3,4.0,0.9654489159584045,1
high13798.txt_q2,4.0,0.579814612865448,1
middle3972.txt_q0,4.0,0.9950113296508789,1
high631.txt_q0,4.0,0.9988934397697449,1
high20788.txt_q2,4.0,0.20966166257858276,0
high18764.txt_q0,4.0,0.9998925924301147,1
middle6952.txt_q2,4.0,0.9998582601547241,1
high18239.txt_q1,4.0,0.9997677206993103,1
high6069.txt_q3,4.0,0.9859098196029663,1
high19644.txt_q2,4.0,0.999485969543457,1
high289.txt_q2,4.0,1.0,1
high17033.txt_q4,4.0,0.6556711196899414,1
high18998.txt_q1,4.0,0.9999998807907104,1
middle4916.txt_q3,4.0,0.9986985921859741,1
middle5909.txt_q3,4.0,0.9999959468841553,1
high20525.txt_q1,4.0,0.9998449087142944,1
high12559.txt_q2,4.0,0.9998584985733032,1
high7832.txt_q0,4.0,0.9999957084655762,1
high2533.txt_q0,4.0,0.423195481300354,1
middle1904.txt_q1,4.0,0.999808132648468,1
high8579.txt_q0,4.0,0.9999998807907104,1
middle970.txt_q1,4.0,0.9998557567596436,1
high23067.txt_q1,4.0,0.0005250738468021154,0
middle7678.txt_q3,4.0,0.9998382329940796,1
high5294.txt_q2,4.0,1.0,1
high23451.txt_q2,4.0,0.9999290704727173,1
middle2351.txt_q4,4.0,0.9046573638916016,1
middle3998.txt_q3,4.0,0.9995102882385254,1
high1928.txt_q2,4.0,0.9579052329063416,1
high13449.txt_q1,4.0,0.9999874830245972,1
high18451.txt_q2,4.0,0.9997676014900208,1
middle2952.txt_q4,4.0,0.9061669707298279,1
high14469.txt_q0,4.0,0.9999462366104126,1
high6325.txt_q1,4.0,0.17312102019786835,0
high11595.txt_q2,4.0,0.9999557733535767,1
high5496.txt_q1,4.0,0.8731151819229126,1
middle1509.txt_q1,4.0,0.9999990463256836,1
middle8099.txt_q0,4.0,0.9999806880950928,1
high8269.txt_q1,4.0,0.9534434676170349,1
high10089.txt_q2,4.0,0.8377721905708313,1
middle262.txt_q1,4.0,0.9999979734420776,1
middle4560.txt_q1,4.0,0.9999992847442627,1
middle2004.txt_q3,4.0,0.9999998807907104,1
high5215.txt_q1,4.0,0.9766947031021118,1
high7222.txt_q0,4.0,0.9999984502792358,1
high9790.txt_q0,4.0,0.9994332194328308,1
high22283.txt_q0,4.0,0.9999717473983765,1
high2313.txt_q2,4.0,0.9975236058235168,1
high3170.txt_q1,4.0,0.9503230452537537,1
high4948.txt_q1,4.0,0.9999337196350098,1
high11792.txt_q1,4.0,0.9999901056289673,1
high9489.txt_q2,4.0,0.9339494705200195,1
high20108.txt_q1,4.0,0.9989163875579834,1
high1871.txt_q4,4.0,0.9999991655349731,1
high13425.txt_q0,4.0,0.999333918094635,1
high22811.txt_q3,4.0,0.9975875616073608,1
high12106.txt_q2,4.0,0.9999998807907104,1
high9100.txt_q2,4.0,0.7258564233779907,1
middle6894.txt_q0,4.0,0.31018081307411194,1
middle5893.txt_q0,4.0,0.9999780654907227,1
high12803.txt_q2,4.0,0.9787352681159973,1
middle4332.txt_q0,4.0,0.9990293979644775,1
middle1800.txt_q1,4.0,0.9860287308692932,1
middle370.txt_q0,4.0,1.0,1
high23579.txt_q2,4.0,0.9999980926513672,1
high12029.txt_q0,4.0,0.999987006187439,1
high4632.txt_q1,4.0,0.9997922778129578,1
middle4685.txt_q2,4.0,0.9144734144210815,1
middle4771.txt_q1,4.0,0.999984622001648,1
high19049.txt_q3,4.0,0.9994994401931763,1
high1829.txt_q1,4.0,0.9823185205459595,1
high948.txt_q1,4.0,0.9998376369476318,1
high5832.txt_q0,4.0,0.8927199244499207,1
high18022.txt_q4,4.0,0.9864873290061951,1
middle3218.txt_q2,4.0,0.9996769428253174,1
high11637.txt_q1,4.0,0.9997878670692444,1
high11827.txt_q0,4.0,0.9993529915809631,1
middle4501.txt_q0,4.0,0.9999719858169556,1
high4442.txt_q2,4.0,0.791648268699646,1
high17001.txt_q1,4.0,0.9955009818077087,1
middle4746.txt_q3,4.0,0.9999998807907104,1
high13158.txt_q2,4.0,0.9999268054962158,1
middle1582.txt_q1,4.0,0.9999935626983643,1
high19885.txt_q0,4.0,0.9999946355819702,1
high1303.txt_q2,4.0,0.9998726844787598,1
high10395.txt_q2,4.0,0.9999998807907104,1
high2408.txt_q2,4.0,0.9984649419784546,1
high23705.txt_q0,4.0,0.9999998807907104,1
high15816.txt_q1,4.0,0.9950555562973022,1
high1747.txt_q0,4.0,0.9996931552886963,1
middle6156.txt_q2,4.0,0.07785190641880035,0
high8124.txt_q0,4.0,0.9999966621398926,1
high21058.txt_q1,4.0,0.9920526742935181,1
high9807.txt_q2,4.0,0.9999978542327881,1
high16110.txt_q2,4.0,0.9928516745567322,1
high3437.txt_q1,4.0,0.9292042851448059,1
high18122.txt_q2,4.0,0.9974216222763062,1
middle7751.txt_q3,4.0,0.972528874874115,1
middle8204.txt_q4,4.0,0.9999901056289673,1
high1172.txt_q3,4.0,0.999862551689148,1
high10862.txt_q1,4.0,0.9098109602928162,1
high3778.txt_q2,4.0,0.9999134540557861,1
middle5534.txt_q1,4.0,0.999987006187439,1
high7337.txt_q1,4.0,0.9999829530715942,1
high8031.txt_q1,4.0,0.18350759148597717,0
high5928.txt_q0,4.0,0.999996542930603,1
high23288.txt_q2,4.0,0.999966025352478,1
high19343.txt_q0,4.0,0.9998101592063904,1
high7669.txt_q1,4.0,0.9999970197677612,1
high17813.txt_q0,4.0,0.9946116209030151,1
high5122.txt_q0,4.0,0.999966025352478,1
high7508.txt_q3,4.0,0.9999899864196777,1
middle3441.txt_q0,4.0,0.9997581839561462,1
middle7539.txt_q2,4.0,0.9999997615814209,1
high21821.txt_q2,4.0,0.9740506410598755,1
high20144.txt_q2,4.0,0.9988592863082886,1
high19148.txt_q0,4.0,0.9999741315841675,1
middle1719.txt_q0,4.0,0.9999980926513672,1
high2459.txt_q0,4.0,0.9999266862869263,1
high21326.txt_q0,4.0,0.9999209642410278,1
high17685.txt_q2,4.0,0.9995730519294739,1
high8622.txt_q0,4.0,0.9982836246490479,1
high3535.txt_q4,4.0,0.9999998807907104,1
high16653.txt_q2,4.0,0.9982936978340149,1
high15039.txt_q1,4.0,0.9978384375572205,1
middle47.txt_q2,4.0,0.999996542930603,1
middle2145.txt_q2,4.0,0.9978939890861511,1
high2047.txt_q3,4.0,0.9999953508377075,1
high4855.txt_q0,4.0,0.9999551773071289,1
high23642.txt_q0,4.0,0.9999706745147705,1
middle2399.txt_q3,4.0,1.0,1
high9692.txt_q0,4.0,1.0,1
middle4797.txt_q3,4.0,0.998528003692627,1
high15245.txt_q3,4.0,0.999988317489624,1
high23192.txt_q2,4.0,0.9998772144317627,1
high17318.txt_q0,4.0,0.9993917942047119,1
high13388.txt_q2,4.0,1.0,1
high5368.txt_q0,4.0,0.9981048107147217,1
high3701.txt_q1,4.0,0.8012676239013672,1
high15100.txt_q1,4.0,0.9999996423721313,1
high7315.txt_q0,4.0,0.9998513460159302,1
middle5947.txt_q3,4.0,0.9997604489326477,1
high2506.txt_q2,4.0,0.9951920509338379,1
high4207.txt_q1,4.0,0.9967877864837646,1
high18255.txt_q2,4.0,0.9999991655349731,1
high9511.txt_q2,4.0,0.9998278617858887,1
high14621.txt_q1,4.0,0.9994410872459412,1
high11608.txt_q0,4.0,0.9998518228530884,1
middle4318.txt_q3,4.0,0.9994910955429077,1
high23113.txt_q0,4.0,0.9998416900634766,1
high13009.txt_q0,4.0,0.9999994039535522,1
high18919.txt_q0,4.0,0.9999319314956665,1
high4994.txt_q0,4.0,0.9999995231628418,1
high1139.txt_q3,4.0,0.9999860525131226,1
high21972.txt_q3,4.0,0.9999309778213501,1
high13461.txt_q1,4.0,0.9999986886978149,1
high6294.txt_q4,4.0,1.0,1
middle4626.txt_q1,4.0,0.9243651032447815,1
high17335.txt_q1,4.0,0.9992334842681885,1
high6817.txt_q1,4.0,1.0,1
high91.txt_q0,4.0,0.9999871253967285,1
high11790.txt_q0,4.0,0.9837618470191956,1
high10173.txt_q2,4.0,0.9543703198432922,1
middle7434.txt_q1,4.0,0.9999996423721313,1
high1684.txt_q0,4.0,0.8520519137382507,1
middle7606.txt_q0,4.0,0.9999998807907104,1
middle6180.txt_q1,4.0,0.9999805688858032,1
high10021.txt_q1,4.0,0.999984622001648,1
high16036.txt_q1,4.0,0.9999046325683594,1
high18483.txt_q0,4.0,0.99784255027771,1
middle2424.txt_q0,4.0,0.9999996423721313,1
middle5526.txt_q3,4.0,1.0,1
high22210.txt_q2,4.0,0.9990322589874268,1
high12989.txt_q2,4.0,0.9998817443847656,1
high12891.txt_q1,4.0,0.9988961219787598,1
high2817.txt_q0,4.0,0.9999994039535522,1
middle6205.txt_q2,4.0,0.9999909400939941,1
high3517.txt_q1,4.0,0.4132702946662903,0
high17512.txt_q2,4.0,1.0,1
middle657.txt_q0,4.0,0.9978508949279785,1
high21481.txt_q0,4.0,0.9999908208847046,1
high13035.txt_q2,4.0,0.9999774694442749,1
high23759.txt_q0,4.0,0.9999816417694092,1
high10718.txt_q1,4.0,0.9945100545883179,1
middle3658.txt_q2,4.0,0.9999985694885254,1
middle3569.txt_q4,4.0,0.989777147769928,1
high20783.txt_q0,4.0,0.9956775307655334,1
middle868.txt_q1,4.0,1.0,1
high10249.txt_q3,4.0,0.9999984502792358,1
middle2132.txt_q2,4.0,0.9977871179580688,1
high9432.txt_q2,4.0,0.9989885687828064,1
high9530.txt_q2,4.0,0.9997498393058777,1
high1918.txt_q4,4.0,0.9995179176330566,1
high3068.txt_q0,4.0,0.9999855756759644,1
high7669.txt_q0,4.0,0.9999998807907104,1
middle5486.txt_q3,4.0,0.9999595880508423,1
middle4719.txt_q4,4.0,0.9999939203262329,1
high20911.txt_q1,4.0,0.9999958276748657,1
middle1254.txt_q3,4.0,0.9999735355377197,1
high7119.txt_q3,4.0,0.9999960660934448,1
high16328.txt_q2,4.0,0.9998462200164795,1
middle3677.txt_q0,4.0,1.0,1
high8549.txt_q1,4.0,0.9999996423721313,1
high19704.txt_q1,4.0,0.999994158744812,1
high16783.txt_q3,4.0,0.9999995231628418,1
high12647.txt_q2,4.0,1.0,1
middle5487.txt_q1,4.0,0.9890159964561462,1
middle908.txt_q1,4.0,0.997127115726471,1
high12144.txt_q1,4.0,0.998769223690033,1
high7989.txt_q1,4.0,0.9441105127334595,1
high20719.txt_q2,4.0,0.9920694828033447,1
high8160.txt_q0,4.0,0.9975499510765076,1
high2876.txt_q0,4.0,0.9174906611442566,1
middle4991.txt_q3,4.0,0.4704619348049164,1
high10432.txt_q0,4.0,0.9997071623802185,1
high6279.txt_q0,4.0,0.9999988079071045,1
high16956.txt_q0,4.0,0.8126675486564636,1
high15797.txt_q2,4.0,1.0,1
high20892.txt_q2,4.0,0.9999113082885742,1
high286.txt_q3,4.0,0.994813084602356,1
middle6284.txt_q2,4.0,0.9999890327453613,1
high11358.txt_q0,4.0,0.9999691247940063,1
high23035.txt_q0,4.0,0.9999426603317261,1
high16119.txt_q0,4.0,0.9987955093383789,1
high4169.txt_q1,4.0,0.9583991169929504,1
middle231.txt_q0,4.0,0.99998939037323,1
high4758.txt_q1,4.0,0.9999992847442627,1
high7196.txt_q1,4.0,0.9914173483848572,1
high7629.txt_q0,4.0,0.9999953508377075,1
high20964.txt_q2,4.0,0.9579939842224121,1
high20649.txt_q4,4.0,0.5698297619819641,1
high1934.txt_q2,4.0,0.9935787916183472,1
high22473.txt_q2,4.0,0.9989645481109619,1
high20273.txt_q1,4.0,0.994204580783844,1
high21723.txt_q2,4.0,0.9999915361404419,1
high16944.txt_q1,4.0,0.9998641014099121,1
middle3678.txt_q4,4.0,0.9999010562896729,1
high13353.txt_q3,4.0,0.9999212026596069,1
high3179.txt_q2,4.0,0.9485785961151123,1
high9455.txt_q3,4.0,0.9999886751174927,1
middle3251.txt_q3,4.0,0.9999996423721313,1
high1016.txt_q1,4.0,0.9997484087944031,1
high15692.txt_q3,4.0,0.9999939203262329,1
middle1374.txt_q3,4.0,0.9415276050567627,1
middle2268.txt_q0,4.0,0.9999998807907104,1
middle5078.txt_q1,4.0,0.9999985694885254,1
high11995.txt_q0,4.0,0.999997615814209,1
middle5943.txt_q3,4.0,0.9999998807907104,1
middle3300.txt_q2,4.0,0.9764794707298279,1
high10650.txt_q0,4.0,0.9999349117279053,1
middle1281.txt_q1,4.0,0.9999918937683105,1
high10508.txt_q1,4.0,0.09048206359148026,0
middle3583.txt_q4,4.0,0.9999997615814209,1
high12499.txt_q0,4.0,0.9997063279151917,1
high5463.txt_q0,4.0,0.9998972415924072,1
high2780.txt_q0,4.0,0.9881057739257812,1
middle6756.txt_q1,4.0,1.0,1
high19865.txt_q2,4.0,0.8946871161460876,1
high22724.txt_q2,4.0,0.9987377524375916,1
high21070.txt_q0,4.0,0.9999481439590454,1
high12065.txt_q0,4.0,0.9367767572402954,1
high10889.txt_q2,4.0,0.916052520275116,1
high10649.txt_q3,4.0,0.48274174332618713,1
high9891.txt_q1,4.0,0.4157249629497528,0
middle1221.txt_q4,4.0,0.985012412071228,1
high9366.txt_q0,4.0,0.9997536540031433,1
high19501.txt_q1,4.0,0.956564724445343,1
high9346.txt_q0,4.0,0.997583270072937,1
high14186.txt_q0,4.0,0.9999908208847046,1
high12937.txt_q2,4.0,0.9992305040359497,1
high12261.txt_q1,4.0,0.9999212026596069,1
high10608.txt_q2,4.0,0.9988998174667358,1
high11121.txt_q2,4.0,0.9999992847442627,1
high12187.txt_q1,4.0,0.942747175693512,1
high312.txt_q2,4.0,0.9999916553497314,1
middle3758.txt_q3,4.0,0.9993903636932373,1
high8541.txt_q1,4.0,0.9983490705490112,1
middle6089.txt_q3,4.0,0.9999998807907104,1
high7113.txt_q2,4.0,0.9998247027397156,1
high519.txt_q3,4.0,0.9999493360519409,1
middle3445.txt_q0,4.0,0.9979745745658875,1
high15747.txt_q1,4.0,0.9779196977615356,1
high6450.txt_q2,4.0,1.0,1
high11307.txt_q3,4.0,0.9999804496765137,1
high6020.txt_q0,4.0,0.9999760389328003,1
high16716.txt_q2,4.0,0.9987902045249939,1
middle2809.txt_q1,4.0,0.9999798536300659,1
high5227.txt_q0,4.0,0.9997588992118835,1
high11000.txt_q0,4.0,0.9979134202003479,1
middle3411.txt_q1,4.0,0.9999995231628418,1
middle1833.txt_q2,4.0,1.0,1
high15613.txt_q0,4.0,0.9892008304595947,1
middle2001.txt_q1,4.0,0.35614287853240967,0
high15857.txt_q2,4.0,0.9990543723106384,1
high24000.txt_q2,4.0,0.958198606967926,1
middle3992.txt_q3,4.0,0.9544914364814758,1
high19298.txt_q3,4.0,0.9995033740997314,1
high4416.txt_q0,4.0,0.9999487400054932,1
high19112.txt_q2,4.0,0.9999264478683472,1
high5445.txt_q0,4.0,0.9968987703323364,1
high7465.txt_q0,4.0,0.9892979860305786,1
high8733.txt_q2,4.0,0.9999996423721313,1
high4201.txt_q1,4.0,0.3483485281467438,1
high5894.txt_q2,4.0,0.9999786615371704,1
high23073.txt_q4,4.0,0.9999955892562866,1
middle3242.txt_q1,4.0,0.9687277674674988,1
high14582.txt_q1,4.0,0.9999990463256836,1
high17977.txt_q0,4.0,0.9999860525131226,1
high11989.txt_q1,4.0,0.9999979734420776,1
high17410.txt_q3,4.0,0.9999983310699463,1
middle5571.txt_q2,4.0,0.9999953508377075,1
middle3487.txt_q2,4.0,0.9782307147979736,1
high19646.txt_q3,4.0,0.999997615814209,1
middle1321.txt_q1,4.0,0.9999923706054688,1
high18920.txt_q2,4.0,0.9997677206993103,1
high8516.txt_q1,4.0,0.9986728429794312,1
high3795.txt_q1,4.0,0.9999364614486694,1
middle5813.txt_q0,4.0,0.17301936447620392,0
high9423.txt_q3,4.0,0.8978386521339417,1
high13773.txt_q0,4.0,1.0,1
high11570.txt_q1,4.0,0.9999877214431763,1
middle1396.txt_q1,4.0,0.999991774559021,1
high4526.txt_q3,4.0,0.9856288433074951,1
high19815.txt_q2,4.0,0.9998146891593933,1
high16447.txt_q1,4.0,0.9837633371353149,1
high12266.txt_q1,4.0,0.9996668100357056,1
middle6536.txt_q1,4.0,1.0,1
high13651.txt_q0,4.0,0.9999648332595825,1
middle114.txt_q4,4.0,0.3174230456352234,0
high5236.txt_q0,4.0,0.9993189573287964,1
high24097.txt_q1,4.0,0.999788224697113,1
high3548.txt_q2,4.0,0.9999994039535522,1
middle5797.txt_q3,4.0,0.8618265986442566,1
high12862.txt_q1,4.0,0.3211730122566223,0
high10034.txt_q1,4.0,0.9999996423721313,1
middle7781.txt_q2,4.0,0.8720547556877136,1
middle771.txt_q2,4.0,0.9999270439147949,1
middle1888.txt_q2,4.0,0.9999988079071045,1
high12879.txt_q1,4.0,0.9999717473983765,1
high6452.txt_q2,4.0,0.9999653100967407,1
middle7201.txt_q4,4.0,0.9999977350234985,1
middle1121.txt_q0,4.0,0.9997842907905579,1
high5948.txt_q0,4.0,0.35720863938331604,1
high6899.txt_q0,4.0,0.9996194839477539,1
high14707.txt_q0,4.0,0.9999980926513672,1
middle2261.txt_q3,4.0,0.9999994039535522,1
high18560.txt_q0,4.0,0.9346440434455872,1
high11628.txt_q0,4.0,0.8331435322761536,1
high21757.txt_q2,4.0,0.9999978542327881,1
high22343.txt_q1,4.0,0.9999943971633911,1
high2090.txt_q0,4.0,0.9999737739562988,1
high18742.txt_q2,4.0,0.9999998807907104,1
middle7847.txt_q2,4.0,0.9951736330986023,1
high6808.txt_q1,4.0,0.9998088479042053,1
high7521.txt_q1,4.0,0.9685109853744507,1
middle5218.txt_q2,4.0,0.9997634291648865,1
high8603.txt_q2,4.0,0.9995437264442444,1
high1929.txt_q0,4.0,0.8560575246810913,1
high10623.txt_q1,4.0,0.9737059473991394,1
high13101.txt_q1,4.0,0.9998356103897095,1
high1795.txt_q3,4.0,0.999998927116394,1
high9297.txt_q2,4.0,0.10109882056713104,0
middle7994.txt_q4,4.0,0.9999973773956299,1
middle5234.txt_q3,4.0,0.8700610399246216,1
high14049.txt_q3,4.0,0.9992990493774414,1
middle1674.txt_q2,4.0,0.9999998807907104,1
high18258.txt_q3,4.0,0.9992330074310303,1
high10859.txt_q2,4.0,0.9994588494300842,1
high128.txt_q0,4.0,0.9821763634681702,1
middle7138.txt_q1,4.0,0.9996285438537598,1
high17192.txt_q0,4.0,0.9974675178527832,1
high11972.txt_q0,4.0,0.8319196701049805,1
high2537.txt_q1,4.0,0.9999253749847412,1
high293.txt_q1,4.0,0.2473863959312439,0
high1829.txt_q0,4.0,0.9210004210472107,1
middle1291.txt_q1,4.0,0.9999277591705322,1
high3384.txt_q2,4.0,0.9986515641212463,1
high22012.txt_q1,4.0,0.9999970197677612,1
high17705.txt_q0,4.0,1.0,1
middle3021.txt_q0,4.0,0.9979320764541626,1
high23846.txt_q4,4.0,0.999992847442627,1
middle2172.txt_q0,4.0,0.9697591662406921,1
middle3428.txt_q0,4.0,0.9997298121452332,1
high19701.txt_q0,4.0,0.9996625185012817,1
high12562.txt_q1,4.0,0.9999986886978149,1
middle6018.txt_q0,4.0,0.9989160299301147,1
middle6557.txt_q3,4.0,0.9999903440475464,1
high14480.txt_q3,4.0,0.9999997615814209,1
high17971.txt_q1,4.0,0.9945945143699646,1
high5283.txt_q0,4.0,0.999990701675415,1
middle5748.txt_q1,4.0,0.17951984703540802,0
middle6923.txt_q1,4.0,0.9999998807907104,1
high15639.txt_q0,4.0,0.9999988079071045,1
high22729.txt_q3,4.0,0.47930917143821716,0
high22711.txt_q1,4.0,0.996547281742096,1
high10638.txt_q2,4.0,0.9933105707168579,1
high9240.txt_q0,4.0,0.9999922513961792,1
high20017.txt_q1,4.0,0.9990255832672119,1
high189.txt_q0,4.0,0.9999146461486816,1
middle3665.txt_q0,4.0,0.9999973773956299,1
high12008.txt_q0,4.0,0.49339115619659424,1
high18157.txt_q2,4.0,0.696780800819397,1
middle4797.txt_q0,4.0,0.8713017106056213,1
middle4297.txt_q4,4.0,0.9999126195907593,1
middle4502.txt_q2,4.0,0.9999957084655762,1
middle1819.txt_q0,4.0,0.9998772144317627,1
high14263.txt_q0,4.0,0.9999994039535522,1
high10871.txt_q1,4.0,0.9560750126838684,1
high3925.txt_q0,4.0,0.9660853743553162,1
high10821.txt_q0,4.0,0.9984544515609741,1
middle7136.txt_q1,4.0,0.9992208480834961,1
high20179.txt_q0,4.0,0.9999983310699463,1
high11344.txt_q3,4.0,0.9884523749351501,1
high17953.txt_q1,4.0,0.9999992847442627,1
high13663.txt_q0,4.0,0.9999290704727173,1
high2838.txt_q2,4.0,0.8790556192398071,1
high5644.txt_q2,4.0,0.9999966621398926,1
middle3312.txt_q0,4.0,0.9999984502792358,1
high7991.txt_q2,4.0,0.9998185038566589,1
high23874.txt_q0,4.0,0.9137009382247925,1
high17262.txt_q1,4.0,0.9994240999221802,1
high8450.txt_q2,4.0,0.9999308586120605,1
middle170.txt_q0,4.0,0.9999656677246094,1
high21875.txt_q3,4.0,0.9575207829475403,1
high5176.txt_q0,4.0,0.9998347759246826,1
high10800.txt_q0,4.0,0.9542981386184692,1
high12922.txt_q4,4.0,0.9997912049293518,1
high19577.txt_q2,4.0,0.9999920129776001,1
middle6347.txt_q0,4.0,0.9999707937240601,1
high10989.txt_q0,4.0,0.9992715716362,1
high1912.txt_q1,4.0,1.0,1
high15125.txt_q1,4.0,0.9993384480476379,1
middle6826.txt_q2,4.0,1.0,1
middle8172.txt_q3,4.0,0.9594404101371765,1
middle727.txt_q0,4.0,0.9999854564666748,1
middle1526.txt_q3,4.0,1.0,1
high7714.txt_q2,4.0,0.9994097948074341,1
high5189.txt_q0,4.0,0.9999991655349731,1
high14321.txt_q3,4.0,0.44251927733421326,0
middle2196.txt_q0,4.0,0.9998188614845276,1
middle6589.txt_q2,4.0,0.9991206526756287,1
high16422.txt_q1,4.0,0.9999914169311523,1
high22.txt_q0,4.0,0.9945353269577026,1
high18442.txt_q1,4.0,0.9998098015785217,1
high6451.txt_q1,4.0,0.9941911101341248,1
middle5404.txt_q0,4.0,0.9999990463256836,1
middle3420.txt_q1,4.0,0.9999961853027344,1
high21370.txt_q1,4.0,0.5384056568145752,1
high16719.txt_q3,4.0,0.9989804625511169,1
high3132.txt_q1,4.0,0.9996645450592041,1
high20032.txt_q1,4.0,0.9999642372131348,1
high16875.txt_q1,4.0,0.995319664478302,1
high7911.txt_q1,4.0,0.9987177848815918,1
high12023.txt_q0,4.0,0.7668142914772034,1
middle1930.txt_q0,4.0,0.9999986886978149,1
high13230.txt_q0,4.0,0.9997870326042175,1
middle4529.txt_q3,4.0,0.99993896484375,1
high9792.txt_q0,4.0,0.9999984502792358,1
middle8202.txt_q2,4.0,0.9993906021118164,1
high17330.txt_q4,4.0,0.9998878240585327,1
high10694.txt_q1,4.0,0.9999624490737915,1
high2289.txt_q1,4.0,0.9998966455459595,1
high22303.txt_q1,4.0,0.9999977350234985,1
middle1274.txt_q1,4.0,0.9964386224746704,1
high17434.txt_q3,4.0,0.9968379735946655,1
middle3285.txt_q3,4.0,0.9999997615814209,1
middle7516.txt_q3,4.0,0.9975966811180115,1
middle42.txt_q0,4.0,0.5031790733337402,1
high21582.txt_q2,4.0,0.999998927116394,1
high9139.txt_q1,4.0,0.9999990463256836,1
middle3075.txt_q0,4.0,0.9999982118606567,1
high498.txt_q2,4.0,0.9948410391807556,1
high18478.txt_q0,4.0,0.9999992847442627,1
high18650.txt_q2,4.0,0.999794065952301,1
middle873.txt_q1,4.0,0.42950722575187683,0
high23353.txt_q0,4.0,0.993176281452179,1
middle7042.txt_q0,4.0,0.9993324875831604,1
middle1785.txt_q3,4.0,0.06196210905909538,0
high8405.txt_q1,4.0,0.9999997615814209,1
high23209.txt_q0,4.0,0.8995538949966431,1
middle5519.txt_q1,4.0,0.9999384880065918,1
middle5802.txt_q4,4.0,0.9999479055404663,1
high19612.txt_q2,4.0,0.9997003078460693,1
middle865.txt_q1,4.0,0.990781843662262,1
high5883.txt_q0,4.0,0.7515641450881958,1
high23779.txt_q1,4.0,0.7106508612632751,1
high6442.txt_q3,4.0,1.0,1
high14773.txt_q1,4.0,0.9996123909950256,1
high6293.txt_q0,4.0,0.9116829037666321,1
high4428.txt_q0,4.0,0.9998799562454224,1
high19393.txt_q1,4.0,0.9997456669807434,1
high1932.txt_q3,4.0,0.9033384919166565,1
high5894.txt_q3,4.0,0.9999542236328125,1
high18452.txt_q1,4.0,0.9999997615814209,1
high7909.txt_q0,4.0,0.7752026319503784,1
middle3491.txt_q0,4.0,0.9999701976776123,1
high20740.txt_q1,4.0,0.9988873600959778,1
high4111.txt_q3,4.0,1.0,1
middle3438.txt_q0,4.0,0.9999997615814209,1
high13379.txt_q0,4.0,0.9999580383300781,1
high11719.txt_q1,4.0,0.9722435474395752,1
middle2791.txt_q2,4.0,0.9996631145477295,1
high22235.txt_q2,4.0,0.9999861717224121,1
high19591.txt_q2,4.0,0.9999960660934448,1
middle1516.txt_q0,4.0,0.9679259657859802,1
high13689.txt_q1,4.0,0.9999998807907104,1
high24125.txt_q3,4.0,0.9999704360961914,1
middle5513.txt_q4,4.0,0.9909283518791199,1
middle7164.txt_q4,4.0,0.3022267818450928,0
high21615.txt_q2,4.0,0.9998757839202881,1
high12218.txt_q0,4.0,0.9999874830245972,1
high3330.txt_q4,4.0,0.723951518535614,1
middle6496.txt_q2,4.0,0.999086856842041,1
high16581.txt_q0,4.0,0.9999639987945557,1
high13293.txt_q2,4.0,0.9995712637901306,1
high13474.txt_q0,4.0,0.9884983897209167,1
high20256.txt_q2,4.0,0.9999408721923828,1
high11195.txt_q0,4.0,0.966001033782959,1
high14368.txt_q3,4.0,0.9936072826385498,1
high5079.txt_q1,4.0,0.9999963045120239,1
middle3360.txt_q4,4.0,0.9999927282333374,1
high19110.txt_q1,4.0,0.9999343156814575,1
high13173.txt_q1,4.0,0.9989916682243347,1
high22274.txt_q1,4.0,0.9994291663169861,1
high5067.txt_q1,4.0,0.9999728202819824,1
high20790.txt_q2,4.0,0.8738205432891846,1
middle6388.txt_q2,4.0,1.0,1
middle4687.txt_q3,4.0,0.9999994039535522,1
middle289.txt_q2,4.0,0.9859117865562439,1
middle3982.txt_q2,4.0,0.9997683167457581,1
high10498.txt_q1,4.0,0.9999725818634033,1
middle809.txt_q4,4.0,0.9999978542327881,1
middle4692.txt_q3,4.0,0.9999908208847046,1
high16060.txt_q2,4.0,0.7715885639190674,1
high18658.txt_q2,4.0,0.9997091889381409,1
high1218.txt_q1,4.0,0.9999631643295288,1
high8710.txt_q1,4.0,1.0,1
middle4683.txt_q3,4.0,0.9997859597206116,1
high16895.txt_q3,4.0,0.9996181726455688,1
high13129.txt_q2,4.0,0.9808042645454407,1
middle890.txt_q1,4.0,0.9999688863754272,1
middle6806.txt_q4,4.0,0.8754085898399353,1
high847.txt_q2,4.0,0.9902083873748779,1
middle4567.txt_q1,4.0,0.9999916553497314,1
high4038.txt_q0,4.0,0.9998863935470581,1
high15549.txt_q3,4.0,0.9989263415336609,1
high22468.txt_q2,4.0,0.9970307350158691,1
high11462.txt_q2,4.0,0.37765681743621826,0
high17113.txt_q0,4.0,0.9985774755477905,1
middle7942.txt_q3,4.0,0.9985260367393494,1
middle3987.txt_q3,4.0,0.9999998807907104,1
high4983.txt_q1,4.0,0.9902697801589966,1
middle4679.txt_q0,4.0,0.982111930847168,1
high14359.txt_q1,4.0,0.9955376386642456,1
high24162.txt_q2,4.0,0.9992908239364624,1
high17777.txt_q1,4.0,0.9979552030563354,1
middle358.txt_q1,4.0,0.999819815158844,1
high14277.txt_q1,4.0,0.9942647814750671,1
high21335.txt_q0,4.0,0.99806147813797,1
high21282.txt_q0,4.0,0.8951523900032043,1
high2705.txt_q1,4.0,0.9999573230743408,1
high4804.txt_q2,4.0,0.9572241306304932,1
high10850.txt_q1,4.0,0.9826181530952454,1
high2190.txt_q2,4.0,0.9976475834846497,1
middle312.txt_q4,4.0,0.6912405490875244,1
high22000.txt_q2,4.0,0.9650040864944458,1
middle1792.txt_q0,4.0,0.9844092726707458,1
high23083.txt_q2,4.0,0.9999995231628418,1
high22175.txt_q0,4.0,0.989596426486969,1
high481.txt_q1,4.0,0.9995031356811523,1
high17456.txt_q1,4.0,0.9996578693389893,1
high10894.txt_q0,4.0,0.9540555477142334,1
middle1197.txt_q2,4.0,0.9999996423721313,1
high2366.txt_q1,4.0,0.9992280006408691,1
middle5169.txt_q2,4.0,0.9943032264709473,1
high5764.txt_q2,4.0,0.9921631217002869,1
middle4200.txt_q2,4.0,1.0,1
middle2604.txt_q3,4.0,0.9997965693473816,1
high9162.txt_q4,4.0,0.9996355772018433,1
middle1591.txt_q0,4.0,0.9987010955810547,1
high5905.txt_q0,4.0,0.9999256134033203,1
middle8191.txt_q0,4.0,0.999988317489624,1
high20206.txt_q3,4.0,0.9945145845413208,1
middle2376.txt_q3,4.0,0.8411281704902649,1
middle1777.txt_q3,4.0,0.9999614953994751,1
middle8033.txt_q0,4.0,0.606555163860321,1
high6342.txt_q2,4.0,0.999992847442627,1
middle7183.txt_q2,4.0,0.9999970197677612,1
middle4788.txt_q0,4.0,0.999786913394928,1
middle6448.txt_q0,4.0,0.9999986886978149,1
middle5970.txt_q4,4.0,1.0,1
high21940.txt_q3,4.0,0.795835554599762,1
high14274.txt_q2,4.0,0.9999998807907104,1
high18778.txt_q2,4.0,0.9999527931213379,1
high14003.txt_q1,4.0,0.9994447827339172,1
high11641.txt_q3,4.0,0.9968926310539246,1
middle2772.txt_q0,4.0,0.9999992847442627,1
middle3646.txt_q4,4.0,0.8637659549713135,1
middle2520.txt_q1,4.0,1.0,1
high5231.txt_q2,4.0,0.5505205988883972,1
middle4967.txt_q3,4.0,0.031456176191568375,0
high12351.txt_q1,4.0,0.9994831085205078,1
middle1402.txt_q1,4.0,0.9999943971633911,1
high7862.txt_q1,4.0,0.9988740086555481,1
high21161.txt_q3,4.0,0.9999822378158569,1
high23214.txt_q1,4.0,0.9977339506149292,1
high2242.txt_q3,4.0,0.9997360110282898,1
high5573.txt_q1,4.0,0.9999743700027466,1
middle6624.txt_q3,4.0,0.9999785423278809,1
middle2481.txt_q1,4.0,0.774799644947052,1
high1673.txt_q1,4.0,0.9882701635360718,1
high9668.txt_q0,4.0,0.9999699592590332,1
high7084.txt_q0,4.0,0.9993372559547424,1
high21034.txt_q0,4.0,0.99968421459198,1
high5611.txt_q3,4.0,0.9999929666519165,1
high18219.txt_q1,4.0,0.9996191263198853,1
high421.txt_q1,4.0,0.9988136291503906,1
high225.txt_q0,4.0,0.9999949932098389,1
middle4973.txt_q1,4.0,0.9988471269607544,1
high10971.txt_q1,4.0,0.9999983310699463,1
high8305.txt_q0,4.0,0.9999946355819702,1
high15659.txt_q0,4.0,0.9999951124191284,1
high5652.txt_q0,4.0,0.9999305009841919,1
high20025.txt_q0,4.0,0.9190425872802734,1
high13014.txt_q3,4.0,0.9999496936798096,1
high2383.txt_q1,4.0,0.9999914169311523,1
high5432.txt_q0,4.0,0.9999995231628418,1
high10802.txt_q0,4.0,0.9999816417694092,1
high5897.txt_q0,4.0,0.9912688732147217,1
high10346.txt_q0,4.0,0.9999982118606567,1
high24152.txt_q2,4.0,0.9303593039512634,1
high20179.txt_q3,4.0,0.999994158744812,1
middle1611.txt_q1,4.0,0.9999966621398926,1
middle3991.txt_q0,4.0,0.9999998807907104,1
middle1979.txt_q2,4.0,0.996777355670929,1
high13934.txt_q0,4.0,1.0,1
high9287.txt_q2,4.0,0.98487389087677,1
high8968.txt_q1,4.0,0.9999977350234985,1
high13861.txt_q3,4.0,0.9999957084655762,1
high6288.txt_q2,4.0,0.6114732027053833,1
high11429.txt_q3,4.0,0.9999858140945435,1
middle3423.txt_q3,4.0,0.9969612956047058,1
middle4076.txt_q0,4.0,0.9999985694885254,1
high4676.txt_q0,4.0,0.9997350573539734,1
high15330.txt_q0,4.0,0.9986346364021301,1
high22202.txt_q1,4.0,0.9999818801879883,1
middle210.txt_q0,4.0,0.6592465043067932,1
middle4337.txt_q0,4.0,0.9995483756065369,1
high3029.txt_q0,4.0,0.9997280240058899,1
high23368.txt_q2,4.0,0.9999949932098389,1
high10189.txt_q0,4.0,0.9912744164466858,1
middle3332.txt_q0,4.0,0.9979475140571594,1
middle2913.txt_q2,4.0,1.0,1
middle5252.txt_q1,4.0,0.9999855756759644,1
middle4754.txt_q3,4.0,0.9418085813522339,1
high11359.txt_q1,4.0,0.9996212720870972,1
high8598.txt_q2,4.0,0.38365939259529114,0
middle3738.txt_q0,4.0,0.9999740123748779,1
high17364.txt_q3,4.0,0.9999990463256836,1
high340.txt_q1,4.0,0.576225996017456,1
high9725.txt_q2,4.0,0.9992846846580505,1
high16516.txt_q2,4.0,0.9936822652816772,1
high11299.txt_q1,4.0,0.900209367275238,1
high18976.txt_q3,4.0,0.9977172613143921,1
middle2381.txt_q2,4.0,0.9999986886978149,1
middle7258.txt_q3,4.0,0.9991590976715088,1
high19382.txt_q2,4.0,0.999728262424469,1
high2178.txt_q0,4.0,0.9999974966049194,1
high9068.txt_q1,4.0,0.9998772144317627,1
high18759.txt_q0,4.0,0.9938517808914185,1
middle2152.txt_q2,4.0,1.0,1
high18915.txt_q1,4.0,0.9991433620452881,1
high3237.txt_q1,4.0,0.9998775720596313,1
high23727.txt_q1,4.0,0.9999982118606567,1
middle4845.txt_q2,4.0,0.9965893030166626,1
high8.txt_q3,4.0,0.9999992847442627,1
middle223.txt_q0,4.0,0.9154416918754578,1
high21439.txt_q2,4.0,0.9964842796325684,1
high20270.txt_q1,4.0,0.9999978542327881,1
high2474.txt_q1,4.0,0.9996566772460938,1
high11712.txt_q2,4.0,0.9999936819076538,1
high5993.txt_q1,4.0,0.9323855042457581,1
high11708.txt_q3,4.0,0.999998927116394,1
high9647.txt_q0,4.0,0.9999624490737915,1
high6812.txt_q1,4.0,0.999283492565155,1
high240.txt_q2,4.0,0.99988853931427,1
middle4910.txt_q1,4.0,0.2711242139339447,0
high6203.txt_q1,4.0,0.9999915361404419,1
high10286.txt_q0,4.0,0.9999837875366211,1
high21985.txt_q0,4.0,0.9998235106468201,1
high5913.txt_q1,4.0,0.9999982118606567,1
high22868.txt_q1,4.0,0.9992029070854187,1
middle182.txt_q1,4.0,0.999998927116394,1
high23593.txt_q4,4.0,0.9997887015342712,1
high5542.txt_q1,4.0,0.9995937943458557,1
middle6309.txt_q3,4.0,1.0,1
high10753.txt_q2,4.0,0.9990507960319519,1
middle5097.txt_q3,4.0,1.0,1
high12199.txt_q3,4.0,0.9999886751174927,1
high17147.txt_q3,4.0,0.9970564842224121,1
middle6030.txt_q0,4.0,0.9999991655349731,1
high645.txt_q0,4.0,0.9999984502792358,1
high1611.txt_q1,4.0,0.9998761415481567,1
high7406.txt_q1,4.0,0.999923825263977,1
high14426.txt_q2,4.0,0.9999996423721313,1
high15233.txt_q2,4.0,0.9988744854927063,1
high16963.txt_q1,4.0,0.5969650745391846,1
middle2497.txt_q1,4.0,0.9909511804580688,1
high3594.txt_q3,4.0,0.9811388850212097,1
middle5595.txt_q4,4.0,0.9997493624687195,1
high4364.txt_q0,4.0,0.9999979734420776,1
high21998.txt_q2,4.0,0.999488115310669,1
high15900.txt_q1,4.0,0.9999970197677612,1
middle2107.txt_q0,4.0,0.9999855756759644,1
high2093.txt_q0,4.0,0.999993085861206,1
high336.txt_q3,4.0,0.9994233846664429,1
high412.txt_q1,4.0,0.9559717178344727,1
high5454.txt_q3,4.0,0.9999450445175171,1
high14128.txt_q0,4.0,0.9999809265136719,1
high2550.txt_q0,4.0,0.9997804760932922,1
middle3465.txt_q1,4.0,0.9999651908874512,1
high14060.txt_q1,4.0,0.9993184804916382,1
high16509.txt_q4,4.0,0.9997732043266296,1
high5042.txt_q0,4.0,0.8473323583602905,1
high6007.txt_q1,4.0,0.9716865420341492,1
middle4257.txt_q1,4.0,0.9999982118606567,1
high14285.txt_q2,4.0,0.9034343957901001,1
high23197.txt_q2,4.0,0.999907374382019,1
middle2116.txt_q1,4.0,0.9996008276939392,1
high22514.txt_q0,4.0,0.9917411804199219,1
high10983.txt_q3,4.0,0.5208760499954224,1
high19873.txt_q0,4.0,0.998485267162323,1
high3947.txt_q3,4.0,1.0,1
high20405.txt_q0,4.0,0.9999949932098389,1
high15584.txt_q2,4.0,0.9999885559082031,1
high24273.txt_q1,4.0,1.0,1
middle7474.txt_q0,4.0,1.0,1
middle7573.txt_q2,4.0,0.9971803426742554,1
high5250.txt_q0,4.0,0.9999986886978149,1
high17478.txt_q2,4.0,0.999981164932251,1
high18774.txt_q0,4.0,0.9853479266166687,1
middle605.txt_q1,4.0,1.0,1
middle684.txt_q1,4.0,1.0,1
middle5456.txt_q0,4.0,0.9997848868370056,1
middle2935.txt_q0,4.0,0.9919581413269043,1
high3981.txt_q3,4.0,0.9981182813644409,1
middle1640.txt_q3,4.0,0.9942445158958435,1
high16956.txt_q3,4.0,0.9961795806884766,1
middle4833.txt_q3,4.0,1.0,1
high11743.txt_q1,4.0,0.9998636245727539,1
high7771.txt_q3,4.0,1.0,1
middle2610.txt_q2,4.0,0.9999992847442627,1
high19060.txt_q0,4.0,0.9923386573791504,1
high19061.txt_q0,4.0,0.9999866485595703,1
high23534.txt_q2,4.0,0.9995744824409485,1
high1835.txt_q3,4.0,0.9877991676330566,1
middle4860.txt_q0,4.0,1.0,1
high6284.txt_q4,4.0,0.6634900569915771,1
high8680.txt_q1,4.0,0.9999969005584717,1
high8758.txt_q0,4.0,0.2652866542339325,0
high134.txt_q3,4.0,0.9999885559082031,1
middle7520.txt_q2,4.0,1.0,1
high15291.txt_q0,4.0,0.9999407529830933,1
high2856.txt_q1,4.0,0.9999967813491821,1
high148.txt_q0,4.0,0.44325461983680725,1
middle7797.txt_q0,4.0,0.14966818690299988,0
high1526.txt_q1,4.0,0.9967009425163269,1
middle1096.txt_q0,4.0,0.9359893798828125,1
high17254.txt_q3,4.0,0.9999991655349731,1
middle3930.txt_q4,4.0,0.05133385956287384,0
high14153.txt_q2,4.0,0.9998801946640015,1
high15175.txt_q1,4.0,0.9937688112258911,1
high20636.txt_q1,4.0,0.9998155236244202,1
middle674.txt_q1,4.0,0.9996246099472046,1
middle4425.txt_q0,4.0,0.9841662645339966,1
high4729.txt_q2,4.0,0.9999964237213135,1
middle8155.txt_q2,4.0,0.9980459213256836,1
high6206.txt_q2,4.0,0.9995883107185364,1
middle4888.txt_q3,4.0,0.9997323155403137,1
middle6333.txt_q0,4.0,0.9999889135360718,1
high20610.txt_q2,4.0,0.9941766262054443,1
high650.txt_q0,4.0,0.9999756813049316,1
middle2413.txt_q4,4.0,0.9999998807907104,1
middle2700.txt_q3,4.0,0.8533647656440735,1
high15515.txt_q3,4.0,0.9930013418197632,1
high16827.txt_q0,4.0,0.9992749094963074,1
high4984.txt_q1,4.0,0.9986226558685303,1
high15303.txt_q0,4.0,0.9999935626983643,1
high11590.txt_q1,4.0,0.9989057779312134,1
high14657.txt_q1,4.0,0.9999998807907104,1
high9362.txt_q1,4.0,0.9975628852844238,1
high16517.txt_q2,4.0,0.9999854564666748,1
middle6276.txt_q1,4.0,0.9954116940498352,1
high11842.txt_q1,4.0,0.9999697208404541,1
high6585.txt_q1,4.0,0.8692749738693237,1
middle5876.txt_q2,4.0,0.999976396560669,1
high765.txt_q0,4.0,0.99967360496521,1
middle1467.txt_q1,4.0,0.9806909561157227,1
high10715.txt_q3,4.0,0.9685777425765991,1
high24042.txt_q0,4.0,0.9999995231628418,1
high5855.txt_q0,4.0,0.999631404876709,1
high13200.txt_q2,4.0,0.3684627115726471,0
middle4480.txt_q4,4.0,0.9999024868011475,1
middle645.txt_q2,4.0,0.9899790287017822,1
high15077.txt_q2,4.0,0.9674902558326721,1
high10595.txt_q0,4.0,0.9998908042907715,1
high8637.txt_q0,4.0,0.9912365674972534,1
high13734.txt_q2,4.0,0.8766492009162903,1
high1009.txt_q0,4.0,0.9023987054824829,1
high453.txt_q2,4.0,0.999724805355072,1
high21995.txt_q1,4.0,0.7346389293670654,1
high728.txt_q3,4.0,0.9966132044792175,1
high5503.txt_q1,4.0,0.9980713725090027,1
high16896.txt_q0,4.0,0.9993287324905396,1
high1322.txt_q3,4.0,0.9998132586479187,1
high3022.txt_q2,4.0,0.9997509121894836,1
middle6401.txt_q0,4.0,0.96555495262146,1
high17527.txt_q3,4.0,0.9999946355819702,1
high19881.txt_q0,4.0,0.179769828915596,0
middle121.txt_q0,4.0,0.999994158744812,1
high11700.txt_q1,4.0,0.999992847442627,1
high4627.txt_q2,4.0,0.9028820991516113,1
middle5003.txt_q4,4.0,0.9999858140945435,1
high14050.txt_q0,4.0,0.9987252354621887,1
high20682.txt_q0,4.0,0.999996542930603,1
middle1443.txt_q0,4.0,0.9999990463256836,1
high19841.txt_q0,4.0,0.9999983310699463,1
high13059.txt_q1,4.0,0.989590585231781,1
middle6288.txt_q1,4.0,0.9912636280059814,1
middle5455.txt_q2,4.0,0.9998316764831543,1
high14765.txt_q1,4.0,0.9999428987503052,1
middle7440.txt_q3,4.0,0.9999998807907104,1
high15040.txt_q2,4.0,0.9958525896072388,1
high15740.txt_q1,4.0,0.9654593467712402,1
high19148.txt_q1,4.0,0.9999949932098389,1
high12295.txt_q0,4.0,0.9999978542327881,1
high735.txt_q2,4.0,0.6067044138908386,1
middle8242.txt_q1,4.0,0.9999964237213135,1
high18141.txt_q2,4.0,0.9592099189758301,1
high22567.txt_q2,4.0,0.4618333578109741,1
high9878.txt_q0,4.0,0.9947059750556946,1
high12338.txt_q0,4.0,0.9977909326553345,1
high21573.txt_q0,4.0,0.8928390145301819,1
high16830.txt_q2,4.0,0.7191785573959351,1
high3555.txt_q2,4.0,0.999225378036499,1
high20273.txt_q4,4.0,0.9999959468841553,1
high17925.txt_q3,4.0,0.9999210834503174,1
high3859.txt_q2,4.0,0.6531412601470947,1
high8680.txt_q0,4.0,0.3445301353931427,0
high8660.txt_q3,4.0,0.9733203053474426,1
high4707.txt_q3,4.0,0.9999524354934692,1
high4700.txt_q1,4.0,0.7968038320541382,1
high19981.txt_q1,4.0,0.9918421506881714,1
high16139.txt_q1,4.0,0.9978437423706055,1
high20500.txt_q1,4.0,0.9993652701377869,1
high18801.txt_q1,4.0,0.9999790191650391,1
high18001.txt_q3,4.0,0.9673846364021301,1
high17158.txt_q2,4.0,0.9992964267730713,1
high23492.txt_q0,4.0,0.9999994039535522,1
middle4385.txt_q0,4.0,0.9924566745758057,1
high8346.txt_q0,4.0,0.9999945163726807,1
high9249.txt_q3,4.0,0.9999971389770508,1
high1244.txt_q0,4.0,0.9999589920043945,1
high9295.txt_q3,4.0,0.9999972581863403,1
high4629.txt_q3,4.0,0.9978764057159424,1
high6767.txt_q1,4.0,0.9499624371528625,1
high21765.txt_q2,4.0,0.9999673366546631,1
high14780.txt_q0,4.0,0.99699866771698,1
middle5499.txt_q1,4.0,0.36342546343803406,0
high9798.txt_q4,4.0,1.0,1
high7520.txt_q1,4.0,0.9999986886978149,1
high20079.txt_q0,4.0,0.9371446967124939,1
high4423.txt_q2,4.0,0.9999828338623047,1
high11260.txt_q3,4.0,0.9972044825553894,1
high3104.txt_q0,4.0,0.8263847827911377,1
high15779.txt_q0,4.0,0.9999769926071167,1
middle7607.txt_q3,4.0,0.9996187686920166,1
high3907.txt_q2,4.0,0.9999998807907104,1
middle5690.txt_q3,4.0,0.9999997615814209,1
high1767.txt_q0,4.0,0.9851635098457336,1
high4908.txt_q3,4.0,0.9997820258140564,1
high14592.txt_q0,4.0,0.9977229237556458,1
middle6835.txt_q1,4.0,0.9858044385910034,1
high21184.txt_q3,4.0,0.2518099844455719,0
high22606.txt_q2,4.0,0.9999934434890747,1
high12837.txt_q2,4.0,0.04348351061344147,0
high16929.txt_q3,4.0,0.8947628140449524,1
high5359.txt_q3,4.0,0.9999768733978271,1
middle5065.txt_q1,4.0,1.0,1
high11600.txt_q1,4.0,0.9992234706878662,1
high1413.txt_q2,4.0,0.9996187686920166,1
high20037.txt_q0,4.0,0.9999996423721313,1
middle3092.txt_q0,4.0,0.9999105930328369,1
middle4380.txt_q4,4.0,0.9999651908874512,1
high12375.txt_q0,4.0,0.9999819993972778,1
middle8249.txt_q0,4.0,0.9999185800552368,1
high6941.txt_q0,4.0,0.9999624490737915,1
middle529.txt_q0,4.0,0.9986318945884705,1
middle4997.txt_q1,4.0,0.9969345331192017,1
high21437.txt_q2,4.0,0.9999922513961792,1
middle3180.txt_q2,4.0,0.999982476234436,1
high10822.txt_q1,4.0,0.3379994332790375,0
middle5845.txt_q0,4.0,0.9998037219047546,1
high17126.txt_q1,4.0,0.9995055198669434,1
high7038.txt_q1,4.0,0.9999595880508423,1
high10758.txt_q1,4.0,0.9909982681274414,1
high1926.txt_q2,4.0,0.9997915625572205,1
high5441.txt_q1,4.0,0.7852849960327148,1
middle5803.txt_q3,4.0,0.9893622994422913,1
middle6252.txt_q1,4.0,0.9999760389328003,1
high6363.txt_q1,4.0,0.9539481401443481,1
middle356.txt_q0,4.0,0.9999986886978149,1
middle1578.txt_q2,4.0,0.9990485310554504,1
high3741.txt_q1,4.0,0.9952263832092285,1
high4269.txt_q3,4.0,1.0,1
middle6297.txt_q2,4.0,0.9973031282424927,1
middle2649.txt_q2,4.0,0.9999991655349731,1
high21636.txt_q1,4.0,0.9962706565856934,1
high3170.txt_q0,4.0,0.5257374048233032,1
high140.txt_q1,4.0,0.7376371026039124,1
high13478.txt_q2,4.0,0.9997398257255554,1
high18770.txt_q1,4.0,0.9999921321868896,1
high3804.txt_q1,4.0,0.9998433589935303,1
middle6772.txt_q4,4.0,0.9994567036628723,1
high6563.txt_q3,4.0,0.9996210336685181,1
middle3618.txt_q2,4.0,0.9894428253173828,1
middle5891.txt_q1,4.0,0.9999998807907104,1
high23000.txt_q2,4.0,0.9986122846603394,1
middle8017.txt_q3,4.0,0.9999967813491821,1
high15357.txt_q1,4.0,0.9790560603141785,1
high7175.txt_q0,4.0,0.9999933242797852,1
high15604.txt_q0,4.0,1.0,1
middle5819.txt_q3,4.0,0.9999954700469971,1
middle6557.txt_q2,4.0,0.7863765954971313,1
high5619.txt_q3,4.0,0.9982621073722839,1
middle2224.txt_q4,4.0,0.9960511326789856,1
middle8218.txt_q3,4.0,0.5207369923591614,1
high14060.txt_q2,4.0,0.9999889135360718,1
high3966.txt_q1,4.0,0.9960687160491943,1
high252.txt_q3,4.0,0.9996206760406494,1
high22088.txt_q0,4.0,0.998448371887207,1
high3736.txt_q1,4.0,0.9994200468063354,1
high6108.txt_q2,4.0,0.999996542930603,1
high20674.txt_q2,4.0,0.9953147172927856,1
high8630.txt_q2,4.0,0.8741684556007385,1
high7448.txt_q1,4.0,0.5712348818778992,1
high8717.txt_q1,4.0,0.9999271631240845,1
high4766.txt_q1,4.0,0.7415409088134766,1
high20950.txt_q0,4.0,1.0,1
high18915.txt_q2,4.0,0.9999998807907104,1
high21825.txt_q1,4.0,0.999950647354126,1
high7028.txt_q3,4.0,0.9999970197677612,1
high225.txt_q1,4.0,0.9999967813491821,1
middle1731.txt_q0,4.0,1.0,1
high18120.txt_q0,4.0,0.9993780851364136,1
high2011.txt_q2,4.0,0.9982622265815735,1
high97.txt_q1,4.0,0.9992425441741943,1
high11355.txt_q1,4.0,0.9917831420898438,1
high11416.txt_q2,4.0,0.9678911566734314,1
high21383.txt_q3,4.0,1.0,1
high6798.txt_q1,4.0,0.9999873638153076,1
high19806.txt_q0,4.0,0.999984860420227,1
middle5229.txt_q0,4.0,0.9999970197677612,1
high2445.txt_q1,4.0,0.9995319843292236,1
high20608.txt_q3,4.0,1.0,1
high2591.txt_q3,4.0,0.9999774694442749,1
high22419.txt_q3,4.0,0.9941082000732422,1
high5719.txt_q0,4.0,0.9997766613960266,1
high11387.txt_q2,4.0,0.997471809387207,1
high367.txt_q0,4.0,0.42826494574546814,0
high9310.txt_q3,4.0,0.9999854564666748,1
high12782.txt_q3,4.0,0.9999985694885254,1
high10073.txt_q0,4.0,0.9987247586250305,1
high2473.txt_q1,4.0,0.9983676075935364,1
middle2343.txt_q2,4.0,0.3889080882072449,1
high18162.txt_q2,4.0,0.9475452899932861,1
high1262.txt_q2,4.0,0.9999719858169556,1
high5078.txt_q1,4.0,0.9994603991508484,1
high5277.txt_q0,4.0,0.9989483952522278,1
middle7671.txt_q0,4.0,0.9993184804916382,1
high10658.txt_q2,4.0,0.8029085397720337,1
high21344.txt_q2,4.0,0.999911904335022,1
high2395.txt_q1,4.0,0.9795081615447998,1
middle5887.txt_q1,4.0,0.9852821230888367,1
middle7454.txt_q2,4.0,0.9992358684539795,1
middle944.txt_q3,4.0,0.47824254631996155,0
high19753.txt_q2,4.0,0.5740489363670349,1
high19699.txt_q1,4.0,0.9999662637710571,1
high6332.txt_q2,4.0,0.9999998807907104,1
high3576.txt_q3,4.0,0.9999212026596069,1
high23554.txt_q2,4.0,0.9998558759689331,1
high19282.txt_q0,4.0,0.9999986886978149,1
high12938.txt_q3,4.0,0.983644962310791,1
high20985.txt_q1,4.0,0.9987722039222717,1
middle1312.txt_q4,4.0,0.4868597984313965,1
high22265.txt_q2,4.0,0.9889312982559204,1
high4459.txt_q0,4.0,0.9999778270721436,1
middle1341.txt_q4,4.0,0.9999922513961792,1
high8745.txt_q2,4.0,0.9981467723846436,1
high2797.txt_q3,4.0,0.9999479055404663,1
high2252.txt_q2,4.0,0.9999297857284546,1
middle5137.txt_q3,4.0,0.9999995231628418,1
high17538.txt_q2,4.0,0.9999977350234985,1
middle3389.txt_q2,4.0,0.9857333898544312,1
high15539.txt_q1,4.0,0.9999992847442627,1
high4642.txt_q2,4.0,0.995822548866272,1
high5305.txt_q0,4.0,0.9999808073043823,1
high24071.txt_q1,4.0,0.9631889462471008,1
high3365.txt_q3,4.0,0.9999983310699463,1
high15787.txt_q0,4.0,1.0,1
high11534.txt_q0,4.0,0.9999406337738037,1
high7296.txt_q1,4.0,0.9999998807907104,1
high20594.txt_q2,4.0,1.0,1
high20016.txt_q0,4.0,0.970802366733551,1
high11756.txt_q1,4.0,0.9999297857284546,1
middle3977.txt_q2,4.0,0.998461127281189,1
high17900.txt_q3,4.0,0.9656052589416504,1
middle3245.txt_q0,4.0,0.6962238550186157,1
middle3714.txt_q3,4.0,1.0,1
high6102.txt_q2,4.0,0.9997214674949646,1
high18504.txt_q2,4.0,0.9999996423721313,1
high2520.txt_q3,4.0,0.9994655251502991,1
high11183.txt_q0,4.0,0.9995717406272888,1
high20178.txt_q0,4.0,0.9243137836456299,1
middle1930.txt_q2,4.0,0.6942263841629028,1
high18982.txt_q2,4.0,0.9877248406410217,1
high15931.txt_q1,4.0,0.9997721314430237,1
high13699.txt_q0,4.0,0.27784672379493713,0
high99.txt_q1,4.0,0.8971520066261292,1
high15141.txt_q2,4.0,0.9999604225158691,1
high7558.txt_q0,4.0,0.9999905824661255,1
high20812.txt_q0,4.0,0.9999992847442627,1
middle1227.txt_q2,4.0,0.999957799911499,1
high737.txt_q2,4.0,0.9996367692947388,1
high4825.txt_q1,4.0,0.2940061390399933,0
high9255.txt_q2,4.0,0.9997054934501648,1
middle7510.txt_q1,4.0,0.9999872446060181,1
high5744.txt_q2,4.0,0.9999610185623169,1
middle5115.txt_q1,4.0,0.9998722076416016,1
middle5481.txt_q3,4.0,0.9987899661064148,1
high19455.txt_q2,4.0,0.9871473908424377,1
high14658.txt_q0,4.0,0.9998018145561218,1
middle7488.txt_q1,4.0,1.0,1
high23379.txt_q3,4.0,0.9862799644470215,1
high9197.txt_q2,4.0,0.9953169822692871,1
middle7639.txt_q3,4.0,0.9940359592437744,1
middle5728.txt_q0,4.0,0.7133232951164246,1
high24257.txt_q3,4.0,0.9999126195907593,1
middle756.txt_q3,4.0,0.9999998807907104,1
high19965.txt_q0,4.0,0.9711093902587891,1
high13137.txt_q3,4.0,0.9999805688858032,1
middle588.txt_q1,4.0,0.9998961687088013,1
middle7070.txt_q3,4.0,0.999625563621521,1
high20523.txt_q0,4.0,0.9993299245834351,1
middle2655.txt_q1,4.0,0.8707806468009949,1
high2095.txt_q1,4.0,0.9999924898147583,1
middle6791.txt_q3,4.0,0.9999995231628418,1
high24051.txt_q0,4.0,0.9989553689956665,1
high13573.txt_q0,4.0,0.9947459697723389,1
middle5828.txt_q1,4.0,0.9991338849067688,1
middle628.txt_q0,4.0,0.999997615814209,1
high20050.txt_q1,4.0,0.9998303651809692,1
high2691.txt_q2,4.0,0.9996538162231445,1
high3900.txt_q3,4.0,0.99998939037323,1
high16079.txt_q3,4.0,0.9976091384887695,1
high11934.txt_q1,4.0,0.9999945163726807,1
middle4658.txt_q1,4.0,0.9998871088027954,1
high20005.txt_q3,4.0,0.975602388381958,1
high15552.txt_q2,4.0,0.999671220779419,1
high18725.txt_q1,4.0,0.9999635219573975,1
high13107.txt_q0,4.0,0.9998995065689087,1
high10710.txt_q0,4.0,0.9999963045120239,1
middle2094.txt_q0,4.0,0.9999961853027344,1
high11334.txt_q0,4.0,0.999969482421875,1
high4234.txt_q0,4.0,0.9913730621337891,1
middle3849.txt_q1,4.0,0.9989683628082275,1
middle2294.txt_q2,4.0,0.11521734297275543,0
middle5093.txt_q0,4.0,0.9999817609786987,1
high13210.txt_q1,4.0,0.809224009513855,1
high16271.txt_q0,4.0,0.999882698059082,1
high20495.txt_q2,4.0,0.9993560910224915,1
high927.txt_q1,4.0,1.0,1
middle583.txt_q1,4.0,0.9999994039535522,1
high11228.txt_q1,4.0,0.10989493876695633,0
high17392.txt_q1,4.0,0.9999591112136841,1
middle6835.txt_q2,4.0,0.9978907704353333,1
high6458.txt_q1,4.0,0.9988239407539368,1
middle5762.txt_q0,4.0,0.9999984502792358,1
high21796.txt_q0,4.0,0.5146047472953796,1
high10354.txt_q1,4.0,0.9938117265701294,1
high9713.txt_q2,4.0,0.999968409538269,1
middle6263.txt_q2,4.0,1.0,1
middle343.txt_q2,4.0,0.9985207915306091,1
high5595.txt_q2,4.0,0.999956488609314,1
high7226.txt_q0,4.0,1.0,1
middle2834.txt_q2,4.0,0.99558025598526,1
high2355.txt_q0,4.0,0.9999980926513672,1
high16799.txt_q1,4.0,0.9999997615814209,1
high12684.txt_q1,4.0,0.820946455001831,1
high16423.txt_q0,4.0,0.9988037347793579,1
middle1819.txt_q3,4.0,0.9818983674049377,1
high2323.txt_q0,4.0,0.9999998807907104,1
middle5087.txt_q1,4.0,0.9904006123542786,1
high9083.txt_q0,4.0,0.9999986886978149,1
middle8267.txt_q1,4.0,0.9143256545066833,1
middle7618.txt_q3,4.0,1.0,1
high21334.txt_q1,4.0,0.9919403195381165,1
high314.txt_q2,4.0,0.2511541545391083,0
middle1723.txt_q1,4.0,1.0,1
high305.txt_q3,4.0,0.999289870262146,1
high22698.txt_q1,4.0,0.8635596632957458,1
high1581.txt_q1,4.0,0.9912430047988892,1
high14953.txt_q0,4.0,0.9995777010917664,1
high12349.txt_q1,4.0,0.8950904011726379,1
middle3029.txt_q1,4.0,0.9154658913612366,1
middle8110.txt_q0,4.0,0.9999995231628418,1
high13261.txt_q0,4.0,0.9961125254631042,1
high9344.txt_q1,4.0,0.9998445510864258,1
high14111.txt_q0,4.0,0.9999158382415771,1
high21489.txt_q1,4.0,0.9996590614318848,1
high18618.txt_q2,4.0,0.9972073435783386,1
middle1940.txt_q2,4.0,0.5266087055206299,1
high1506.txt_q0,4.0,0.9972071051597595,1
high6337.txt_q0,4.0,0.9991937279701233,1
high13034.txt_q0,4.0,0.9976034760475159,1
high19672.txt_q1,4.0,0.9996819496154785,1
high21599.txt_q2,4.0,0.9974418878555298,1
high20874.txt_q1,4.0,0.9999998807907104,1
high16925.txt_q0,4.0,0.9999978542327881,1
high7112.txt_q0,4.0,0.999961256980896,1
high6114.txt_q3,4.0,0.9995734095573425,1
high19221.txt_q1,4.0,0.9998722076416016,1
high22913.txt_q1,4.0,0.9972813129425049,1
high5172.txt_q1,4.0,0.999708354473114,1
high20352.txt_q0,4.0,1.0,1
high6627.txt_q0,4.0,0.9997909665107727,1
middle558.txt_q2,4.0,0.9999899864196777,1
high13849.txt_q1,4.0,0.9998733997344971,1
middle7666.txt_q3,4.0,0.9999997615814209,1
middle7893.txt_q3,4.0,0.9955034852027893,1
middle5520.txt_q0,4.0,0.9999986886978149,1
high15094.txt_q0,4.0,0.9999990463256836,1
middle6588.txt_q0,4.0,0.9997039437294006,1
high20334.txt_q3,4.0,0.9999996423721313,1
high11795.txt_q0,4.0,0.9999557733535767,1
high4515.txt_q2,4.0,0.9977747797966003,1
high10352.txt_q3,4.0,0.9992597699165344,1
high23859.txt_q2,4.0,0.9999959468841553,1
high20189.txt_q0,4.0,0.9999220371246338,1
high21532.txt_q2,4.0,0.8672732710838318,1
middle2121.txt_q2,4.0,0.9999966621398926,1
high13771.txt_q0,4.0,0.9994916915893555,1
high1023.txt_q0,4.0,0.9999998807907104,1
middle7239.txt_q3,4.0,0.9995372295379639,1
middle32.txt_q4,4.0,0.9995285272598267,1
high3082.txt_q1,4.0,0.9983281493186951,1
middle27.txt_q3,4.0,1.0,1
high9346.txt_q1,4.0,0.5732912421226501,1
middle6873.txt_q1,4.0,0.9999990463256836,1
high19764.txt_q1,4.0,0.9999945163726807,1
middle1015.txt_q0,4.0,0.519523561000824,1
middle6246.txt_q2,4.0,1.0,1
high19247.txt_q0,4.0,0.9995765089988708,1
middle3354.txt_q1,4.0,0.9998619556427002,1
high20391.txt_q2,4.0,0.8920141458511353,1
middle3936.txt_q0,4.0,0.995013415813446,1
middle1789.txt_q4,4.0,1.0,1
high1964.txt_q0,4.0,0.9993859529495239,1
high3760.txt_q3,4.0,0.9983199238777161,1
high9727.txt_q4,4.0,1.0,1
middle1549.txt_q3,4.0,1.0,1
high5137.txt_q3,4.0,0.9969845414161682,1
high20954.txt_q2,4.0,0.9985393285751343,1
high23695.txt_q1,4.0,0.9531034231185913,1
high9304.txt_q3,4.0,0.901772141456604,1
high8052.txt_q1,4.0,0.9999140501022339,1
high13416.txt_q2,4.0,0.9999961853027344,1
high9260.txt_q1,4.0,0.9999985694885254,1
high1866.txt_q1,4.0,0.999984860420227,1
middle7702.txt_q1,4.0,1.0,1
high15829.txt_q0,4.0,0.8722075819969177,1
high20856.txt_q0,4.0,0.9999648332595825,1
middle671.txt_q0,4.0,0.9999997615814209,1
middle317.txt_q4,4.0,0.9999996423721313,1
high17297.txt_q2,4.0,0.9999984502792358,1
high18730.txt_q0,4.0,0.7834025025367737,1
middle3247.txt_q4,4.0,0.9834107756614685,1
middle1330.txt_q2,4.0,1.0,1
high6875.txt_q1,4.0,1.0,1
middle3224.txt_q1,4.0,0.9985998272895813,1
high18425.txt_q1,4.0,0.9950062036514282,1
high23403.txt_q1,4.0,0.9999943971633911,1
high20455.txt_q1,4.0,0.9997537732124329,1
high255.txt_q3,4.0,0.9974555373191833,1
high18653.txt_q0,4.0,0.920647919178009,1
middle7157.txt_q0,4.0,0.9872539639472961,1
high10659.txt_q0,4.0,0.9960236549377441,1
middle835.txt_q3,4.0,0.23076003789901733,0
middle7113.txt_q3,4.0,0.9993571639060974,1
high16301.txt_q4,4.0,0.9901241660118103,1
high7644.txt_q3,4.0,0.9999345541000366,1
middle3998.txt_q2,4.0,0.08202005922794342,0
high11276.txt_q1,4.0,0.9960590600967407,1
high11881.txt_q1,4.0,0.9999990463256836,1
high21835.txt_q2,4.0,0.9989903569221497,1
middle2110.txt_q0,4.0,0.9998946189880371,1
high11548.txt_q2,4.0,0.9998291730880737,1
high252.txt_q0,4.0,0.9994292855262756,1
high10739.txt_q0,4.0,0.9999996423721313,1
middle2621.txt_q2,4.0,0.9908922910690308,1
high17095.txt_q0,4.0,0.9985154271125793,1
high12206.txt_q1,4.0,0.9995924830436707,1
high19454.txt_q1,4.0,0.9998464584350586,1
high3306.txt_q0,4.0,0.9499331712722778,1
high5650.txt_q1,4.0,0.998456597328186,1
high8233.txt_q2,4.0,0.9933928847312927,1
high19532.txt_q1,4.0,0.9999998807907104,1
high15455.txt_q0,4.0,0.9999707937240601,1
high13876.txt_q1,4.0,0.9995294809341431,1
high22092.txt_q1,4.0,0.9662368297576904,1
middle2444.txt_q0,4.0,0.9995317459106445,1
middle5902.txt_q1,4.0,0.9999812841415405,1
middle6091.txt_q0,4.0,0.9999988079071045,1
high10865.txt_q3,4.0,0.9999942779541016,1
high4840.txt_q0,4.0,0.9999744892120361,1
high18852.txt_q0,4.0,0.4049815535545349,1
middle1500.txt_q1,4.0,0.9993094205856323,1
high14395.txt_q0,4.0,0.9999805688858032,1
middle7463.txt_q3,4.0,0.25036290287971497,0
middle840.txt_q1,4.0,0.47106316685676575,1
high776.txt_q2,4.0,0.9994553923606873,1
high16988.txt_q1,4.0,0.9990542531013489,1
high8767.txt_q2,4.0,0.7008454203605652,1
high15725.txt_q0,4.0,0.2151469737291336,0
high2914.txt_q3,4.0,0.9999992847442627,1
high5853.txt_q0,4.0,0.9723882675170898,1
high10679.txt_q2,4.0,0.9999558925628662,1
high24092.txt_q2,4.0,0.9960728883743286,1
high7315.txt_q1,4.0,0.9999091625213623,1
high14847.txt_q2,4.0,0.9999016523361206,1
high16702.txt_q1,4.0,0.953622043132782,1
high2638.txt_q2,4.0,0.9918661713600159,1
middle2366.txt_q1,4.0,0.9998873472213745,1
middle5491.txt_q2,4.0,0.9999433755874634,1
high21389.txt_q0,4.0,0.9942336678504944,1
high14223.txt_q2,4.0,0.9999974966049194,1
high20691.txt_q1,4.0,0.9983512163162231,1
high10412.txt_q0,4.0,0.9928483963012695,1
high5355.txt_q0,4.0,0.9999983310699463,1
high15843.txt_q0,4.0,0.9999945163726807,1
middle4116.txt_q4,4.0,0.9990425705909729,1
high9489.txt_q3,4.0,0.996604323387146,1
middle7976.txt_q0,4.0,0.9998175501823425,1
high3123.txt_q2,4.0,0.984429121017456,1
middle1561.txt_q0,4.0,0.9626172780990601,1
high8977.txt_q0,4.0,0.9999910593032837,1
high22766.txt_q0,4.0,0.9994091987609863,1
middle3137.txt_q1,4.0,0.9999990463256836,1
high18446.txt_q1,4.0,0.7603148818016052,1
high23838.txt_q1,4.0,0.9986441731452942,1
high9967.txt_q2,4.0,0.9999926090240479,1
middle7065.txt_q0,4.0,0.6211257576942444,1
high2719.txt_q2,4.0,0.99957674741745,1
high10635.txt_q1,4.0,0.9995146989822388,1
middle7290.txt_q1,4.0,0.9998373985290527,1
middle5661.txt_q2,4.0,0.9988164901733398,1
high2734.txt_q1,4.0,0.9999639987945557,1
high22071.txt_q2,4.0,0.999969482421875,1
middle46.txt_q2,4.0,0.9999880790710449,1
high3086.txt_q3,4.0,0.9836169481277466,1
middle7009.txt_q0,4.0,0.6458390951156616,1
middle5964.txt_q1,4.0,0.9999973773956299,1
middle1663.txt_q0,4.0,0.99856036901474,1
high19197.txt_q2,4.0,0.9545032382011414,1
high21663.txt_q0,4.0,1.0,1
high11159.txt_q2,4.0,0.9867317080497742,1
high4811.txt_q0,4.0,0.9999977350234985,1
high23958.txt_q3,4.0,0.9999544620513916,1
high18220.txt_q2,4.0,0.9999997615814209,1
middle7342.txt_q1,4.0,0.9979692101478577,1
middle3765.txt_q1,4.0,0.9957501888275146,1
high10118.txt_q3,4.0,0.999800980091095,1
middle1533.txt_q2,4.0,1.0,1
middle4302.txt_q3,4.0,1.0,1
high3631.txt_q3,4.0,0.9999995231628418,1
middle6003.txt_q0,4.0,0.999998927116394,1
middle107.txt_q3,4.0,0.9999994039535522,1
high11579.txt_q2,4.0,0.9721689820289612,1
high3611.txt_q2,4.0,0.9979094862937927,1
middle8142.txt_q0,4.0,0.9998018145561218,1
middle6518.txt_q1,4.0,0.9833108186721802,1
middle1826.txt_q1,4.0,1.0,1
high19605.txt_q2,4.0,0.9999957084655762,1
middle6225.txt_q2,4.0,0.999951958656311,1
middle5035.txt_q2,4.0,1.0,1
middle7241.txt_q2,4.0,0.9984028935432434,1
middle4274.txt_q0,4.0,0.9998090863227844,1
high4433.txt_q0,4.0,0.9999998807907104,1
high16843.txt_q3,4.0,0.9999996423721313,1
high6772.txt_q0,4.0,1.0,1
middle6675.txt_q0,4.0,0.6834961771965027,1
high1306.txt_q1,4.0,0.9163302183151245,1
middle1903.txt_q1,4.0,0.9109364748001099,1
middle5094.txt_q3,4.0,0.9999983310699463,1
high18170.txt_q3,4.0,0.6436586976051331,1
high17485.txt_q3,4.0,0.9981247782707214,1
high18754.txt_q2,4.0,0.9998642206192017,1
high13807.txt_q1,4.0,0.9997842907905579,1
high23964.txt_q0,4.0,0.9943432807922363,1
high22937.txt_q2,4.0,0.9631438255310059,1
high4698.txt_q3,4.0,0.9999867677688599,1
middle5332.txt_q3,4.0,0.9999998807907104,1
high7714.txt_q1,4.0,0.9997619986534119,1
middle5928.txt_q3,4.0,0.999994158744812,1
middle5829.txt_q4,4.0,0.9965873956680298,1
middle8015.txt_q1,4.0,0.9999971389770508,1
high11195.txt_q3,4.0,0.9742457866668701,1
high20956.txt_q1,4.0,0.978655219078064,1
high9155.txt_q1,4.0,0.0981103926897049,0
high10847.txt_q2,4.0,0.976536750793457,1
high4735.txt_q0,4.0,0.9967979788780212,1
high12502.txt_q1,4.0,0.9989601373672485,1
high7413.txt_q2,4.0,0.9999973773956299,1
high21920.txt_q2,4.0,0.9999992847442627,1
high21144.txt_q2,4.0,0.9759905934333801,1
high6682.txt_q3,4.0,1.0,1
high8065.txt_q0,4.0,0.9997929930686951,1
high6045.txt_q0,4.0,0.9999666213989258,1
high18058.txt_q3,4.0,0.9956694841384888,1
high19165.txt_q2,4.0,0.8035256862640381,1
high1445.txt_q2,4.0,0.9053612351417542,1
high12954.txt_q1,4.0,0.9383655786514282,1
high8519.txt_q3,4.0,0.9999841451644897,1
middle6796.txt_q0,4.0,0.9957808256149292,1
high20381.txt_q2,4.0,0.18228937685489655,0
high12929.txt_q2,4.0,0.9999817609786987,1
middle624.txt_q4,4.0,0.9991921782493591,1
high17667.txt_q3,4.0,0.8681501150131226,1
high14650.txt_q0,4.0,0.9998525381088257,1
high13578.txt_q1,4.0,0.9996064305305481,1
high20134.txt_q0,4.0,0.9999798536300659,1
high9056.txt_q3,4.0,0.9999922513961792,1
high17978.txt_q3,4.0,0.9958763122558594,1
high5466.txt_q0,4.0,0.9999880790710449,1
high18164.txt_q2,4.0,0.7799558043479919,1
high18409.txt_q0,4.0,0.6098324060440063,1
high2544.txt_q0,4.0,0.9999901056289673,1
high2377.txt_q2,4.0,0.9468501806259155,1
high17466.txt_q3,4.0,0.9997169375419617,1
high23425.txt_q1,4.0,0.9999997615814209,1
high1.txt_q3,4.0,0.9824663400650024,1
middle1440.txt_q2,4.0,0.9996813535690308,1
high5620.txt_q1,4.0,0.9331691265106201,1
high19034.txt_q1,4.0,0.7979706525802612,1
middle3978.txt_q1,4.0,0.9177056550979614,1
high15963.txt_q1,4.0,0.34554076194763184,0
high12926.txt_q2,4.0,0.9999959468841553,1
high2916.txt_q3,4.0,0.9999885559082031,1
high20249.txt_q0,4.0,0.9999992847442627,1
middle628.txt_q2,4.0,1.0,1
middle7243.txt_q3,4.0,0.9999806880950928,1
high15024.txt_q1,4.0,0.9868292212486267,1
high21999.txt_q0,4.0,0.99370276927948,1
high16381.txt_q1,4.0,0.9999992847442627,1
high6321.txt_q2,4.0,0.9958693385124207,1
middle3888.txt_q1,4.0,0.9999998807907104,1
high17276.txt_q2,4.0,0.9999818801879883,1
high183.txt_q0,4.0,0.9999991655349731,1
middle667.txt_q0,4.0,0.9999363422393799,1
middle949.txt_q2,4.0,1.0,1
middle5762.txt_q3,4.0,0.9999986886978149,1
high5721.txt_q3,4.0,0.8695462346076965,1
high2587.txt_q1,4.0,0.9893417358398438,1
high5204.txt_q3,4.0,0.9998729228973389,1
high16445.txt_q2,4.0,0.8492997288703918,1
high18261.txt_q0,4.0,0.9969866871833801,1
high15571.txt_q3,4.0,0.7264455556869507,1
high19123.txt_q0,4.0,0.9986296892166138,1
high19822.txt_q1,4.0,0.9599664211273193,1
high17339.txt_q2,4.0,0.999996542930603,1
high3076.txt_q1,4.0,0.999990701675415,1
high7643.txt_q0,4.0,0.9999997615814209,1
high3569.txt_q0,4.0,0.9999997615814209,1
high12583.txt_q0,4.0,0.9307921528816223,1
middle1934.txt_q1,4.0,0.999990701675415,1
high5659.txt_q2,4.0,0.9999426603317261,1
high20866.txt_q0,4.0,0.9998807907104492,1
high19172.txt_q0,4.0,0.9992743134498596,1
high22905.txt_q2,4.0,0.999995231628418,1
high20717.txt_q3,4.0,0.9999752044677734,1
high12007.txt_q2,4.0,0.9888715147972107,1
high3112.txt_q3,4.0,1.0,1
middle2185.txt_q2,4.0,0.948736846446991,1
high21572.txt_q3,4.0,0.9987494945526123,1
middle7237.txt_q3,4.0,0.9983605742454529,1
high605.txt_q2,4.0,0.9143605828285217,1
high20848.txt_q1,4.0,0.9981605410575867,1
high2403.txt_q1,4.0,0.9367333054542542,1
middle1344.txt_q2,4.0,0.9999886751174927,1
high18172.txt_q3,4.0,0.9999855756759644,1
high6386.txt_q2,4.0,0.9997726082801819,1
high11430.txt_q1,4.0,0.9513118267059326,1
high21956.txt_q2,4.0,0.9999771118164062,1
high2340.txt_q2,4.0,0.9999991655349731,1
high15280.txt_q1,4.0,0.9999916553497314,1
high7362.txt_q0,4.0,0.999649167060852,1
high7630.txt_q1,4.0,0.963962733745575,1
high13997.txt_q1,4.0,0.9967490434646606,1
high12565.txt_q0,4.0,0.9999980926513672,1
middle6143.txt_q2,4.0,0.99898761510849,1
high5845.txt_q1,4.0,0.9999934434890747,1
high13380.txt_q1,4.0,0.9927260875701904,1
middle7082.txt_q0,4.0,0.9998823404312134,1
middle7258.txt_q4,4.0,0.999953031539917,1
high1308.txt_q0,4.0,1.0,1
high21751.txt_q0,4.0,0.9999881982803345,1
high14681.txt_q2,4.0,0.9926930665969849,1
middle1819.txt_q2,4.0,0.9999995231628418,1
middle2303.txt_q0,4.0,1.0,1
high13881.txt_q2,4.0,0.9999998807907104,1
middle4448.txt_q2,4.0,0.9999873638153076,1
middle6699.txt_q3,4.0,1.0,1
high2709.txt_q0,4.0,0.9999904632568359,1
high8427.txt_q0,4.0,0.999995231628418,1
high6650.txt_q2,4.0,0.9999628067016602,1
middle4150.txt_q4,4.0,0.9943686127662659,1
high19868.txt_q0,4.0,1.0,1
high1784.txt_q0,4.0,0.9994858503341675,1
high14493.txt_q0,4.0,0.9973834156990051,1
middle3735.txt_q1,4.0,1.0,1
high875.txt_q2,4.0,0.4451123774051666,0
middle7884.txt_q0,4.0,0.9987103939056396,1
middle6571.txt_q2,4.0,0.9965213537216187,1
high21003.txt_q2,4.0,0.9999996423721313,1
middle1168.txt_q3,4.0,0.9999855756759644,1
high3768.txt_q0,4.0,0.9964972138404846,1
high1786.txt_q1,4.0,0.9993101358413696,1
middle765.txt_q1,4.0,0.995872437953949,1
high6990.txt_q0,4.0,0.9969441294670105,1
high15814.txt_q3,4.0,0.9998712539672852,1
high4167.txt_q0,4.0,0.9995437264442444,1
high19104.txt_q2,4.0,0.9999995231628418,1
middle2541.txt_q4,4.0,0.9999409914016724,1
high16229.txt_q3,4.0,0.9999998807907104,1
high22178.txt_q0,4.0,1.0,1
high10025.txt_q1,4.0,0.9930065870285034,1
high19031.txt_q4,4.0,0.9007173180580139,1
high5581.txt_q0,4.0,0.9999994039535522,1
high12591.txt_q1,4.0,0.9611421227455139,1
high4208.txt_q0,4.0,0.9978355765342712,1
middle7365.txt_q0,4.0,1.0,1
high19481.txt_q2,4.0,0.9869778752326965,1
high12851.txt_q1,4.0,0.9999780654907227,1
high12732.txt_q2,4.0,0.9619945883750916,1
high14555.txt_q2,4.0,0.9999840259552002,1
high7845.txt_q1,4.0,0.9988077878952026,1
middle4673.txt_q4,4.0,0.9998996257781982,1
high17167.txt_q1,4.0,0.999976634979248,1
high13536.txt_q0,4.0,1.0,1
high14898.txt_q1,4.0,0.9998044371604919,1
middle2169.txt_q1,4.0,0.9999897480010986,1
high17221.txt_q2,4.0,0.9999392032623291,1
high11030.txt_q1,4.0,0.9998575448989868,1
high7330.txt_q1,4.0,0.9999984502792358,1
high4580.txt_q1,4.0,0.999998927116394,1
high23843.txt_q0,4.0,0.9999686479568481,1
high9947.txt_q3,4.0,0.9995691180229187,1
high3804.txt_q3,4.0,0.9999817609786987,1
middle1100.txt_q3,4.0,0.9995914101600647,1
high5142.txt_q2,4.0,0.9822567105293274,1
high8355.txt_q1,4.0,0.9999676942825317,1
middle6153.txt_q4,4.0,0.9999984502792358,1
high4318.txt_q1,4.0,0.8995718359947205,1
middle8156.txt_q2,4.0,0.9998681545257568,1
high17598.txt_q0,4.0,0.9304319620132446,1
middle6328.txt_q2,4.0,0.9999877214431763,1
high4933.txt_q2,4.0,0.9989843964576721,1
high17133.txt_q0,4.0,0.9999868869781494,1
high213.txt_q0,4.0,0.9997219443321228,1
high15854.txt_q3,4.0,0.9994603991508484,1
middle440.txt_q0,4.0,0.9355368614196777,1
high10803.txt_q0,4.0,0.9999344348907471,1
middle438.txt_q2,4.0,0.9983090162277222,1
high5127.txt_q3,4.0,0.9999775886535645,1
high11540.txt_q2,4.0,0.9994731545448303,1
middle8242.txt_q3,4.0,0.9999998807907104,1
high1275.txt_q0,4.0,0.9665210247039795,1
high2239.txt_q2,4.0,0.9892917275428772,1
middle6878.txt_q0,4.0,0.9928805828094482,1
high10794.txt_q0,4.0,0.9998075366020203,1
high18977.txt_q0,4.0,0.9986973404884338,1
high18621.txt_q0,4.0,0.9451054930686951,1
high15893.txt_q0,4.0,0.9998387098312378,1
high17303.txt_q0,4.0,0.9989963173866272,1
middle3761.txt_q2,4.0,1.0,1
high9902.txt_q3,4.0,0.9999964237213135,1
high18334.txt_q1,4.0,1.0,1
high10364.txt_q0,4.0,0.9999662637710571,1
middle6343.txt_q3,4.0,0.9999570846557617,1
middle2388.txt_q1,4.0,0.9312638640403748,1
middle7453.txt_q2,4.0,0.9769599437713623,1
middle6467.txt_q2,4.0,0.9888889193534851,1
middle559.txt_q0,4.0,0.8420193195343018,1
high14288.txt_q2,4.0,0.9177757501602173,1
middle4513.txt_q2,4.0,0.731074869632721,1
high9171.txt_q1,4.0,0.9623509049415588,1
middle4269.txt_q0,4.0,0.9999567270278931,1
high7967.txt_q1,4.0,0.9999860525131226,1
middle6465.txt_q3,4.0,0.998763918876648,1
high24213.txt_q1,4.0,0.9998080134391785,1
high9448.txt_q3,4.0,0.9999874830245972,1
middle7385.txt_q0,4.0,0.9996322393417358,1
middle4517.txt_q0,4.0,0.9999994039535522,1
high10880.txt_q1,4.0,0.9999951124191284,1
high11558.txt_q1,4.0,0.9902223348617554,1
high6186.txt_q0,4.0,0.9830533862113953,1
high22927.txt_q1,4.0,0.9999938011169434,1
high1472.txt_q3,4.0,0.9999996423721313,1
middle6127.txt_q4,4.0,0.9988094568252563,1
middle5085.txt_q2,4.0,0.9998855590820312,1
high23511.txt_q2,4.0,0.8234468698501587,1
high860.txt_q0,4.0,0.9482017159461975,1
middle4295.txt_q3,4.0,0.9990851879119873,1
high7844.txt_q2,4.0,0.9954867959022522,1
high18251.txt_q0,4.0,0.9992697834968567,1
high4458.txt_q2,4.0,0.9999991655349731,1
high2621.txt_q2,4.0,0.9992584586143494,1
middle653.txt_q3,4.0,0.9997411370277405,1
high7831.txt_q2,4.0,0.9999996423721313,1
high9670.txt_q0,4.0,0.9987305998802185,1
high23563.txt_q3,4.0,0.9999996423721313,1
high2312.txt_q0,4.0,0.9978029131889343,1
high11624.txt_q1,4.0,0.9999681711196899,1
high16015.txt_q0,4.0,0.9978857636451721,1
high2136.txt_q0,4.0,0.9975455403327942,1
high11673.txt_q2,4.0,0.9999501705169678,1
high2944.txt_q2,4.0,0.6286821961402893,1
high5178.txt_q1,4.0,0.9964450001716614,1
high7201.txt_q3,4.0,0.8343995809555054,1
high9077.txt_q3,4.0,0.9999985694885254,1
high5886.txt_q0,4.0,0.9990733861923218,1
high4961.txt_q1,4.0,0.9999984502792358,1
high15659.txt_q2,4.0,0.9992986917495728,1
high5607.txt_q1,4.0,0.9872632622718811,1
high17465.txt_q0,4.0,0.9903675317764282,1
high8353.txt_q1,4.0,0.9999990463256836,1
high17558.txt_q0,4.0,0.999874472618103,1
middle3276.txt_q2,4.0,0.9486140012741089,1
middle3261.txt_q0,4.0,0.6427010893821716,1
middle1169.txt_q0,4.0,0.9997785687446594,1
middle7960.txt_q1,4.0,0.9990954399108887,1
high13768.txt_q1,4.0,0.9999061822891235,1
high21707.txt_q0,4.0,0.9999947547912598,1
middle7584.txt_q3,4.0,0.999996542930603,1
high14270.txt_q0,4.0,0.9999734163284302,1
high15007.txt_q3,4.0,0.9520629048347473,1
high7431.txt_q1,4.0,0.9651858806610107,1
high10615.txt_q2,4.0,1.0,1
high7175.txt_q2,4.0,0.9955301880836487,1
high1821.txt_q3,4.0,0.9996104836463928,1
high22035.txt_q3,4.0,0.9998714923858643,1
high1552.txt_q0,4.0,0.9999645948410034,1
middle480.txt_q2,4.0,0.9974051117897034,1
high4629.txt_q2,4.0,0.976252555847168,1
high17099.txt_q2,4.0,0.999968409538269,1
high13443.txt_q1,4.0,0.9998812675476074,1
high18224.txt_q1,4.0,0.9999779462814331,1
high17407.txt_q1,4.0,0.9999967813491821,1
high9320.txt_q0,4.0,0.9999972581863403,1
middle2775.txt_q0,4.0,0.9985515475273132,1
high16602.txt_q0,4.0,0.9999998807907104,1
middle7636.txt_q2,4.0,0.9999982118606567,1
middle5374.txt_q0,4.0,0.9999994039535522,1
middle6299.txt_q2,4.0,0.999843955039978,1
middle4659.txt_q0,4.0,0.999151349067688,1
middle1946.txt_q3,4.0,0.9999828338623047,1
high15415.txt_q1,4.0,0.9999992847442627,1
high22613.txt_q0,4.0,0.9999754428863525,1
high18412.txt_q0,4.0,0.9999963045120239,1
high16726.txt_q3,4.0,0.9999998807907104,1
middle4223.txt_q1,4.0,0.9999232292175293,1
high13020.txt_q1,4.0,1.0,1
middle2482.txt_q0,4.0,0.9999961853027344,1
high299.txt_q3,4.0,0.9999303817749023,1
high24169.txt_q2,4.0,0.9997338652610779,1
high1879.txt_q0,4.0,0.9965803027153015,1
high17403.txt_q1,4.0,0.9999666213989258,1
high5686.txt_q0,4.0,0.9999634027481079,1
high23162.txt_q2,4.0,0.9995911717414856,1
high15723.txt_q0,4.0,0.9999984502792358,1
high22190.txt_q0,4.0,0.9999995231628418,1
high24141.txt_q3,4.0,0.999840497970581,1
middle4644.txt_q0,4.0,0.9999994039535522,1
high7319.txt_q4,4.0,0.9997116923332214,1
middle2799.txt_q0,4.0,1.0,1
high14997.txt_q2,4.0,0.9990170001983643,1
high4434.txt_q1,4.0,0.9999521970748901,1
high15117.txt_q1,4.0,0.9998199343681335,1
high7119.txt_q2,4.0,0.991042971611023,1
high19844.txt_q0,4.0,0.9998674392700195,1
middle3691.txt_q3,4.0,0.9996040463447571,1
high15481.txt_q0,4.0,0.9999970197677612,1
high12403.txt_q3,4.0,0.9999998807907104,1
high4528.txt_q1,4.0,0.9999645948410034,1
high14589.txt_q3,4.0,0.9999998807907104,1
middle5247.txt_q4,4.0,0.99928218126297,1
high11773.txt_q2,4.0,0.9992018342018127,1
middle7922.txt_q0,4.0,0.9840205907821655,1
high22656.txt_q1,4.0,0.9997555613517761,1
middle2259.txt_q3,4.0,0.8022540807723999,1
high21414.txt_q2,4.0,0.9999896287918091,1
middle6253.txt_q4,4.0,0.9999998807907104,1
high12145.txt_q0,4.0,1.0,1
high16952.txt_q0,4.0,0.9980144500732422,1
high17606.txt_q0,4.0,0.9995187520980835,1
high11583.txt_q0,4.0,0.9634080529212952,1
high20309.txt_q0,4.0,0.9999423027038574,1
middle438.txt_q1,4.0,0.9991306662559509,1
high11830.txt_q1,4.0,0.9988658428192139,1
high600.txt_q2,4.0,0.9722107648849487,1
middle1396.txt_q0,4.0,0.9998916387557983,1
high3470.txt_q2,4.0,0.9900965690612793,1
high11967.txt_q0,4.0,0.9999946355819702,1
high12329.txt_q1,4.0,0.9974564909934998,1
high13767.txt_q1,4.0,0.9974839687347412,1
high3171.txt_q3,4.0,0.9999985694885254,1
high15038.txt_q1,4.0,0.9835341572761536,1
high19368.txt_q0,4.0,0.9999984502792358,1
high9415.txt_q0,4.0,0.9976871013641357,1
high9391.txt_q0,4.0,0.9997802376747131,1
middle2699.txt_q2,4.0,0.3703310489654541,0
high13547.txt_q2,4.0,0.999947190284729,1
middle1418.txt_q0,4.0,0.9847086668014526,1
high17868.txt_q3,4.0,0.999755322933197,1
high21290.txt_q1,4.0,0.9966853260993958,1
high6419.txt_q2,4.0,0.9999943971633911,1
high23748.txt_q2,4.0,0.9878727197647095,1
high4565.txt_q1,4.0,0.8049930334091187,1
high16281.txt_q0,4.0,0.9516169428825378,1
high10734.txt_q2,4.0,0.9410074353218079,1
high19386.txt_q2,4.0,0.9998584985733032,1
high7675.txt_q3,4.0,0.9998542070388794,1
high10485.txt_q1,4.0,0.9999994039535522,1
high21054.txt_q1,4.0,0.9994087219238281,1
high17184.txt_q1,4.0,0.9999853372573853,1
middle7764.txt_q0,4.0,1.0,1
middle1315.txt_q4,4.0,0.9993315935134888,1
high17950.txt_q0,4.0,0.9999986886978149,1
high22041.txt_q1,4.0,0.9999961853027344,1
high10447.txt_q2,4.0,0.9945064187049866,1
high24242.txt_q1,4.0,0.999940037727356,1
high16067.txt_q2,4.0,0.9541610479354858,1
high16345.txt_q1,4.0,0.47223278880119324,1
middle932.txt_q3,4.0,0.9999957084655762,1
high8756.txt_q2,4.0,0.9999998807907104,1
high21669.txt_q1,4.0,0.5178890824317932,1
high14420.txt_q1,4.0,0.9999816417694092,1
middle4354.txt_q2,4.0,0.9999990463256836,1
high9608.txt_q2,4.0,0.9981138706207275,1
high23141.txt_q1,4.0,0.9916957020759583,1
high10756.txt_q2,4.0,0.9999785423278809,1
high121.txt_q3,4.0,0.999966025352478,1
middle3927.txt_q2,4.0,0.9995681643486023,1
high5225.txt_q1,4.0,0.9999873638153076,1
high12279.txt_q1,4.0,0.9732341766357422,1
high9316.txt_q3,4.0,0.9992758631706238,1
high18958.txt_q0,4.0,0.9997805953025818,1
middle2187.txt_q1,4.0,0.9998173117637634,1
high19486.txt_q1,4.0,0.9621387720108032,1
high19177.txt_q0,4.0,0.9975334405899048,1
high22604.txt_q3,4.0,0.9999998807907104,1
high2075.txt_q0,4.0,0.999487042427063,1
middle418.txt_q0,4.0,1.0,1
high4496.txt_q1,4.0,0.993120551109314,1
high1680.txt_q0,4.0,0.998807430267334,1
high2307.txt_q0,4.0,0.7411133646965027,1
middle3332.txt_q3,4.0,0.9992338418960571,1
high9587.txt_q1,4.0,0.9984379410743713,1
high3311.txt_q1,4.0,0.9672074913978577,1
high10180.txt_q2,4.0,0.9999914169311523,1
high21855.txt_q2,4.0,0.9999921321868896,1
high8413.txt_q0,4.0,0.16545286774635315,0
high9647.txt_q1,4.0,0.9522525668144226,1
high7503.txt_q2,4.0,0.9999988079071045,1
high3444.txt_q0,4.0,0.32277023792266846,0
high18983.txt_q2,4.0,0.9999997615814209,1
high9582.txt_q2,4.0,0.9994575381278992,1
middle1810.txt_q0,4.0,0.9993119239807129,1
middle6862.txt_q0,4.0,0.9999997615814209,1
middle5656.txt_q4,4.0,0.9999990463256836,1
high5570.txt_q2,4.0,0.7066999673843384,1
high4422.txt_q0,4.0,0.999998927116394,1
high15359.txt_q1,4.0,0.9999980926513672,1
high10421.txt_q0,4.0,0.9514656066894531,1
middle7479.txt_q3,4.0,0.9072858691215515,1
high12270.txt_q2,4.0,0.9999738931655884,1
middle1266.txt_q1,4.0,0.5032060146331787,1
middle7402.txt_q1,4.0,0.9997840523719788,1
middle2743.txt_q0,4.0,0.9665760397911072,1
middle5028.txt_q1,4.0,0.6896436214447021,1
high22305.txt_q1,4.0,0.9914737939834595,1
high9545.txt_q2,4.0,0.9999994039535522,1
middle1447.txt_q0,4.0,0.5552483797073364,1
high4249.txt_q2,4.0,1.0,1
middle2698.txt_q1,4.0,0.9999306201934814,1
high8137.txt_q2,4.0,0.9950931072235107,1
high20173.txt_q3,4.0,0.9931573271751404,1
high22343.txt_q3,4.0,0.9999330043792725,1
high18229.txt_q2,4.0,0.999994158744812,1
high22820.txt_q0,4.0,0.599431574344635,1
high1607.txt_q3,4.0,0.9815406799316406,1
middle3214.txt_q2,4.0,0.9999955892562866,1
high8589.txt_q2,4.0,0.9998385906219482,1
high19810.txt_q1,4.0,0.999355137348175,1
middle5845.txt_q2,4.0,0.999997615814209,1
high7653.txt_q2,4.0,0.9999957084655762,1
high17694.txt_q0,4.0,0.9946699738502502,1
high8434.txt_q3,4.0,0.9999997615814209,1
middle3280.txt_q2,4.0,0.9999939203262329,1
high23863.txt_q0,4.0,0.9999158382415771,1
middle3273.txt_q0,4.0,0.9999998807907104,1
high5708.txt_q0,4.0,0.9500927329063416,1
high13524.txt_q1,4.0,0.998516857624054,1
middle1743.txt_q2,4.0,0.9999963045120239,1
high4182.txt_q2,4.0,0.9999958276748657,1
middle4226.txt_q3,4.0,0.9999946355819702,1
high4068.txt_q2,4.0,0.9991670846939087,1
high1345.txt_q3,4.0,0.9999856948852539,1
high22278.txt_q0,4.0,0.9863009452819824,1
high18643.txt_q0,4.0,0.8835097551345825,1
middle7872.txt_q1,4.0,0.9996153116226196,1
high1075.txt_q1,4.0,0.9683868885040283,1
high23311.txt_q1,4.0,0.999987006187439,1
high10904.txt_q3,4.0,0.9890812635421753,1
high12320.txt_q1,4.0,0.999602735042572,1
high17615.txt_q1,4.0,0.9998107552528381,1
high2514.txt_q0,4.0,0.22659386694431305,0
high12299.txt_q0,4.0,0.5841010808944702,1
middle1704.txt_q1,4.0,0.9995036125183105,1
middle2772.txt_q2,4.0,0.2948722839355469,0
high14754.txt_q0,4.0,0.9776232838630676,1
high11177.txt_q0,4.0,0.9999985694885254,1
high2738.txt_q2,4.0,0.9999312162399292,1
high16067.txt_q3,4.0,0.9104394316673279,1
high14731.txt_q0,4.0,0.9978109002113342,1
high11523.txt_q2,4.0,0.9999998807907104,1
middle2106.txt_q0,4.0,0.9353519678115845,1
high15471.txt_q2,4.0,0.9999998807907104,1
high3862.txt_q2,4.0,0.6756995320320129,1
high18829.txt_q3,4.0,0.9371124505996704,1
high15911.txt_q2,4.0,0.10898276418447495,0
high11326.txt_q1,4.0,0.9999815225601196,1
middle5017.txt_q3,4.0,0.9999992847442627,1
middle6053.txt_q2,4.0,0.9998121857643127,1
high3692.txt_q2,4.0,0.9998643398284912,1
high10463.txt_q1,4.0,0.9968104958534241,1
middle5236.txt_q1,4.0,0.9995424747467041,1
high12225.txt_q1,4.0,0.9999995231628418,1
middle5751.txt_q1,4.0,1.0,1
high7375.txt_q0,4.0,0.9993485808372498,1
high17168.txt_q0,4.0,0.999997615814209,1
middle5221.txt_q1,4.0,0.9998297691345215,1
high7681.txt_q0,4.0,0.999879002571106,1
high13920.txt_q3,4.0,0.8885721564292908,1
high13067.txt_q0,4.0,0.9994316697120667,1
middle7800.txt_q2,4.0,1.0,1
high4704.txt_q0,4.0,0.9999995231628418,1
high3694.txt_q2,4.0,0.9909180402755737,1
high16651.txt_q2,4.0,0.9999781847000122,1
middle5421.txt_q4,4.0,0.9997592568397522,1
high64.txt_q1,4.0,0.9996562004089355,1
high8574.txt_q0,4.0,0.9991311430931091,1
high14887.txt_q2,4.0,0.9999796152114868,1
high5781.txt_q1,4.0,0.9999995231628418,1
high609.txt_q2,4.0,0.9946367144584656,1
middle2048.txt_q2,4.0,0.9997544884681702,1
high2460.txt_q1,4.0,0.9990967512130737,1
high23573.txt_q1,4.0,0.999433696269989,1
high11788.txt_q1,4.0,0.9999812841415405,1
middle5933.txt_q0,4.0,0.2854621112346649,0
high15576.txt_q1,4.0,0.9976204037666321,1
high4157.txt_q3,4.0,0.9992337226867676,1
high3871.txt_q1,4.0,0.9998629093170166,1
high24270.txt_q0,4.0,0.9871180057525635,1
middle947.txt_q1,4.0,0.7964652180671692,1
middle1253.txt_q3,4.0,0.9993095397949219,1
high4815.txt_q2,4.0,0.999972939491272,1
high2949.txt_q0,4.0,0.9999932050704956,1
middle2794.txt_q0,4.0,1.0,1
high589.txt_q3,4.0,0.9997064471244812,1
high15344.txt_q0,4.0,0.9699341058731079,1
middle1257.txt_q0,4.0,1.0,1
middle2760.txt_q3,4.0,1.0,1
high7405.txt_q0,4.0,0.9941546320915222,1
middle5169.txt_q0,4.0,0.9638210535049438,1
high7288.txt_q2,4.0,0.9998825788497925,1
high13778.txt_q2,4.0,0.9502312541007996,1
middle2627.txt_q1,4.0,0.9999998807907104,1
high488.txt_q0,4.0,0.9952147006988525,1
high14498.txt_q2,4.0,0.9999157190322876,1
middle4668.txt_q0,4.0,0.9999568462371826,1
high409.txt_q2,4.0,0.5300334692001343,1
high1807.txt_q1,4.0,0.9997623562812805,1
middle1244.txt_q0,4.0,0.9998561143875122,1
middle1448.txt_q0,4.0,0.5463870763778687,1
high5593.txt_q0,4.0,0.9999943971633911,1
high17859.txt_q2,4.0,0.9995195865631104,1
high11959.txt_q1,4.0,0.8631082773208618,1
high13496.txt_q1,4.0,1.0,1
high14080.txt_q2,4.0,0.9999251365661621,1
middle6590.txt_q0,4.0,0.7975007891654968,1
middle7411.txt_q3,4.0,0.999984860420227,1
middle4275.txt_q0,4.0,0.5609371662139893,1
middle7328.txt_q2,4.0,0.9983537197113037,1
middle1624.txt_q0,4.0,0.9999831914901733,1
high1152.txt_q0,4.0,0.5538285374641418,1
high7600.txt_q1,4.0,0.9999992847442627,1
high5279.txt_q2,4.0,0.9971839785575867,1
middle3294.txt_q3,4.0,0.9982835054397583,1
middle2865.txt_q1,4.0,0.9061951041221619,1
middle6621.txt_q0,4.0,0.9999363422393799,1
high11441.txt_q2,4.0,0.9971195459365845,1
middle7655.txt_q0,4.0,0.9999988079071045,1
high22068.txt_q0,4.0,0.9703710079193115,1
high3151.txt_q2,4.0,0.9885216951370239,1
high14181.txt_q1,4.0,0.9999858140945435,1
high6834.txt_q0,4.0,0.9999986886978149,1
high9865.txt_q0,4.0,0.9999845027923584,1
high1364.txt_q2,4.0,0.9431198835372925,1
high9561.txt_q4,4.0,0.9798614978790283,1
high19327.txt_q1,4.0,0.5540908575057983,1
high20858.txt_q1,4.0,0.9999485015869141,1
middle5363.txt_q2,4.0,0.9999947547912598,1
high21069.txt_q1,4.0,0.9951239228248596,1
high18598.txt_q1,4.0,0.999771773815155,1
high8450.txt_q1,4.0,0.9998759031295776,1
high22204.txt_q1,4.0,0.9999985694885254,1
high3259.txt_q1,4.0,0.9999489784240723,1
middle820.txt_q1,4.0,0.9578142166137695,1
high16583.txt_q0,4.0,0.9999998807907104,1
high13557.txt_q1,4.0,0.9999372959136963,1
high21783.txt_q1,4.0,0.9989809393882751,1
high16050.txt_q1,4.0,0.8753026127815247,1
high17433.txt_q3,4.0,1.0,1
high11517.txt_q0,4.0,0.9999957084655762,1
middle4274.txt_q2,4.0,0.9999982118606567,1
high5445.txt_q1,4.0,0.9999988079071045,1
middle4595.txt_q2,4.0,0.9999674558639526,1
high18167.txt_q2,4.0,0.9999446868896484,1
high2971.txt_q3,4.0,0.9747219085693359,1
middle6867.txt_q3,4.0,1.0,1
high18304.txt_q1,4.0,0.9999896287918091,1
middle7517.txt_q0,4.0,0.9999998807907104,1
middle1210.txt_q3,4.0,0.9999299049377441,1
high19880.txt_q0,4.0,0.9990286827087402,1
high10069.txt_q2,4.0,0.9999933242797852,1
high22199.txt_q1,4.0,0.9908255934715271,1
high14885.txt_q2,4.0,0.9999980926513672,1
high10641.txt_q3,4.0,0.9797099828720093,1
high17947.txt_q1,4.0,0.992685079574585,1
high12450.txt_q3,4.0,0.9999855756759644,1
high23743.txt_q0,4.0,0.9952842593193054,1
middle1227.txt_q1,4.0,0.9999561309814453,1
high19326.txt_q1,4.0,0.5791774988174438,1
high23286.txt_q0,4.0,0.9997294545173645,1
high16058.txt_q3,4.0,0.9732540249824524,1
high13486.txt_q3,4.0,0.9928959012031555,1
high7381.txt_q1,4.0,0.9999369382858276,1
high15495.txt_q0,4.0,0.9904451370239258,1
high15232.txt_q0,4.0,0.9046980142593384,1
middle8181.txt_q0,4.0,0.999991774559021,1
high15567.txt_q1,4.0,0.9950681924819946,1
high1594.txt_q3,4.0,0.9866830706596375,1
high16119.txt_q1,4.0,0.9999924898147583,1
high21310.txt_q1,4.0,0.999792754650116,1
high20503.txt_q2,4.0,0.8903390169143677,1
middle104.txt_q2,4.0,0.9999935626983643,1
high24052.txt_q1,4.0,0.9998997449874878,1
high3610.txt_q1,4.0,0.9999740123748779,1
high22263.txt_q0,4.0,0.9995861649513245,1
middle5415.txt_q2,4.0,0.9228690266609192,1
high10582.txt_q1,4.0,0.9999508857727051,1
high22205.txt_q2,4.0,0.9999833106994629,1
middle7406.txt_q0,4.0,1.0,1
high18115.txt_q2,4.0,0.9986673593521118,1
high2759.txt_q2,4.0,0.9998514652252197,1
high11392.txt_q2,4.0,0.9999955892562866,1
middle2259.txt_q1,4.0,0.943327009677887,1
middle141.txt_q3,4.0,0.9980796575546265,1
middle3264.txt_q0,4.0,0.9889206886291504,1
high8565.txt_q3,4.0,0.9992138147354126,1
high10.txt_q0,4.0,0.99404376745224,1
high15334.txt_q4,4.0,0.996146559715271,1
middle8080.txt_q2,4.0,0.9999998807907104,1
high17041.txt_q1,4.0,0.9995602965354919,1
middle265.txt_q2,4.0,0.9999951124191284,1
high2533.txt_q3,4.0,0.9966096878051758,1
middle7883.txt_q2,4.0,1.0,1
high9913.txt_q2,4.0,0.999984860420227,1
high20977.txt_q2,4.0,0.9999748468399048,1
high23467.txt_q2,4.0,0.9989469647407532,1
high21442.txt_q2,4.0,0.9921976923942566,1
high1725.txt_q1,4.0,0.9999998807907104,1
middle3123.txt_q4,4.0,0.9996912479400635,1
middle1870.txt_q0,4.0,0.9999593496322632,1
high10223.txt_q0,4.0,0.9805827736854553,1
high8803.txt_q4,4.0,0.9999672174453735,1
high12126.txt_q3,4.0,0.999722421169281,1
middle502.txt_q0,4.0,0.9999734163284302,1
middle3335.txt_q2,4.0,0.9948403239250183,1
high5974.txt_q0,4.0,0.7708684802055359,1
high14732.txt_q1,4.0,0.9999904632568359,1
middle6216.txt_q1,4.0,0.999872088432312,1
middle179.txt_q4,4.0,0.9902655482292175,1
high2672.txt_q2,4.0,0.999993085861206,1
high14958.txt_q2,4.0,0.9993938207626343,1
middle339.txt_q4,4.0,0.9996967315673828,1
middle5157.txt_q2,4.0,0.9999991655349731,1
high21351.txt_q3,4.0,0.9999997615814209,1
high22531.txt_q0,4.0,0.9996176958084106,1
middle3367.txt_q3,4.0,0.9999980926513672,1
high10003.txt_q4,4.0,0.9936091899871826,1
high16561.txt_q1,4.0,0.8496483564376831,1
high16070.txt_q4,4.0,0.9994556307792664,1
high21502.txt_q0,4.0,0.9965599179267883,1
middle3680.txt_q0,4.0,0.9999997615814209,1
high20454.txt_q2,4.0,0.9999994039535522,1
high18179.txt_q2,4.0,0.9998658895492554,1
high21579.txt_q0,4.0,0.9999996423721313,1
high12693.txt_q0,4.0,0.999998927116394,1
high15969.txt_q2,4.0,0.9683035016059875,1
high1799.txt_q1,4.0,0.9994766116142273,1
high20939.txt_q1,4.0,0.9999866485595703,1
high20839.txt_q1,4.0,0.058111757040023804,0
middle4671.txt_q3,4.0,0.9997856020927429,1
high18394.txt_q0,4.0,0.9987550973892212,1
high3491.txt_q2,4.0,0.9530225992202759,1
high2168.txt_q3,4.0,0.9998573064804077,1
middle7926.txt_q0,4.0,0.9785996675491333,1
middle398.txt_q0,4.0,0.9999984502792358,1
middle7863.txt_q1,4.0,0.9982080459594727,1
high6421.txt_q2,4.0,0.9976086616516113,1
middle1184.txt_q3,4.0,0.9998297691345215,1
high9370.txt_q3,4.0,0.9999643564224243,1
high6162.txt_q0,4.0,0.9999909400939941,1
middle334.txt_q1,4.0,0.9187190532684326,1
high5178.txt_q0,4.0,0.9999947547912598,1
middle6569.txt_q0,4.0,0.9997268319129944,1
middle3299.txt_q0,4.0,0.9999998807907104,1
high22575.txt_q1,4.0,0.999718964099884,1
high18748.txt_q2,4.0,0.9999984502792358,1
middle362.txt_q0,4.0,0.0014448825968429446,0
middle4554.txt_q0,4.0,0.9999998807907104,1
middle5516.txt_q1,4.0,0.059928108006715775,0
middle506.txt_q1,4.0,0.9999932050704956,1
high15351.txt_q0,4.0,0.9999819993972778,1
high18329.txt_q0,4.0,0.9999983310699463,1
middle4765.txt_q3,4.0,0.9999790191650391,1
middle4725.txt_q0,4.0,0.9971670508384705,1
middle1654.txt_q2,4.0,0.9999105930328369,1
high6708.txt_q2,4.0,0.9999983310699463,1
middle4234.txt_q2,4.0,1.0,1
high777.txt_q1,4.0,0.9978376030921936,1
high5803.txt_q1,4.0,0.9996246099472046,1
high22583.txt_q0,4.0,0.995429515838623,1
middle2921.txt_q0,4.0,0.6846291422843933,1
high3534.txt_q3,4.0,0.3738406300544739,0
high7335.txt_q1,4.0,0.9990741014480591,1
middle981.txt_q1,4.0,0.9999997615814209,1
high19728.txt_q1,4.0,0.9999637603759766,1
middle7392.txt_q2,4.0,0.999882698059082,1
high10067.txt_q4,4.0,0.9998213648796082,1
high9610.txt_q3,4.0,0.9948712587356567,1
high24195.txt_q1,4.0,0.9999977350234985,1
middle4154.txt_q3,4.0,0.9999377727508545,1
high7756.txt_q1,4.0,0.9999706745147705,1
high3839.txt_q1,4.0,0.9999938011169434,1
high13605.txt_q0,4.0,0.9999960660934448,1
high9960.txt_q2,4.0,0.9999661445617676,1
high17544.txt_q1,4.0,0.9999070167541504,1
high24225.txt_q1,4.0,0.9996678829193115,1
high20423.txt_q3,4.0,0.9977551102638245,1
high23509.txt_q2,4.0,0.9999164342880249,1
high7627.txt_q2,4.0,0.9993884563446045,1
middle94.txt_q2,4.0,0.9749289155006409,1
high23610.txt_q3,4.0,1.0,1
high11388.txt_q3,4.0,0.9926970601081848,1
middle5157.txt_q0,4.0,1.0,1
high2918.txt_q2,4.0,0.989970862865448,1
high5614.txt_q2,4.0,0.9978263974189758,1
high21755.txt_q2,4.0,0.9999911785125732,1
high1820.txt_q0,4.0,0.8593615293502808,1
middle5721.txt_q2,4.0,0.9999997615814209,1
high2212.txt_q1,4.0,0.9998866319656372,1
middle5105.txt_q0,4.0,0.43115347623825073,1
high17470.txt_q1,4.0,1.0,1
high22292.txt_q2,4.0,1.0,1
high23704.txt_q2,4.0,0.9999947547912598,1
high5325.txt_q1,4.0,0.9999978542327881,1
high23783.txt_q0,4.0,0.9993823766708374,1
high23218.txt_q1,4.0,0.9997962117195129,1
high17943.txt_q3,4.0,0.27483463287353516,0
high21384.txt_q1,4.0,0.9999715089797974,1
high17676.txt_q1,4.0,0.9977541565895081,1
high16794.txt_q2,4.0,0.9998903274536133,1
high1208.txt_q4,4.0,0.9974222183227539,1
middle939.txt_q4,4.0,0.9999899864196777,1
high8382.txt_q1,4.0,0.9740569591522217,1
middle1502.txt_q0,4.0,0.9999972581863403,1
high3284.txt_q1,4.0,0.9998058676719666,1
high16239.txt_q0,4.0,0.9938805103302002,1
high3081.txt_q1,4.0,0.07964740693569183,0
high5552.txt_q1,4.0,0.9990355968475342,1
high19053.txt_q0,4.0,0.9999321699142456,1
middle5463.txt_q0,4.0,0.9990887641906738,1
high11326.txt_q3,4.0,0.9999799728393555,1
high8779.txt_q3,4.0,0.999809205532074,1
middle804.txt_q2,4.0,0.9999690055847168,1
middle2354.txt_q0,4.0,0.9999994039535522,1
middle7606.txt_q2,4.0,0.9997857213020325,1
middle2748.txt_q3,4.0,0.9998130202293396,1
high4892.txt_q1,4.0,0.6807052493095398,1
middle7680.txt_q1,4.0,0.7930212616920471,1
high1259.txt_q0,4.0,0.9789416790008545,1
high7565.txt_q4,4.0,0.9423735737800598,1
high3539.txt_q0,4.0,0.9835032224655151,1
middle2230.txt_q1,4.0,1.0,1
high23546.txt_q1,4.0,0.9999998807907104,1
high1984.txt_q1,4.0,0.9606983661651611,1
high2356.txt_q1,4.0,0.9973371624946594,1
high10819.txt_q1,4.0,0.999874472618103,1
middle5060.txt_q1,4.0,0.9990465044975281,1
high1268.txt_q2,4.0,0.9999922513961792,1
high2887.txt_q0,4.0,0.9999892711639404,1
high3395.txt_q1,4.0,0.8881035447120667,1
high1256.txt_q1,4.0,0.06469521671533585,0
high20442.txt_q1,4.0,0.9970543384552002,1
middle3955.txt_q3,4.0,0.9999978542327881,1
high11779.txt_q1,4.0,0.999996542930603,1
middle426.txt_q3,4.0,0.9999451637268066,1
high1240.txt_q2,4.0,0.9999094009399414,1
high16058.txt_q4,4.0,0.9999967813491821,1
high2732.txt_q2,4.0,0.1902579665184021,0
high9375.txt_q3,4.0,0.9995794892311096,1
high13297.txt_q1,4.0,0.9999988079071045,1
middle5635.txt_q0,4.0,0.9761660695075989,1
high24215.txt_q2,4.0,0.9984068274497986,1
high8698.txt_q2,4.0,0.9982215762138367,1
high15138.txt_q1,4.0,0.9846346974372864,1
high19266.txt_q1,4.0,0.9944629073143005,1
high9004.txt_q2,4.0,0.9999998807907104,1
high10737.txt_q1,4.0,0.9999998807907104,1
high22649.txt_q1,4.0,1.0,1
middle2139.txt_q3,4.0,0.9999998807907104,1
high15356.txt_q1,4.0,0.9999985694885254,1
middle4695.txt_q1,4.0,0.9999816417694092,1
high5452.txt_q1,4.0,0.6767674088478088,1
high1934.txt_q3,4.0,0.9869887828826904,1
high20930.txt_q0,4.0,0.9964350461959839,1
middle2778.txt_q1,4.0,0.9999172687530518,1
high13818.txt_q0,4.0,0.9999892711639404,1
high5371.txt_q3,4.0,0.8486314415931702,1
middle2695.txt_q2,4.0,0.35720640420913696,0
middle658.txt_q2,4.0,0.6921396255493164,1
middle1658.txt_q1,4.0,0.9965558052062988,1
middle4252.txt_q1,4.0,0.9992569088935852,1
high22738.txt_q0,4.0,0.9832651019096375,1
high22274.txt_q2,4.0,1.0,1
high17210.txt_q2,4.0,0.6460316777229309,1
high9672.txt_q3,4.0,0.9948582649230957,1
high831.txt_q2,4.0,0.9999772310256958,1
middle5282.txt_q0,4.0,0.9997774958610535,1
high8037.txt_q1,4.0,0.9999982118606567,1
high286.txt_q0,4.0,0.9997285008430481,1
high3690.txt_q1,4.0,0.9999998807907104,1
high8448.txt_q1,4.0,0.9999723434448242,1
high22538.txt_q1,4.0,0.9995455145835876,1
high20759.txt_q2,4.0,0.9999998807907104,1
high20168.txt_q1,4.0,0.9994871616363525,1
middle3699.txt_q0,4.0,1.0,1
high21843.txt_q3,4.0,0.9999997615814209,1
high16413.txt_q0,4.0,0.6956886649131775,1
middle585.txt_q2,4.0,0.9998441934585571,1
high7642.txt_q1,4.0,0.9988584518432617,1
middle1790.txt_q0,4.0,0.9996432065963745,1
high11511.txt_q3,4.0,0.9982169270515442,1
middle4155.txt_q4,4.0,0.9908291101455688,1
middle1108.txt_q1,4.0,0.9991662502288818,1
middle5007.txt_q2,4.0,0.8758767247200012,1
high2134.txt_q0,4.0,0.9999982118606567,1
high15276.txt_q2,4.0,0.9999822378158569,1
middle952.txt_q0,4.0,0.9999939203262329,1
high18811.txt_q1,4.0,0.9997625946998596,1
high17321.txt_q3,4.0,0.9999988079071045,1
high5101.txt_q0,4.0,0.9931405186653137,1
high4056.txt_q2,4.0,0.9952308535575867,1
middle4518.txt_q4,4.0,0.9995362758636475,1
high1238.txt_q2,4.0,0.9999570846557617,1
middle5737.txt_q0,4.0,0.9996172189712524,1
middle3985.txt_q4,4.0,0.9997143149375916,1
high13605.txt_q2,4.0,0.99988853931427,1
middle4974.txt_q0,4.0,0.9426153302192688,1
high12757.txt_q2,4.0,0.9999831914901733,1
middle461.txt_q2,4.0,0.9992851614952087,1
high16548.txt_q3,4.0,0.9999796152114868,1
high2790.txt_q2,4.0,0.9999924898147583,1
high20702.txt_q2,4.0,0.9995396137237549,1
high17115.txt_q0,4.0,0.999487042427063,1
high23260.txt_q0,4.0,0.9999979734420776,1
middle6832.txt_q2,4.0,1.0,1
high19037.txt_q0,4.0,1.0,1
middle7797.txt_q3,4.0,0.9997877478599548,1
high6777.txt_q2,4.0,0.9972946047782898,1
high11594.txt_q2,4.0,0.9999303817749023,1
middle803.txt_q1,4.0,0.8129788041114807,1
high14853.txt_q0,4.0,0.9997356534004211,1
high18649.txt_q0,4.0,0.9999984502792358,1
middle7406.txt_q3,4.0,0.9999998807907104,1
high13405.txt_q2,4.0,0.9999994039535522,1
high16389.txt_q0,4.0,0.9940500855445862,1
middle4998.txt_q3,4.0,0.9984506368637085,1
middle7714.txt_q2,4.0,0.8397044539451599,1
middle1239.txt_q2,4.0,0.9627257585525513,1
high15207.txt_q0,4.0,0.995790958404541,1
middle3547.txt_q1,4.0,0.9886767864227295,1
high3374.txt_q1,4.0,0.9820169806480408,1
high19895.txt_q0,4.0,0.6755061149597168,1
high16386.txt_q0,4.0,0.9965410828590393,1
middle5644.txt_q2,4.0,0.9988962411880493,1
high7628.txt_q0,4.0,0.9994475245475769,1
middle7164.txt_q1,4.0,0.9087902307510376,1
high8777.txt_q3,4.0,0.999998927116394,1
high11048.txt_q1,4.0,0.9999884366989136,1
high13486.txt_q1,4.0,0.9999938011169434,1
high24021.txt_q2,4.0,0.1643117070198059,0
high17000.txt_q0,4.0,0.999985933303833,1
high15714.txt_q1,4.0,0.9324193596839905,1
high21287.txt_q0,4.0,0.9999970197677612,1
middle3924.txt_q1,4.0,0.04609452188014984,0
high5016.txt_q1,4.0,0.999976634979248,1
high9712.txt_q2,4.0,0.9999822378158569,1
middle17.txt_q2,4.0,0.9999749660491943,1
high10270.txt_q4,4.0,0.8556646108627319,1
middle1033.txt_q2,4.0,0.9998326301574707,1
high19531.txt_q0,4.0,0.9986779093742371,1
high24017.txt_q3,4.0,1.0,1
high14945.txt_q0,4.0,0.9999997615814209,1
high9423.txt_q4,4.0,0.9998030066490173,1
high21384.txt_q2,4.0,0.9999634027481079,1
high15050.txt_q1,4.0,0.99997878074646,1
high5912.txt_q3,4.0,0.9892260432243347,1
high7858.txt_q1,4.0,0.998598039150238,1
high8311.txt_q2,4.0,0.9941112399101257,1
high14382.txt_q0,4.0,0.9999998807907104,1
middle7551.txt_q1,4.0,0.9840201139450073,1
high17292.txt_q0,4.0,0.8823955655097961,1
middle2208.txt_q0,4.0,0.9948263764381409,1
high1750.txt_q0,4.0,0.9997249245643616,1
high17163.txt_q1,4.0,0.9999744892120361,1
high7556.txt_q2,4.0,0.9996864795684814,1
middle1961.txt_q0,4.0,0.9999994039535522,1
high5690.txt_q1,4.0,0.9994601607322693,1
high965.txt_q0,4.0,0.9711742401123047,1
middle4486.txt_q1,4.0,0.17184972763061523,0
high6078.txt_q0,4.0,1.0,1
middle134.txt_q3,4.0,1.0,1
middle805.txt_q1,4.0,0.9999663829803467,1
high5328.txt_q1,4.0,0.9837079644203186,1
high14391.txt_q0,4.0,0.6254571676254272,1
high21911.txt_q3,4.0,0.9999330043792725,1
high23195.txt_q1,4.0,0.9791510105133057,1
high20465.txt_q3,4.0,0.9997449517250061,1
high4717.txt_q3,4.0,0.9984896183013916,1
middle4165.txt_q3,4.0,0.9999966621398926,1
high11198.txt_q1,4.0,1.0,1
middle6738.txt_q4,4.0,0.9999997615814209,1
high8269.txt_q2,4.0,0.994886577129364,1
high18879.txt_q2,4.0,0.9999760389328003,1
high12557.txt_q1,4.0,0.9990744590759277,1
middle3668.txt_q1,4.0,0.9997641444206238,1
high1454.txt_q2,4.0,0.9992984533309937,1
high11297.txt_q0,4.0,0.9895564913749695,1
high6974.txt_q1,4.0,0.999924898147583,1
high22286.txt_q0,4.0,0.9999986886978149,1
middle1645.txt_q0,4.0,1.0,1
high13245.txt_q0,4.0,0.9999501705169678,1
middle1830.txt_q0,4.0,0.26737233996391296,1
middle7087.txt_q0,4.0,1.0,1
middle4417.txt_q1,4.0,0.9998880624771118,1
high20708.txt_q3,4.0,0.9998236298561096,1
high9889.txt_q1,4.0,0.9999784231185913,1
high4302.txt_q0,4.0,0.9993036985397339,1
middle2772.txt_q1,4.0,0.9995966553688049,1
high12302.txt_q2,4.0,0.9932559728622437,1
high11391.txt_q0,4.0,0.9990066885948181,1
middle7119.txt_q0,4.0,0.9935084581375122,1
high3793.txt_q0,4.0,0.9999703168869019,1
high22402.txt_q1,4.0,0.8954758048057556,1
high16210.txt_q4,4.0,0.9992716908454895,1
high4137.txt_q1,4.0,0.9950317144393921,1
middle4139.txt_q2,4.0,0.22767850756645203,0
middle1849.txt_q1,4.0,0.9992954730987549,1
high6822.txt_q1,4.0,0.9999445676803589,1
high1139.txt_q4,4.0,0.9999967813491821,1
high21168.txt_q3,4.0,0.9999934434890747,1
middle5855.txt_q2,4.0,0.9999994039535522,1
high13292.txt_q1,4.0,0.9999998807907104,1
high13947.txt_q1,4.0,0.9215856194496155,1
high16484.txt_q0,4.0,0.9999555349349976,1
high22253.txt_q0,4.0,0.9999966621398926,1
high21895.txt_q1,4.0,0.9999613761901855,1
high21828.txt_q3,4.0,0.971375584602356,1
high21403.txt_q1,4.0,0.003713987534865737,0
middle8035.txt_q4,4.0,0.9999973773956299,1
middle555.txt_q0,4.0,0.9999344348907471,1
high11812.txt_q0,4.0,0.8007227182388306,1
middle87.txt_q1,4.0,0.8758336901664734,1
high16579.txt_q0,4.0,0.9999321699142456,1
middle7482.txt_q0,4.0,0.9831686019897461,1
high3066.txt_q0,4.0,0.9983781576156616,1
high17711.txt_q2,4.0,0.999984622001648,1
high22187.txt_q0,4.0,0.9997102618217468,1
high5864.txt_q2,4.0,0.9999731779098511,1
high1769.txt_q3,4.0,0.9991913437843323,1
high23049.txt_q2,4.0,0.9984413981437683,1
high21033.txt_q0,4.0,0.9979682564735413,1
high670.txt_q0,4.0,0.9994230270385742,1
high14745.txt_q0,4.0,0.9985191226005554,1
high11533.txt_q1,4.0,0.9974000453948975,1
high2274.txt_q3,4.0,0.9999960660934448,1
high13908.txt_q0,4.0,0.9999990463256836,1
high19935.txt_q1,4.0,0.990336537361145,1
high12582.txt_q0,4.0,0.9997794032096863,1
middle2001.txt_q3,4.0,0.15474165976047516,0
high15751.txt_q2,4.0,0.9987509250640869,1
middle7658.txt_q0,4.0,0.2337876260280609,0
high19936.txt_q1,4.0,0.9999990463256836,1
middle1189.txt_q1,4.0,0.9698001146316528,1
high12694.txt_q1,4.0,0.9999996423721313,1
high16590.txt_q0,4.0,0.9999825954437256,1
high11044.txt_q2,4.0,0.9999566078186035,1
high5190.txt_q3,4.0,0.9999997615814209,1
middle2166.txt_q1,4.0,0.9999469518661499,1
high7683.txt_q1,4.0,0.9917991161346436,1
high18389.txt_q0,4.0,0.9999724626541138,1
high17018.txt_q0,4.0,0.9999942779541016,1
high3.txt_q0,4.0,0.9998388290405273,1
high1603.txt_q1,4.0,0.999850869178772,1
high2687.txt_q1,4.0,0.9354491829872131,1
high4019.txt_q2,4.0,0.9993915557861328,1
middle1410.txt_q3,4.0,1.0,1
high11681.txt_q3,4.0,0.9636203646659851,1
high6160.txt_q2,4.0,0.36595767736434937,0
high8152.txt_q1,4.0,0.9968615770339966,1
high23897.txt_q0,4.0,0.9996470212936401,1
middle3823.txt_q4,4.0,0.9999921321868896,1
high1430.txt_q3,4.0,0.9875237941741943,1
high7645.txt_q1,4.0,0.9982214570045471,1
high17155.txt_q2,4.0,0.9999369382858276,1
middle7612.txt_q0,4.0,0.9999972581863403,1
high23971.txt_q1,4.0,0.9999637603759766,1
high4401.txt_q0,4.0,0.9473211169242859,1
middle7709.txt_q3,4.0,0.7459709048271179,1
middle6732.txt_q1,4.0,0.9999905824661255,1
high7195.txt_q3,4.0,1.0,1
high22854.txt_q0,4.0,0.9994181394577026,1
high14265.txt_q3,4.0,0.9713581204414368,1
middle5054.txt_q4,4.0,0.9951254725456238,1
middle7056.txt_q1,4.0,0.9998912811279297,1
high5247.txt_q3,4.0,0.9929665327072144,1
high11705.txt_q2,4.0,0.999998927116394,1
middle3240.txt_q1,4.0,0.9976598024368286,1
high9381.txt_q3,4.0,0.9998624324798584,1
high15057.txt_q1,4.0,0.9997374415397644,1
high12160.txt_q2,4.0,0.9999988079071045,1
high16054.txt_q0,4.0,0.999982476234436,1
high20652.txt_q0,4.0,0.9991315007209778,1
middle35.txt_q0,4.0,0.9911562204360962,1
high17178.txt_q2,4.0,0.9997573494911194,1
high23570.txt_q0,4.0,0.6198490858078003,1
high13619.txt_q3,4.0,0.7953391075134277,1
high14997.txt_q0,4.0,0.999850869178772,1
middle2782.txt_q4,4.0,0.9999958276748657,1
high9585.txt_q0,4.0,0.9999896287918091,1
high17624.txt_q4,4.0,0.9999409914016724,1
high15523.txt_q0,4.0,0.9998867511749268,1
high15812.txt_q0,4.0,0.9997836947441101,1
middle6870.txt_q1,4.0,0.9999914169311523,1
middle5413.txt_q1,4.0,0.9979240894317627,1
high3355.txt_q0,4.0,0.5445476174354553,1
middle144.txt_q4,4.0,0.9999998807907104,1
high22613.txt_q4,4.0,1.0,1
high1720.txt_q0,4.0,0.997817873954773,1
high6001.txt_q1,4.0,0.9999415874481201,1
high5499.txt_q0,4.0,0.9999995231628418,1
middle1924.txt_q0,4.0,0.853252112865448,1
middle2912.txt_q0,4.0,0.9998760223388672,1
high14324.txt_q0,4.0,0.8539916276931763,1
high1685.txt_q2,4.0,0.9994638562202454,1
middle2674.txt_q2,4.0,0.9999898672103882,1
high20168.txt_q4,4.0,0.999811589717865,1
middle4557.txt_q3,4.0,0.9999998807907104,1
high15358.txt_q1,4.0,0.9999948740005493,1
high22112.txt_q3,4.0,1.0,1
middle7498.txt_q2,4.0,0.9999477863311768,1
middle480.txt_q3,4.0,0.9987620115280151,1
high22174.txt_q0,4.0,0.9999393224716187,1
high23261.txt_q0,4.0,0.4435729682445526,1
middle4954.txt_q0,4.0,0.9972768425941467,1
high13509.txt_q1,4.0,0.9999996423721313,1
high4391.txt_q0,4.0,1.0,1
high6725.txt_q3,4.0,0.9999997615814209,1
high13861.txt_q1,4.0,0.9999985694885254,1
high13312.txt_q1,4.0,1.0,1
high5606.txt_q0,4.0,0.999998927116394,1
high17591.txt_q1,4.0,0.5895277857780457,1
high18409.txt_q1,4.0,0.8460256457328796,1
middle7825.txt_q0,4.0,0.26032283902168274,0
high23853.txt_q0,4.0,0.2320750504732132,0
middle8162.txt_q0,4.0,0.9997511506080627,1
high24163.txt_q0,4.0,0.411033570766449,1
high1052.txt_q4,4.0,0.9999998807907104,1
high10147.txt_q2,4.0,0.9999837875366211,1
high11910.txt_q2,4.0,0.9987503290176392,1
middle4884.txt_q2,4.0,0.9996343851089478,1
high20127.txt_q1,4.0,0.6916887760162354,1
high10353.txt_q2,4.0,0.9998579025268555,1
high13178.txt_q2,4.0,0.9944010376930237,1
high3749.txt_q2,4.0,0.9997007846832275,1
high2582.txt_q3,4.0,0.9995540976524353,1
middle7276.txt_q0,4.0,0.9999934434890747,1
high2504.txt_q0,4.0,0.9986183643341064,1
high879.txt_q0,4.0,0.999810516834259,1
high538.txt_q2,4.0,0.9999864101409912,1
middle3823.txt_q1,4.0,0.9998502731323242,1
high9178.txt_q0,4.0,0.9993749260902405,1
high1003.txt_q0,4.0,0.9998154044151306,1
high7090.txt_q2,4.0,0.9999998807907104,1
middle6821.txt_q3,4.0,0.9999758005142212,1
middle4822.txt_q3,4.0,0.999998927116394,1
high7622.txt_q2,4.0,0.9911634922027588,1
high24087.txt_q3,4.0,0.975159764289856,1
high631.txt_q1,4.0,0.9707032442092896,1
middle430.txt_q2,4.0,0.9998700618743896,1
high4133.txt_q1,4.0,0.9999858140945435,1
high15690.txt_q0,4.0,0.999526858329773,1
high20602.txt_q2,4.0,0.9998779296875,1
high5988.txt_q1,4.0,0.9947307109832764,1
high14135.txt_q0,4.0,0.9987109899520874,1
high23575.txt_q0,4.0,0.9999969005584717,1
high15667.txt_q3,4.0,0.9995399713516235,1
middle5950.txt_q3,4.0,0.9996447563171387,1
high11652.txt_q3,4.0,0.991489052772522,1
middle4852.txt_q1,4.0,0.4567698836326599,1
high15238.txt_q0,4.0,0.9987939596176147,1
high11630.txt_q4,4.0,0.8587955832481384,1
high20055.txt_q0,4.0,0.9999949932098389,1
high18837.txt_q3,4.0,0.9867281317710876,1
middle1328.txt_q1,4.0,0.22490859031677246,0
high8839.txt_q0,4.0,0.9999812841415405,1
high12092.txt_q4,4.0,1.0,1
middle3203.txt_q1,4.0,0.9995896220207214,1
high12042.txt_q0,4.0,0.9898877739906311,1
high10730.txt_q2,4.0,0.9476839303970337,1
middle5974.txt_q0,4.0,0.9999649524688721,1
high20901.txt_q0,4.0,0.9998487234115601,1
high4811.txt_q2,4.0,0.9998177886009216,1
high12969.txt_q2,4.0,0.9999924898147583,1
high16456.txt_q3,4.0,0.43869683146476746,1
high19199.txt_q0,4.0,0.9867412447929382,1
high6425.txt_q2,4.0,0.9996331930160522,1
high22203.txt_q0,4.0,0.9997804760932922,1
high23321.txt_q0,4.0,0.9999141693115234,1
middle3652.txt_q2,4.0,0.9996815919876099,1
high10485.txt_q2,4.0,0.9969088435173035,1
high16787.txt_q1,4.0,0.9999992847442627,1
high10009.txt_q0,4.0,1.0,1
middle4774.txt_q2,4.0,0.7973098158836365,1
middle5371.txt_q4,4.0,0.9999313354492188,1
high20947.txt_q3,4.0,0.999583899974823,1
high17663.txt_q1,4.0,0.9998486042022705,1
high13381.txt_q3,4.0,0.9999847412109375,1
middle1606.txt_q2,4.0,0.9999936819076538,1
high3439.txt_q1,4.0,0.9993669390678406,1
high11905.txt_q1,4.0,0.9978070855140686,1
high16619.txt_q1,4.0,0.9998387098312378,1
high807.txt_q2,4.0,0.9999983310699463,1
high1907.txt_q3,4.0,0.9991356730461121,1
high5734.txt_q1,4.0,0.9615649580955505,1
high12724.txt_q1,4.0,0.9999990463256836,1
high1580.txt_q0,4.0,0.998364269733429,1
high11369.txt_q1,4.0,0.9999711513519287,1
middle7724.txt_q0,4.0,0.8914517164230347,1
high8389.txt_q1,4.0,0.9920103549957275,1
high7095.txt_q0,4.0,0.9982779026031494,1
middle7633.txt_q0,4.0,0.999971866607666,1
high21348.txt_q1,4.0,0.9999918937683105,1
high14755.txt_q2,4.0,0.999977707862854,1
high24100.txt_q0,4.0,0.019716663286089897,0
high14101.txt_q1,4.0,0.929155707359314,1
middle7981.txt_q3,4.0,0.9998942613601685,1
middle7493.txt_q0,4.0,1.0,1
high9618.txt_q2,4.0,0.9999701976776123,1
high466.txt_q0,4.0,0.9941208958625793,1
middle2495.txt_q1,4.0,0.6189030408859253,1
high10031.txt_q2,4.0,0.9989187717437744,1
high19130.txt_q2,4.0,0.9999668598175049,1
middle5597.txt_q4,4.0,0.9999998807907104,1
high10907.txt_q1,4.0,0.9999877214431763,1
middle1329.txt_q0,4.0,0.9999115467071533,1
high6662.txt_q2,4.0,0.9999279975891113,1
high580.txt_q2,4.0,0.9996567964553833,1
middle4835.txt_q3,4.0,0.9985789060592651,1
high9148.txt_q2,4.0,1.0,1
middle2334.txt_q1,4.0,0.9998608827590942,1
high19564.txt_q1,4.0,0.563936710357666,1
high16743.txt_q3,4.0,0.9881693124771118,1
high1008.txt_q1,4.0,0.999946117401123,1
middle3072.txt_q3,4.0,0.9817501306533813,1
high9227.txt_q3,4.0,0.9945374131202698,1
high17487.txt_q2,4.0,0.9998776912689209,1
middle2996.txt_q0,4.0,0.9996515512466431,1
middle964.txt_q0,4.0,0.9988391995429993,1
high4553.txt_q1,4.0,0.9666945338249207,1
high13970.txt_q2,4.0,0.9092264771461487,1
high4591.txt_q0,4.0,0.9999938011169434,1
middle3208.txt_q0,4.0,0.9999973773956299,1
middle7643.txt_q2,4.0,0.6910679340362549,1
high13356.txt_q1,4.0,0.9989765882492065,1
high19020.txt_q2,4.0,0.9999887943267822,1
high13756.txt_q0,4.0,0.9999884366989136,1
high23279.txt_q0,4.0,0.9982694387435913,1
high19175.txt_q0,4.0,0.4290143549442291,0
high10096.txt_q0,4.0,0.9999978542327881,1
high936.txt_q0,4.0,0.9999995231628418,1
high8615.txt_q0,4.0,0.9937171936035156,1
middle256.txt_q1,4.0,0.988431453704834,1
high19552.txt_q3,4.0,1.0,1
high7568.txt_q3,4.0,0.9957090616226196,1
middle6559.txt_q1,4.0,0.7846121788024902,1
high10040.txt_q2,4.0,1.0,1
high19962.txt_q1,4.0,0.37032875418663025,1
high20338.txt_q1,4.0,0.9106356501579285,1
high18423.txt_q0,4.0,0.8042709827423096,1
high18786.txt_q3,4.0,0.9999688863754272,1
middle7357.txt_q1,4.0,0.9998940229415894,1
high18387.txt_q1,4.0,0.999992847442627,1
middle3906.txt_q0,4.0,0.9430627226829529,1
middle3560.txt_q0,4.0,0.9991787075996399,1
high13155.txt_q2,4.0,0.998933732509613,1
high1277.txt_q2,4.0,0.9999388456344604,1
high4340.txt_q2,4.0,1.0,1
high4449.txt_q0,4.0,0.9987257122993469,1
middle3743.txt_q1,4.0,1.0,1
high10352.txt_q0,4.0,1.0,1
high20593.txt_q1,4.0,0.9999592304229736,1
middle4678.txt_q3,4.0,0.9988113641738892,1
high9421.txt_q0,4.0,0.9999990463256836,1
middle2309.txt_q3,4.0,0.9999992847442627,1
middle4626.txt_q3,4.0,0.9989979863166809,1
high16637.txt_q0,4.0,0.9998917579650879,1
high18244.txt_q2,4.0,0.9999181032180786,1
high11394.txt_q1,4.0,0.9616729617118835,1
high5707.txt_q0,4.0,0.9999992847442627,1
high1683.txt_q1,4.0,0.9997712969779968,1
high15927.txt_q1,4.0,0.9218428730964661,1
middle2246.txt_q2,4.0,0.9999971389770508,1
high13611.txt_q0,4.0,0.9987353682518005,1
high4672.txt_q2,4.0,0.9999663829803467,1
middle4109.txt_q4,4.0,0.9999997615814209,1
high2629.txt_q0,4.0,0.9999604225158691,1
high4116.txt_q0,4.0,0.952586829662323,1
high15110.txt_q3,4.0,0.999861478805542,1
high21325.txt_q1,4.0,0.9999998807907104,1
middle1634.txt_q4,4.0,0.9999996423721313,1
high4185.txt_q3,4.0,0.998629093170166,1
high4161.txt_q1,4.0,0.9999994039535522,1
high9185.txt_q1,4.0,0.9999998807907104,1
high13222.txt_q0,4.0,0.9971008896827698,1
high16350.txt_q2,4.0,0.9976486563682556,1
high7744.txt_q3,4.0,0.7429520487785339,1
high9353.txt_q0,4.0,0.2709096074104309,0
middle5801.txt_q3,4.0,0.9997850060462952,1
high8764.txt_q1,4.0,0.9998929500579834,1
middle3446.txt_q4,4.0,0.9984790682792664,1
high4073.txt_q2,4.0,0.9999674558639526,1
high8069.txt_q1,4.0,0.17280150949954987,0
high21812.txt_q3,4.0,0.9999867677688599,1
high18239.txt_q0,4.0,1.0,1
middle6071.txt_q3,4.0,0.9999996423721313,1
middle4105.txt_q3,4.0,0.9999912977218628,1
high13356.txt_q2,4.0,0.9997153878211975,1
middle7685.txt_q2,4.0,1.0,1
high6043.txt_q3,4.0,0.6670295000076294,1
high280.txt_q0,4.0,0.9999420642852783,1
high18124.txt_q0,4.0,0.9999881982803345,1
high6765.txt_q4,4.0,1.0,1
high6595.txt_q2,4.0,0.9996353387832642,1
high18176.txt_q0,4.0,0.9999561309814453,1
middle3193.txt_q2,4.0,0.999998927116394,1
high5248.txt_q0,4.0,0.997195839881897,1
middle5003.txt_q2,4.0,0.9726521372795105,1
middle2781.txt_q2,4.0,0.9890401363372803,1
high18356.txt_q1,4.0,0.9974501729011536,1
middle6181.txt_q0,4.0,0.9997993111610413,1
high11145.txt_q2,4.0,0.9999997615814209,1
high4555.txt_q2,4.0,0.441911518573761,0
high12186.txt_q1,4.0,0.9999994039535522,1
middle27.txt_q0,4.0,0.9999189376831055,1
high16858.txt_q3,4.0,0.9999850988388062,1
high8833.txt_q0,4.0,0.962326169013977,1
middle623.txt_q1,4.0,1.0,1
high17026.txt_q0,4.0,0.787456750869751,1
high10888.txt_q2,4.0,0.9999994039535522,1
high1845.txt_q3,4.0,0.99458909034729,1
middle2459.txt_q1,4.0,0.9288302659988403,1
high10352.txt_q2,4.0,0.9998513460159302,1
high22174.txt_q1,4.0,0.9969087243080139,1
middle666.txt_q3,4.0,0.8627950549125671,1
high8969.txt_q0,4.0,0.9973032474517822,1
high15359.txt_q3,4.0,0.9995793700218201,1
middle6862.txt_q3,4.0,0.9999711513519287,1
high5850.txt_q0,4.0,0.9904266595840454,1
high19806.txt_q1,4.0,0.9999998807907104,1
high4835.txt_q1,4.0,0.9999045133590698,1
high10405.txt_q0,4.0,1.0,1
high19774.txt_q1,4.0,0.9258822798728943,1
middle2493.txt_q1,4.0,0.9999978542327881,1
high8879.txt_q0,4.0,1.0,1
middle8279.txt_q1,4.0,0.9999998807907104,1
middle6017.txt_q3,4.0,0.9688196182250977,1
high21091.txt_q1,4.0,0.9999933242797852,1
high4890.txt_q2,4.0,1.0,1
middle8030.txt_q0,4.0,1.0,1
high8199.txt_q0,4.0,0.9999932050704956,1
high8025.txt_q4,4.0,0.999997615814209,1
high13331.txt_q1,4.0,0.9999240636825562,1
high24220.txt_q3,4.0,0.9994736313819885,1
high9871.txt_q2,4.0,0.999998927116394,1
high12120.txt_q0,4.0,0.5372586846351624,1
high22996.txt_q1,4.0,0.9999797344207764,1
high4172.txt_q2,4.0,0.9999774694442749,1
high12870.txt_q0,4.0,0.9999967813491821,1
middle4236.txt_q1,4.0,1.0,1
high6022.txt_q2,4.0,0.999895453453064,1
middle4019.txt_q2,4.0,0.5966968536376953,1
high11217.txt_q1,4.0,0.8898934125900269,1
middle5622.txt_q0,4.0,0.999994158744812,1
high23629.txt_q1,4.0,0.9014489650726318,1
high23809.txt_q0,4.0,0.9998514652252197,1
high23726.txt_q0,4.0,0.9999749660491943,1
high13058.txt_q0,4.0,0.9999996423721313,1
high15458.txt_q2,4.0,0.9999921321868896,1
high15531.txt_q0,4.0,0.35196632146835327,1
middle386.txt_q3,4.0,0.9927247762680054,1
middle2028.txt_q4,4.0,1.0,1
high18735.txt_q1,4.0,0.9991245865821838,1
middle3764.txt_q2,4.0,0.7335628867149353,1
high4863.txt_q3,4.0,0.9999960660934448,1
high20334.txt_q1,4.0,0.9968284964561462,1
high17621.txt_q0,4.0,0.9999698400497437,1
middle5140.txt_q0,4.0,0.8022929430007935,1
middle3869.txt_q3,4.0,0.2835402190685272,0
middle4661.txt_q4,4.0,0.9999990463256836,1
high20409.txt_q2,4.0,0.9995427131652832,1
high13564.txt_q0,4.0,0.9999998807907104,1
middle1025.txt_q4,4.0,0.9998775720596313,1
high22686.txt_q1,4.0,0.8599637746810913,1
high12520.txt_q2,4.0,0.9999003410339355,1
high3690.txt_q2,4.0,1.0,1
middle2819.txt_q1,4.0,0.4102139472961426,1
high16468.txt_q1,4.0,0.1925831139087677,0
middle3537.txt_q2,4.0,0.9981720447540283,1
high10384.txt_q1,4.0,0.8539608120918274,1
high3338.txt_q2,4.0,0.9986466765403748,1
high2804.txt_q0,4.0,0.9782734513282776,1
high10534.txt_q0,4.0,0.9134261608123779,1
middle7102.txt_q4,4.0,0.7054383158683777,1
middle5100.txt_q0,4.0,0.999983549118042,1
middle2247.txt_q3,4.0,0.9999388456344604,1
middle2508.txt_q3,4.0,0.999927282333374,1
middle2397.txt_q0,4.0,0.013127334415912628,0
high85.txt_q1,4.0,0.9208799600601196,1
high21235.txt_q1,4.0,0.981421172618866,1
middle4117.txt_q2,4.0,0.9994528889656067,1
high6224.txt_q1,4.0,0.999578058719635,1
high22366.txt_q3,4.0,0.9999091625213623,1
high17058.txt_q0,4.0,0.9996445178985596,1
high3931.txt_q0,4.0,0.9999604225158691,1
high5865.txt_q0,4.0,0.9725592136383057,1
middle2055.txt_q1,4.0,0.9892076849937439,1
high20842.txt_q0,4.0,0.999991774559021,1
high556.txt_q1,4.0,0.9998612403869629,1
high22870.txt_q2,4.0,0.9826543927192688,1
high19073.txt_q1,4.0,0.9999982118606567,1
middle5792.txt_q0,4.0,0.14204441010951996,0
high4361.txt_q2,4.0,0.999472439289093,1
middle2759.txt_q1,4.0,1.0,1
middle1336.txt_q2,4.0,0.9999722242355347,1
middle6044.txt_q3,4.0,1.0,1
high10661.txt_q0,4.0,0.9999637603759766,1
high365.txt_q0,4.0,0.9977062940597534,1
middle212.txt_q2,4.0,0.9965760111808777,1
high7584.txt_q2,4.0,0.9331209659576416,1
high1435.txt_q2,4.0,0.9999364614486694,1
high22104.txt_q1,4.0,0.9985082745552063,1
high4134.txt_q2,4.0,0.999988317489624,1
high8263.txt_q2,4.0,0.9955009818077087,1
high5124.txt_q0,4.0,0.9999994039535522,1
middle5818.txt_q1,4.0,0.48197758197784424,1
middle5630.txt_q3,4.0,0.9999996423721313,1
middle7541.txt_q1,4.0,0.9806357026100159,1
high4277.txt_q0,4.0,0.9999998807907104,1
middle2673.txt_q1,4.0,0.9999998807907104,1
high6250.txt_q1,4.0,0.9999996423721313,1
high15666.txt_q3,4.0,0.998677670955658,1
high3311.txt_q4,4.0,0.9999998807907104,1
high15259.txt_q0,4.0,0.9022725820541382,1
high3930.txt_q2,4.0,0.22267478704452515,0
high551.txt_q0,4.0,0.9999319314956665,1
high9222.txt_q0,4.0,0.9896523356437683,1
middle6247.txt_q2,4.0,0.9999970197677612,1
middle5024.txt_q3,4.0,0.9999765157699585,1
high15496.txt_q2,4.0,0.9998196959495544,1
middle5590.txt_q2,4.0,0.9999862909317017,1
high18613.txt_q3,4.0,0.998909592628479,1
middle8149.txt_q0,4.0,0.9999786615371704,1
middle6783.txt_q2,4.0,0.8932254314422607,1
high23429.txt_q1,4.0,0.9999998807907104,1
high18096.txt_q1,4.0,0.9999958276748657,1
high5684.txt_q0,4.0,0.9999983310699463,1
middle5040.txt_q4,4.0,0.9877990484237671,1
high18786.txt_q2,4.0,0.9988235831260681,1
high19740.txt_q1,4.0,0.9977225661277771,1
middle486.txt_q1,4.0,0.9921883344650269,1
high13966.txt_q0,4.0,0.9986347556114197,1
high22270.txt_q0,4.0,0.9465582966804504,1
high17034.txt_q3,4.0,0.9999216794967651,1
middle3211.txt_q1,4.0,0.9999998807907104,1
middle5808.txt_q1,4.0,0.9999998807907104,1
high5329.txt_q0,4.0,0.9958309531211853,1
middle2490.txt_q1,4.0,0.9987689852714539,1
high6230.txt_q0,4.0,0.999966025352478,1
high775.txt_q1,4.0,0.9925966262817383,1
middle68.txt_q3,4.0,0.9999357461929321,1
high12676.txt_q1,4.0,0.9999991655349731,1
middle164.txt_q2,4.0,0.9999531507492065,1
high18876.txt_q1,4.0,0.9999500513076782,1
high5821.txt_q3,4.0,0.999842643737793,1
high17153.txt_q3,4.0,0.996889054775238,1
middle1804.txt_q0,4.0,0.9999998807907104,1
high707.txt_q1,4.0,0.9999992847442627,1
high16967.txt_q3,4.0,0.31125161051750183,0
high1986.txt_q1,4.0,0.9999818801879883,1
middle5597.txt_q0,4.0,1.0,1
high13525.txt_q2,4.0,0.9954368472099304,1
high18995.txt_q1,4.0,0.9999710321426392,1
high9906.txt_q1,4.0,0.9999957084655762,1
high6808.txt_q3,4.0,0.9999126195907593,1
middle7881.txt_q4,4.0,0.9988729357719421,1
high17125.txt_q2,4.0,0.9999998807907104,1
high12588.txt_q1,4.0,0.9989591836929321,1
middle2354.txt_q1,4.0,0.9997957348823547,1
middle133.txt_q2,4.0,0.9980393052101135,1
high22489.txt_q0,4.0,0.9999996423721313,1
middle3043.txt_q2,4.0,0.9999997615814209,1
high20113.txt_q2,4.0,0.9631747603416443,1
high21392.txt_q2,4.0,0.9978446960449219,1
high14625.txt_q1,4.0,0.9999998807907104,1
high2664.txt_q1,4.0,0.8984642028808594,1
middle6572.txt_q0,4.0,0.9955477714538574,1
high8963.txt_q1,4.0,0.9950972199440002,1
middle3434.txt_q4,4.0,0.9999071359634399,1
high18037.txt_q0,4.0,0.9999998807907104,1
middle4117.txt_q0,4.0,0.9998756647109985,1
high10509.txt_q0,4.0,1.0,1
middle7115.txt_q2,4.0,1.0,1
middle4834.txt_q0,4.0,0.9977189898490906,1
high12714.txt_q1,4.0,0.9999938011169434,1
high204.txt_q2,4.0,0.9999915361404419,1
middle5039.txt_q1,4.0,0.39933091402053833,0
high14219.txt_q3,4.0,0.9999521970748901,1
high8683.txt_q3,4.0,0.9686797857284546,1
high16805.txt_q1,4.0,0.9996640682220459,1
high19477.txt_q2,4.0,0.9999969005584717,1
middle876.txt_q1,4.0,0.9999278783798218,1
high439.txt_q0,4.0,0.9999072551727295,1
high7152.txt_q1,4.0,0.9997473359107971,1
high10713.txt_q0,4.0,0.9999910593032837,1
high21880.txt_q3,4.0,0.9991648197174072,1
high5685.txt_q0,4.0,0.999638557434082,1
high19656.txt_q0,4.0,0.9993311166763306,1
high1148.txt_q1,4.0,0.9999994039535522,1
high12099.txt_q0,4.0,0.9962555170059204,1
high23841.txt_q1,4.0,0.9998408555984497,1
high8359.txt_q0,4.0,0.9999890327453613,1
high6047.txt_q1,4.0,0.9999103546142578,1
high23781.txt_q2,4.0,0.9999991655349731,1
high6409.txt_q1,4.0,1.0,1
high12788.txt_q0,4.0,0.9182206988334656,1
middle8159.txt_q0,4.0,0.9994149208068848,1
high464.txt_q1,4.0,0.9998925924301147,1
high151.txt_q0,4.0,0.9998797178268433,1
high10943.txt_q1,4.0,0.9998989105224609,1
high5644.txt_q1,4.0,0.1801225244998932,0
high3279.txt_q4,4.0,0.9999786615371704,1
high2941.txt_q3,4.0,0.9999996423721313,1
middle3538.txt_q2,4.0,0.999962568283081,1
middle6586.txt_q1,4.0,0.9999964237213135,1
middle7073.txt_q1,4.0,0.9999964237213135,1
high3208.txt_q4,4.0,0.9999446868896484,1
high4551.txt_q2,4.0,0.995850682258606,1
high1766.txt_q0,4.0,0.9988579750061035,1
middle5079.txt_q3,4.0,0.8709810972213745,1
high10269.txt_q2,4.0,1.0,1
high835.txt_q2,4.0,0.9996297359466553,1
high23152.txt_q2,4.0,0.8714507818222046,1
high22572.txt_q1,4.0,0.9858406782150269,1
high5282.txt_q2,4.0,0.9999610185623169,1
high12111.txt_q2,4.0,0.9999995231628418,1
middle7653.txt_q2,4.0,0.9999949932098389,1
high8005.txt_q1,4.0,0.9674133062362671,1
high4043.txt_q3,4.0,0.9995763897895813,1
high13322.txt_q1,4.0,0.9329528212547302,1
high9478.txt_q0,4.0,0.9999560117721558,1
middle1408.txt_q0,4.0,0.9999731779098511,1
high13675.txt_q0,4.0,0.9984428286552429,1
high2208.txt_q2,4.0,0.999941349029541,1
high11505.txt_q2,4.0,0.935768723487854,1
high20777.txt_q2,4.0,0.9984509944915771,1
high10817.txt_q1,4.0,0.9999943971633911,1
middle3849.txt_q2,4.0,0.3322424590587616,1
high19690.txt_q2,4.0,0.9999377727508545,1
high20021.txt_q2,4.0,1.0,1
high2781.txt_q0,4.0,0.9980875849723816,1
middle1941.txt_q3,4.0,0.9999486207962036,1
high7046.txt_q1,4.0,0.9991288781166077,1
high9617.txt_q0,4.0,0.8464277982711792,1
high22348.txt_q2,4.0,0.9999986886978149,1
middle7247.txt_q2,4.0,0.9334462285041809,1
high3021.txt_q2,4.0,0.9870696067810059,1
middle3844.txt_q3,4.0,0.9999885559082031,1
middle5227.txt_q1,4.0,0.9999786615371704,1
middle463.txt_q2,4.0,1.0,1
high2655.txt_q3,4.0,0.9568362236022949,1
middle3477.txt_q4,4.0,0.9955945611000061,1
high16456.txt_q1,4.0,0.9996366500854492,1
high2608.txt_q4,4.0,0.9998370409011841,1
high18926.txt_q1,4.0,0.9440435767173767,1
high14905.txt_q2,4.0,0.9997901320457458,1
high16655.txt_q4,4.0,0.9999992847442627,1
high21871.txt_q3,4.0,0.9993939399719238,1
middle4494.txt_q3,4.0,0.8841246962547302,1
high17376.txt_q1,4.0,0.9983843564987183,1
high6071.txt_q3,4.0,0.004087843932211399,0
high24116.txt_q2,4.0,0.9999667406082153,1
high22805.txt_q3,4.0,1.0,1
high16429.txt_q3,4.0,0.9998277425765991,1
high13676.txt_q2,4.0,0.7549222707748413,1
high5180.txt_q0,4.0,0.9999215602874756,1
high2310.txt_q1,4.0,0.991496741771698,1
high750.txt_q3,4.0,0.7143369913101196,1
high385.txt_q1,4.0,0.9999082088470459,1
high3457.txt_q2,4.0,0.9998584985733032,1
high6324.txt_q1,4.0,0.999610960483551,1
high20446.txt_q2,4.0,0.9999980926513672,1
high418.txt_q0,4.0,0.9998291730880737,1
high22047.txt_q1,4.0,0.9999852180480957,1
middle166.txt_q4,4.0,0.9766736626625061,1
middle1068.txt_q0,4.0,0.9999592304229736,1
middle5932.txt_q4,4.0,0.9962292313575745,1
high5964.txt_q1,4.0,0.9914781451225281,1
high18807.txt_q3,4.0,0.9999924898147583,1
high7941.txt_q3,4.0,0.9999889135360718,1
high11655.txt_q4,4.0,0.9978345036506653,1
high6942.txt_q1,4.0,0.9929346442222595,1
high14372.txt_q1,4.0,0.9999970197677612,1
high13322.txt_q0,4.0,0.9927558302879333,1
high10076.txt_q2,4.0,0.9999961853027344,1
high23203.txt_q1,4.0,0.9994823932647705,1
middle7790.txt_q1,4.0,0.9999436140060425,1
high3461.txt_q0,4.0,0.9999872446060181,1
high20042.txt_q0,4.0,0.9999982118606567,1
high16814.txt_q1,4.0,0.9999905824661255,1
high20439.txt_q0,4.0,0.9699859023094177,1
high21787.txt_q2,4.0,0.9998041987419128,1
middle1985.txt_q3,4.0,1.0,1
high22767.txt_q2,4.0,1.0,1
middle5669.txt_q3,4.0,0.9996963739395142,1
middle3896.txt_q3,4.0,0.9833285808563232,1
middle3295.txt_q0,4.0,0.24484319984912872,0
middle5393.txt_q3,4.0,0.9987204074859619,1
middle4469.txt_q0,4.0,0.9999803304672241,1
high22655.txt_q0,4.0,0.9995213747024536,1
high2334.txt_q2,4.0,0.545059084892273,1
high17358.txt_q0,4.0,0.9999971389770508,1
high16388.txt_q0,4.0,0.9277724623680115,1
high7620.txt_q0,4.0,0.9999998807907104,1
high16324.txt_q2,4.0,0.9999998807907104,1
middle6119.txt_q0,4.0,0.8802530169487,1
high17523.txt_q3,4.0,0.9999953508377075,1
high24063.txt_q1,4.0,0.8842873573303223,1
high10439.txt_q2,4.0,0.9999051094055176,1
high12841.txt_q0,4.0,0.9960546493530273,1
high3670.txt_q3,4.0,1.0,1
high5897.txt_q1,4.0,1.0,1
high7235.txt_q2,4.0,0.9741501808166504,1
high16249.txt_q2,4.0,0.9999821186065674,1
high14874.txt_q1,4.0,0.14329934120178223,0
high14264.txt_q0,4.0,1.0,1
high8105.txt_q2,4.0,0.9901294112205505,1
high18007.txt_q3,4.0,0.9819177985191345,1
high20170.txt_q2,4.0,1.0,1
high18065.txt_q2,4.0,0.823909342288971,1
middle2440.txt_q4,4.0,0.9926906228065491,1
high13689.txt_q0,4.0,0.999914288520813,1
high22193.txt_q1,4.0,0.9881203174591064,1
high9855.txt_q0,4.0,0.9999524354934692,1
high16848.txt_q0,4.0,0.9997559189796448,1
high8260.txt_q0,4.0,0.9999923706054688,1
middle5832.txt_q3,4.0,1.0,1
high14625.txt_q3,4.0,0.9934046864509583,1
high3670.txt_q2,4.0,0.9997065663337708,1
high2404.txt_q2,4.0,0.9998733997344971,1
high3374.txt_q3,4.0,0.9783017635345459,1
high12032.txt_q2,4.0,0.9999703168869019,1
high1602.txt_q1,4.0,0.9999997615814209,1
high16170.txt_q2,4.0,0.9997921586036682,1
high5237.txt_q1,4.0,0.9996963739395142,1
high7782.txt_q2,4.0,0.15490034222602844,0
high12610.txt_q2,4.0,0.9202028512954712,1
high1928.txt_q0,4.0,0.9995023012161255,1
high3132.txt_q2,4.0,0.9751477241516113,1
high2961.txt_q1,4.0,0.9991648197174072,1
high10047.txt_q2,4.0,1.0,1
high14823.txt_q1,4.0,0.9778508543968201,1
middle5551.txt_q2,4.0,0.9999934434890747,1
middle4112.txt_q0,4.0,0.13965284824371338,0
high23935.txt_q0,4.0,0.9999920129776001,1
high18242.txt_q4,4.0,0.9999904632568359,1
high11516.txt_q0,4.0,1.0,1
high18154.txt_q3,4.0,0.9999903440475464,1
high13259.txt_q0,4.0,0.999817430973053,1
high4431.txt_q1,4.0,0.9999997615814209,1
high22075.txt_q0,4.0,0.9982472658157349,1
high16804.txt_q3,4.0,0.6424007415771484,1
middle6591.txt_q2,4.0,1.0,1
high12443.txt_q0,4.0,0.9999998807907104,1
high19316.txt_q2,4.0,0.9993922710418701,1
high9232.txt_q2,4.0,0.9998899698257446,1
middle6758.txt_q0,4.0,0.28497743606567383,0
high4910.txt_q3,4.0,0.999751627445221,1
middle528.txt_q2,4.0,1.0,1
high9696.txt_q2,4.0,0.9999938011169434,1
middle6512.txt_q0,4.0,1.0,1
high17740.txt_q2,4.0,0.9998120665550232,1
middle5732.txt_q2,4.0,0.9996663331985474,1
middle3899.txt_q3,4.0,0.9991268515586853,1
middle4526.txt_q3,4.0,0.9926252961158752,1
high7470.txt_q0,4.0,0.7923688888549805,1
high21617.txt_q1,4.0,0.9783617854118347,1
high9647.txt_q2,4.0,0.9991006851196289,1
high16143.txt_q1,4.0,0.9999995231628418,1
high1821.txt_q0,4.0,0.9999315738677979,1
high6972.txt_q0,4.0,0.9999953508377075,1
middle3148.txt_q2,4.0,0.9999731779098511,1
high4509.txt_q0,4.0,0.9999996423721313,1
high15132.txt_q0,4.0,0.9999575614929199,1
high6467.txt_q2,4.0,0.9807594418525696,1
high12152.txt_q0,4.0,0.9879994988441467,1
high5724.txt_q1,4.0,0.9977129697799683,1
middle6260.txt_q1,4.0,0.9998941421508789,1
high9315.txt_q3,4.0,0.9999998807907104,1
middle5656.txt_q1,4.0,0.9939112663269043,1
high21030.txt_q0,4.0,0.9999945163726807,1
high13707.txt_q1,4.0,0.999984860420227,1
high2992.txt_q2,4.0,0.7512000799179077,1
middle4950.txt_q2,4.0,0.2948933243751526,0
high6666.txt_q1,4.0,0.9999994039535522,1
high4885.txt_q1,4.0,0.9211450219154358,1
high16987.txt_q0,4.0,0.9999071359634399,1
high9307.txt_q1,4.0,0.994985818862915,1
high18723.txt_q0,4.0,0.9999996423721313,1
middle3091.txt_q1,4.0,0.24643753468990326,0
high7344.txt_q2,4.0,0.9999966621398926,1
high14906.txt_q0,4.0,0.9808858036994934,1
high4748.txt_q0,4.0,1.0,1
high16057.txt_q1,4.0,0.9985299110412598,1
middle4212.txt_q3,4.0,0.9846306443214417,1
high11293.txt_q2,4.0,0.9999996423721313,1
high9148.txt_q0,4.0,0.9060490727424622,1
middle282.txt_q2,4.0,0.9998724460601807,1
high11557.txt_q3,4.0,0.9999802112579346,1
high18241.txt_q0,4.0,0.9999645948410034,1
high14224.txt_q1,4.0,0.9997488856315613,1
high8253.txt_q2,4.0,0.9999039173126221,1
high2925.txt_q2,4.0,0.9984965324401855,1
high10697.txt_q0,4.0,0.9999996423721313,1
high16041.txt_q3,4.0,0.9971696734428406,1
high12967.txt_q1,4.0,0.9999997615814209,1
high1241.txt_q0,4.0,0.9999760389328003,1
high15688.txt_q3,4.0,0.9999769926071167,1
high5096.txt_q1,4.0,0.9998866319656372,1
high12340.txt_q2,4.0,0.9847733974456787,1
high12457.txt_q3,4.0,0.9999561309814453,1
high18369.txt_q0,4.0,0.9994713664054871,1
high8252.txt_q0,4.0,0.5580825209617615,1
high16247.txt_q2,4.0,0.9999997615814209,1
middle4664.txt_q3,4.0,0.999981164932251,1
high20744.txt_q1,4.0,0.7261059284210205,1
high2751.txt_q1,4.0,0.9819945693016052,1
high10680.txt_q2,4.0,0.9999874830245972,1
high24038.txt_q1,4.0,0.9789072871208191,1
high22555.txt_q2,4.0,0.9999220371246338,1
high5517.txt_q3,4.0,0.9999171495437622,1
middle2011.txt_q2,4.0,0.9999998807907104,1
middle2284.txt_q1,4.0,0.9982045888900757,1
middle5031.txt_q1,4.0,0.9999862909317017,1
high6356.txt_q2,4.0,0.9983094930648804,1
high19507.txt_q1,4.0,0.9881419539451599,1
high12257.txt_q1,4.0,0.9999969005584717,1
high3793.txt_q1,4.0,0.9999740123748779,1
high19580.txt_q0,4.0,0.9866074323654175,1
high21325.txt_q2,4.0,0.9986592531204224,1
high16680.txt_q0,4.0,0.9999822378158569,1
high19093.txt_q3,4.0,0.9995759129524231,1
high5544.txt_q2,4.0,0.2298784703016281,0
high13002.txt_q0,4.0,0.9999996423721313,1
high23195.txt_q3,4.0,0.9995684027671814,1
middle4901.txt_q0,4.0,0.9766235947608948,1
middle4967.txt_q2,4.0,1.0,1
middle5767.txt_q1,4.0,0.9999992847442627,1
middle5500.txt_q0,4.0,0.9999897480010986,1
middle50.txt_q4,4.0,0.9693067073822021,1
high8907.txt_q0,4.0,0.9725484848022461,1
high14246.txt_q2,4.0,0.9744341373443604,1
middle5084.txt_q0,4.0,0.6427037715911865,1
middle1939.txt_q2,4.0,0.9999955892562866,1
middle4637.txt_q3,4.0,0.9843159317970276,1
middle2348.txt_q2,4.0,0.9938880801200867,1
high17620.txt_q1,4.0,0.9958867430686951,1
high4396.txt_q3,4.0,0.9955939650535583,1
high5470.txt_q0,4.0,0.9999980926513672,1
middle153.txt_q4,4.0,0.9999988079071045,1
high23450.txt_q1,4.0,0.9999808073043823,1
high20674.txt_q0,4.0,0.9839537143707275,1
high6815.txt_q0,4.0,0.9154314994812012,1
high17963.txt_q2,4.0,0.9934594631195068,1
middle2100.txt_q2,4.0,1.0,1
middle8096.txt_q1,4.0,0.999976634979248,1
high11308.txt_q0,4.0,0.9773673415184021,1
middle1307.txt_q0,4.0,0.9999079704284668,1
high2719.txt_q1,4.0,0.9999977350234985,1
high11714.txt_q2,4.0,0.9998044371604919,1
high3531.txt_q2,4.0,0.9738872647285461,1
high9600.txt_q2,4.0,0.9578878283500671,1
high21949.txt_q1,4.0,0.9965170621871948,1
high5565.txt_q1,4.0,0.9980677962303162,1
middle8005.txt_q1,4.0,0.9999827146530151,1
high17859.txt_q0,4.0,0.9843277931213379,1
high24059.txt_q0,4.0,0.9999754428863525,1
high16132.txt_q2,4.0,0.9999399185180664,1
high19977.txt_q0,4.0,0.9997913241386414,1
high14681.txt_q3,4.0,0.9999960660934448,1
high8268.txt_q4,4.0,0.9872488379478455,1
high8951.txt_q1,4.0,0.9999653100967407,1
middle1894.txt_q2,4.0,0.9966645836830139,1
middle6332.txt_q0,4.0,0.9999366998672485,1
high2018.txt_q1,4.0,1.0,1
high16183.txt_q0,4.0,0.9991493225097656,1
middle4753.txt_q0,4.0,0.999213695526123,1
high5696.txt_q2,4.0,0.9999912977218628,1
high6310.txt_q0,4.0,0.8637025952339172,1
high22049.txt_q4,4.0,0.9980335831642151,1
high23078.txt_q3,4.0,0.48065945506095886,0
middle4135.txt_q2,4.0,0.9998798370361328,1
high5717.txt_q1,4.0,0.9988710284233093,1
high14447.txt_q2,4.0,0.9999997615814209,1
high18423.txt_q2,4.0,1.0,1
high19362.txt_q1,4.0,0.9999994039535522,1
high7030.txt_q0,4.0,0.9999114274978638,1
high24030.txt_q1,4.0,0.9999940395355225,1
high15304.txt_q0,4.0,0.999996542930603,1
middle4099.txt_q2,4.0,0.9999793767929077,1
high12422.txt_q0,4.0,0.9999997615814209,1
middle267.txt_q1,4.0,0.9995711445808411,1
high6069.txt_q1,4.0,0.5594624280929565,1
high10748.txt_q1,4.0,0.9999382495880127,1
middle2949.txt_q1,4.0,0.653270959854126,1
high23205.txt_q1,4.0,0.9999973773956299,1
high10719.txt_q2,4.0,0.990643322467804,1
high5966.txt_q0,4.0,0.9999926090240479,1
middle274.txt_q1,4.0,0.9998949766159058,1
high3876.txt_q2,4.0,0.9934120774269104,1
high12808.txt_q0,4.0,0.9500077366828918,1
middle5834.txt_q0,4.0,0.9985860586166382,1
high6976.txt_q2,4.0,0.9999614953994751,1
high2416.txt_q2,4.0,0.999362051486969,1
high12130.txt_q1,4.0,0.9997435212135315,1
high13133.txt_q3,4.0,0.9999936819076538,1
high13185.txt_q1,4.0,0.9998602867126465,1
middle449.txt_q2,4.0,0.9999996423721313,1
high3307.txt_q0,4.0,0.9999997615814209,1
middle3965.txt_q0,4.0,0.9999996423721313,1
high3839.txt_q3,4.0,0.9999030828475952,1
middle5548.txt_q0,4.0,0.9999967813491821,1
high13044.txt_q1,4.0,0.9979149699211121,1
high10847.txt_q0,4.0,0.9605492353439331,1
high19370.txt_q2,4.0,0.999998927116394,1
high9424.txt_q0,4.0,0.999408483505249,1
high20211.txt_q0,4.0,0.9999992847442627,1
middle4073.txt_q0,4.0,0.999992847442627,1
middle553.txt_q0,4.0,0.8748608827590942,1
middle5891.txt_q2,4.0,0.9999964237213135,1
high19577.txt_q1,4.0,0.9999386072158813,1
high8703.txt_q2,4.0,0.999967098236084,1
high12987.txt_q2,4.0,1.0,1
high20985.txt_q0,4.0,0.9995457530021667,1
middle3913.txt_q4,4.0,0.976091206073761,1
high15799.txt_q2,4.0,0.9997953772544861,1
high9363.txt_q2,4.0,0.9952066540718079,1
high20521.txt_q2,4.0,0.9999223947525024,1
high6012.txt_q3,4.0,0.9992960691452026,1
high17981.txt_q1,4.0,0.9999996423721313,1
high1734.txt_q0,4.0,0.9783209562301636,1
middle121.txt_q2,4.0,1.0,1
middle5830.txt_q3,4.0,0.9993268251419067,1
high9497.txt_q2,4.0,0.9995228052139282,1
high9480.txt_q1,4.0,0.9984342455863953,1
high265.txt_q0,4.0,0.9965845346450806,1
middle23.txt_q1,4.0,0.9999754428863525,1
high24199.txt_q0,4.0,0.9636193513870239,1
high13365.txt_q2,4.0,0.9998941421508789,1
high104.txt_q1,4.0,0.9999208450317383,1
high7295.txt_q3,4.0,0.9999997615814209,1
high19217.txt_q1,4.0,0.9992623925209045,1
middle161.txt_q0,4.0,0.9987583160400391,1
high904.txt_q2,4.0,0.9998230338096619,1
high4884.txt_q1,4.0,0.9869635701179504,1
middle2432.txt_q4,4.0,0.8011170029640198,1
high19486.txt_q3,4.0,0.9926180243492126,1
high3848.txt_q4,4.0,0.8963156938552856,1
middle5489.txt_q0,4.0,0.9999990463256836,1
middle6529.txt_q2,4.0,0.9999953508377075,1
middle1177.txt_q0,4.0,0.45358365774154663,1
high524.txt_q2,4.0,0.9819294810295105,1
high6439.txt_q0,4.0,0.9999980926513672,1
high19410.txt_q1,4.0,0.9999997615814209,1
high762.txt_q1,4.0,0.999981164932251,1
middle1911.txt_q1,4.0,0.9999830722808838,1
high19395.txt_q1,4.0,0.9931186437606812,1
high16745.txt_q1,4.0,0.9998136162757874,1
high16109.txt_q2,4.0,0.9999998807907104,1
middle2721.txt_q0,4.0,0.9999998807907104,1
high9505.txt_q1,4.0,0.9999896287918091,1
high8268.txt_q2,4.0,0.9999997615814209,1
high13391.txt_q0,4.0,0.976754367351532,1
high15743.txt_q0,4.0,0.9999061822891235,1
high17532.txt_q2,4.0,0.9883406162261963,1
high4084.txt_q1,4.0,0.9841775894165039,1
high16956.txt_q2,4.0,0.9998900890350342,1
high8958.txt_q1,4.0,0.9999837875366211,1
high1417.txt_q1,4.0,0.9989871382713318,1
middle815.txt_q3,4.0,0.9999643564224243,1
high1583.txt_q0,4.0,0.9992430210113525,1
middle2064.txt_q0,4.0,1.0,1
high9666.txt_q1,4.0,0.9999383687973022,1
middle2814.txt_q4,4.0,0.9998526573181152,1
high14173.txt_q1,4.0,0.9199468493461609,1
high5612.txt_q2,4.0,0.9999909400939941,1
high2013.txt_q1,4.0,0.9978927969932556,1
high17419.txt_q0,4.0,0.9114708304405212,1
middle1736.txt_q0,4.0,0.9996157884597778,1
high13190.txt_q3,4.0,0.9999891519546509,1
middle3374.txt_q0,4.0,0.9999990463256836,1
high20616.txt_q2,4.0,0.9931679964065552,1
middle744.txt_q1,4.0,0.9986188411712646,1
high15501.txt_q3,4.0,0.9999998807907104,1
high16431.txt_q5,4.0,0.9988102912902832,1
high5555.txt_q0,4.0,0.9999984502792358,1
high20889.txt_q1,4.0,0.999998927116394,1
middle4021.txt_q2,4.0,0.9977337121963501,1
high20969.txt_q0,4.0,0.9991611242294312,1
high13682.txt_q0,4.0,0.9813970327377319,1
middle5588.txt_q0,4.0,0.9881289601325989,1
high6542.txt_q2,4.0,0.9997977614402771,1
high20227.txt_q3,4.0,0.9910250902175903,1
middle4217.txt_q3,4.0,0.9995461106300354,1
high6993.txt_q1,4.0,1.0,1
high13910.txt_q1,4.0,0.9998782873153687,1
high21528.txt_q0,4.0,0.9999997615814209,1
high12497.txt_q1,4.0,0.912024974822998,1
middle597.txt_q1,4.0,0.9999996423721313,1
high3071.txt_q0,4.0,0.9999631643295288,1
middle6516.txt_q1,4.0,0.9998645782470703,1
middle5782.txt_q2,4.0,0.9999998807907104,1
high5460.txt_q1,4.0,0.9990110397338867,1
middle6071.txt_q4,4.0,0.626452624797821,1
high11928.txt_q0,4.0,0.29247358441352844,0
high2073.txt_q0,4.0,0.9999761581420898,1
high19565.txt_q0,4.0,0.9999983310699463,1
high13738.txt_q2,4.0,0.9999953508377075,1
high2672.txt_q0,4.0,0.7737250924110413,1
high4565.txt_q2,4.0,0.9960582256317139,1
high5245.txt_q1,4.0,0.9999998807907104,1
high8493.txt_q1,4.0,0.9929959177970886,1
high20608.txt_q0,4.0,0.9999990463256836,1
high10191.txt_q2,4.0,0.9995051622390747,1
high18008.txt_q2,4.0,0.7871274948120117,1
high3927.txt_q0,4.0,0.9999992847442627,1
high8927.txt_q2,4.0,0.9831370711326599,1
high23891.txt_q3,4.0,1.0,1
high12053.txt_q0,4.0,0.9998973608016968,1
high11392.txt_q0,4.0,0.9995675683021545,1
middle2778.txt_q4,4.0,0.999995231628418,1
high11365.txt_q0,4.0,0.9999991655349731,1
high17179.txt_q1,4.0,0.9853894114494324,1
high16616.txt_q1,4.0,0.9999815225601196,1
high6667.txt_q2,4.0,0.9982048273086548,1
middle6272.txt_q0,4.0,0.999201238155365,1
high5614.txt_q1,4.0,0.6851068735122681,1
high12005.txt_q1,4.0,0.9203452467918396,1
middle4089.txt_q0,4.0,0.9999986886978149,1
high2937.txt_q4,4.0,0.9610772728919983,1
middle5968.txt_q2,4.0,0.9988985061645508,1
high5164.txt_q4,4.0,0.9999985694885254,1
high784.txt_q2,4.0,0.9998142123222351,1
high14059.txt_q0,4.0,0.9998282194137573,1
high5571.txt_q1,4.0,0.9994113445281982,1
high23113.txt_q3,4.0,0.9995521903038025,1
middle4275.txt_q3,4.0,0.9999758005142212,1
high15180.txt_q2,4.0,0.9965696334838867,1
middle6423.txt_q0,4.0,0.9999998807907104,1
high22675.txt_q1,4.0,0.9999929666519165,1
high2187.txt_q1,4.0,0.9784461259841919,1
high1222.txt_q1,4.0,0.9999958276748657,1
high17573.txt_q2,4.0,0.9999898672103882,1
high5215.txt_q0,4.0,0.9999892711639404,1
middle2335.txt_q2,4.0,0.9999998807907104,1
high5228.txt_q2,4.0,0.9992982149124146,1
middle7318.txt_q1,4.0,0.15021561086177826,0
high14455.txt_q0,4.0,0.9993652701377869,1
high12063.txt_q2,4.0,0.9995181560516357,1
middle8232.txt_q1,4.0,1.0,1
high14075.txt_q3,4.0,0.9980084300041199,1
high2663.txt_q1,4.0,0.9988455772399902,1
middle4769.txt_q3,4.0,0.985770583152771,1
middle643.txt_q0,4.0,1.0,1
high16212.txt_q1,4.0,0.9489067196846008,1
high22729.txt_q0,4.0,1.0,1
high23978.txt_q0,4.0,0.2622394561767578,0
high17468.txt_q0,4.0,0.9999963045120239,1
high14479.txt_q1,4.0,0.7668882012367249,1
high8509.txt_q1,4.0,0.9999996423721313,1
high17688.txt_q0,4.0,0.9999643564224243,1
high10113.txt_q0,4.0,0.9999996423721313,1
high14241.txt_q3,4.0,0.9878588318824768,1
middle4120.txt_q0,4.0,0.9994164705276489,1
middle520.txt_q4,4.0,0.9999997615814209,1
high22828.txt_q0,4.0,0.9999998807907104,1
middle1932.txt_q4,4.0,0.9555425643920898,1
high20179.txt_q1,4.0,0.9999599456787109,1
high6606.txt_q4,4.0,0.9990901947021484,1
high8266.txt_q2,4.0,0.999998927116394,1
middle5129.txt_q2,4.0,0.9997865557670593,1
high2215.txt_q1,4.0,0.9995502829551697,1
high12329.txt_q0,4.0,0.999981164932251,1
high15355.txt_q1,4.0,0.9988460540771484,1
middle3006.txt_q0,4.0,0.4713505506515503,1
high19411.txt_q0,4.0,0.9999998807907104,1
middle4922.txt_q3,4.0,0.9999834299087524,1
high11117.txt_q2,4.0,0.9997493624687195,1
high8572.txt_q0,4.0,0.9999834299087524,1
high8168.txt_q1,4.0,0.9999945163726807,1
high861.txt_q2,4.0,0.9999971389770508,1
middle3487.txt_q3,4.0,0.9995261430740356,1
middle6705.txt_q1,4.0,0.9722263216972351,1
high7441.txt_q0,4.0,0.9999421834945679,1
high5223.txt_q1,4.0,0.9987150430679321,1
high16384.txt_q3,4.0,0.9999920129776001,1
high5976.txt_q3,4.0,0.9999939203262329,1
high21965.txt_q2,4.0,0.9998260140419006,1
high2797.txt_q1,4.0,0.9999570846557617,1
high20596.txt_q0,4.0,0.9997765421867371,1
high10233.txt_q2,4.0,0.9996801614761353,1
middle6416.txt_q3,4.0,0.9782026410102844,1
high22127.txt_q2,4.0,0.986464262008667,1
high586.txt_q0,4.0,0.9979795813560486,1
high8086.txt_q0,4.0,0.999927282333374,1
high3167.txt_q0,4.0,0.9980029463768005,1
middle4955.txt_q2,4.0,0.9882679581642151,1
high12831.txt_q2,4.0,0.9989418387413025,1
high15205.txt_q2,4.0,0.9976955056190491,1
high21731.txt_q1,4.0,0.9995786547660828,1
middle4727.txt_q3,4.0,0.997857391834259,1
middle1169.txt_q1,4.0,0.9998132586479187,1
middle873.txt_q3,4.0,0.9999985694885254,1
high6599.txt_q3,4.0,0.9662075042724609,1
high1740.txt_q0,4.0,0.9999761581420898,1
high1924.txt_q2,4.0,0.9999997615814209,1
high16031.txt_q3,4.0,0.9831099510192871,1
middle5106.txt_q0,4.0,0.9999984502792358,1
middle6125.txt_q0,4.0,0.9999998807907104,1
high17807.txt_q0,4.0,0.9828023314476013,1
high17741.txt_q1,4.0,0.9999938011169434,1
high5777.txt_q1,4.0,0.9999986886978149,1
high16992.txt_q1,4.0,0.8684330582618713,1
high9303.txt_q2,4.0,0.9969198703765869,1
high6833.txt_q0,4.0,0.9993051290512085,1
middle2174.txt_q1,4.0,0.9999995231628418,1
high1915.txt_q1,4.0,0.9987679123878479,1
middle1299.txt_q1,4.0,0.9987228512763977,1
high20381.txt_q0,4.0,0.9999986886978149,1
middle978.txt_q3,4.0,0.9999233484268188,1
high3701.txt_q2,4.0,0.9999997615814209,1
high9084.txt_q2,4.0,0.9999219179153442,1
high19559.txt_q0,4.0,0.9977368116378784,1
high2635.txt_q3,4.0,0.9999998807907104,1
middle5163.txt_q1,4.0,0.9993240833282471,1
high21439.txt_q1,4.0,0.9141038656234741,1
high19005.txt_q1,4.0,0.9995299577713013,1
middle2919.txt_q1,4.0,0.6214447617530823,1
high12826.txt_q0,4.0,0.9999998807907104,1
high17372.txt_q2,4.0,1.0,1
middle4832.txt_q2,4.0,0.9999973773956299,1
high684.txt_q1,4.0,0.9841280579566956,1
high21610.txt_q0,4.0,0.9999985694885254,1
high8975.txt_q2,4.0,0.9999232292175293,1
middle6598.txt_q1,4.0,0.9982942938804626,1
high11578.txt_q1,4.0,0.9999212026596069,1
high24180.txt_q2,4.0,0.99944669008255,1
middle4562.txt_q0,4.0,0.9999920129776001,1
high2913.txt_q3,4.0,0.9999990463256836,1
middle458.txt_q1,4.0,0.9999997615814209,1
high22507.txt_q0,4.0,0.9999984502792358,1
high15198.txt_q4,4.0,1.0,1
high11032.txt_q0,4.0,0.9590421319007874,1
middle4195.txt_q1,4.0,0.6450440883636475,1
high23446.txt_q3,4.0,0.8153839111328125,1
middle854.txt_q2,4.0,0.9994213581085205,1
high18132.txt_q2,4.0,0.9911220073699951,1
middle3354.txt_q2,4.0,0.9999985694885254,1
high3955.txt_q1,4.0,0.9997071623802185,1
high2171.txt_q1,4.0,0.9997782111167908,1
high6555.txt_q2,4.0,0.9999830722808838,1
high9877.txt_q1,4.0,0.9999880790710449,1
high14429.txt_q3,4.0,0.9999707937240601,1
high8448.txt_q0,4.0,0.999996542930603,1
high14864.txt_q1,4.0,0.999996542930603,1
high13947.txt_q0,4.0,0.05652756616473198,0
middle2577.txt_q4,4.0,0.9999991655349731,1
middle1892.txt_q3,4.0,0.9997122883796692,1
middle6953.txt_q2,4.0,0.23874469101428986,0
high24118.txt_q1,4.0,1.0,1
high23833.txt_q2,4.0,0.9997592568397522,1
high7664.txt_q0,4.0,0.9999997615814209,1
high8019.txt_q1,4.0,0.9992836117744446,1
high23946.txt_q1,4.0,0.9796227812767029,1
high18938.txt_q2,4.0,0.9999892711639404,1
high16310.txt_q0,4.0,0.9069117307662964,1
high7171.txt_q1,4.0,0.9964229464530945,1
high22313.txt_q0,4.0,0.9974753260612488,1
high10637.txt_q2,4.0,1.0,1
middle373.txt_q0,4.0,0.999931812286377,1
high7617.txt_q2,4.0,0.9890642762184143,1
high6164.txt_q1,4.0,0.9882751703262329,1
high23517.txt_q1,4.0,0.9999940395355225,1
high18342.txt_q3,4.0,0.9694923162460327,1
high22449.txt_q1,4.0,0.9999995231628418,1
middle7168.txt_q1,4.0,0.9998501539230347,1
middle6201.txt_q2,4.0,0.9999934434890747,1
high8566.txt_q1,4.0,1.0,1
middle212.txt_q1,4.0,0.9997130036354065,1
high24242.txt_q2,4.0,0.9999769926071167,1
middle3692.txt_q2,4.0,0.9999998807907104,1
high14790.txt_q3,4.0,0.9332295060157776,1
high1455.txt_q3,4.0,0.9997621178627014,1
high4035.txt_q3,4.0,0.924469530582428,1
middle3082.txt_q0,4.0,1.0,1
high2546.txt_q2,4.0,0.6999132037162781,1
middle6577.txt_q2,4.0,0.9999164342880249,1
high10669.txt_q3,4.0,0.9999994039535522,1
high3815.txt_q1,4.0,1.0,1
middle7402.txt_q2,4.0,0.9997722506523132,1
high1152.txt_q3,4.0,0.9998815059661865,1
high8560.txt_q3,4.0,0.9999439716339111,1
high1468.txt_q1,4.0,0.9999805688858032,1
high22433.txt_q0,4.0,0.9996954202651978,1
high14224.txt_q0,4.0,0.9999996423721313,1
high8160.txt_q2,4.0,0.8992175459861755,1
middle264.txt_q2,4.0,1.0,1
high22135.txt_q3,4.0,0.999991774559021,1
high5497.txt_q2,4.0,0.9990032315254211,1
middle1918.txt_q1,4.0,0.9999475479125977,1
high10236.txt_q0,4.0,0.9999431371688843,1
high19225.txt_q2,4.0,0.9967748522758484,1
high303.txt_q0,4.0,0.9996936321258545,1
middle7265.txt_q2,4.0,0.9999933242797852,1
high13283.txt_q2,4.0,0.9587500095367432,1
high1683.txt_q0,4.0,0.9999890327453613,1
middle3304.txt_q3,4.0,0.9999654293060303,1
high18123.txt_q1,4.0,0.999286949634552,1
high2337.txt_q3,4.0,0.9683290123939514,1
high23529.txt_q0,4.0,0.9999997615814209,1
high3349.txt_q2,4.0,0.9999035596847534,1
middle7714.txt_q4,4.0,0.9999939203262329,1
high15748.txt_q2,4.0,0.9999874830245972,1
high14831.txt_q0,4.0,0.9999575614929199,1
high7751.txt_q0,4.0,0.9999998807907104,1
high17407.txt_q0,4.0,0.9999992847442627,1
high9637.txt_q2,4.0,0.9978943467140198,1
middle7522.txt_q2,4.0,0.9999992847442627,1
high10647.txt_q2,4.0,0.9960758090019226,1
high17327.txt_q2,4.0,0.9988412261009216,1
high23030.txt_q4,4.0,0.933305561542511,1
high14716.txt_q2,4.0,0.6189054846763611,1
high22034.txt_q1,4.0,0.9755831360816956,1
middle3180.txt_q0,4.0,0.9999995231628418,1
high3273.txt_q3,4.0,0.9995446801185608,1
high17480.txt_q1,4.0,0.9807344079017639,1
high11788.txt_q0,4.0,0.999052107334137,1
high23744.txt_q0,4.0,0.9997488856315613,1
middle1899.txt_q3,4.0,0.9998142123222351,1
high11912.txt_q0,4.0,0.9999042749404907,1
high20441.txt_q1,4.0,0.9933832287788391,1
high5905.txt_q3,4.0,0.9999998807907104,1
high1621.txt_q1,4.0,0.7264337539672852,1
high12905.txt_q2,4.0,0.9999654293060303,1
middle880.txt_q2,4.0,0.9999871253967285,1
middle3562.txt_q2,4.0,0.9994713664054871,1
high3004.txt_q1,4.0,0.9940187931060791,1
high8663.txt_q3,4.0,0.9939404726028442,1
middle3172.txt_q2,4.0,0.9999836683273315,1
middle6914.txt_q0,4.0,0.9997162222862244,1
middle2941.txt_q2,4.0,0.999991774559021,1
high7236.txt_q2,4.0,0.9999761581420898,1
high14519.txt_q1,4.0,0.999298095703125,1
high6547.txt_q1,4.0,0.9975945353507996,1
high15093.txt_q3,4.0,0.9996383190155029,1
high22555.txt_q0,4.0,0.9999630451202393,1
middle1590.txt_q2,4.0,0.954163670539856,1
high7250.txt_q0,4.0,0.794838011264801,1
high19922.txt_q0,4.0,1.0,1
high19599.txt_q1,4.0,0.9999091625213623,1
middle6807.txt_q4,4.0,0.8668383359909058,1
high14942.txt_q1,4.0,1.0,1
middle5227.txt_q3,4.0,0.9994915723800659,1
middle4605.txt_q1,4.0,0.9958083629608154,1
middle5581.txt_q3,4.0,0.9999966621398926,1
high10574.txt_q0,4.0,0.9999988079071045,1
high14400.txt_q1,4.0,0.5641236901283264,1
high12337.txt_q0,4.0,0.9999358654022217,1
high11197.txt_q2,4.0,0.9999430179595947,1
high18603.txt_q1,4.0,0.0018947944045066833,0
high12547.txt_q2,4.0,0.9768348336219788,1
high4516.txt_q3,4.0,0.9999868869781494,1
middle2271.txt_q4,4.0,0.9713813066482544,1
high4737.txt_q2,4.0,0.9999532699584961,1
high16184.txt_q2,4.0,0.9995013475418091,1
high7741.txt_q1,4.0,0.9718313217163086,1
high21378.txt_q1,4.0,0.9999959468841553,1
high10003.txt_q0,4.0,0.9996355772018433,1
high19875.txt_q1,4.0,0.9999984502792358,1
middle4143.txt_q1,4.0,0.9999878406524658,1
high7645.txt_q2,4.0,0.9999779462814331,1
middle8103.txt_q0,4.0,0.9999998807907104,1
middle1704.txt_q2,4.0,0.9961398243904114,1
middle7680.txt_q2,4.0,1.0,1
middle2897.txt_q1,4.0,0.9997844099998474,1
middle1549.txt_q0,4.0,0.9999374151229858,1
high11166.txt_q3,4.0,0.9999982118606567,1
middle6013.txt_q1,4.0,0.999254047870636,1
middle3464.txt_q2,4.0,0.9997459053993225,1
high23470.txt_q1,4.0,0.9998294115066528,1
middle7520.txt_q1,4.0,1.0,1
middle4477.txt_q0,4.0,0.9998140931129456,1
high20748.txt_q3,4.0,0.999998927116394,1
middle7172.txt_q2,4.0,0.9999032020568848,1
high23768.txt_q2,4.0,0.9999748468399048,1
high6647.txt_q0,4.0,0.8228908777236938,1
high6592.txt_q1,4.0,0.9999951124191284,1
middle4662.txt_q3,4.0,0.9999819993972778,1
high216.txt_q1,4.0,0.05178584158420563,0
high16473.txt_q1,4.0,0.9938311576843262,1
high23337.txt_q1,4.0,0.9999785423278809,1
middle4687.txt_q4,4.0,0.9999942779541016,1
high22417.txt_q0,4.0,1.0,1
middle152.txt_q2,4.0,1.0,1
middle39.txt_q3,4.0,0.9999998807907104,1
high10785.txt_q1,4.0,0.9800114631652832,1
high4514.txt_q3,4.0,0.9963678121566772,1
high18640.txt_q2,4.0,0.9999957084655762,1
high10238.txt_q1,4.0,0.9997299313545227,1
middle6420.txt_q0,4.0,0.9999980926513672,1
high18137.txt_q3,4.0,0.9966921806335449,1
high15352.txt_q2,4.0,0.9993252754211426,1
high9033.txt_q0,4.0,0.9999382495880127,1
high18468.txt_q0,4.0,0.9999841451644897,1
high19305.txt_q0,4.0,0.994333028793335,1
high16584.txt_q1,4.0,0.999990701675415,1
middle3963.txt_q4,4.0,0.8976665735244751,1
high14147.txt_q1,4.0,0.9999957084655762,1
middle7107.txt_q4,4.0,1.0,1
high18693.txt_q0,4.0,0.9999264478683472,1
high2739.txt_q1,4.0,0.9966254234313965,1
high6342.txt_q0,4.0,0.9973243474960327,1
high13995.txt_q1,4.0,0.9991793036460876,1
high1358.txt_q2,4.0,0.9989153146743774,1
high595.txt_q3,4.0,0.8634719848632812,1
high9937.txt_q0,4.0,0.9980931878089905,1
high5259.txt_q2,4.0,0.9954203963279724,1
high13252.txt_q0,4.0,0.9993072748184204,1
middle7090.txt_q2,4.0,1.0,1
middle7034.txt_q2,4.0,0.9874637126922607,1
high4342.txt_q2,4.0,0.7744510769844055,1
high4300.txt_q0,4.0,0.9999991655349731,1
high15019.txt_q2,4.0,0.9886957406997681,1
high590.txt_q0,4.0,0.9950228929519653,1
high8401.txt_q1,4.0,0.9975733160972595,1
high13962.txt_q2,4.0,0.9999997615814209,1
high22883.txt_q0,4.0,0.9997255206108093,1
high20129.txt_q0,4.0,0.9998865127563477,1
middle7614.txt_q1,4.0,0.9764799475669861,1
high1124.txt_q1,4.0,0.9995296001434326,1
high7750.txt_q1,4.0,0.9998420476913452,1
middle4699.txt_q0,4.0,0.9999994039535522,1
high20869.txt_q4,4.0,0.9999986886978149,1
middle919.txt_q3,4.0,0.9999089241027832,1
